IncidentID,AgencyORI,AgencyName,IncidentStatusDesc,County,RdwyNumber,Street,RoadwayName,StreetSfx,StreetDir,IntersectionRdwy,IntersectionRdwyName,BetweenStRdwy1,BetweenStRdwyName1,BetweenStRdwy2,BetweenStRdwyName2,Latitude,Longitude,Milepoint,CollisionDate,CollisionTime,UnitsInvolved,MotorVehiclesInvolved,NumberKilled,NumberInjured,Weather,RdwyConditionCode,HitandRun,DirAnalysisCode,MannerofCollision,RdwyCharacter,LightCondition,RampFromRdwyId,RampToRdwyId,AcceptedDate,IsSecondaryCollision,OwnerBadge,IncidentStatus,InjurySeverityCde,KABCO_Code,KABCO,Environmental_Factors,Human_Factors,Vehicular_Factors
27774716,0050100,GLASGOW POLICE DEPARTMENT,Accepted,BARREN,US0031E,,SCOTTSVILLE,RD,,,,US0031EX,GREEN,,JAMES T ROGERS,36.98225237,-85.93134592,12.804,2/6/2021,1538,1,1,0,1,CLEAR,DRY,FALSE,COLLISION WITH FIXED OBJECT NON - INTERSECTION - FIRST EVENT COLLISION 09 - 32 EXCLUDING 16,SINGLE VEHICLE,STRAIGHT & LEVEL,DAYLIGHT,,,44238.48673,FALSE,2270,Accepted,3,3,B,,LOST CONSCIOUSNESS/FAINTED,
27774717,0050100,GLASGOW POLICE DEPARTMENT,Accepted,BARREN,US0031E,,L ROGERS WELLS,BLVD,S,,COMMERCIAL,,,,,36.9985395,-85.92821407,13.995,1/29/2021,1642,2,2,0,0,CLEAR,DRY,FALSE,ANGLE COLLISION - ONE VEHICLE TURNING LEFT,ANGLE,STRAIGHT & LEVEL,DAYLIGHT,,,44238.48679,FALSE,2274,Accepted,5,5,O,,"FAILED TO YIELD RIGHT OF WAY, INATTENTION",
27774718,0050100,GLASGOW POLICE DEPARTMENT,Accepted,BARREN,KY2207,111,FORK,RD,S,,,,AUTUMN RIDGE,US0031E,SCOTTSVILLE,36.97340879,-85.94670545,4.13,1/23/2021,1240,2,2,0,0,CLEAR,DRY,FALSE,REAR END IN TRAFFIC LANES BOTH VEHICLES MOVING,REAR END,STRAIGHT & LEVEL,DAYLIGHT,,,44238.48693,FALSE,2274,Accepted,5,5,O,ANIMALS ACTION,INATTENTION,
27785395,0050000,BARREN COUNTY SHERIFF DEPT.,Accepted,BARREN,,,SILOAM,RD,,,,,,,,36.95587911,-85.88456006,0.087,2/10/2021,1114,1,1,0,0,CLOUDY,WET,FALSE,COLLISION WITH FIXED OBJECT NON - INTERSECTION - FIRST EVENT COLLISION 09 - 32 EXCLUDING 16,SINGLE VEHICLE,CURVE & LEVEL,DAYLIGHT,,,44242.58992,FALSE,170,Accepted,5,5,O,SLIPPERY SURFACE,,
27785396,0050000,BARREN COUNTY SHERIFF DEPT.,Accepted,BARREN,KY0090,,BURKESVILLE,RD,,,,,,,,36.94287014,-85.83505656,15.593,2/10/2021,1223,3,3,0,0,CLOUDY,WET,FALSE,REAR END IN TRAFFIC LANES BOTH VEHICLES MOVING,REAR END,CURVE & HILLCREST,DAYLIGHT,,,44242.58999,FALSE,170,Accepted,5,5,O,,INATTENTION,
27785398,0050000,BARREN COUNTY SHERIFF DEPT.,Accepted,BARREN,US0068,8548,EDMONTON,RD,,,,,,,,37.00856393,-85.7669862,22.184,2/11/2021,730,1,1,0,0,CLOUDY,ICE,FALSE,RAN OFF ROADWAY (1 VEHICLE WITH/EARTH EMBANKMENT/DITCH),SINGLE VEHICLE,CURVE & LEVEL,DAYLIGHT,,,44242.59006,FALSE,170,Accepted,5,5,O,SLIPPERY SURFACE,,
27785399,0050000,BARREN COUNTY SHERIFF DEPT.,Accepted,BARREN,KY0249,2716,ROSEVILLE,RD,,,,,,,,36.95085601,-85.91906291,13.293,2/4/2021,649,1,1,0,1,CLOUDY,DRY,FALSE,COLLISION WITH FIXED OBJECT NON - INTERSECTION - FIRST EVENT COLLISION 09 - 32 EXCLUDING 16,SINGLE VEHICLE,STRAIGHT & GRADE,DAYLIGHT,,,44242.59013,TRUE,125,Accepted,5,3,B,,LOST CONSCIOUSNESS/FAINTED,
27785401,0050000,BARREN COUNTY SHERIFF DEPT.,Accepted,BARREN,KY0090,8300,HAPPY VALLEY,RD,,,,,,,,37.10954122,-85.96846881,2.214,2/9/2021,949,2,2,0,0,CLEAR,DRY,TRUE,SIDESWIPE COLLISION - SAME DIRECTION,SIDESWIPE-SAME DIRECTION,STRAIGHT & LEVEL,DAYLIGHT,,,44242.59028,FALSE,125,Accepted,5,5,O,,,
27785403,0050000,BARREN COUNTY SHERIFF DEPT.,Accepted,BARREN,KY0249,,ROSEVILLE,RD,,,,,,,,36.95646238,-85.91559827,13.706,2/6/2021,1645,2,2,0,3,CLOUDY,DRY,FALSE,1 VEHICLE ENTERING/LEAVING ENTRANCE,ANGLE,STRAIGHT & LEVEL,DAYLIGHT,,,44242.59039,FALSE,174,Accepted,5,3,B,,"DISREGARD TRAFFIC CONTROL, INATTENTION",
27785406,0050000,BARREN COUNTY SHERIFF DEPT.,Accepted,BARREN,KY0252,846,FINNEY,RD,,,,,,,,36.94482779,-85.98000159,10.005,2/13/2021,2028,1,1,0,0,CLEAR,ICE,FALSE,OTHER ROADWAY OR MID-BLOCK COLLISION,SINGLE VEHICLE,STRAIGHT & LEVEL,DARK-HWY NOT LIGHTED,,,44242.59069,FALSE,173,Accepted,5,5,O,SLIPPERY SURFACE,,
27785407,0050000,BARREN COUNTY SHERIFF DEPT.,Accepted,BARREN,KY1318,,TOBACCO,RD,,,,,,,,36.88372331,-86.02208353,3.305,2/13/2021,2130,1,1,0,0,CLEAR,ICE,FALSE,OTHER COLLISIONS ON SHOULDER,SINGLE VEHICLE,CURVE & LEVEL,DARK-HWY NOT LIGHTED,,,44242.59074,FALSE,173,Accepted,5,5,O,SLIPPERY SURFACE,,
27785408,0050000,BARREN COUNTY SHERIFF DEPT.,Accepted,BARREN,US0031E,5878,SCOTTSVILLE,RD,,,,,,,,36.93589815,-85.9863607,8.364,2/14/2021,1518,1,1,0,1,CLOUDY,DRY,FALSE,RAN OFF ROADWAY (1 VEHICLE WITH/EARTH EMBANKMENT/DITCH),SINGLE VEHICLE,STRAIGHT & LEVEL,DAYLIGHT,,,44242.59081,FALSE,170,Accepted,5,4,C,,NOT UNDER PROPER CONTROL,
27788931,0050100,GLASGOW POLICE DEPARTMENT,Accepted,BARREN,US0031E,,L ROGERS WELLS,BLVD,S,,,,,,,36.98647414,-85.93183126,13.099,2/15/2021,552,2,2,0,0,CLOUDY,SNOW/SLUSH,FALSE,SIDESWIPE COLLISION - SAME DIRECTION,SIDESWIPE-SAME DIRECTION,STRAIGHT & LEVEL,DARK-HWY LIGHTED/ON,,,44244.30071,FALSE,2410,Accepted,5,5,O,,"INATTENTION, MISJUDGE CLEARANCE",
27789027,0050000,BARREN COUNTY SHERIFF DEPT.,Accepted,BARREN,US0031E,,SCOTTSVILLE,RD,,,,,,,,36.84399614,-86.07172767,0.005,2/13/2021,1800,1,1,0,0,FOG,ICE,FALSE,COLLISION WITH FIXED OBJECT NON - INTERSECTION - FIRST EVENT COLLISION 09 - 32 EXCLUDING 16,SINGLE VEHICLE,STRAIGHT & LEVEL,DARK (UNKNOWN ROADWAY LIGHTING),,,44244.35696,FALSE,181,Accepted,5,5,O,SLIPPERY SURFACE,,
27789028,0050000,BARREN COUNTY SHERIFF DEPT.,Accepted,BARREN,LN9008,,LN9008 E,,,,,,,,,36.99639528,-85.99093282,8.059,1/25/2021,1730,2,2,0,1,RAINING,WET,FALSE,REAR END IN TRAFFIC LANES BOTH VEHICLES MOVING,REAR END,STRAIGHT & GRADE,DARK-HWY NOT LIGHTED,,,44244.3573,FALSE,174,Accepted,5,3,B,"SLIPPERY SURFACE, VIEW OBSTRUCTED, LIMITED DUE TO WEATHER CONDITIONS",NOT UNDER PROPER CONTROL,
27789029,0050000,BARREN COUNTY SHERIFF DEPT.,Accepted,BARREN,KY2195,2500,OLD LEXINGTON,RD,,,,,,,,37.1375443,-85.89763967,2.926,2/11/2021,714,1,1,0,0,CLOUDY,ICE,FALSE,COLLISION WITH FIXED OBJECT NON - INTERSECTION - FIRST EVENT COLLISION 09 - 32 EXCLUDING 16,SINGLE VEHICLE,CURVE & LEVEL,DAYLIGHT,,,44244.35737,FALSE,125,Accepted,5,5,O,SLIPPERY SURFACE,,
27789031,0050000,BARREN COUNTY SHERIFF DEPT.,Accepted,BARREN,KY2198,1636,LICK BRANCH,RD,,,,,,,,36.96656419,-85.83934821,2.02,2/13/2021,549,1,1,0,0,CLOUDY,ICE,FALSE,RAN OFF ROADWAY (1 VEHICLE WITH/EARTH EMBANKMENT/DITCH),SINGLE VEHICLE,CURVE & GRADE,DARK (UNKNOWN ROADWAY LIGHTING),,,44244.35747,FALSE,125,Accepted,5,5,O,SLIPPERY SURFACE,,
27789032,0050000,BARREN COUNTY SHERIFF DEPT.,Accepted,BARREN,KY0070,,HISEVILLE,RD,,,,KY2131,CORAL HILL HALFWAY,,BIG MEADOW,37.07692235,-85.79206415,17.273,2/13/2021,654,2,2,0,0,CLOUDY,ICE,FALSE,SIDESWIPE COLLISION - OPPOSITE DIRECTION,SIDESWIPE-OPPOSITE DIRECTION,CURVE & LEVEL,DAYLIGHT,,,44244.35752,FALSE,125,Accepted,5,5,O,SLIPPERY SURFACE,,
27795594,0050000,BARREN COUNTY SHERIFF DEPT.,Accepted,BARREN,KY0249,11500,ROSEVILLE,RD,,,,,,,,36.82716375,-85.91716909,4.384,2/13/2021,1907,1,1,0,0,"SLEET, HAIL, FREEZING RAIN",ICE,FALSE,COLLISION WITH FIXED OBJECT NON - INTERSECTION - FIRST EVENT COLLISION 09 - 32 EXCLUDING 16,SINGLE VEHICLE,STRAIGHT & LEVEL,DARK-HWY NOT LIGHTED,,,44246.61852,FALSE,174,Accepted,5,5,O,SLIPPERY SURFACE,,
27796594,0050100,GLASGOW POLICE DEPARTMENT,Accepted,BARREN,KY0090,,HAPPY VALLEY,RD,,,PIN OAK,,,,,37.01125235,-85.92448906,9.716,2/18/2021,1250,2,2,0,0,SNOWING,WET,FALSE,ANGLE COLLISION - OTHER,ANGLE,STRAIGHT & LEVEL,DAYLIGHT,,,44246.80616,FALSE,2276,Accepted,5,5,O,,INATTENTION,
27802882,0050000,BARREN COUNTY SHERIFF DEPT.,Accepted,BARREN,KY0090,,BURKESVILLE,RD,,,,,BREWSTER,,OLD SHERFEY,36.90630028,-85.75955722,20.824,2/13/2021,606,1,1,0,0,CLEAR,ICE,FALSE,RAN OFF ROADWAY (1 VEHICLE WITH/EARTH EMBANKMENT/DITCH),SINGLE VEHICLE,STRAIGHT & LEVEL,DAYLIGHT,,,44249.33539,FALSE,172,Accepted,5,5,O,SLIPPERY SURFACE,,
27807801,0050200,CAVE CITY POLICE DEPARTMENT,Accepted,BARREN,KY0685,,WILSON,RD,,,,,,,,37.0989665,-85.94526811,10.966,2/10/2021,2028,1,1,0,0,RAINING,WET,FALSE,RAN OFF ROADWAY (1 VEHICLE WITH/EARTH EMBANKMENT/DITCH),SINGLE VEHICLE,CURVE & GRADE,DARK-HWY NOT LIGHTED,,,44250.4343,FALSE,605,Accepted,5,5,O,SLIPPERY SURFACE,INATTENTION,
27807803,0050200,CAVE CITY POLICE DEPARTMENT,Accepted,BARREN,KY0090,,HAPPY VALLEY,ST,,,,,,,,37.12982045,-85.96525663,0.646,2/14/2021,1849,2,2,0,0,"SLEET, HAIL, FREEZING RAIN",WET,FALSE,REAR END IN TRAFFIC LANES BOTH VEHICLES MOVING,REAR END,STRAIGHT & GRADE,DARK-HWY LIGHTED/ON,,,44250.43436,FALSE,605,Accepted,5,5,O,SLIPPERY SURFACE,INATTENTION,
27808551,0050000,BARREN COUNTY SHERIFF DEPT.,Accepted,BARREN,KY2189,3897,PARK CITY GLASGOW,RD,,,,,,,,37.07593766,-86.01968378,4.815,2/16/2021,1435,2,2,0,0,CLOUDY,ICE,FALSE,VEHICLE BACKING NON INTERSECTION,BACKING,CURVE & GRADE,DAYLIGHT,,,44250.61457,FALSE,125,Accepted,5,5,O,SLIPPERY SURFACE,INATTENTION,
27808552,0050000,BARREN COUNTY SHERIFF DEPT.,Accepted,BARREN,,71,EASTERN VALLEY,EST,,,,,,,,36.96161943,-85.88227199,0.172,2/18/2021,701,1,1,0,0,SNOWING,SNOW/SLUSH,FALSE,COLLISION WITH FIXED OBJECT NON - INTERSECTION - FIRST EVENT COLLISION 09 - 32 EXCLUDING 16,SINGLE VEHICLE,STRAIGHT & GRADE,DAYLIGHT,,,44250.61463,FALSE,125,Accepted,5,5,O,SLIPPERY SURFACE,,
27808553,0050000,BARREN COUNTY SHERIFF DEPT.,Accepted,BARREN,KY0090,,BURKESVILLE,RD,,,BETHEL CHURCH,,,,,36.95293327,-85.85334027,14.351,2/19/2021,1459,1,1,0,0,CLEAR,DRY,FALSE,OTHER INTERSECTION COLLISIONS,SINGLE VEHICLE,STRAIGHT & LEVEL,DAYLIGHT,,,44250.61475,FALSE,125,Accepted,5,5,O,DEBRIS IN ROADWAY,,
27811001,0050100,GLASGOW POLICE DEPARTMENT,Accepted,BARREN,KY0090,,HAPPY VALLEY,RD,,,MAX WAGNER,,,,,37.02297957,-85.93462303,8.712,2/16/2021,1839,2,2,0,0,CLEAR,SNOW/SLUSH,FALSE,OTHER INTERSECTION COLLISIONS,REAR END,STRAIGHT & GRADE,DARK-HWY LIGHTED/ON,,,44251.15052,FALSE,2287,Accepted,5,5,O,SLIPPERY SURFACE,TOO FAST FOR CONDITIONS,
27811002,0050100,GLASGOW POLICE DEPARTMENT,Accepted,BARREN,KY0090,,HAPPY VALLEY,RD,,US0068,VETERANS OUTER,,,,,37.02421836,-85.93570362,8.562,2/17/2021,1656,1,1,0,0,CLOUDY,WET,FALSE,OTHER INTERSECTION COLLISIONS,SINGLE VEHICLE,STRAIGHT & GRADE,DAYLIGHT,,,44251.15058,FALSE,2287,Accepted,5,5,O,,LOST CONSCIOUSNESS/FAINTED,
27813058,0050000,BARREN COUNTY SHERIFF DEPT.,Accepted,BARREN,KY0087,KY 87,AUSTIN TRACY,RD,,,,,,,,36.75488122,-85.95256703,1.687,2/22/2021,1259,1,1,0,1,CLEAR,DRY,FALSE,RAN OFF ROADWAY (1 VEHICLE WITH/EARTH EMBANKMENT/DITCH),SINGLE VEHICLE,STRAIGHT & GRADE,DAYLIGHT,,,44251.59632,FALSE,178,Accepted,5,3,B,,,
27813060,0050000,BARREN COUNTY SHERIFF DEPT.,Accepted,BARREN,KY0087,8040,AUSTIN TRACY,RD,,,,,,,,36.79023764,-85.95791925,4.157,2/23/2021,1022,1,1,0,0,CLEAR,DRY,FALSE,RAN OFF ROADWAY (1 VEHICLE WITH/EARTH EMBANKMENT/DITCH),SINGLE VEHICLE,CURVE & GRADE,DAYLIGHT,,,44251.59648,FALSE,170,Accepted,5,5,O,,,
27821165,0050100,GLASGOW POLICE DEPARTMENT,Accepted,BARREN,US0031E,3341,JACKSON,HWY,N,,,,GOLF COURSE,,CHEVY,37.04303221,-85.90125945,17.732,2/19/2021,1546,2,2,0,0,CLEAR,DRY,FALSE,1 VEHICLE ENTERING/LEAVING ENTRANCE,ANGLE,STRAIGHT & LEVEL,DAYLIGHT,,,44253.47494,FALSE,2196,Accepted,5,5,O,,INATTENTION,OTHER
27821615,0050100,GLASGOW POLICE DEPARTMENT,Accepted,BARREN,,,CLEVELAND,AVE,,US0031E,L ROGERS WELLS,,,,,36.98934388,-85.93225529,0.002,2/15/2021,820,2,2,0,0,SNOWING,ICE,FALSE,OPPOSITE DIRECTION - BOTH VEHICLES GOING STRAIGHT AHEAD,SIDESWIPE-OPPOSITE DIRECTION,STRAIGHT & LEVEL,DAYLIGHT,,,44253.57753,FALSE,2246,Accepted,5,5,O,SLIPPERY SURFACE,INATTENTION,
27821625,0050100,GLASGOW POLICE DEPARTMENT,Accepted,BARREN,,,WASHINGTON,ST,E,,MORGAN,,,,,36.99374966,-85.9093821,0.19,2/23/2021,1230,2,2,0,0,CLEAR,DRY,FALSE,ANGLE COLLISION - OTHER,ANGLE,STRAIGHT & LEVEL,DAYLIGHT,,,44253.57793,FALSE,2246,Accepted,5,5,O,,INATTENTION,
27830712,0050000,BARREN COUNTY SHERIFF DEPT.,Accepted,BARREN,KY0090,,BURKESVILLE,RD,,,,,,,,36.98104579,-85.89260619,11.358,2/27/2021,1735,2,2,0,0,RAINING,WET,FALSE,SIDESWIPE COLLISION - SAME DIRECTION,SIDESWIPE-SAME DIRECTION,STRAIGHT & LEVEL,DARK-HWY LIGHTED/ON,,,44256.61429,FALSE,181,Accepted,5,5,O,,INATTENTION,
27830713,0050000,BARREN COUNTY SHERIFF DEPT.,Accepted,BARREN,KY0090,,BURKESVILLE,RD,,,,,WHITES CHAPEL,,WITTY,36.94799253,-85.84175832,15.072,2/28/2021,1558,1,1,0,0,RAINING,WET,FALSE,OTHER ROADWAY OR MID-BLOCK COLLISION,SINGLE VEHICLE,CURVE & LEVEL,DAYLIGHT,,,44256.61434,FALSE,181,Accepted,5,5,O,,NOT UNDER PROPER CONTROL,
27830714,0050000,BARREN COUNTY SHERIFF DEPT.,Accepted,BARREN,KY0255,588,PARK CITY BON AYR,RD,,,,,,,,37.03820462,-86.06006906,7.397,2/28/2021,1240,1,1,0,0,RAINING,WATER (STANDING OR MOVING),FALSE,RAN OFF ROADWAY (1 VEHICLE WITH/EARTH EMBANKMENT/DITCH),SINGLE VEHICLE,CURVE & GRADE,DAYLIGHT,,,44256.61443,FALSE,178,Accepted,5,5,O,SLIPPERY SURFACE,INATTENTION,
27833305,0050100,GLASGOW POLICE DEPARTMENT,Accepted,BARREN,,100,CHEATHAM,ST,,,,,,,,36.98535558,-85.91239509,0.104,3/1/2021,1955,2,2,0,0,CLOUDY,DRY,FALSE,SIDESWIPE COLLISION - SAME DIRECTION,SIDESWIPE-SAME DIRECTION,STRAIGHT & LEVEL,DARK (UNKNOWN ROADWAY LIGHTING),,,44257.26742,FALSE,2286,Accepted,5,5,O,,DISTRACTION,
27838022,0050100,GLASGOW POLICE DEPARTMENT,Accepted,BARREN,KY0252,,FINNEY,RD,,US0031E,SCOTTSVILLE,,,,,36.95131998,-85.96613302,11.023,2/20/2021,1445,1,1,0,0,CLEAR,DRY,TRUE,NON-COLLISION OBJECT COLLISION,SINGLE VEHICLE,STRAIGHT & LEVEL,DAYLIGHT,,,44258.31007,FALSE,2270,Accepted,5,5,O,DEBRIS IN ROADWAY,,
27838023,0050100,GLASGOW POLICE DEPARTMENT,Accepted,BARREN,,,SAMSON,ST,,US0068X,MAIN,,,,,36.99870726,-85.91925169,0.003,2/20/2021,1215,2,2,0,0,CLEAR,WET,FALSE,ANGLE COLLISION - ONE VEHICLE TURNING RIGHT,ANGLE,STRAIGHT & LEVEL,DAYLIGHT,,,44258.31012,FALSE,2270,Accepted,5,5,O,,,
27838027,0050100,GLASGOW POLICE DEPARTMENT,Accepted,BARREN,,,SHANE,DR,,,,US0031E,L ROGERS WELLS,,ROGERS,37.00508414,-85.92692539,0.147,2/17/2021,1648,2,2,0,0,CLEAR,SNOW/SLUSH,FALSE,1 VEHICLE ENTERING/LEAVING ENTRANCE,ANGLE,STRAIGHT & GRADE,DAYLIGHT,,,44258.31028,FALSE,2274,Accepted,5,5,O,,NOT UNDER PROPER CONTROL,
27840105,0050100,GLASGOW POLICE DEPARTMENT,Accepted,BARREN,,,HAPPY VALLEY,RD,,US0031E,L ROGERS WELLS,,,,,37.00958306,-85.9214167,,2/28/2021,2132,2,2,0,0,RAINING,WATER (STANDING OR MOVING),FALSE,ANGLE COLLISION - OTHER,ANGLE,STRAIGHT & GRADE,DARK-HWY LIGHTED/ON,,,44258.68468,FALSE,2277,Accepted,5,5,O,,FAILED TO YIELD RIGHT OF WAY,
27840109,0050100,GLASGOW POLICE DEPARTMENT,Accepted,BARREN,US0068X,,MAIN,ST,W,US0031E,L ROGERS WELLS,,,,,37.00198478,-85.92628022,1.685,3/1/2021,1509,2,2,0,1,CLEAR,DRY,FALSE,ANGLE COLLISION - OTHER,ANGLE,STRAIGHT & GRADE,DAYLIGHT,,,44258.68474,FALSE,2277,Accepted,5,4,C,BACKUP DUE TO REGULAR CONGESTION,"FAILED TO YIELD RIGHT OF WAY, MISJUDGE CLEARANCE, PHYSICAL DISABILITY",
27843689,0050100,GLASGOW POLICE DEPARTMENT,Accepted,BARREN,US0068X,,MAIN,ST,W,,,US0031E,L ROGERS WELLS,US0031E,L ROGERS WELLS,37.0019263,-85.92616731,1.679,2/27/2021,958,2,2,0,0,CLEAR,WET,FALSE,REAR END IN TRAFFIC LANES BOTH VEHICLES MOVING,REAR END,STRAIGHT & GRADE,DAYLIGHT,,,44259.49641,FALSE,2249,Accepted,5,5,O,,INATTENTION,
27843690,0050100,GLASGOW POLICE DEPARTMENT,Accepted,BARREN,KY0090,,MAIN,ST,E,,BROADWAY,,,,,36.99544328,-85.91073719,9.924,2/25/2021,840,2,2,0,0,CLEAR,DRY,FALSE,ANGLE COLLISION - OTHER,ANGLE,STRAIGHT & HILLCREST,DAYLIGHT,,,44259.49649,FALSE,2229,Accepted,5,5,O,,,
27848201,0050000,BARREN COUNTY SHERIFF DEPT.,Accepted,BARREN,,,SLICK ROCK,RD,,,,,,,,37.01149839,-85.79573253,0.584,3/4/2021,1901,1,1,0,0,CLEAR,DRY,FALSE,COLLISION WITH FIXED OBJECT NON - INTERSECTION - FIRST EVENT COLLISION 09 - 32 EXCLUDING 16,SINGLE VEHICLE,CURVE & LEVEL,DARK-HWY NOT LIGHTED,,,44260.44075,FALSE,181,Accepted,5,5,O,,ALCOHOL INVOLVEMENT,
27848204,0050000,BARREN COUNTY SHERIFF DEPT.,Accepted,BARREN,LN9008,,LN9008 W,,,,,,,,,36.99271543,-85.88279939,14.947,2/12/2021,646,1,1,0,1,CLOUDY,ICE,FALSE,COLLISION WITH FIXED OBJECT NON - INTERSECTION - FIRST EVENT COLLISION 09 - 32 EXCLUDING 16,SINGLE VEHICLE,STRAIGHT & LEVEL,DAYLIGHT,,,44260.44089,FALSE,157,Accepted,5,4,C,SLIPPERY SURFACE,,
27848206,0050000,BARREN COUNTY SHERIFF DEPT.,Accepted,BARREN,KY1318,,KY1318 TURN LANE,,,,,,,,,36.88674907,-85.92659121,0.009,3/3/2021,731,2,2,0,0,CLEAR,DRY,FALSE,VEHICLE BACKING NON INTERSECTION,BACKING,STRAIGHT & GRADE,DAYLIGHT,,,44260.44096,FALSE,170,Accepted,5,5,O,,INATTENTION,
27857379,0050100,GLASGOW POLICE DEPARTMENT,Accepted,BARREN,KY0090,,MAIN,ST,E,,,,BROADWAY,,LEWIS,36.99540268,-85.9106547,9.93,3/6/2021,1834,2,2,0,0,CLEAR,DRY,FALSE,REAR END IN TRAFFIC LANES BOTH VEHICLES MOVING,REAR END,STRAIGHT & LEVEL,DARK-HWY LIGHTED/ON,,,44263.32457,FALSE,2410,Accepted,5,5,O,,MISJUDGE CLEARANCE,
27857844,0050000,BARREN COUNTY SHERIFF DEPT.,Accepted,BARREN,KY0063,4900,TOMPKINSVILLE,RD,,,,,,,,36.93296158,-85.87676155,9.676,3/4/2021,549,2,2,0,0,CLEAR,DRY,FALSE,SIDESWIPE COLLISION - SAME DIRECTION,SIDESWIPE-SAME DIRECTION,STRAIGHT & GRADE,DAWN,,,44263.38553,FALSE,170,Accepted,5,5,O,,,
27857846,0050000,BARREN COUNTY SHERIFF DEPT.,Accepted,BARREN,,,BERRY,RD,,,,KY0685,STOVALL,,CARL BROWN,37.07575763,-86.01028774,0.587,2/22/2021,1121,1,1,0,0,CLEAR,SNOW/SLUSH,FALSE,COLLISION WITH FIXED OBJECT NON - INTERSECTION - FIRST EVENT COLLISION 09 - 32 EXCLUDING 16,SINGLE VEHICLE,CURVE & LEVEL,DAYLIGHT,,,44263.3857,FALSE,172,Accepted,5,5,O,SLIPPERY SURFACE,,
27857848,0050000,BARREN COUNTY SHERIFF DEPT.,Accepted,BARREN,,,HAPPY HOLLOW,RD,,,,,,,,36.88220367,-85.86084337,0.82,2/27/2021,1232,2,2,0,0,CLEAR,DRY,FALSE,SIDESWIPE COLLISION - OPPOSITE DIRECTION,SIDESWIPE-OPPOSITE DIRECTION,STRAIGHT & LEVEL,DAYLIGHT,,,44263.38589,FALSE,172,Accepted,5,5,O,OTHER,,
27857849,0050000,BARREN COUNTY SHERIFF DEPT.,Accepted,BARREN,LN9008,,LN9008 E,,,,,LN9008,LN9008 TURN AROUND6,LN9008,LN9008 E EXIT8 OFF RAMP TO KY3600,36.9955754,-85.98938533,8.162,2/28/2021,1529,1,1,0,0,RAINING,WET,FALSE,COLLISION WITH FIXED OBJECT NON - INTERSECTION - FIRST EVENT COLLISION 09 - 32 EXCLUDING 16,SINGLE VEHICLE,STRAIGHT & LEVEL,DAYLIGHT,,,44263.38599,FALSE,172,Accepted,5,5,O,"SLIPPERY SURFACE, WATER POOLING",,
27857851,0050000,BARREN COUNTY SHERIFF DEPT.,Accepted,BARREN,,,DRIPPING SPRINGS,RD,,,,KY0090,HAPPY VALLEY,,OAKWIND,37.04103054,-85.9541342,6.713,3/7/2021,1410,2,2,0,0,CLEAR,DRY,FALSE,SIDESWIPE COLLISION - OPPOSITE DIRECTION,SIDESWIPE-OPPOSITE DIRECTION,STRAIGHT & GRADE,DAYLIGHT,,,44263.38607,FALSE,172,Accepted,5,5,O,,INATTENTION,
27857856,0050000,BARREN COUNTY SHERIFF DEPT.,Accepted,BARREN,KY0252,,FINNEY,RD,,KY2207,FORK,,,,,36.94806884,-86.00486023,8.519,3/7/2021,43,1,1,0,0,CLEAR,DRY,FALSE,COLLISION WITH FIXED OBJECT IN INTERSECTION - FIRST EVENT COLLISION 09 - 32,SINGLE VEHICLE,STRAIGHT & LEVEL,DARK-HWY NOT LIGHTED,,,44263.38626,FALSE,181,Accepted,5,5,O,,"ALCOHOL INVOLVEMENT, INATTENTION",
27859039,0050200,CAVE CITY POLICE DEPARTMENT,Accepted,BARREN,KY0070,,MAMMOTH CAVE,ST,,,,,,,,37.13900824,-85.95979691,6.429,1/4/2021,702,2,2,0,0,CLEAR,DRY,FALSE,REAR END IN TRAFFIC LANES BOTH VEHICLES MOVING,REAR END,STRAIGHT & LEVEL,DAYLIGHT,,,44263.5232,FALSE,609,Accepted,5,5,O,,MISJUDGE CLEARANCE,
27859059,0050200,CAVE CITY POLICE DEPARTMENT,Accepted,BARREN,KY0090,,HAPPY VALLEY,ST,E,,,,,,,37.1205504,-85.96224737,1.363,3/7/2021,1418,2,2,0,0,CLEAR,DRY,TRUE,REAR END IN TRAFFIC LANES BOTH VEHICLES MOVING,REAR END,STRAIGHT & LEVEL,DAYLIGHT,,,44263.52368,FALSE,610,Accepted,5,5,O,,,
27859281,0050200,CAVE CITY POLICE DEPARTMENT,Accepted,BARREN,KY0685,,WILSON,RD,,,,,,,,37.09784851,-85.95803424,10.267,3/2/2021,2000,1,1,0,0,CLEAR,DRY,FALSE,OTHER ROADWAY OR MID-BLOCK COLLISION,SINGLE VEHICLE,CURVE & LEVEL,DARK-HWY NOT LIGHTED,,,44263.52357,FALSE,607,Accepted,5,5,O,,INATTENTION,
27869576,0050000,BARREN COUNTY SHERIFF DEPT.,Accepted,BARREN,KY0249,,ROSEVILLE,RD,,,,,,,,36.95069407,-85.91916219,13.28,3/8/2021,958,2,2,0,0,CLEAR,DRY,FALSE,SIDESWIPE COLLISION - OPPOSITE DIRECTION,SIDESWIPE-OPPOSITE DIRECTION,STRAIGHT & LEVEL,DAYLIGHT,,,44265.70631,FALSE,170,Accepted,5,5,O,,MISJUDGE CLEARANCE,
27872817,0050000,BARREN COUNTY SHERIFF DEPT.,Accepted,BARREN,US0068,7812,EDMONTON,RD,,,,,,,,37.01210048,-85.77957548,21.418,3/6/2021,138,1,1,0,0,CLEAR,DRY,FALSE,OTHER ROADWAY OR MID-BLOCK COLLISION,SINGLE VEHICLE,STRAIGHT & LEVEL,DARK-HWY NOT LIGHTED,,,44266.48818,FALSE,173,Accepted,5,5,O,,ALCOHOL INVOLVEMENT,