IncidentID,AgencyORI,AgencyName,IncidentStatusDesc,County,RdwyNumber,Street,RoadwayName,StreetSfx,StreetDir,IntersectionRdwy,IntersectionRdwyName,BetweenStRdwy1,BetweenStRdwyName1,BetweenStRdwy2,BetweenStRdwyName2,Latitude,Longitude,Milepoint,CollisionDate,CollisionTime,UnitsInvolved,MotorVehiclesInvolved,NumberKilled,NumberInjured,Weather,RdwyConditionCode,HitandRun,DirAnalysisCode,MannerofCollision,RdwyCharacter,LightCondition,RampFromRdwyId,RampToRdwyId,AcceptedDate,IsSecondaryCollision,OwnerBadge,IncidentStatus,InjurySeverityCde,KABCO_Code,KABCO,Environmental_Factors,Human_Factors,Vehicular_Factors
27876207,0050100,GLASGOW POLICE DEPARTMENT,Accepted,BARREN,US0068X,,MAIN,ST,W,US0031E,L ROGERS WELLS,,,,,37.0020465,-85.92638824,1.692,3/7/2021,1932,2,2,0,0,CLEAR,DRY,FALSE,ANGLE COLLISION - ONE VEHICLE TURNING LEFT,ANGLE,STRAIGHT & LEVEL,DARK-HWY LIGHTED/ON,,,44267.31351,FALSE,2273,Accepted,5,5,O,,MISJUDGE CLEARANCE,
27876209,0050100,GLASGOW POLICE DEPARTMENT,Accepted,BARREN,,216,INDUSTRIAL,DR,,,,,SHAWN,US0068X,MAIN,37.00358872,-85.93667416,0.278,3/11/2021,1850,1,1,0,0,CLEAR,DRY,FALSE,COLLISION WITH ANIMAL NON INTERSECTION,SINGLE VEHICLE,STRAIGHT & LEVEL,DARK-HWY LIGHTED/ON,,,44267.31361,FALSE,2410,Accepted,5,5,O,ANIMALS ACTION,,
27882738,0050100,GLASGOW POLICE DEPARTMENT,Accepted,BARREN,,,TROJAN,TRL,,,,,HILLTOPPER,KY0249,ROSEVILLE,36.97977318,-85.91840747,0.325,2/28/2021,2036,1,1,0,0,RAINING,WET,FALSE,OTHER ROADWAY OR MID-BLOCK COLLISION,SINGLE VEHICLE,STRAIGHT & LEVEL,DARK-HWY NOT LIGHTED,,,44269.26789,FALSE,2287,Accepted,5,5,O,ANIMALS ACTION,,
27885718,0050100,GLASGOW POLICE DEPARTMENT,Accepted,BARREN,KY0090,,HAPPY VALLEY,RD,,US0068,VETERANS OUTER,,,,,37.02435983,-85.93593444,8.573,3/9/2021,2013,2,2,0,0,CLEAR,DRY,FALSE,ANGLE COLLISION - OTHER,ANGLE,STRAIGHT & LEVEL,DARK-HWY LIGHTED/ON,,,44270.28802,FALSE,2286,Accepted,5,5,O,,"FAILED TO YIELD RIGHT OF WAY, INATTENTION",
27886066,0050000,BARREN COUNTY SHERIFF DEPT.,Accepted,BARREN,KY1297,7431,OLD BOWLING GREEN,RD,,,,,,,,36.98429806,-86.03546071,6.661,3/12/2021,1635,1,1,0,0,CLEAR,WET,FALSE,COLLISION WITH FIXED OBJECT NON - INTERSECTION - FIRST EVENT COLLISION 09 - 32 EXCLUDING 16,SINGLE VEHICLE,CURVE & LEVEL,DAYLIGHT,,,44270.35931,FALSE,181,Accepted,5,5,O,,INATTENTION,
27886069,0050000,BARREN COUNTY SHERIFF DEPT.,Accepted,BARREN,LN9008,,LN9008 E,,,,,,,,,36.98572406,-85.89269721,14.222,3/11/2021,2244,1,1,0,1,CLEAR,DRY,FALSE,COLLISION WITH FIXED OBJECT NON - INTERSECTION - FIRST EVENT COLLISION 09 - 32 EXCLUDING 16,SINGLE VEHICLE,STRAIGHT & LEVEL,DARK-HWY LIGHTED/ON,,,44270.35942,FALSE,174,Accepted,2,2,A,,"ALCOHOL INVOLVEMENT, NOT UNDER PROPER CONTROL",
27886074,0050000,BARREN COUNTY SHERIFF DEPT.,Accepted,BARREN,KY0090,3710,HAPPY VALLEY,RD,,,,,DRIPPING SPRINGS,,PERKINS,37.04044584,-85.94555569,7.363,3/12/2021,902,1,1,0,0,RAINING,WET,FALSE,COLLISION WITH FIXED OBJECT NON - INTERSECTION - FIRST EVENT COLLISION 09 - 32 EXCLUDING 16,SINGLE VEHICLE,STRAIGHT & GRADE,DAYLIGHT,,,44270.35951,FALSE,172,Accepted,5,5,O,WATER POOLING,INATTENTION,TIRES
27886076,0050000,BARREN COUNTY SHERIFF DEPT.,Accepted,BARREN,US0068,,VETERANS OUTER,LOOP,,US0068X,EDMONTON,,,,,37.01006826,-85.88033887,15.547,3/13/2021,1616,2,2,0,3,CLEAR,DRY,FALSE,ANGLE COLLISION - OTHER,ANGLE,STRAIGHT & LEVEL,DAYLIGHT,,,44270.3596,FALSE,181,Accepted,3,3,B,,,
27889945,0050100,GLASGOW POLICE DEPARTMENT,Accepted,BARREN,LN9008,,LN9008 E,,,,,LN9008,LN9008 E EXIT8 ON RAMP FROM KY3600,LN9008,LN9008 TURN AROUND10,36.99038056,-85.96354094,9.656,3/15/2021,1926,1,1,0,0,CLEAR,WET,FALSE,COLLISION WITH ANIMAL NON INTERSECTION,SINGLE VEHICLE,STRAIGHT & LEVEL,DARK (UNKNOWN ROADWAY LIGHTING),,,44271.27928,FALSE,2268,Accepted,5,5,O,ANIMALS ACTION,,
27889946,0050100,GLASGOW POLICE DEPARTMENT,Accepted,BARREN,,,INDUSTRIAL,DR,,,,KY1297,OLD BOWLING GREEN,,GRANDVIEW,36.99439189,-85.95164322,1.352,3/15/2021,2230,1,1,0,0,CLEAR,WET,FALSE,COLLISION WITH ANIMAL NON INTERSECTION,SINGLE VEHICLE,STRAIGHT & LEVEL,DARK (UNKNOWN ROADWAY LIGHTING),,,44271.27931,FALSE,2268,Accepted,5,5,O,ANIMALS ACTION,,
27890166,0050000,BARREN COUNTY SHERIFF DEPT.,Accepted,BARREN,US0068,12480,NEW BOWLING GREEN,RD,,,,,,,,37.03044554,-86.12627977,0.004,3/15/2021,1034,1,1,0,0,RAINING,WET,FALSE,RAN OFF ROADWAY (1 VEHICLE WITH/EARTH EMBANKMENT/DITCH),SINGLE VEHICLE,CURVE & GRADE,DAYLIGHT,,,44271.33613,FALSE,170,Accepted,5,5,O,,,
27890168,0050000,BARREN COUNTY SHERIFF DEPT.,Accepted,BARREN,LN9008,,LN9008 E,,,,,,,,,37.04814836,-86.08563465,1.669,3/15/2021,1200,1,1,0,0,RAINING,WET,FALSE,OTHER ROADWAY OR MID-BLOCK COLLISION,SINGLE VEHICLE,STRAIGHT & LEVEL,DAYLIGHT,,,44271.33622,FALSE,157,Accepted,5,5,O,WATER POOLING,,
27890955,0050100,GLASGOW POLICE DEPARTMENT,Accepted,BARREN,KY0090,,HAPPY VALLEY,RD,,,ENSMINGER,,,,,37.01003606,-85.92243355,9.857,3/5/2021,1210,2,2,0,0,CLEAR,DRY,FALSE,OPPOSING LEFT TURN,OPPOSING LEFT TURN,STRAIGHT & LEVEL,DAYLIGHT,,,44271.44881,FALSE,2249,Accepted,5,5,O,,FAILED TO YIELD RIGHT OF WAY,
27891000,0050100,GLASGOW POLICE DEPARTMENT,Accepted,BARREN,US0031E,,L ROGERS WELLS,BLVD,N,,SMITH,,,,,37.00585268,-85.9245389,14.438,3/12/2021,2235,2,2,0,0,RAINING,WET,FALSE,ANGLE COLLISION - ONE VEHICLE TURNING RIGHT,ANGLE,STRAIGHT & LEVEL,DARK-HWY LIGHTED/ON,,,44271.45257,FALSE,48,Accepted,5,5,O,SLIPPERY SURFACE,TURNING IMPROPERLY,
27891446,0050000,BARREN COUNTY SHERIFF DEPT.,Accepted,BARREN,US0031E,,SCOTTSVILLE,RD,,,,,,,,36.93912053,-85.98225136,8.687,3/15/2021,1540,2,2,0,0,CLOUDY,WET,FALSE,REAR END IN TRAFFIC LANES BOTH VEHICLES MOVING,REAR END,STRAIGHT & LEVEL,DAYLIGHT,,,44271.54493,FALSE,170,Accepted,5,5,O,,,
27891447,0050000,BARREN COUNTY SHERIFF DEPT.,Accepted,BARREN,KY0249,2461,ROSEVILLE,RD,,,,,,,,36.95458836,-85.91675497,13.581,3/16/2021,732,2,2,0,0,CLEAR,WET,FALSE,REAR END IN TRAFFIC LANES BOTH VEHICLES MOVING,REAR END,STRAIGHT & LEVEL,DAYLIGHT,,,44271.54499,FALSE,170,Accepted,5,5,O,,DISTRACTION,
27892681,0050100,GLASGOW POLICE DEPARTMENT,Accepted,BARREN,,,ROGERS,RD,,US0031E,L ROGERS WELLS,,,,,37.00396369,-85.92595406,0.346,3/15/2021,635,2,2,0,0,CLEAR,DRY,FALSE,ANGLE COLLISION - OTHER,ANGLE,STRAIGHT & LEVEL,DARK-HWY LIGHTED/ON,,,44271.69237,FALSE,2276,Accepted,5,5,O,,INATTENTION,
27893394,0050100,GLASGOW POLICE DEPARTMENT,Accepted,BARREN,US0068X,,NEW BOWLING GREEN,RD,,,,,DONNELLEY,US0068X,NEW GLASGOW,37.01140119,-85.95077336,0.194,3/13/2021,1415,2,2,0,0,CLOUDY,DRY,FALSE,1 VEHICLE ENTERING/LEAVING ENTRANCE,ANGLE,STRAIGHT & LEVEL,DAYLIGHT,,,44271.80897,FALSE,2240,Accepted,5,5,O,,INATTENTION,
27896055,0050100,GLASGOW POLICE DEPARTMENT,Accepted,BARREN,KY1297,,OLD BOWLING GREEN,RD,,,DAWN,,,,,36.98825027,-85.9359764,12.581,3/6/2021,1900,2,2,0,0,CLEAR,DRY,FALSE,OPPOSITE DIRECTION - BOTH VEHICLES GOING STRAIGHT AHEAD,SIDESWIPE-OPPOSITE DIRECTION,STRAIGHT & LEVEL,DARK-HWY NOT LIGHTED,,,44272.43488,FALSE,2260,Accepted,5,5,O,,TURNING IMPROPERLY,
27896056,0050100,GLASGOW POLICE DEPARTMENT,Accepted,BARREN,US0031E,,L ROGERS WELLS,BLVD,S,US0068X,MAIN,,,,,37.00204581,-85.92638303,14.258,2/26/2021,1533,3,3,0,2,CLEAR,DRY,FALSE,ANGLE COLLISION - OTHER,ANGLE,STRAIGHT & LEVEL,DAYLIGHT,,,44272.43493,TRUE,2274,Accepted,5,3,B,,FAILED TO YIELD RIGHT OF WAY,
27896059,0050100,GLASGOW POLICE DEPARTMENT,Accepted,BARREN,,236,CEDAR,ST,,,,,CUMBERLAND,,PRESTON,37.00550823,-85.91587094,0.315,3/6/2021,1030,2,2,0,0,CLEAR,DRY,FALSE,1 VEHICLE PARKED POSITION (NOT PARKING LOT/DRIVEWAY),SIDESWIPE-OPPOSITE DIRECTION,STRAIGHT & LEVEL,DARK-HWY NOT LIGHTED,,,44272.43501,FALSE,2274,Accepted,5,5,O,,,"STEERING FAILURE, TIRE FAILURE"
27896063,0050100,GLASGOW POLICE DEPARTMENT,Accepted,BARREN,US0068X,,NEW BOWLING GREEN,RD,,,DONNELLEY,,,,,37.01122844,-85.95017986,0.167,3/8/2021,1518,2,2,0,0,CLEAR,DRY,FALSE,ANGLE COLLISION - OTHER,ANGLE,STRAIGHT & LEVEL,DAYLIGHT,,,44272.43513,FALSE,2274,Accepted,5,5,O,,NOT UNDER PROPER CONTROL,BRAKES DEFECTIVE
27904978,0050200,CAVE CITY POLICE DEPARTMENT,Accepted,BARREN,,,FORD,ST,,,3RD,,,,,37.13541657,-85.95900581,0.106,3/7/2021,1111,2,2,0,1,CLEAR,DRY,FALSE,ANGLE COLLISION - OTHER,ANGLE,STRAIGHT & HILLCREST,DAYLIGHT,,,44274.45036,FALSE,604,Accepted,5,3,B,,FAILED TO YIELD RIGHT OF WAY,
27908299,0050100,GLASGOW POLICE DEPARTMENT,Accepted,BARREN,KY0090,,HAPPY VALLEY,RD,,,PIN OAK,,,,,37.01123454,-85.92445083,9.717,3/16/2021,1134,2,2,0,0,CLEAR,DRY,FALSE,ANGLE COLLISION - OTHER,ANGLE,STRAIGHT & LEVEL,DAYLIGHT,,,44275.30464,FALSE,2287,Accepted,5,5,O,,MISJUDGE CLEARANCE,
27914457,0050000,BARREN COUNTY SHERIFF DEPT.,Accepted,BARREN,LN9008,,LN9008 W,,,,,,,,,37.05236779,-86.10061324,0.764,2/27/2021,914,1,1,0,0,CLOUDY,WET,FALSE,RAN OFF ROADWAY (1 VEHICLE WITH/EARTH EMBANKMENT/DITCH),SINGLE VEHICLE,STRAIGHT & LEVEL,DAYLIGHT,,,44277.37398,FALSE,125,Accepted,5,5,O,,FELL ASLEEP,
27914458,0050000,BARREN COUNTY SHERIFF DEPT.,Accepted,BARREN,,479,ANNE CLAIRE,LN,,,,,,,,37.08880854,-85.96827668,0.392,3/3/2021,1533,2,2,0,0,CLEAR,DRY,FALSE,VEHICLE BACKING NON INTERSECTION,BACKING,STRAIGHT & LEVEL,DAYLIGHT,,,44277.37404,FALSE,125,Accepted,5,5,O,,INATTENTION,
27914459,0050000,BARREN COUNTY SHERIFF DEPT.,Accepted,BARREN,,62,GREEN VALLEY,RD,,,,,,,,36.9766663,-85.88803335,0.049,3/3/2021,1514,1,1,0,0,CLEAR,DRY,TRUE,OTHER COLLISIONS ON SHOULDER,SINGLE VEHICLE,CURVE & LEVEL,DAYLIGHT,,,44277.37409,FALSE,125,Accepted,5,5,O,,,
27914460,0050000,BARREN COUNTY SHERIFF DEPT.,Accepted,BARREN,,3101,WHITNEY WOODS,RD,,,,,,,,37.08957037,-85.93083152,3.266,3/4/2021,1505,1,1,0,0,CLEAR,DRY,FALSE,COLLISION WITH FIXED OBJECT NON - INTERSECTION - FIRST EVENT COLLISION 09 - 32 EXCLUDING 16,SINGLE VEHICLE,CURVE & GRADE,DAYLIGHT,,,44277.37413,FALSE,125,Accepted,5,5,O,OTHER,,
27914465,0050000,BARREN COUNTY SHERIFF DEPT.,Accepted,BARREN,KY2131,,CORAL HILL HALFWAY,RD,,KY0070,HISEVILLE,,,,,37.08131243,-85.79394841,3.991,3/11/2021,1428,1,1,0,0,CLEAR,DRY,FALSE,NON-COLLISION OBJECT COLLISION,SINGLE VEHICLE,STRAIGHT & LEVEL,DAYLIGHT,,,44277.37423,FALSE,125,Accepted,5,5,O,,,
27914466,0050000,BARREN COUNTY SHERIFF DEPT.,Accepted,BARREN,US0068X,309,MAIN,ST,W,,,,,,,36.99707794,-85.91501808,2.401,3/11/2021,1123,2,2,0,0,CLEAR,DRY,FALSE,REAR END IN TRAFFIC LANES BOTH VEHICLES MOVING,REAR END,STRAIGHT & GRADE,DAYLIGHT,,,44277.37427,FALSE,125,Accepted,5,5,O,,INATTENTION,
27914467,0050000,BARREN COUNTY SHERIFF DEPT.,Accepted,BARREN,KY0090,,HAPPY VALLEY,RD,,,BUENA VISTA,,,,,37.09038429,-85.97211971,3.603,3/15/2021,1543,2,2,0,0,RAINING,WET,FALSE,SIDESWIPE-SAME DIRECTION,SIDESWIPE-SAME DIRECTION,STRAIGHT & LEVEL,DAYLIGHT,,,44277.37431,FALSE,172,Accepted,5,5,O,,INATTENTION,
27914563,0050000,BARREN COUNTY SHERIFF DEPT.,Accepted,BARREN,KY0070,,HISEVILLE MAIN,ST,W,,,,,,,37.10133012,-85.81874129,14.85,3/13/2021,1859,2,2,0,0,CLEAR,DRY,FALSE,OTHER ROADWAY OR MID-BLOCK COLLISION,REAR END,STRAIGHT & LEVEL,DARK-HWY NOT LIGHTED,,,44277.38619,FALSE,174,Accepted,5,5,O,,INATTENTION,
27918888,0050000,BARREN COUNTY SHERIFF DEPT.,Accepted,BARREN,US0068,4938,NEW BOWLING GREEN,RD,,,,,,,,37.01583453,-85.99467338,7.681,3/17/2021,2247,2,2,0,0,RAINING,WET,FALSE,1 VEHICLE PARKED POSITION (NOT PARKING LOT/DRIVEWAY),ANGLE,STRAIGHT & HILLCREST,DARK (UNKNOWN ROADWAY LIGHTING),,,44278.39029,FALSE,174,Accepted,5,5,O,,,
27918896,0050000,BARREN COUNTY SHERIFF DEPT.,Accepted,BARREN,KY0090,,BURKESVILLE,RD,,,,,,,,36.9094017,-85.7797725,19.667,1/24/2021,106,1,1,0,0,CLEAR,DRY,FALSE,OTHER COLLISIONS ON SHOULDER,SINGLE VEHICLE,CURVE & LEVEL,DARK-HWY NOT LIGHTED,,,44278.39048,FALSE,154,Accepted,5,5,O,,FELL ASLEEP,
27918898,0050000,BARREN COUNTY SHERIFF DEPT.,Accepted,BARREN,KY0740,,CORAL HILL,RD,,,,,,,,37.02025897,-85.87523858,0.671,1/29/2021,337,1,1,0,0,CLEAR,DRY,FALSE,COLLISION WITH ANIMAL NON INTERSECTION,SINGLE VEHICLE,STRAIGHT & GRADE,DARK-HWY NOT LIGHTED,,,44278.39053,FALSE,154,Accepted,5,5,O,ANIMALS ACTION,,
27918899,0050000,BARREN COUNTY SHERIFF DEPT.,Accepted,BARREN,KY2198,,LICK BRANCH,RD,,,,,,,,36.96606562,-85.84244705,1.835,2/13/2021,2130,1,1,0,0,"SLEET, HAIL, FREEZING RAIN",ICE,FALSE,COLLISION WITH FIXED OBJECT NON - INTERSECTION - FIRST EVENT COLLISION 09 - 32 EXCLUDING 16,SINGLE VEHICLE,CURVE & GRADE,DARK-HWY NOT LIGHTED,,,44278.3906,FALSE,154,Accepted,5,5,O,SLIPPERY SURFACE,TOO FAST FOR CONDITIONS,
27918901,0050000,BARREN COUNTY SHERIFF DEPT.,Accepted,BARREN,US0031E,,SCOTTSVILLE,RD,,,,,,,,36.85392952,-86.05315988,1.252,3/18/2021,2212,1,1,0,0,RAINING,WET,FALSE,COLLISION WITH ANIMAL NON INTERSECTION,SINGLE VEHICLE,CURVE & GRADE,DARK-HWY NOT LIGHTED,,,44278.39066,FALSE,154,Accepted,5,5,O,ANIMALS ACTION,,
27921203,0050100,GLASGOW POLICE DEPARTMENT,Accepted,BARREN,US0031E,,L ROGERS WELLS,BLVD,N,,HAPPY VALLEY,,,,,37.00963094,-85.9213963,14.845,3/18/2021,835,2,2,0,0,CLEAR,DRY,FALSE,SIDESWIPE-SAME DIRECTION,SIDESWIPE-SAME DIRECTION,STRAIGHT & LEVEL,DAYLIGHT,,,44278.73004,FALSE,2246,Accepted,5,5,O,,"INATTENTION, TURNING IMPROPERLY",
27921224,0050100,GLASGOW POLICE DEPARTMENT,Accepted,BARREN,KY0090,,HAPPY VALLEY,RD,,,,,WESTERN HILLS,,LONGHUNTERS,37.019046,-85.93132939,9.036,3/12/2021,1706,3,3,0,0,CLOUDY,DRY,FALSE,REAR END IN TRAFFIC LANES BOTH VEHICLES MOVING,REAR END,STRAIGHT & LEVEL,DAYLIGHT,,,44278.73094,FALSE,2237,Accepted,5,5,O,,INATTENTION,
27921428,0050100,GLASGOW POLICE DEPARTMENT,Accepted,BARREN,,,CHILDRESS,RD,,KY1297,OLD BOWLING GREEN,,,,,36.99102046,-85.94837057,0.003,3/15/2021,1154,2,1,0,0,RAINING,WET,FALSE,ANGLE COLLISION - OTHER,ANGLE,STRAIGHT & LEVEL,DAYLIGHT,,,44278.72945,FALSE,2246,Accepted,5,5,O,,INATTENTION,
27923524,0050100,GLASGOW POLICE DEPARTMENT,Accepted,BARREN,US0031E,,L ROGERS WELLS,BLVD,N,,,US0068X,MAIN,,ROGERS,37.00264636,-85.92610172,14.287,3/17/2021,1102,2,2,0,0,CLEAR,DRY,FALSE,REAR END IN TRAFFIC LANES BOTH VEHICLES MOVING,REAR END,STRAIGHT & LEVEL,DAYLIGHT,,,44279.34034,FALSE,2287,Accepted,5,5,O,,"FOLLOWING TOO CLOSE, NOT UNDER PROPER CONTROL",
27926184,0050100,GLASGOW POLICE DEPARTMENT,Accepted,BARREN,,,TROJAN,TRL,,US0031E,SCOTTSVILLE,,,,,36.97952607,-85.93318511,1.319,3/21/2021,1310,2,2,0,0,CLEAR,DRY,FALSE,OPPOSITE DIRECTION - BOTH VEHICLES GOING STRAIGHT AHEAD,SIDESWIPE-OPPOSITE DIRECTION,STRAIGHT & GRADE,DAYLIGHT,,,44279.76066,FALSE,2287,Accepted,5,5,O,HOLES/DEEP RUTS/BUMPS,,
27928642,0050000,BARREN COUNTY SHERIFF DEPT.,Accepted,BARREN,KY0063,,TOMPKINSVILLE,RD,,,,,,,,36.96724663,-85.89184949,12.233,3/16/2021,1914,2,2,0,3,CLOUDY,DRY,FALSE,HEAD-ON COLLISION,HEAD ON,STRAIGHT & LEVEL,DARK-HWY NOT LIGHTED,,,44280.41477,FALSE,163,Accepted,5,2,A,,DRUG INVOLVEMENT,
27928644,0050000,BARREN COUNTY SHERIFF DEPT.,Accepted,BARREN,KY0090,1700,BURKESVILLE,RD,,,,,,,,36.97826418,-85.89021513,11.591,3/24/2021,1300,2,2,0,0,CLEAR,DRY,FALSE,1 VEHICLE ENTERING/LEAVING ENTRANCE,ANGLE,STRAIGHT & GRADE,DAYLIGHT,,,44280.4149,FALSE,170,Accepted,5,5,O,,INATTENTION,
27929508,0050000,BARREN COUNTY SHERIFF DEPT.,Accepted,BARREN,US0068,7500,EDMONTON,RD,,,,,,,,37.01406631,-85.78282651,21.206,3/19/2021,1354,2,2,0,0,CLEAR,DRY,FALSE,SIDESWIPE COLLISION - OPPOSITE DIRECTION,SIDESWIPE-OPPOSITE DIRECTION,CURVE & LEVEL,DAYLIGHT,,,44280.62323,FALSE,125,Accepted,5,5,O,,MISJUDGE CLEARANCE,
27930394,0050100,GLASGOW POLICE DEPARTMENT,Accepted,BARREN,US0031EX,,PUBLIC,SQ,N,,,,GREEN,US0031EX,PUBLIC,36.99601032,-85.91215963,1.478,3/21/2021,1400,2,2,0,0,CLEAR,DRY,FALSE,SIDESWIPE COLLISION - SAME DIRECTION,SIDESWIPE-SAME DIRECTION,STRAIGHT & LEVEL,DAYLIGHT,,,44280.78221,FALSE,2260,Accepted,5,5,O,,FAILED TO YIELD RIGHT OF WAY,
27930396,0050100,GLASGOW POLICE DEPARTMENT,Accepted,BARREN,,,HAPPY VALLEY,RD,,,,,LEXINGTON,,MILTON,37.00520797,-85.91078242,0.661,3/17/2021,738,2,2,0,0,CLEAR,DRY,FALSE,1 VEHICLE ENTERING/LEAVING ENTRANCE,ANGLE,STRAIGHT & LEVEL,DAYLIGHT,,,44280.78228,FALSE,2274,Accepted,5,5,O,,"INATTENTION, MISJUDGE CLEARANCE",
27939639,0050100,GLASGOW POLICE DEPARTMENT,Accepted,BARREN,,,EMBARK,CT,,KY1297,OLD BOWLING GREEN,,,,,36.98709564,-85.93720338,0.074,3/24/2021,1829,2,2,0,0,CLEAR,DRY,FALSE,VEHICLE BACKING IN INTERSECTION,BACKING,STRAIGHT & LEVEL,DAYLIGHT,,,44283.92465,FALSE,2268,Accepted,5,5,O,,"FAILED TO KEEP PROPER LANE, IMPROPER BACKING",
27939642,0050100,GLASGOW POLICE DEPARTMENT,Accepted,BARREN,,,HAPPY VALLEY,RD,,US0031E,L ROGERS WELLS,,,,,37.00959902,-85.92141501,0.001,3/19/2021,1934,2,2,0,2,CLEAR,DRY,FALSE,ANGLE COLLISION - OTHER,ANGLE,STRAIGHT & LEVEL,DARK-HWY LIGHTED/ON,,,44283.92504,FALSE,2286,Accepted,5,4,C,,DISREGARD TRAFFIC CONTROL,
27941950,0050000,BARREN COUNTY SHERIFF DEPT.,Accepted,BARREN,US0068,,VETERANS OUTER,LOOP,,,,,,,,37.0286481,-85.8931065,14.041,3/27/2021,1856,1,1,0,0,RAINING,WET,FALSE,COLLISION WITH ANIMAL NON INTERSECTION,SINGLE VEHICLE,STRAIGHT & LEVEL,DARK-HWY NOT LIGHTED,,,44284.42407,FALSE,173,Accepted,5,5,O,ANIMALS ACTION,,
27946393,0050100,GLASGOW POLICE DEPARTMENT,Accepted,BARREN,,,OIL CITY,RD,,US0068X,MAIN,,,,,37.01063888,-85.94434409,0.063,3/26/2021,1215,2,2,0,0,CLOUDY,DRY,FALSE,OPPOSITE DIRECTION - BOTH VEHICLES GOING STRAIGHT AHEAD,SIDESWIPE-OPPOSITE DIRECTION,CURVE & GRADE,DAYLIGHT,,,44285.42081,FALSE,2240,Accepted,5,5,O,,MISJUDGE CLEARANCE,
27946396,0050100,GLASGOW POLICE DEPARTMENT,Accepted,BARREN,US0068,,VETERANS OUTER,LOOP,,,,US0031E,JACKSON,,OLD MUNFORDVILLE RD CONN,37.03433499,-85.90821303,13.096,3/27/2021,1240,1,1,0,1,CLOUDY,DRY,FALSE,COLLISION WITH FIXED OBJECT NON - INTERSECTION - FIRST EVENT COLLISION 09 - 32 EXCLUDING 16,SINGLE VEHICLE,CURVE & GRADE,DAYLIGHT,,,44285.42086,FALSE,2240,Accepted,5,4,C,,"LOST CONSCIOUSNESS/FAINTED, OTHER, SICK",
27947720,0050000,BARREN COUNTY SHERIFF DEPT.,Accepted,BARREN,US0068,5330,EDMONTON,RD,,,,,,,,37.01622803,-85.82201772,18.843,3/29/2021,1005,1,1,0,1,CLEAR,DRY,FALSE,RAN OFF ROADWAY (1 VEHICLE WITH/EARTH EMBANKMENT/DITCH),SINGLE VEHICLE,STRAIGHT & GRADE,DAYLIGHT,,,44285.67051,FALSE,170,Accepted,5,3,B,,LOST CONSCIOUSNESS/FAINTED,
27949277,0050100,GLASGOW POLICE DEPARTMENT,Accepted,BARREN,LN9008,,LN9008 W,,,,,LN9008,LN9008 W EXIT8 OFF RAMP TO KY3600,LN9008,LN9008 TURN AROUND10,36.99153809,-85.97332269,9.115,3/23/2021,223,1,1,0,0,CLEAR,DRY,FALSE,OTHER ROADWAY OR MID-BLOCK COLLISION,SINGLE VEHICLE,STRAIGHT & LEVEL,DARK-HWY LIGHTED/ON,,,44286.03981,FALSE,2273,Accepted,5,5,O,,"DRUG INVOLVEMENT, OVERCORRECTING/OVERSTEERING",
27950252,0050100,GLASGOW POLICE DEPARTMENT,Accepted,BARREN,,,GREEN,ST,N,,,,DAVIS,,GRAND,37.00445192,-85.90459608,0.722,3/22/2021,1006,2,2,0,0,CLEAR,DRY,FALSE,1 VEHICLE PARKED POSITION (NOT PARKING LOT/DRIVEWAY),SIDESWIPE-SAME DIRECTION,STRAIGHT & LEVEL,DAYLIGHT,,,44286.36202,FALSE,2274,Accepted,5,5,O,,MISJUDGE CLEARANCE,
27950707,0050100,GLASGOW POLICE DEPARTMENT,Accepted,BARREN,US0068X,,MAIN,ST,E,,GREEN,,,,,36.99586966,-85.91182794,2.529,3/30/2021,1232,2,2,0,0,CLEAR,DRY,FALSE,OTHER INTERSECTION COLLISIONS,REAR END,STRAIGHT & HILLCREST,DAYLIGHT,,,44286.43329,FALSE,50,Accepted,5,5,O,,NOT UNDER PROPER CONTROL,
27950708,0050100,GLASGOW POLICE DEPARTMENT,Accepted,BARREN,,,CHERRY,ST,W,,PRESTON,,,,,37.00337429,-85.91373495,0.611,3/30/2021,1147,2,2,0,2,CLEAR,DRY,FALSE,ANGLE COLLISION - ONE VEHICLE TURNING LEFT,ANGLE,STRAIGHT & LEVEL,DAYLIGHT,,,44286.43334,FALSE,2196,Accepted,5,4,C,,INATTENTION,
27954688,0050000,BARREN COUNTY SHERIFF DEPT.,Accepted,BARREN,KY1297,6000,OLD BOWLING GREEN,RD,,,,,,,,36.98756106,-86.0127256,7.924,3/30/2021,2339,1,1,0,0,RAINING,WET,FALSE,OTHER COLLISIONS ON SHOULDER,SINGLE VEHICLE,STRAIGHT & LEVEL,DARK-HWY NOT LIGHTED,,,44287.37201,FALSE,173,Accepted,5,5,O,,NOT UNDER PROPER CONTROL,
27966354,0050100,GLASGOW POLICE DEPARTMENT,Accepted,BARREN,US0031E,,L ROGERS WELLS,BLVD,N,,,,HAPPY VALLEY,,CHERRY,37.00890468,-85.92217809,14.767,4/2/2021,1945,2,2,0,0,CLEAR,DRY,FALSE,1 VEHICLE ENTERING/LEAVING ENTRANCE,ANGLE,STRAIGHT & LEVEL,DARK (UNKNOWN ROADWAY LIGHTING),,,44289.31492,FALSE,2268,Accepted,5,5,O,,"INATTENTION, MISJUDGE CLEARANCE",