IncidentID,AgencyORI,AgencyName,IncidentStatusDesc,County,RdwyNumber,Street,RoadwayName,StreetSfx,StreetDir,IntersectionRdwy,IntersectionRdwyName,BetweenStRdwy1,BetweenStRdwyName1,BetweenStRdwy2,BetweenStRdwyName2,Latitude,Longitude,Milepoint,CollisionDate,CollisionTime,UnitsInvolved,MotorVehiclesInvolved,NumberKilled,NumberInjured,Weather,RdwyConditionCode,HitandRun,DirAnalysisCode,MannerofCollision,RdwyCharacter,LightCondition,RampFromRdwyId,RampToRdwyId,AcceptedDate,IsSecondaryCollision,OwnerBadge,IncidentStatus,InjurySeverityCde,KABCO_Code,KABCO,Environmental_Factors,Human_Factors,Vehicular_Factors
27966513,0050100,GLASGOW POLICE DEPARTMENT,Accepted,BARREN,KY0090,,MAIN,ST,E,,LEWIS,,,,,36.99499195,-85.90966868,9.991,4/1/2021,1220,2,2,0,0,CLEAR,DRY,FALSE,ANGLE COLLISION - OTHER,ANGLE,STRAIGHT & GRADE,DAYLIGHT,,,44289.43587,FALSE,2240,Accepted,5,5,O,,INATTENTION,
27966515,0050100,GLASGOW POLICE DEPARTMENT,Accepted,BARREN,US0068X,,MAIN,ST,W,,,,SHANE,US0031E,L ROGERS WELLS,37.0027934,-85.92775385,1.599,4/1/2021,1400,2,2,0,0,CLEAR,DRY,FALSE,1 VEHICLE ENTERING/LEAVING ENTRANCE,ANGLE,STRAIGHT & HILLCREST,DAYLIGHT,,,44289.43592,FALSE,2196,Accepted,5,5,O,,INATTENTION,
27966516,0050100,GLASGOW POLICE DEPARTMENT,Accepted,BARREN,US0031E,,L ROGERS WELLS,BLVD,N,,,,ROGERS,,SHANE,37.00398813,-85.92542366,14.351,4/2/2021,1245,2,2,0,0,CLEAR,DRY,FALSE,OTHER ROADWAY OR MID-BLOCK COLLISION,REAR END,STRAIGHT & LEVEL,DAYLIGHT,,,44289.43596,FALSE,2240,Accepted,5,5,O,,INATTENTION,
27972054,0050000,BARREN COUNTY SHERIFF DEPT.,Accepted,BARREN,,,TROJAN,TRL,,,,,,,,36.97650613,-85.92954812,1.019,3/31/2021,800,2,2,0,0,CLOUDY,DRY,FALSE,1 VEHICLE PARKED POSITION (NOT PARKING LOT/DRIVEWAY),SIDESWIPE-OPPOSITE DIRECTION,STRAIGHT & LEVEL,DAYLIGHT,,,44291.34427,FALSE,178,Accepted,5,5,O,,MISJUDGE CLEARANCE,
27972055,0050000,BARREN COUNTY SHERIFF DEPT.,Accepted,BARREN,,,TROJAN,TRL,,,,,,,,36.97619451,-85.92842173,0.96,4/1/2021,1110,1,1,0,0,CLEAR,DRY,FALSE,COLLISION WITH FIXED OBJECT NON - INTERSECTION - FIRST EVENT COLLISION 09 - 32 EXCLUDING 16,SINGLE VEHICLE,CURVE & GRADE,DAYLIGHT,,,44291.34431,FALSE,178,Accepted,5,5,O,,DISTRACTION,
27972057,0050000,BARREN COUNTY SHERIFF DEPT.,Accepted,BARREN,,740,COLESBEND,RD,,,,KY1297,OLD BOWLING GREEN,,LITTRELL,36.97507071,-86.12429349,0.529,3/20/2021,1342,1,1,0,0,CLEAR,DRY,FALSE,COLLISION WITH FIXED OBJECT NON - INTERSECTION - FIRST EVENT COLLISION 09 - 32 EXCLUDING 16,SINGLE VEHICLE,STRAIGHT & LEVEL,DAYLIGHT,,,44291.34436,FALSE,172,Accepted,5,5,O,,"CELL PHONE, INATTENTION",
27972058,0050000,BARREN COUNTY SHERIFF DEPT.,Accepted,BARREN,US0031E,,SCOTTSVILLE,RD,,,,,BRITT MILL,KY1318,TOBACCO,36.87943947,-86.02817362,3.604,3/22/2021,1528,2,2,0,0,CLEAR,DRY,FALSE,SIDESWIPE COLLISION - OPPOSITE DIRECTION,SIDESWIPE-OPPOSITE DIRECTION,STRAIGHT & LEVEL,DAYLIGHT,,,44291.34439,FALSE,172,Accepted,5,5,O,,OTHER,OTHER
27972059,0050000,BARREN COUNTY SHERIFF DEPT.,Accepted,BARREN,KY0090,,HAPPY VALLEY,RD,,,,,GIBBONS,,LEE FENDELL,37.07346371,-85.96409378,4.854,3/27/2021,1417,2,2,0,0,CLEAR,DRY,FALSE,REAR END IN TRAFFIC LANES BOTH VEHICLES MOVING,REAR END,STRAIGHT & LEVEL,DAYLIGHT,,,44291.34443,FALSE,172,Accepted,5,5,O,,INATTENTION,
27976543,0050100,GLASGOW POLICE DEPARTMENT,Accepted,BARREN,KY0090,,HAPPY VALLEY,RD,,,,,WESTVIEW,,REYNOLDS,37.01529802,-85.92794233,9.376,3/29/2021,1635,2,2,0,1,CLEAR,DRY,TRUE,OTHER ROADWAY OR MID-BLOCK COLLISION,REAR END,STRAIGHT & GRADE,DAYLIGHT,,,44292.33788,FALSE,2277,Accepted,4,4,C,,"INATTENTION, MISJUDGE CLEARANCE, NOT UNDER PROPER CONTROL",
27977777,0050000,BARREN COUNTY SHERIFF DEPT.,Accepted,BARREN,KY0070,,HISEVILLE,RD,,,,,,,,37.10245633,-85.82565672,14.458,4/6/2021,939,2,2,0,0,CLEAR,DRY,FALSE,SIDESWIPE COLLISION - OPPOSITE DIRECTION,SIDESWIPE-OPPOSITE DIRECTION,STRAIGHT & LEVEL,DAYLIGHT,,,44292.58955,FALSE,170,Accepted,5,5,O,,,
27981547,0050000,BARREN COUNTY SHERIFF DEPT.,Accepted,BARREN,KY0070,883,HISEVILLE,RD,,,,,,,,37.11119091,-85.85508129,12.693,4/6/2021,1955,1,1,0,1,CLEAR,DRY,FALSE,OTHER ROADWAY OR MID-BLOCK COLLISION,SINGLE VEHICLE,STRAIGHT & GRADE,DARK-HWY NOT LIGHTED,,,44293.3959,FALSE,173,Accepted,3,3,B,,"ALCOHOL INVOLVEMENT, FAILED TO KEEP PROPER LANE",
27981553,0050000,BARREN COUNTY SHERIFF DEPT.,Accepted,BARREN,US0031W,,LOUISVILLE,RD,,,,,,,,37.10059499,-86.00502529,3.791,4/6/2021,1550,2,2,0,0,CLEAR,DRY,FALSE,SIDESWIPE COLLISION - SAME DIRECTION,SIDESWIPE-SAME DIRECTION,STRAIGHT & LEVEL,DAYLIGHT,,,44293.39605,FALSE,181,Accepted,5,5,O,,,
27982367,0050200,CAVE CITY POLICE DEPARTMENT,Accepted,BARREN,US0031W,,DIXIE,HWY,N,,,,,,,37.14233162,-85.94867012,7.989,4/2/2021,1030,1,1,0,0,CLEAR,DRY,FALSE,COLLISION WITH ANIMAL NON INTERSECTION,SINGLE VEHICLE,STRAIGHT & LEVEL,DAYLIGHT,,,44293.54968,FALSE,601,Accepted,5,5,O,,,
27985267,0050100,GLASGOW POLICE DEPARTMENT,Accepted,BARREN,,,HUMBLE,AVE,,,,,BRYAN,,MCKENNA,36.99407144,-85.90143154,0.197,4/7/2021,1941,1,1,0,1,CLEAR,DRY,FALSE,COLLISION WITH FIXED OBJECT NON - INTERSECTION - FIRST EVENT COLLISION 09 - 32 EXCLUDING 16,SINGLE VEHICLE,STRAIGHT & LEVEL,DARK (UNKNOWN ROADWAY LIGHTING),,,44294.29447,FALSE,2268,Accepted,4,4,C,,LOST CONSCIOUSNESS/FAINTED,
27986017,0050100,GLASGOW POLICE DEPARTMENT,Accepted,BARREN,US0068X,,MAIN,ST,W,,,,,,,37.00914116,-85.93888916,0.814,3/25/2021,145,1,1,0,0,CLEAR,DRY,FALSE,COLLISION WITH ANIMAL NON INTERSECTION,SINGLE VEHICLE,STRAIGHT & LEVEL,DARK-HWY LIGHTED/ON,,,44294.43103,FALSE,2249,Accepted,5,5,O,ANIMALS ACTION,,
27986024,0050100,GLASGOW POLICE DEPARTMENT,Accepted,BARREN,KY0090,,HAPPY VALLEY,RD,,,MAX WAGNER,,,,,37.02294315,-85.93461842,8.709,3/26/2021,1338,2,2,0,0,CLEAR,DRY,FALSE,ANGLE COLLISION - OTHER,ANGLE,STRAIGHT & HILLCREST,DAYLIGHT,,,44294.43122,FALSE,2229,Accepted,5,5,O,,"DISREGARD TRAFFIC CONTROL, DISTRACTION, INATTENTION",
27986041,0050100,GLASGOW POLICE DEPARTMENT,Accepted,BARREN,KY1297,,OLD BOWLING GREEN,RD,,,,,INDUSTRIAL,,SOCCER,36.99403764,-85.95552104,11.397,3/30/2021,2239,1,1,0,0,CLEAR,DRY,FALSE,COLLISION WITH ANIMAL NON INTERSECTION,SINGLE VEHICLE,STRAIGHT & GRADE,DAYLIGHT,,,44294.43312,FALSE,2264,Accepted,5,5,O,,,
27990272,0050000,BARREN COUNTY SHERIFF DEPT.,Accepted,BARREN,KY0090,,BURKESVILLE,RD,,,SILOAM,,,,,36.96459459,-85.87856254,12.733,4/7/2021,846,2,2,0,1,CLEAR,DRY,FALSE,ANGLE COLLISION - OTHER,ANGLE,STRAIGHT & GRADE,DAYLIGHT,,,44295.41919,FALSE,170,Accepted,5,3,B,,"FAILED TO YIELD RIGHT OF WAY, INATTENTION",
27990275,0050000,BARREN COUNTY SHERIFF DEPT.,Accepted,BARREN,US0031E,,SCOTTSVILLE,RD,,,,,,,,36.86148347,-86.04579217,1.93,4/8/2021,1024,1,1,0,0,CLOUDY,WET,FALSE,RAN OFF ROADWAY (1 VEHICLE WITH/EARTH EMBANKMENT/DITCH),SINGLE VEHICLE,CURVE & GRADE,DAYLIGHT,,,44295.41926,FALSE,170,Accepted,5,5,O,,,
27992030,0050100,GLASGOW POLICE DEPARTMENT,Accepted,BARREN,KY0090,,MAIN,ST,E,,BROADWAY,,,,,36.99543979,-85.91076361,9.923,3/30/2021,643,2,2,0,0,CLEAR,DRY,FALSE,ANGLE COLLISION - OTHER,ANGLE,STRAIGHT & HILLCREST,DAYLIGHT,,,44295.78266,FALSE,2270,Accepted,5,5,O,,MISJUDGE CLEARANCE,MIRRORS
27992033,0050100,GLASGOW POLICE DEPARTMENT,Accepted,BARREN,,,HAPPY VALLEY,RD,,US0031E,L ROGERS WELLS,,,,,37.00957682,-85.92141496,,3/26/2021,613,2,2,0,0,CLEAR,DRY,FALSE,SIDESWIPE-SAME DIRECTION,SIDESWIPE-SAME DIRECTION,STRAIGHT & LEVEL,DAYLIGHT,,,44295.78277,FALSE,2274,Accepted,5,5,O,,MISJUDGE CLEARANCE,
27992036,0050100,GLASGOW POLICE DEPARTMENT,Accepted,BARREN,,,MCGRAH,AVE,,,,,PARK,,HUMBLE,36.99763701,-85.89865947,0.11,4/3/2021,1628,2,2,0,0,CLEAR,DRY,FALSE,1 VEHICLE PARKED POSITION (NOT PARKING LOT/DRIVEWAY),SIDESWIPE-SAME DIRECTION,STRAIGHT & LEVEL,DAYLIGHT,,,44295.78291,FALSE,2274,Accepted,5,5,O,,INATTENTION,
27992341,0050100,GLASGOW POLICE DEPARTMENT,Accepted,BARREN,US0031EX,,RACE,ST,N,US0031E,JACKSON,,,,,37.01801759,-85.90703388,3.231,4/6/2021,1243,2,2,0,0,CLEAR,DRY,FALSE,OTHER INTERSECTION COLLISIONS,REAR END,STRAIGHT & LEVEL,DAYLIGHT,,,44295.87801,FALSE,2196,Accepted,5,5,O,,INATTENTION,
28004752,0050100,GLASGOW POLICE DEPARTMENT,Accepted,BARREN,,224,SHELLEY,DR,,,,,,,,37.00279417,-85.902435,0.156,4/12/2021,2200,1,1,0,0,CLEAR,MUD-DIRT,FALSE,OTHER ROADWAY OR MID-BLOCK COLLISION,SINGLE VEHICLE,STRAIGHT & HILLCREST,DARK-HWY LIGHTED/ON,,,44299.29559,FALSE,2286,Accepted,5,5,O,,MISJUDGE CLEARANCE,
28005481,0050000,BARREN COUNTY SHERIFF DEPT.,Accepted,BARREN,KY0255,,PARK CITY BON AYR,RD,,,,,,,,37.03545727,-86.06049514,7.203,3/24/2021,1401,1,1,0,0,CLEAR,DRY,FALSE,COLLISION WITH ANIMAL NON INTERSECTION,SINGLE VEHICLE,STRAIGHT & LEVEL,DAYLIGHT,,,44299.42861,FALSE,157,Accepted,5,5,O,,,
28005483,0050000,BARREN COUNTY SHERIFF DEPT.,Accepted,BARREN,KY0090,,HAPPY VALLEY,RD,,,,,,,,37.06735707,-85.96103283,5.307,3/26/2021,1238,2,2,0,0,CLEAR,DRY,FALSE,REAR END IN TRAFFIC LANES BOTH VEHICLES MOVING,REAR END,STRAIGHT & LEVEL,DAYLIGHT,,,44299.42912,FALSE,157,Accepted,5,5,O,,INATTENTION,
28005487,0050000,BARREN COUNTY SHERIFF DEPT.,Accepted,BARREN,KY1307,,NEW SALEM,RD,,KY1519,KY1519,,,,,36.99169457,-85.87429764,6.666,4/7/2021,2139,1,1,0,0,CLEAR,DRY,FALSE,COLLISION WITH FIXED OBJECT IN INTERSECTION - FIRST EVENT COLLISION 09 - 32,SINGLE VEHICLE,STRAIGHT & LEVEL,DARK-HWY NOT LIGHTED,,,44299.42927,FALSE,173,Accepted,5,5,O,,"ALCOHOL INVOLVEMENT, CELL PHONE, DISREGARD TRAFFIC CONTROL",
28005491,0050000,BARREN COUNTY SHERIFF DEPT.,Accepted,BARREN,KY2207,,FORK,RD,S,,,,,,,36.95539185,-85.99887189,0.663,4/6/2021,1634,1,1,0,0,CLEAR,DRY,FALSE,OTHER ROADWAY OR MID-BLOCK COLLISION,SINGLE VEHICLE,CURVE & GRADE,DAYLIGHT,,,44299.42938,FALSE,174,Accepted,5,5,O,,NOT UNDER PROPER CONTROL,
28009419,0050100,GLASGOW POLICE DEPARTMENT,Accepted,BARREN,US0031E,,L ROGERS WELLS,BLVD,S,,GRANDVIEW,,,,,36.9958216,-85.93067998,13.765,4/8/2021,2122,2,2,0,2,CLEAR,DRY,FALSE,ANGLE COLLISION - OTHER,ANGLE,STRAIGHT & LEVEL,DARK-HWY LIGHTED/ON,,,44300.28627,FALSE,2410,Accepted,3,3,B,,,
28015587,0050200,CAVE CITY POLICE DEPARTMENT,Accepted,BARREN,KY0070,,MAMMOTH CAVE,ST,,,,,,,,37.13507739,-85.97467117,5.356,4/10/2021,1006,2,2,0,0,RAINING,WET,TRUE,SIDESWIPE COLLISION - OPPOSITE DIRECTION,SIDESWIPE-OPPOSITE DIRECTION,STRAIGHT & GRADE,DAYLIGHT,,,44301.54071,FALSE,606,Accepted,5,5,O,,INATTENTION,
28015589,0050200,CAVE CITY POLICE DEPARTMENT,Accepted,BARREN,KY0070,204,BROADWAY,ST,,,,,,,,37.13849188,-85.95914243,6.48,4/11/2021,1927,2,2,0,0,CLEAR,DRY,FALSE,1 VEHICLE PARKED POSITION (NOT PARKING LOT/DRIVEWAY),BACKING,STRAIGHT & LEVEL,DARK-HWY LIGHTED/ON,,,44301.54081,FALSE,605,Accepted,5,5,O,,"INATTENTION, MISJUDGE CLEARANCE",
28017196,0050100,GLASGOW POLICE DEPARTMENT,Accepted,BARREN,KY0090,,HAPPY VALLEY,RD,,,ENSMINGER,,,,,37.00999967,-85.92237276,9.854,4/2/2021,1550,3,3,0,0,CLEAR,DRY,FALSE,ANGLE COLLISION - OTHER,ANGLE,STRAIGHT & LEVEL,DAYLIGHT,,,44301.78367,FALSE,2276,Accepted,5,5,O,,FAILED TO YIELD RIGHT OF WAY,
28023664,0050100,GLASGOW POLICE DEPARTMENT,Accepted,BARREN,US0031EX,,GREEN,ST,S,,LESLIE,,,,,36.99059333,-85.91590626,1.036,4/15/2021,1707,2,2,0,0,CLEAR,DRY,FALSE,OTHER INTERSECTION COLLISIONS,REAR END,STRAIGHT & LEVEL,DAYLIGHT,,,44303.55211,FALSE,2287,Accepted,5,5,O,,"INATTENTION, NOT UNDER PROPER CONTROL",
28023667,0050100,GLASGOW POLICE DEPARTMENT,Accepted,BARREN,US0031E,,L ROGERS WELLS,BLVD,N,,HAPPY VALLEY,,,,,37.00934493,-85.92157518,14.825,4/16/2021,1341,3,3,0,0,CLEAR,DRY,FALSE,OTHER INTERSECTION COLLISIONS,REAR END,STRAIGHT & LEVEL,DAYLIGHT,,,44303.55222,FALSE,2277,Accepted,5,5,O,BACKUP DUE TO REGULAR CONGESTION,INATTENTION,
28023669,0050100,GLASGOW POLICE DEPARTMENT,Accepted,BARREN,,,INDUSTRIAL,DR,,,,,GRANDVIEW,KY1297,OLD BOWLING GREEN,36.99637504,-85.94976122,1.18,4/16/2021,2216,1,1,0,0,CLEAR,DRY,FALSE,OTHER COLLISIONS ON SHOULDER,SINGLE VEHICLE,CURVE & LEVEL,DARK-HWY NOT LIGHTED,,,44303.55228,FALSE,2277,Accepted,5,5,O,ANIMALS ACTION,OVERCORRECTING/OVERSTEERING,
28024484,0050100,GLASGOW POLICE DEPARTMENT,Accepted,BARREN,,,TROJAN,TRL,,,,US0031E,SCOTTSVILLE,,HILLTOPPER,36.97768185,-85.93167752,1.156,4/13/2021,1516,2,2,0,0,CLEAR,DRY,FALSE,REAR END IN TRAFFIC LANES BOTH VEHICLES MOVING,REAR END,CURVE & LEVEL,DAYLIGHT,,,44303.79491,FALSE,2196,Accepted,5,5,O,,INATTENTION,
28031715,0050000,BARREN COUNTY SHERIFF DEPT.,Accepted,BARREN,US0068,,NEW BOWLING GREEN,RD,,KY0685,BECKTON,,,,,37.01586111,-86.02386189,6.022,3/30/2021,1320,2,2,0,0,CLEAR,DRY,FALSE,REAR END - ONE VEHICLE TURNING LEFT,REAR END,CURVE & GRADE,DAYLIGHT,,,44305.68574,FALSE,125,Accepted,5,5,O,,,
28031720,0050000,BARREN COUNTY SHERIFF DEPT.,Accepted,BARREN,LN9008,,,,,,,,,,,36.98247971,-85.89406517,0.325,4/15/2021,1546,2,2,0,0,CLOUDY,DRY,FALSE,OTHER RAMP RELATED COLLISIONS NOT LISTED ABOVE,REAR END,STRAIGHT & GRADE,DAYLIGHT,LN9008,KY0090,44305.6858,FALSE,125,Accepted,5,5,O,,,
28031726,0050000,BARREN COUNTY SHERIFF DEPT.,Accepted,BARREN,US0068,,EDMONTON,RD,,,,,,,,37.01088305,-85.87320883,15.962,3/23/2021,235,1,1,0,0,CLEAR,DRY,FALSE,COLLISION WITH ANIMAL NON INTERSECTION,SINGLE VEHICLE,STRAIGHT & LEVEL,DARK-HWY NOT LIGHTED,,,44305.6859,FALSE,154,Accepted,5,5,O,ANIMALS ACTION,,
28031727,0050000,BARREN COUNTY SHERIFF DEPT.,Accepted,BARREN,KY0087,,AUSTIN TRACY,RD,,,,,,,,36.83665068,-86.04252829,10.662,4/7/2021,2020,1,1,0,0,CLOUDY,DRY,FALSE,COLLISION WITH ANIMAL NON INTERSECTION,SINGLE VEHICLE,CURVE & GRADE,DARK-HWY NOT LIGHTED,,,44305.68594,FALSE,154,Accepted,5,5,O,ANIMALS ACTION,,
28031729,0050000,BARREN COUNTY SHERIFF DEPT.,Accepted,BARREN,,,MAMMOTH CAVE,PKWY,,,,,,,,37.11845767,-86.06399331,1.421,4/15/2021,438,1,1,0,0,CLEAR,DRY,FALSE,COLLISION WITH ANIMAL NON INTERSECTION,SINGLE VEHICLE,STRAIGHT & GRADE,DARK-HWY NOT LIGHTED,,,44305.68598,FALSE,154,Accepted,5,5,O,ANIMALS ACTION,,
28031730,0050000,BARREN COUNTY SHERIFF DEPT.,Accepted,BARREN,US0068,7451,NEW BOWLING GREEN,RD,,,,,COOP,,FURLONG,37.01913545,-86.03912991,5.12,4/12/2021,1344,1,1,0,0,CLEAR,DRY,FALSE,RAN OFF ROADWAY (1 VEHICLE WITH/EARTH EMBANKMENT/DITCH),SINGLE VEHICLE,STRAIGHT & LEVEL,DAYLIGHT,,,44305.68602,FALSE,172,Accepted,5,5,O,,OVERCORRECTING/OVERSTEERING,
28031731,0050000,BARREN COUNTY SHERIFF DEPT.,Accepted,BARREN,KY0255,4325,PARK CITY BON AYR,RD,,,,,MILLSTOWN,,IRON MOUNTAIN,37.06321402,-86.05989932,9.301,4/13/2021,758,1,1,0,2,CLEAR,DRY,FALSE,COLLISION WITH FIXED OBJECT NON - INTERSECTION - FIRST EVENT COLLISION 09 - 32 EXCLUDING 16,SINGLE VEHICLE,CURVE & LEVEL,DAYLIGHT,,,44305.68605,FALSE,172,Accepted,5,4,C,,OVERCORRECTING/OVERSTEERING,
28032193,0050100,GLASGOW POLICE DEPARTMENT,Accepted,BARREN,,,STATE,AVE,,,,US0031EX,RACE,US0031EX,RACE,37.01311047,-85.90809812,0.32,4/9/2021,1159,2,2,0,0,CLEAR,DRY,FALSE,1 VEHICLE ENTERING/LEAVING ENTRANCE,ANGLE,STRAIGHT & LEVEL,DAYLIGHT,,,44305.77696,FALSE,2270,Accepted,5,5,O,,,BRAKES DEFECTIVE
28034402,0050000,BARREN COUNTY SHERIFF DEPT.,Accepted,BARREN,KY2207,,FORK,RD,S,,,,,,,36.94810263,-86.00478901,0.007,3/17/2021,1816,1,1,0,0,CLOUDY,WET,FALSE,COLLISION WITH FIXED OBJECT NON - INTERSECTION - FIRST EVENT COLLISION 09 - 32 EXCLUDING 16,SINGLE VEHICLE,CURVE & LEVEL,DAYLIGHT,,,44306.3839,FALSE,163,Accepted,5,5,O,SLIPPERY SURFACE,NOT UNDER PROPER CONTROL,
28034403,0050000,BARREN COUNTY SHERIFF DEPT.,Accepted,BARREN,,,YOUNG,RD,,,,,,,,36.97175704,-86.09784059,0.557,4/18/2021,1648,2,2,0,0,CLEAR,DRY,FALSE,VEHICLE BACKING NON INTERSECTION,BACKING,STRAIGHT & LEVEL,DAYLIGHT,,,44306.38395,FALSE,181,Accepted,5,5,O,,INATTENTION,
28034404,0050000,BARREN COUNTY SHERIFF DEPT.,Accepted,BARREN,KY0249,,ROSEVILLE,RD,,,,,,,,36.83407177,-85.91849979,4.824,4/18/2021,151,1,1,0,0,CLEAR,DRY,FALSE,OTHER COLLISIONS ON SHOULDER,SINGLE VEHICLE,STRAIGHT & LEVEL,DARK-HWY NOT LIGHTED,,,44306.38401,FALSE,173,Accepted,5,5,O,ANIMALS ACTION,OVERCORRECTING/OVERSTEERING,
28034405,0050000,BARREN COUNTY SHERIFF DEPT.,Accepted,BARREN,LN9008,,LN9008 E,,,,,,,,,37.00285539,-86.00195935,7.304,4/19/2021,2000,1,1,0,0,CLEAR,DRY,FALSE,COLLISION WITH ANIMAL NON INTERSECTION,SINGLE VEHICLE,STRAIGHT & LEVEL,DARK-HWY LIGHTED/ON,,,44306.38405,FALSE,173,Accepted,5,5,O,ANIMALS ACTION,,
28034691,0050100,GLASGOW POLICE DEPARTMENT,Accepted,BARREN,,,CHERRY,ST,E,US0068X,COLUMBIA,,,,,36.99833303,-85.90606255,0.307,4/14/2021,1051,1,1,0,0,CLOUDY,DRY,FALSE,COLLISION WITH FIXED OBJECT IN INTERSECTION - FIRST EVENT COLLISION 09 - 32,SINGLE VEHICLE,STRAIGHT & LEVEL,DAYLIGHT,,,44306.44413,FALSE,2289,Accepted,5,5,O,,INATTENTION,STEERING FAILURE
28034692,0050100,GLASGOW POLICE DEPARTMENT,Accepted,BARREN,US0031E,,L ROGERS WELLS,BLVD,S,,COMMERCIAL,,,,,36.99737553,-85.92937105,13.869,4/15/2021,1210,2,2,0,0,CLEAR,DRY,FALSE,OTHER INTERSECTION COLLISIONS,REAR END,STRAIGHT & LEVEL,DAYLIGHT,,,44306.44419,FALSE,2288,Accepted,5,5,O,,INATTENTION,
28035320,0050100,GLASGOW POLICE DEPARTMENT,Accepted,BARREN,,,PARKVIEW,DR,,,,,,,,36.98374792,-85.93913114,0.308,4/9/2021,1255,1,1,0,0,CLEAR,DRY,FALSE,RAN OFF ROADWAY (1 VEHICLE WITH/EARTH EMBANKMENT/DITCH),SINGLE VEHICLE,CURVE & LEVEL,DAYLIGHT,,,44306.54166,FALSE,2212,Accepted,5,5,O,ANIMALS ACTION,INATTENTION,
28040363,0050100,GLASGOW POLICE DEPARTMENT,Accepted,BARREN,KY0090,,HAPPY VALLEY,RD,,,ENSMINGER,,,,,37.01005388,-85.92249246,9.855,4/2/2021,1248,2,2,0,0,CLEAR,DRY,FALSE,ANGLE COLLISION - OTHER,ANGLE,STRAIGHT & LEVEL,DAYLIGHT,,,44307.64536,FALSE,2289,Accepted,5,5,O,,INATTENTION,
28040655,0050000,BARREN COUNTY SHERIFF DEPT.,Accepted,BARREN,KY0685,,STOVALL,RD,,,,,,,,37.02332476,-86.02313508,2.923,4/20/2021,1519,2,2,0,0,CLEAR,DRY,TRUE,SIDESWIPE COLLISION - OPPOSITE DIRECTION,SIDESWIPE-OPPOSITE DIRECTION,STRAIGHT & GRADE,DAYLIGHT,,,44307.68786,FALSE,170,Accepted,5,5,O,,"INATTENTION, MISJUDGE CLEARANCE",
28043154,0050000,BARREN COUNTY SHERIFF DEPT.,Accepted,BARREN,US0068,,EDMONTON,RD,,,,,,,,37.00996823,-85.85399864,17.063,4/17/2021,1823,1,1,0,1,CLEAR,DRY,FALSE,OTHER ROADWAY OR MID-BLOCK COLLISION,SINGLE VEHICLE,STRAIGHT & LEVEL,DAYLIGHT,,,44308.41336,FALSE,174,Accepted,4,4,C,,"FELL ASLEEP, NOT UNDER PROPER CONTROL",
28044109,0050100,GLASGOW POLICE DEPARTMENT,Accepted,BARREN,,105,GARMON,AVE,,,,,HAPPY VALLEY,,CHERRY,37.00239702,-85.91042805,0.021,4/20/2021,1054,2,2,0,0,CLEAR,DRY,FALSE,1 VEHICLE PARKED POSITION (NOT PARKING LOT/DRIVEWAY),BACKING,STRAIGHT & LEVEL,DAYLIGHT,,,44308.62699,FALSE,50,Accepted,5,5,O,,INATTENTION,
28046485,0050100,GLASGOW POLICE DEPARTMENT,Accepted,BARREN,,,BROWN,ST,W,,,,RACE,,LIBERTY,36.99299229,-85.91514011,0.069,4/18/2021,2116,2,2,0,0,RAINING,WET,FALSE,1 VEHICLE PARKED POSITION (NOT PARKING LOT/DRIVEWAY),REAR END,STRAIGHT & LEVEL,DARK-HWY LIGHTED/ON,,,44309.21457,FALSE,2273,Accepted,5,5,O,ANIMALS ACTION,,
28048626,0050100,GLASGOW POLICE DEPARTMENT,Accepted,BARREN,,,MCGRAH,AVE,,,PARK,,,,,36.99902587,-85.89851533,,4/17/2021,1835,2,2,0,0,CLEAR,DRY,TRUE,SIDESWIPE-SAME DIRECTION,SIDESWIPE-SAME DIRECTION,STRAIGHT & LEVEL,DUSK,,,44309.69904,FALSE,2260,Accepted,5,5,O,,FAILED TO YIELD RIGHT OF WAY,
28050131,0050100,GLASGOW POLICE DEPARTMENT,Accepted,BARREN,US0031E,,SCOTTSVILLE,RD,,LN9008,LN9008 E EXIT11 OFF RAMP TO US31E S,,,,,36.97740902,-85.93558416,12.374,4/21/2021,1518,2,2,0,0,CLOUDY,DRY,FALSE,ANGLE COLLISION - OTHER,ANGLE,STRAIGHT & LEVEL,DAYLIGHT,,,44310.07593,FALSE,2196,Accepted,5,5,O,,INATTENTION,
28053011,0050100,GLASGOW POLICE DEPARTMENT,Accepted,BARREN,,113,WATERFORD,LN,,,,,,,,36.98965431,-85.94790451,0.092,4/24/2021,1120,3,3,0,0,RAINING,WET,TRUE,1 VEHICLE PARKED POSITION (NOT PARKING LOT/DRIVEWAY),SIDESWIPE-OPPOSITE DIRECTION,STRAIGHT & LEVEL,DAYLIGHT,,,44311.33268,FALSE,2276,Accepted,5,5,O,SLIPPERY SURFACE,OTHER,
28055518,0050100,GLASGOW POLICE DEPARTMENT,Accepted,BARREN,KY2207,,FORK,RD,S,,,,,,,36.97366134,-85.94657079,4.134,4/24/2021,2108,1,1,0,0,CLOUDY,WET,FALSE,COLLISION WITH FIXED OBJECT NON - INTERSECTION - FIRST EVENT COLLISION 09 - 32 EXCLUDING 16,SINGLE VEHICLE,STRAIGHT & GRADE,DARK-HWY NOT LIGHTED,,,44312.19203,FALSE,2286,Accepted,5,5,O,SLIPPERY SURFACE,OVERCORRECTING/OVERSTEERING,