IncidentID,AgencyORI,AgencyName,IncidentStatusDesc,County,RdwyNumber,Street,RoadwayName,StreetSfx,StreetDir,IntersectionRdwy,IntersectionRdwyName,BetweenStRdwy1,BetweenStRdwyName1,BetweenStRdwy2,BetweenStRdwyName2,Latitude,Longitude,Milepoint,CollisionDate,CollisionTime,UnitsInvolved,MotorVehiclesInvolved,NumberKilled,NumberInjured,Weather,RdwyConditionCode,HitandRun,DirAnalysisCode,MannerofCollision,RdwyCharacter,LightCondition,RampFromRdwyId,RampToRdwyId,AcceptedDate,IsSecondaryCollision,OwnerBadge,IncidentStatus,InjurySeverityCde,KABCO_Code,KABCO,Environmental_Factors,Human_Factors,Vehicular_Factors
28055519,0050100,GLASGOW POLICE DEPARTMENT,Accepted,BARREN,KY0090,1003,HAPPY VALLEY,RD,,,,,VALLEY VIEW,,PIN OAK,37.01301888,-85.92604646,9.566,4/24/2021,1844,3,3,0,0,CLOUDY,WET,FALSE,REAR END IN TRAFFIC LANES BOTH VEHICLES MOVING,REAR END,STRAIGHT & LEVEL,DARK (UNKNOWN ROADWAY LIGHTING),,,44312.19207,FALSE,2268,Accepted,5,5,O,,DISTRACTION,
28057014,0050000,BARREN COUNTY SHERIFF DEPT.,Accepted,BARREN,,,BIG MEADOW,RD,,,,,,,,37.05501426,-85.77073778,1.538,4/23/2021,709,2,2,0,0,CLOUDY,DRY,FALSE,1 VEHICLE ENTERING/LEAVING ENTRANCE,ANGLE,STRAIGHT & HILLCREST,DAYLIGHT,,,44312.46053,FALSE,157,Accepted,5,5,O,,INATTENTION,
28057017,0050000,BARREN COUNTY SHERIFF DEPT.,Accepted,BARREN,KY0090,,HAPPY VALLEY,RD,,,,,,,,37.06791384,-85.96125517,5.267,4/20/2021,2013,2,2,0,2,CLEAR,DRY,FALSE,REAR END IN TRAFFIC LANES BOTH VEHICLES MOVING,REAR END,STRAIGHT & LEVEL,DARK-HWY NOT LIGHTED,,,44312.46061,FALSE,173,Accepted,4,4,C,,DISTRACTION,OTHER
28057018,0050000,BARREN COUNTY SHERIFF DEPT.,Accepted,BARREN,,405,VERNON SCHOOL,RD,,,,,,,,36.93862257,-85.81774603,,4/23/2021,1952,1,1,0,0,CLEAR,DRY,FALSE,OTHER ROADWAY OR MID-BLOCK COLLISION,SINGLE VEHICLE,STRAIGHT & LEVEL,DARK-HWY NOT LIGHTED,,,44312.46072,FALSE,173,Accepted,5,5,O,,INATTENTION,
28057019,0050000,BARREN COUNTY SHERIFF DEPT.,Accepted,BARREN,KY1324,2334,TEMPLE HILL,RD,,,,,,,,36.86313638,-85.80914155,3.905,4/24/2021,2132,1,1,0,0,CLEAR,DRY,FALSE,COLLISION WITH ANIMAL NON INTERSECTION,SINGLE VEHICLE,STRAIGHT & LEVEL,DARK-HWY NOT LIGHTED,,,44312.46078,FALSE,173,Accepted,5,5,O,ANIMALS ACTION,,
28057028,0050000,BARREN COUNTY SHERIFF DEPT.,Accepted,BARREN,KY0090,,BURKESVILLE,RD,,KY0839,NOBOB,,,,,36.92287154,-85.8012667,17.986,4/25/2021,945,2,2,0,1,CLOUDY,DRY,FALSE,ANGLE COLLISION - OTHER,ANGLE,STRAIGHT & LEVEL,DAYLIGHT,,,44312.46122,FALSE,170,Accepted,5,3,B,,INATTENTION,
28058983,0050100,GLASGOW POLICE DEPARTMENT,Accepted,BARREN,,,ROGERS,RD,,US0031E,L ROGERS WELLS,,,,,37.00392598,-85.92588324,0.351,4/23/2021,1150,3,3,0,0,CLEAR,DRY,FALSE,OTHER INTERSECTION COLLISIONS,REAR END,STRAIGHT & LEVEL,DAYLIGHT,,,44312.80381,FALSE,2276,Accepted,5,5,O,,INATTENTION,
28067788,0050100,GLASGOW POLICE DEPARTMENT,Accepted,BARREN,KY2207,,FORK,RD,S,,,,ROGERS HILL,,BLUE SKY,36.97163783,-85.95350771,3.697,4/17/2021,652,1,1,0,0,CLEAR,WET,FALSE,COLLISION WITH FIXED OBJECT NON - INTERSECTION - FIRST EVENT COLLISION 09 - 32 EXCLUDING 16,SINGLE VEHICLE,CURVE & LEVEL,DAYLIGHT,,,44314.71221,FALSE,2274,Accepted,5,5,O,SLIPPERY SURFACE,,
28069033,0050100,GLASGOW POLICE DEPARTMENT,Accepted,BARREN,,,CHERRY,ST,W,,,,,,,37.00467314,-85.91626162,0.444,4/22/2021,1811,2,2,0,0,CLEAR,DRY,TRUE,SIDESWIPE COLLISION - OPPOSITE DIRECTION,SIDESWIPE-OPPOSITE DIRECTION,CURVE & HILLCREST,DAYLIGHT,,,44315.04907,FALSE,2410,Accepted,5,5,O,,,
28069034,0050100,GLASGOW POLICE DEPARTMENT,Accepted,BARREN,,107,BELFAST,WAY,,,,,,,,36.98998162,-85.94714392,0.038,4/22/2021,1918,2,2,0,0,CLEAR,DRY,FALSE,1 VEHICLE PARKED POSITION (NOT PARKING LOT/DRIVEWAY),SIDESWIPE-OPPOSITE DIRECTION,STRAIGHT & GRADE,DAYLIGHT,,,44315.04912,FALSE,2410,Accepted,5,5,O,,,
28069853,0050000,BARREN COUNTY SHERIFF DEPT.,Accepted,BARREN,US0031W,,LOUISVILLE,RD,,,,,,,,37.11349434,-85.98444011,5.268,4/20/2021,1034,1,1,0,0,CLEAR,DRY,FALSE,RAN OFF ROADWAY (1 VEHICLE WITH/EARTH EMBANKMENT/DITCH),SINGLE VEHICLE,STRAIGHT & LEVEL,DAYLIGHT,,,44315.34596,FALSE,172,Accepted,5,5,O,,NOT UNDER PROPER CONTROL,
28069854,0050000,BARREN COUNTY SHERIFF DEPT.,Accepted,BARREN,KY0087,,AUSTIN TRACY,RD,,,TRACY SCHOOL,,,,,36.81218633,-85.99512796,6.813,4/23/2021,847,2,2,0,0,CLEAR,DRY,FALSE,ANGLE COLLISION - OTHER,ANGLE,STRAIGHT & LEVEL,DAYLIGHT,,,44315.34601,FALSE,172,Accepted,5,5,O,,INATTENTION,
28069857,0050000,BARREN COUNTY SHERIFF DEPT.,Accepted,BARREN,KY0090,11820,BURKESVILLE,RD,,,,,,,,36.89916675,-85.74752826,21.684,4/29/2021,607,2,2,0,0,CLOUDY,WET,FALSE,OTHER ROADWAY OR MID-BLOCK COLLISION,REAR TO REAR,CURVE & GRADE,DAWN,,,44315.34651,FALSE,170,Accepted,5,5,O,,INATTENTION,
28078720,0050100,GLASGOW POLICE DEPARTMENT,Accepted,BARREN,,,CHERRY,ST,W,,WALL,,,,,37.00809865,-85.92138287,0.067,4/29/2021,1230,2,2,0,0,CLOUDY,DRY,FALSE,ANGLE COLLISION - OTHER,ANGLE,STRAIGHT & GRADE,DAYLIGHT,,,44317.81145,FALSE,2240,Accepted,5,5,O,,INATTENTION,
28078721,0050100,GLASGOW POLICE DEPARTMENT,Accepted,BARREN,US0031E,,L ROGERS WELLS,BLVD,S,,CROSS,,,,,37.00024338,-85.92730976,14.124,5/1/2021,850,2,2,0,0,CLEAR,DRY,FALSE,OTHER INTERSECTION COLLISIONS,REAR END,STRAIGHT & LEVEL,DAYLIGHT,,,44317.81149,FALSE,2240,Accepted,5,5,O,,INATTENTION,
28090394,0050000,BARREN COUNTY SHERIFF DEPT.,Accepted,BARREN,LN9008,,LN9008 W,,,,,,,,,36.99132549,-85.97383566,9.09,4/27/2021,1616,3,3,0,0,CLEAR,DRY,FALSE,SIDESWIPE COLLISION - SAME DIRECTION,SIDESWIPE-SAME DIRECTION,STRAIGHT & LEVEL,DAYLIGHT,,,44320.62181,FALSE,174,Accepted,5,5,O,DEBRIS IN ROADWAY,,LOAD SECUREMENT
28090395,0050000,BARREN COUNTY SHERIFF DEPT.,Accepted,BARREN,US0031E,,SCOTTSVILLE,RD,,,,,,,,36.94897454,-85.96899507,9.685,4/27/2021,1650,2,2,0,0,CLEAR,DRY,FALSE,REAR END IN TRAFFIC LANES BOTH VEHICLES MOVING,REAR END,STRAIGHT & LEVEL,DAYLIGHT,,,44320.62189,FALSE,174,Accepted,5,5,O,,"EMOTIONAL, FOLLOWING TOO CLOSE, NOT UNDER PROPER CONTROL",
28090396,0050000,BARREN COUNTY SHERIFF DEPT.,Accepted,BARREN,US0031E,,SCOTTSVILLE,RD,,,,,,,,36.86594768,-86.03942098,2.388,4/24/2021,1721,1,1,0,1,CLOUDY,WET,FALSE,RAN OFF ROADWAY (1 VEHICLE WITH/EARTH EMBANKMENT/DITCH),SINGLE VEHICLE,STRAIGHT & GRADE,DAYLIGHT,,,44320.62195,FALSE,174,Accepted,3,3,B,SLIPPERY SURFACE,NOT UNDER PROPER CONTROL,
28090403,0050000,BARREN COUNTY SHERIFF DEPT.,Accepted,BARREN,LN9008,,LN9008 W,,,,,,,,,37.05104866,-86.09664356,1.003,5/4/2021,553,1,1,0,0,RAINING,WET,FALSE,RAN OFF ROADWAY (1 VEHICLE WITH/EARTH EMBANKMENT/DITCH),SINGLE VEHICLE,CURVE & LEVEL,DAWN,,,44320.62212,FALSE,170,Accepted,5,5,O,"SLIPPERY SURFACE, WATER POOLING",,
28092698,0050100,GLASGOW POLICE DEPARTMENT,Accepted,BARREN,US0031E,,L ROGERS WELLS,BLVD,N,,ROGERS,,,,,37.00377231,-85.92552041,14.341,4/23/2021,2010,2,1,0,0,CLEAR,DRY,FALSE,ANGLE COLLISION - OTHER,ANGLE,STRAIGHT & LEVEL,DARK-HWY LIGHTED/ON,,,44321.12733,FALSE,2264,Accepted,5,5,O,,INATTENTION,
28094166,0050100,GLASGOW POLICE DEPARTMENT,Accepted,BARREN,,,FRONT,ST,W,,GREEN,,,,,36.9980141,-85.91182477,0.14,4/24/2021,1516,2,2,0,0,RAINING,WET,FALSE,ANGLE COLLISION - OTHER,ANGLE,STRAIGHT & GRADE,DAYLIGHT,,,44321.49888,FALSE,2246,Accepted,5,5,O,,INATTENTION,
28094173,0050100,GLASGOW POLICE DEPARTMENT,Accepted,BARREN,KY0249,,BUNCHE,AVE,,,LEWIS,,,,,36.98894267,-85.91346329,16.048,4/26/2021,1606,2,2,0,1,CLEAR,DRY,FALSE,ANGLE COLLISION - OTHER,ANGLE,STRAIGHT & LEVEL,DAYLIGHT,,,44321.49905,FALSE,2249,Accepted,5,4,C,,FAILED TO YIELD RIGHT OF WAY,
28094177,0050100,GLASGOW POLICE DEPARTMENT,Accepted,BARREN,US0031EX,,RACE,ST,N,,CHERRY,,,,,37.00162732,-85.90944565,1.927,4/29/2021,2221,2,2,0,0,CLEAR,DRY,FALSE,ANGLE COLLISION - OTHER,ANGLE,STRAIGHT & LEVEL,DARK-HWY LIGHTED/ON,,,44321.49912,FALSE,48,Accepted,5,5,O,,"ALCOHOL INVOLVEMENT, FAILED TO YIELD RIGHT OF WAY",
28094178,0050100,GLASGOW POLICE DEPARTMENT,Accepted,BARREN,US0031E,,L ROGERS WELLS,BLVD,N,,SMITH,,,,,37.00584745,-85.92449458,14.439,4/30/2021,1349,2,2,0,0,CLEAR,DRY,FALSE,ANGLE COLLISION - OTHER,ANGLE,STRAIGHT & LEVEL,DAYLIGHT,,,44321.49919,FALSE,2249,Accepted,5,5,O,,FAILED TO YIELD RIGHT OF WAY,
28096001,0050100,GLASGOW POLICE DEPARTMENT,Accepted,BARREN,KY0090,,HAPPY VALLEY,RD,,,BEAVER,,,,,37.02652181,-85.93803843,8.421,5/4/2021,1452,2,2,0,0,CLOUDY,DRY,FALSE,ANGLE COLLISION - OTHER,ANGLE,STRAIGHT & LEVEL,DAYLIGHT,,,44321.81309,FALSE,2273,Accepted,5,5,O,,"FAILED TO YIELD RIGHT OF WAY, MISJUDGE CLEARANCE",
28101822,0050100,GLASGOW POLICE DEPARTMENT,Accepted,BARREN,LN9008,,,,,LN9008,LN9008 W EXIT14 OFF RAMP TO KY90 W,,,,,36.98418912,-85.89522293,0.262,5/5/2021,1550,2,2,0,0,CLOUDY,DRY,FALSE,ANGLE COLLISION - ONE VEHICLE TURNING RIGHT,ANGLE,CURVE & HILLCREST,DAYLIGHT,,,44323.30648,FALSE,2196,Accepted,5,5,O,,INATTENTION,
28109819,0050100,GLASGOW POLICE DEPARTMENT,Accepted,BARREN,US0031E,,L ROGERS WELLS,BLVD,N,,ROGERS,,,,,37.00380825,-85.92558827,14.338,5/5/2021,1545,2,2,0,0,CLEAR,DRY,FALSE,ANGLE COLLISION - OTHER,ANGLE,STRAIGHT & LEVEL,DAYLIGHT,,,44325.77766,FALSE,2285,Accepted,5,5,O,,FAILED TO YIELD RIGHT OF WAY,
28111355,0050100,GLASGOW POLICE DEPARTMENT,Accepted,BARREN,KY0090,,HAPPY VALLEY,RD,,,,,,,,37.01529463,-85.92788734,9.378,5/9/2021,1530,2,2,0,0,CLOUDY,WATER (STANDING OR MOVING),FALSE,SIDESWIPE COLLISION - SAME DIRECTION,SIDESWIPE-SAME DIRECTION,STRAIGHT & GRADE,DAYLIGHT,,,44326.25993,FALSE,2285,Accepted,5,5,O,,FAILED TO KEEP PROPER LANE,MIRRORS
28111357,0050100,GLASGOW POLICE DEPARTMENT,Accepted,BARREN,KY0063,,MILL,ST,,,FRANKLIN,,,,,36.98987004,-85.91034609,14.169,5/9/2021,1810,2,2,0,0,CLEAR,WET,FALSE,ANGLE COLLISION - OTHER,ANGLE,CURVE & GRADE,DUSK,,,44326.25999,FALSE,2276,Accepted,5,5,O,,INATTENTION,
28111649,0050100,GLASGOW POLICE DEPARTMENT,Accepted,BARREN,,,LESLIE,AVE,,,,,WASHINGTON,US0068X,MAIN,36.99825612,-85.91907869,0.022,5/5/2021,1605,2,2,0,0,CLOUDY,DRY,FALSE,REAR END IN TRAFFIC LANES BOTH VEHICLES MOVING,REAR END,STRAIGHT & HILLCREST,DAYLIGHT,,,44326.3377,FALSE,2273,Accepted,5,5,O,,INATTENTION,
28111654,0050100,GLASGOW POLICE DEPARTMENT,Accepted,BARREN,KY1297,,OLD BOWLING GREEN,RD,,,WESTWOOD,,,,,36.98893642,-85.9334864,12.729,5/9/2021,1245,2,2,0,0,CLOUDY,DRY,FALSE,OTHER INTERSECTION COLLISIONS,REAR END,STRAIGHT & HILLCREST,DAYLIGHT,,,44326.33788,FALSE,2286,Accepted,5,5,O,,,BRAKES DEFECTIVE
28111656,0050100,GLASGOW POLICE DEPARTMENT,Accepted,BARREN,,,IVY,ST,,,WILLOW,,,,,36.99372532,-85.92220835,0.032,5/8/2021,1036,2,2,0,0,CLEAR,DRY,FALSE,COLLISION WITH PARKED VEHICLE,SIDESWIPE-OPPOSITE DIRECTION,STRAIGHT & LEVEL,DAYLIGHT,,,44326.33795,FALSE,2273,Accepted,5,5,O,,INATTENTION,
28112622,0050100,GLASGOW POLICE DEPARTMENT,Accepted,BARREN,US0031EX,,GREEN,ST,S,,,,HAWKINS,KY0249,BUNCHE,36.98993695,-85.91663346,0.975,5/4/2021,743,1,1,0,0,RAINING,WATER (STANDING OR MOVING),FALSE,OTHER ROADWAY OR MID-BLOCK COLLISION,SINGLE VEHICLE,STRAIGHT & GRADE,DAYLIGHT,,,44326.45262,FALSE,2225,Accepted,5,5,O,"HOLES/DEEP RUTS/BUMPS, WATER POOLING",,
28113441,0050200,CAVE CITY POLICE DEPARTMENT,Accepted,BARREN,KY0090,,HAPPY VALLEY,ST,E,,,,,,,37.12653274,-85.96164723,0.95,4/21/2021,1904,2,2,0,0,CLEAR,DRY,FALSE,OTHER ROADWAY OR MID-BLOCK COLLISION,REAR END,CURVE & LEVEL,DUSK,,,44326.59274,FALSE,605,Accepted,5,5,O,,INATTENTION,
28113444,0050200,CAVE CITY POLICE DEPARTMENT,Accepted,BARREN,KY0090,,HAPPY VALLEY,ST,,,,,SANDERS,,GARDNER,37.13367513,-85.97072332,0.238,4/24/2021,1459,1,1,0,1,RAINING,WET,FALSE,COLLISION WITH FIXED OBJECT NON - INTERSECTION - FIRST EVENT COLLISION 09 - 32 EXCLUDING 16,SINGLE VEHICLE,STRAIGHT & LEVEL,DAYLIGHT,,,44326.59287,FALSE,610,Accepted,4,4,C,,,OTHER
28113448,0050200,CAVE CITY POLICE DEPARTMENT,Accepted,BARREN,,603,BALE,AVE,,,,,,,,37.13596056,-85.94310513,0.127,4/27/2021,1546,2,2,0,0,CLEAR,DRY,FALSE,1 VEHICLE PARKED POSITION (NOT PARKING LOT/DRIVEWAY),BACKING,STRAIGHT & LEVEL,DAYLIGHT,,,44326.59298,FALSE,610,Accepted,5,5,O,,INATTENTION,
28113458,0050200,CAVE CITY POLICE DEPARTMENT,Accepted,BARREN,US0031W,29082,LOUISVILLE,RD,,,,,,,,37.11591486,-85.98042477,5.546,5/3/2021,2022,1,1,0,0,CLEAR,DRY,FALSE,COLLISION WITH FIXED OBJECT NON - INTERSECTION - FIRST EVENT COLLISION 09 - 32 EXCLUDING 16,SINGLE VEHICLE,STRAIGHT & GRADE,DARK-HWY NOT LIGHTED,,,44326.59339,FALSE,605,Accepted,5,5,O,,FELL ASLEEP,
28113467,0050200,CAVE CITY POLICE DEPARTMENT,Accepted,BARREN,US0031W,1224,DIXIE,HWY,N,,,,,,,37.15101878,-85.93584756,8.897,5/9/2021,2212,1,1,0,0,CLEAR,DRY,FALSE,COLLISION WITH ANIMAL NON INTERSECTION,SINGLE VEHICLE,STRAIGHT & LEVEL,DARK-HWY NOT LIGHTED,,,44326.59383,FALSE,605,Accepted,5,5,O,ANIMALS ACTION,,
28115131,0050100,GLASGOW POLICE DEPARTMENT,Accepted,BARREN,KY0090,,HAPPY VALLEY,RD,,,,,VALLEY VIEW,,REYNOLDS,37.01466498,-85.92732805,9.432,5/3/2021,1622,2,2,0,0,CLEAR,DRY,FALSE,REAR END IN TRAFFIC LANES BOTH VEHICLES MOVING,REAR END,STRAIGHT & LEVEL,DAYLIGHT,,,44326.95118,FALSE,2410,Accepted,5,5,O,,,
28116175,0050100,GLASGOW POLICE DEPARTMENT,Accepted,BARREN,US0031E,,L ROGERS WELLS,BLVD,S,,CAVALRY,,,,,36.98478602,-85.93161167,12.979,5/10/2021,1925,2,2,0,3,CLEAR,DRY,FALSE,SIDESWIPE-SAME DIRECTION,SIDESWIPE-SAME DIRECTION,STRAIGHT & LEVEL,DUSK,,,44327.27336,FALSE,2276,Accepted,5,4,C,,INATTENTION,
28120685,0050100,GLASGOW POLICE DEPARTMENT,Accepted,BARREN,,,DAVIS,ST,,,,,,,,37.0009614,-85.90352393,0.087,5/1/2021,1625,2,2,0,0,CLEAR,DRY,FALSE,SIDESWIPE COLLISION - SAME DIRECTION,SIDESWIPE-SAME DIRECTION,STRAIGHT & LEVEL,DAYLIGHT,,,44328.16077,FALSE,2260,Accepted,5,5,O,,NOT UNDER PROPER CONTROL,
28120687,0050100,GLASGOW POLICE DEPARTMENT,Accepted,BARREN,KY0090,,HAPPY VALLEY,RD,,,,,BEAVER,,AIRPORT,37.02725189,-85.93877588,8.355,4/27/2021,1038,3,3,0,1,CLEAR,DRY,FALSE,REAR END IN TRAFFIC LANES BOTH VEHICLES MOVING,REAR END,STRAIGHT & LEVEL,DAYLIGHT,,,44328.16083,FALSE,2274,Accepted,5,3,B,,DISTRACTION,
28136936,0050100,GLASGOW POLICE DEPARTMENT,Accepted,BARREN,US0031EX,,RACE,ST,N,,,,FRONT,,MITCHELL,36.99819532,-85.91169314,1.663,5/13/2021,1620,2,2,0,0,CLEAR,DRY,FALSE,1 VEHICLE PARKED POSITION (NOT PARKING LOT/DRIVEWAY),ANGLE,STRAIGHT & GRADE,DAYLIGHT,,,44332.31511,FALSE,2240,Accepted,5,5,O,,MISJUDGE CLEARANCE,
28140761,0050000,BARREN COUNTY SHERIFF DEPT.,Accepted,BARREN,KY0090,,BURKESVILLE,RD,,,,KY1330,KINO,KY0839,NOBOB,36.93052266,-85.81252309,17.158,5/1/2021,1459,1,1,0,0,CLEAR,DRY,FALSE,OTHER ROADWAY OR MID-BLOCK COLLISION,SINGLE VEHICLE,STRAIGHT & LEVEL,DAYLIGHT,,,44333.45439,FALSE,172,Accepted,5,5,O,,,
28140763,0050000,BARREN COUNTY SHERIFF DEPT.,Accepted,BARREN,,,HOLLOW,RD,,,,,,,,36.97713369,-85.87771123,0.647,4/26/2021,1525,1,1,0,1,CLEAR,DRY,FALSE,COLLISION WITH FIXED OBJECT NON - INTERSECTION - FIRST EVENT COLLISION 09 - 32 EXCLUDING 16,SINGLE VEHICLE,CURVE & LEVEL,DAYLIGHT,,,44333.45448,FALSE,178,Accepted,5,4,C,,FELL ASLEEP,
28140768,0050000,BARREN COUNTY SHERIFF DEPT.,Accepted,BARREN,KY0252,,FINNEY,RD,,,,,,,,36.94239873,-86.02794711,7.111,5/6/2021,2138,1,1,0,0,CLEAR,WET,FALSE,COLLISION WITH FIXED OBJECT NON - INTERSECTION - FIRST EVENT COLLISION 09 - 32 EXCLUDING 16,SINGLE VEHICLE,STRAIGHT & LEVEL,DARK-HWY NOT LIGHTED,,,44333.45455,FALSE,181,Accepted,5,5,O,ANIMALS ACTION,,
28140770,0050000,BARREN COUNTY SHERIFF DEPT.,Accepted,BARREN,KY1318,,TOBACCO,RD,,,,,,,,36.87847593,-86.00948619,4.15,5/9/2021,1151,1,1,0,0,RAINING,WET,FALSE,RAN OFF ROADWAY (1 VEHICLE WITH/EARTH EMBANKMENT/DITCH),SINGLE VEHICLE,CURVE & HILLCREST,DAYLIGHT,,,44333.45459,FALSE,170,Accepted,5,5,O,SLIPPERY SURFACE,,
28140778,0050000,BARREN COUNTY SHERIFF DEPT.,Accepted,BARREN,KY0090,,BURKESVILLE,RD,,,WITTY,,,,,36.94682347,-85.83980255,15.209,5/4/2021,1954,2,2,0,1,CLEAR,DRY,TRUE,SIDESWIPE-SAME DIRECTION,SIDESWIPE-SAME DIRECTION,STRAIGHT & LEVEL,DARK-HWY NOT LIGHTED,,,44333.45472,FALSE,173,Accepted,5,4,C,,IMPROPER PASSING,
28140782,0050000,BARREN COUNTY SHERIFF DEPT.,Accepted,BARREN,KY0070,3657,MAMMOTH CAVE,RD,,,,,,,,37.13215007,-86.02285776,2.626,5/2/2021,1749,1,1,0,0,CLEAR,DRY,TRUE,COLLISION WITH FIXED OBJECT NON - INTERSECTION - FIRST EVENT COLLISION 09 - 32 EXCLUDING 16,SINGLE VEHICLE,STRAIGHT & HILLCREST,DAYLIGHT,,,44333.45477,FALSE,181,Accepted,5,5,O,,INATTENTION,
28140788,0050000,BARREN COUNTY SHERIFF DEPT.,Accepted,BARREN,,,MILLSTOWN,RD,,,,,,,,37.05534754,-86.07367022,2.47,5/9/2021,1826,2,2,0,0,CLEAR,DRY,FALSE,SIDESWIPE COLLISION - OPPOSITE DIRECTION,SIDESWIPE-OPPOSITE DIRECTION,STRAIGHT & LEVEL,DAYLIGHT,,,44333.45498,FALSE,181,Accepted,5,5,O,,,
28140790,0050000,BARREN COUNTY SHERIFF DEPT.,Accepted,BARREN,KY2198,65,LICK BRANCH,RD,,,,,,,,36.96256673,-85.86497776,0.473,5/13/2021,1203,1,1,0,0,CLEAR,DRY,FALSE,COLLISION WITH FIXED OBJECT NON - INTERSECTION - FIRST EVENT COLLISION 09 - 32 EXCLUDING 16,SINGLE VEHICLE,CURVE & HILLCREST,DAYLIGHT,,,44333.45503,FALSE,146,Accepted,5,5,O,,OVERCORRECTING/OVERSTEERING,
28140793,0050000,BARREN COUNTY SHERIFF DEPT.,Accepted,BARREN,,,SILOAM,RD,,,,,,,,36.9568375,-85.88367153,0.169,5/9/2021,1328,2,2,0,0,RAINING,WET,FALSE,HEAD-ON COLLISION,HEAD ON,STRAIGHT & LEVEL,DAYLIGHT,,,44333.45509,FALSE,172,Accepted,5,5,O,"SLIPPERY SURFACE, WATER POOLING",NOT UNDER PROPER CONTROL,
28141615,0050100,GLASGOW POLICE DEPARTMENT,Accepted,BARREN,US0068X,,MAIN,ST,W,,SHANE,,,,,37.00354952,-85.92900658,1.508,5/12/2021,1435,2,2,0,0,CLEAR,DRY,FALSE,REAR END - ONE VEHICLE TURNING RIGHT,REAR END,STRAIGHT & GRADE,DAYLIGHT,,,44333.62345,FALSE,2242,Accepted,5,5,O,OTHER,"INATTENTION, DISTRACTION, FATIGUE","OTHER, WINDOWS, WINDSHIELD"
28144808,0050000,BARREN COUNTY SHERIFF DEPT.,Accepted,BARREN,,1845,FRANKS MILL,RD,,,,,,,,37.02163722,-85.87931659,0.626,5/16/2021,1140,1,1,0,0,CLOUDY,WET,FALSE,COLLISION WITH FIXED OBJECT NON - INTERSECTION - FIRST EVENT COLLISION 09 - 32 EXCLUDING 16,SINGLE VEHICLE,CURVE & HILLCREST,DAYLIGHT,,,44334.3824,FALSE,146,Accepted,5,5,O,,NOT UNDER PROPER CONTROL,
28145321,0050100,GLASGOW POLICE DEPARTMENT,Accepted,BARREN,US0068X,,COLUMBIA,AVE,,,SCOTTIE,,,,,37.0085759,-85.88612089,4.264,5/14/2021,733,2,2,0,0,CLEAR,DRY,FALSE,OTHER INTERSECTION COLLISIONS,REAR END,STRAIGHT & GRADE,DAYLIGHT,,,44334.48594,FALSE,2288,Accepted,5,5,O,,"DISTRACTION, INATTENTION",
28150132,0050000,BARREN COUNTY SHERIFF DEPT.,Accepted,BARREN,KY1297,,OLD BOWLING GREEN,RD,,,,,,,,36.97854046,-86.07476947,4.324,5/18/2021,730,2,2,0,0,CLOUDY,DRY,TRUE,SIDESWIPE COLLISION - OPPOSITE DIRECTION,SIDESWIPE-OPPOSITE DIRECTION,STRAIGHT & LEVEL,DAYLIGHT,,,44335.50707,FALSE,157,Accepted,5,5,O,,INATTENTION,
28151735,0050100,GLASGOW POLICE DEPARTMENT,Accepted,BARREN,US0031E,,L ROGERS WELLS,BLVD,N,US0068X,MAIN,,,,,37.00204372,-85.9263865,14.258,5/18/2021,1500,2,2,0,0,CLEAR,DRY,FALSE,OPPOSING LEFT TURN,OPPOSING LEFT TURN,STRAIGHT & LEVEL,DAYLIGHT,,,44335.79897,FALSE,2285,Accepted,5,5,O,,FAILED TO YIELD RIGHT OF WAY,
28151736,0050100,GLASGOW POLICE DEPARTMENT,Accepted,BARREN,,211,FRAZIER,AVE,,,,,,,,36.99577228,-85.90077008,0.069,1/14/2021,2016,1,1,0,0,CLEAR,OTHER,FALSE,OTHER ROADWAY OR MID-BLOCK COLLISION,SINGLE VEHICLE,STRAIGHT & GRADE,OTHER,,,44335.79902,FALSE,2287,Accepted,5,5,O,OTHER,OTHER,
28152310,0050100,GLASGOW POLICE DEPARTMENT,Accepted,BARREN,US0031EX,,PUBLIC,SQ,N,,,US0031EX,US31E BUS TURN LANE,US0031EX,US31E BUS TURN LANE,36.99610111,-85.91239421,1.49,5/18/2021,1350,2,2,0,0,CLEAR,DRY,FALSE,1 VEHICLE PARKED POSITION (NOT PARKING LOT/DRIVEWAY),SIDESWIPE-SAME DIRECTION,STRAIGHT & LEVEL,DAYLIGHT,,,44335.92597,FALSE,2273,Accepted,5,5,O,,MISJUDGE CLEARANCE,
28156418,KSP0300,"KY STATE POLICE, POST 03",Accepted,BARREN,LN9008,,LN9008 W,,,,,,,,,37.02131433,-86.03717724,4.967,5/19/2021,700,2,2,0,1,CLOUDY,DRY,FALSE,REAR END IN TRAFFIC LANES BOTH VEHICLES MOVING,REAR END,STRAIGHT & LEVEL,DAYLIGHT,,,44336.93329,FALSE,638,Accepted,5,4,C,,FAILED TO YIELD RIGHT OF WAY,
28157139,0050100,GLASGOW POLICE DEPARTMENT,Accepted,BARREN,,109,KARAKAL,DR,,,,,,,,37.00474581,-85.89980699,0.091,5/9/2021,1010,2,1,0,0,CLOUDY,DRY,FALSE,1 VEHICLE PARKED POSITION (NOT PARKING LOT/DRIVEWAY),REAR END,STRAIGHT & LEVEL,DAYLIGHT,,,44337.12636,FALSE,48,Accepted,5,5,O,,INATTENTION,
28157635,0050100,GLASGOW POLICE DEPARTMENT,Accepted,BARREN,US0031E,,L ROGERS WELLS,BLVD,N,,ROGERS,,,,,37.00377112,-85.92552114,14.341,5/20/2021,1505,2,2,0,1,CLEAR,DRY,FALSE,ANGLE COLLISION - OTHER,ANGLE,STRAIGHT & LEVEL,DAYLIGHT,,,44337.30471,FALSE,2260,Accepted,3,3,B,,FAILED TO YIELD RIGHT OF WAY,