IncidentID,AgencyORI,AgencyName,IncidentStatusDesc,County,RdwyNumber,Street,RoadwayName,StreetSfx,StreetDir,IntersectionRdwy,IntersectionRdwyName,BetweenStRdwy1,BetweenStRdwyName1,BetweenStRdwy2,BetweenStRdwyName2,Latitude,Longitude,Milepoint,CollisionDate,CollisionTime,UnitsInvolved,MotorVehiclesInvolved,NumberKilled,NumberInjured,Weather,RdwyConditionCode,HitandRun,DirAnalysisCode,MannerofCollision,RdwyCharacter,LightCondition,RampFromRdwyId,RampToRdwyId,AcceptedDate,IsSecondaryCollision,OwnerBadge,IncidentStatus,InjurySeverityCde,KABCO_Code,KABCO,Environmental_Factors,Human_Factors,Vehicular_Factors
28158058,0050000,BARREN COUNTY SHERIFF DEPT.,Accepted,BARREN,US0068,,VETERANS OUTER,LOOP,,,,,,,,37.02337305,-85.88629156,14.566,5/14/2021,1448,2,2,0,0,CLEAR,DRY,TRUE,SIDESWIPE COLLISION - SAME DIRECTION,SIDESWIPE-SAME DIRECTION,STRAIGHT & LEVEL,DAYLIGHT,,,44337.40169,FALSE,174,Accepted,5,5,O,,EMOTIONAL,
28158059,0050000,BARREN COUNTY SHERIFF DEPT.,Accepted,BARREN,,,OLD DIXIE,HWY,,,,,,,,37.0924628,-86.04760496,0.087,5/15/2021,1554,1,1,0,0,CLEAR,DRY,FALSE,COLLISION WITH FIXED OBJECT NON - INTERSECTION - FIRST EVENT COLLISION 09 - 32 EXCLUDING 16,SINGLE VEHICLE,STRAIGHT & LEVEL,DAYLIGHT,,,44337.40173,FALSE,174,Accepted,5,5,O,,,TIRE FAILURE
28158060,0050000,BARREN COUNTY SHERIFF DEPT.,Accepted,BARREN,,,WILLIE GROCE,RD,,,,,,,,36.95009125,-85.90340727,0.88,5/19/2021,1406,1,1,0,1,CLEAR,DRY,FALSE,OTHER COLLISIONS ON SHOULDER,SINGLE VEHICLE,STRAIGHT & HILLCREST,DAYLIGHT,,,44337.40176,FALSE,157,Accepted,5,4,C,,,
28158061,0050000,BARREN COUNTY SHERIFF DEPT.,Accepted,BARREN,KY0252,,FINNEY,RD,,,,,,,,36.9423195,-86.02707652,7.156,5/20/2021,1141,2,2,0,0,CLEAR,GRAVEL,FALSE,1 VEHICLE PARKED POSITION (NOT PARKING LOT/DRIVEWAY),BACKING,STRAIGHT & LEVEL,DAYLIGHT,,,44337.4018,FALSE,157,Accepted,5,5,O,,INATTENTION,
28164257,0050100,GLASGOW POLICE DEPARTMENT,Accepted,BARREN,US0068X,,MAIN,ST,W,US0031E,L ROGERS WELLS,,,,,37.00204301,-85.92638715,1.692,5/19/2021,1536,4,4,0,1,CLEAR,DRY,FALSE,OTHER INTERSECTION COLLISIONS,REAR END,STRAIGHT & GRADE,DAYLIGHT,,,44339.27264,FALSE,2285,Accepted,5,3,B,,INATTENTION,
28166599,0050100,GLASGOW POLICE DEPARTMENT,Accepted,BARREN,,523,LEXINGTON,DR,,,WILLIAMS,,,,,37.01627634,-85.91549837,0.846,5/5/2021,1216,1,1,0,0,CLEAR,DRY,FALSE,COLLISION WITH FIXED OBJECT IN INTERSECTION - FIRST EVENT COLLISION 09 - 32,SINGLE VEHICLE,STRAIGHT & LEVEL,DAYLIGHT,,,44340.12653,FALSE,48,Accepted,5,5,O,,"INATTENTION, MISJUDGE CLEARANCE",
28168088,0050000,BARREN COUNTY SHERIFF DEPT.,Accepted,BARREN,KY0070,3686,MAMMOTH CAVE,RD,,,,,,,,37.13248674,-86.01721695,2.944,4/27/2021,1253,1,1,0,0,CLEAR,DRY,FALSE,OTHER ROADWAY OR MID-BLOCK COLLISION,SINGLE VEHICLE,STRAIGHT & GRADE,DAYLIGHT,,,44340.40251,FALSE,125,Accepted,5,5,O,"NON-HIGHWAY WORK: WORK ZONE (Utility, Tree, etc.)",,
28168089,0050000,BARREN COUNTY SHERIFF DEPT.,Accepted,BARREN,KY1342,1593,BEAVER CREEK BOAT RAMP ROAD,RD,,,,,,,,36.93078992,-86.01710636,0.488,5/1/2021,703,2,2,0,0,CLEAR,DRY,FALSE,REAR END IN TRAFFIC LANES BOTH VEHICLES MOVING,REAR END,CURVE & GRADE,DAYLIGHT,,,44340.40255,FALSE,125,Accepted,5,5,O,GLARE (SUN),,
28168090,0050000,BARREN COUNTY SHERIFF DEPT.,Accepted,BARREN,KY0249,1849,ROSEVILLE,RD,,,,,,,,36.96405402,-85.91286137,14.275,5/1/2021,1401,1,1,0,1,CLEAR,DRY,FALSE,RAN OFF ROADWAY (1 VEHICLE WITH/EARTH EMBANKMENT/DITCH),SINGLE VEHICLE,CURVE & LEVEL,DAYLIGHT,,,44340.40259,FALSE,125,Accepted,5,3,B,,,
28168092,0050000,BARREN COUNTY SHERIFF DEPT.,Accepted,BARREN,,389,PRITCHARDSVILLE,RD,,,,,,,,36.97176809,-85.93716378,0.318,5/4/2021,1115,1,1,0,1,CLEAR,DRY,FALSE,COLLISION WITH FIXED OBJECT NON - INTERSECTION - FIRST EVENT COLLISION 09 - 32 EXCLUDING 16,SINGLE VEHICLE,CURVE & LEVEL,DAYLIGHT,,,44340.40264,FALSE,125,Accepted,4,4,C,,,
28168095,0050000,BARREN COUNTY SHERIFF DEPT.,Accepted,BARREN,US0031E,,SCOTTSVILLE,RD,,,OLD SCOTTSVILLE LOOP 2,,,,,36.92863109,-85.99575308,7.641,5/7/2021,1534,2,2,0,0,CLEAR,DRY,TRUE,OPPOSITE DIRECTION - BOTH VEHICLES GOING STRAIGHT AHEAD,SIDESWIPE-OPPOSITE DIRECTION,CURVE & LEVEL,DAYLIGHT,,,44340.4027,FALSE,125,Accepted,5,5,O,,ALCOHOL INVOLVEMENT,OTHER
28168096,0050000,BARREN COUNTY SHERIFF DEPT.,Accepted,BARREN,KY0090,7400,HAPPY VALLEY,RD,,,,,,,,37.09486069,-85.97330514,3.287,5/15/2021,1134,2,2,0,0,CLEAR,DRY,FALSE,REAR END IN TRAFFIC LANES BOTH VEHICLES MOVING,REAR END,STRAIGHT & LEVEL,DAYLIGHT,,,44340.40275,FALSE,125,Accepted,5,5,O,,INATTENTION,
28168097,0050000,BARREN COUNTY SHERIFF DEPT.,Accepted,BARREN,,482,RUNAWAY,DR,,,,,,,,36.77498731,-86.03707807,0.488,5/19/2021,1225,2,2,0,0,CLEAR,DRY,FALSE,1 VEHICLE PARKED POSITION (NOT PARKING LOT/DRIVEWAY),REAR END,STRAIGHT & GRADE,DAYLIGHT,,,44340.40278,FALSE,170,Accepted,5,5,O,,MISJUDGE CLEARANCE,
28168098,0050000,BARREN COUNTY SHERIFF DEPT.,Accepted,BARREN,KY0070,,HISEVILLE MAIN,ST,W,,,,,,,37.10131802,-85.81697294,14.949,5/23/2021,923,1,1,0,0,CLEAR,DRY,FALSE,COLLISION WITH ANIMAL NON INTERSECTION,SINGLE VEHICLE,STRAIGHT & LEVEL,DAYLIGHT,,,44340.40282,FALSE,170,Accepted,5,5,O,ANIMALS ACTION,,
28172880,0050100,GLASGOW POLICE DEPARTMENT,Accepted,BARREN,US0031EX,,RACE,ST,N,,,,,,,36.99796904,-85.91181759,1.65,5/7/2021,1154,2,2,0,0,CLEAR,DRY,FALSE,VEHICLE BACKING NON INTERSECTION,BACKING,STRAIGHT & LEVEL,DAYLIGHT,,,44341.30865,FALSE,2410,Accepted,5,5,O,,,
28172886,0050100,GLASGOW POLICE DEPARTMENT,Accepted,BARREN,,,TROJAN,TRL,,,,US0031E,SCOTTSVILLE,,HILLTOPPER,36.97961104,-85.93306789,1.326,5/16/2021,1220,2,2,0,0,CLOUDY,WET,FALSE,REAR END IN TRAFFIC LANES BOTH VEHICLES MOVING,REAR END,STRAIGHT & LEVEL,DAYLIGHT,,,44341.3088,FALSE,2268,Accepted,5,5,O,,DISTRACTION,
28172891,0050100,GLASGOW POLICE DEPARTMENT,Accepted,BARREN,KY0090,,HAPPY VALLEY,RD,,,,US0031E,L ROGERS WELLS,,ENSMINGER,37.00972786,-85.92175448,9.902,5/17/2021,959,2,2,0,0,CLOUDY,DRY,FALSE,REAR END IN TRAFFIC LANES BOTH VEHICLES MOVING,REAR END,STRAIGHT & LEVEL,DAYLIGHT,,,44341.30891,FALSE,2268,Accepted,5,5,O,,DISTRACTION,
28172892,0050100,GLASGOW POLICE DEPARTMENT,Accepted,BARREN,US0031E,,L ROGERS WELLS,BLVD,S,,,,CROSS,US0068X,MAIN,37.00202072,-85.92638992,14.256,5/17/2021,1612,2,2,0,1,CLOUDY,DRY,FALSE,1 VEHICLE ENTERING/LEAVING ENTRANCE,ANGLE,STRAIGHT & LEVEL,DAYLIGHT,,,44341.30895,FALSE,2268,Accepted,5,4,C,,"INATTENTION, MISJUDGE CLEARANCE",MIRRORS
28172894,0050100,GLASGOW POLICE DEPARTMENT,Accepted,BARREN,US0068X,,MAIN,ST,W,,,,SHANE,,SHANK,37.00360014,-85.92898179,1.509,5/21/2021,415,2,2,0,0,CLEAR,DRY,FALSE,1 VEHICLE ENTERING/LEAVING ENTRANCE,ANGLE,STRAIGHT & LEVEL,DAYLIGHT,,,44341.30901,FALSE,2268,Accepted,5,5,O,,"INATTENTION, MISJUDGE CLEARANCE",
28172896,0050100,GLASGOW POLICE DEPARTMENT,Accepted,BARREN,US0031E,,L ROGERS WELLS,BLVD,S,,,US0031EX,GREEN,,CAVALRY,36.98476287,-85.93161161,12.979,5/21/2021,1548,2,2,0,0,CLEAR,DRY,FALSE,1 VEHICLE ENTERING/LEAVING ENTRANCE,ANGLE,STRAIGHT & LEVEL,DAYLIGHT,,,44341.30906,FALSE,2410,Accepted,5,5,O,,MISJUDGE CLEARANCE,
28172897,0050100,GLASGOW POLICE DEPARTMENT,Accepted,BARREN,US0068,,VETERANS OUTER,LOOP,,US0031E,JACKSON,,,,,37.03289529,-85.9058665,13.267,5/21/2021,1632,2,2,0,5,CLEAR,DRY,FALSE,ANGLE COLLISION - OTHER,ANGLE,STRAIGHT & LEVEL,DAYLIGHT,,,44341.3091,FALSE,2410,Accepted,3,3,B,,,
28173350,0050100,GLASGOW POLICE DEPARTMENT,Accepted,BARREN,,,PRITCHARDSVILLE,RD,,US0031E,SCOTTSVILLE,,,,,36.97623725,-85.93646507,,5/21/2021,1310,2,2,0,0,CLEAR,DRY,FALSE,OTHER INTERSECTION COLLISIONS,REAR END,CURVE & GRADE,DAYLIGHT,,,44341.37761,FALSE,2240,Accepted,5,5,O,,INATTENTION,
28173352,0050100,GLASGOW POLICE DEPARTMENT,Accepted,BARREN,US0031EX,,PUBLIC,SQ,E,,,,,,,36.9957893,-85.911902,1.455,5/21/2021,1810,2,2,0,0,CLEAR,DRY,FALSE,OTHER ROADWAY OR MID-BLOCK COLLISION,REAR END,STRAIGHT & LEVEL,DUSK,,,44341.37767,FALSE,2240,Accepted,5,5,O,,INATTENTION,
28179044,0050200,CAVE CITY POLICE DEPARTMENT,Accepted,BARREN,KY0090,,HAPPY VALLEY,ST,,,,,,,,37.13474113,-85.97475691,,5/13/2021,1045,2,2,0,1,CLOUDY,DRY,FALSE,1 VEHICLE ENTERING/LEAVING ENTRANCE,ANGLE,STRAIGHT & GRADE,DAYLIGHT,,,44342.5387,FALSE,601,Accepted,5,2,A,,DISREGARD TRAFFIC CONTROL,
28181107,0050100,GLASGOW POLICE DEPARTMENT,Accepted,BARREN,,,FRANKLIN,ST,S,,,KY0090,MAIN,,WASHINGTON,36.99413337,-85.90760688,0.329,5/26/2021,842,2,2,0,0,CLEAR,DRY,FALSE,VEHICLE BACKING NON INTERSECTION,BACKING,STRAIGHT & LEVEL,DAWN,,,44342.91097,FALSE,50,Accepted,5,5,O,,INATTENTION,
28181109,0050100,GLASGOW POLICE DEPARTMENT,Accepted,BARREN,US0068,,VETERANS OUTER,LOOP,,KY0090,HAPPY VALLEY,,,,,37.0244896,-85.93597525,11.345,5/26/2021,1510,2,2,0,0,CLOUDY,WET,FALSE,OPPOSING LEFT TURN,OPPOSING LEFT TURN,STRAIGHT & LEVEL,DAYLIGHT,,,44342.91102,FALSE,2240,Accepted,5,5,O,,INATTENTION,
28186393,0050100,GLASGOW POLICE DEPARTMENT,Accepted,BARREN,US0068,,VETERANS OUTER,LOOP,,,,,BEAVER,,BEAVER,37.02245524,-85.93860809,11.127,5/15/2021,1645,2,1,0,0,CLOUDY,DRY,FALSE,REAR END IN TRAFFIC LANES BOTH VEHICLES MOVING,REAR END,STRAIGHT & LEVEL,DAYLIGHT,,,44344.12696,FALSE,2237,Accepted,5,5,O,,DRUG INVOLVEMENT,
28187785,0050000,BARREN COUNTY SHERIFF DEPT.,Accepted,BARREN,KY1307,,LICK BRANCH,RD,,,,,,,,36.96189756,-85.81782974,2.184,5/18/2021,1920,1,1,0,1,CLEAR,DRY,FALSE,OTHER ROADWAY OR MID-BLOCK COLLISION,SINGLE VEHICLE,STRAIGHT & LEVEL,DAYLIGHT,,,44344.43244,FALSE,181,Accepted,3,3,B,DEBRIS IN ROADWAY,,
28187793,0050000,BARREN COUNTY SHERIFF DEPT.,Accepted,BARREN,US0068,,VETERANS OUTER,LOOP,,,,,,,,37.02885021,-85.89524175,13.926,5/24/2021,1341,1,1,0,0,CLEAR,DRY,FALSE,COLLISION WITH ANIMAL NON INTERSECTION,SINGLE VEHICLE,STRAIGHT & LEVEL,DAYLIGHT,,,44344.4326,FALSE,172,Accepted,5,5,O,ANIMALS ACTION,,
28187794,0050000,BARREN COUNTY SHERIFF DEPT.,Accepted,BARREN,KY2207,4061,FORK,RD,S,,,,PINE RIDGE,KY0252,FINNEY,36.95298848,-85.99815751,0.54,5/22/2021,1101,1,1,0,1,CLEAR,DRY,FALSE,RAN OFF ROADWAY (1 VEHICLE WITH/EARTH EMBANKMENT/DITCH),SINGLE VEHICLE,STRAIGHT & HILLCREST,DAYLIGHT,,,44344.43265,FALSE,172,Accepted,5,2,A,OTHER,,
28190481,0050100,GLASGOW POLICE DEPARTMENT,Accepted,BARREN,US0031E,,L ROGERS WELLS,BLVD,N,,ROGERS,,,,,37.00375133,-85.92550806,14.34,5/14/2021,1454,2,1,0,0,CLEAR,DRY,FALSE,ANGLE COLLISION - OTHER,ANGLE,STRAIGHT & LEVEL,DAYLIGHT,,,44345.12714,FALSE,48,Accepted,5,5,O,,INATTENTION,
28190719,0050100,GLASGOW POLICE DEPARTMENT,Accepted,BARREN,US0031EX,,GREEN,ST,S,,SUNSET,,,,,36.98710776,-85.92161574,0.633,5/28/2021,1348,2,2,0,2,CLOUDY,WET,FALSE,ANGLE COLLISION - ONE VEHICLE TURNING LEFT,ANGLE,CURVE & LEVEL,DAYLIGHT,,,44345.24428,FALSE,2277,Accepted,5,3,B,SLIPPERY SURFACE,"EXCEEDED STATED SPEED LIMIT, FAILED TO YIELD RIGHT OF WAY",
28198384,0050100,GLASGOW POLICE DEPARTMENT,Accepted,BARREN,,,SMITH,RD,,,,US0031E,L ROGERS WELLS,,WALL,37.0058048,-85.9244104,0.005,5/27/2021,1144,2,2,0,0,CLEAR,DRY,FALSE,OTHER ROADWAY OR MID-BLOCK COLLISION,REAR END,CURVE & LEVEL,DAYLIGHT,,,44347.85312,FALSE,50,Accepted,5,5,O,,INATTENTION,
28200982,0050000,BARREN COUNTY SHERIFF DEPT.,Accepted,BARREN,,,HERBERT TURNER,RD,,,,,,,,37.10618972,-86.03180053,2.874,5/28/2021,1033,1,1,0,0,RAINING,WET,FALSE,COLLISION WITH FIXED OBJECT NON - INTERSECTION - FIRST EVENT COLLISION 09 - 32 EXCLUDING 16,SINGLE VEHICLE,STRAIGHT & GRADE,DAYLIGHT,,,44348.40057,FALSE,170,Accepted,5,5,O,SLIPPERY SURFACE,,
28200984,0050000,BARREN COUNTY SHERIFF DEPT.,Accepted,BARREN,KY0063,5380,TOMPKINSVILLE,RD,,,,,,,,36.92683049,-85.87388661,9.205,5/29/2021,2045,1,1,0,1,CLEAR,DRY,FALSE,COLLISION WITH ANIMAL NON INTERSECTION,SINGLE VEHICLE,STRAIGHT & LEVEL,DARK-HWY NOT LIGHTED,,,44348.40061,FALSE,173,Accepted,5,3,B,ANIMALS ACTION,,
28200991,0050000,BARREN COUNTY SHERIFF DEPT.,Accepted,BARREN,KY0090,,HAPPY VALLEY,RD,,,,,,,,37.08405599,-85.96960105,4.063,5/22/2021,2019,1,1,0,0,CLEAR,DRY,FALSE,COLLISION WITH ANIMAL NON INTERSECTION,SINGLE VEHICLE,STRAIGHT & GRADE,DARK-HWY NOT LIGHTED,,,44348.40075,FALSE,154,Accepted,5,5,O,ANIMALS ACTION,,
28200993,0050000,BARREN COUNTY SHERIFF DEPT.,Accepted,BARREN,US0031E,,SCOTTSVILLE,RD,,,,,,,,36.89752962,-86.01155455,5.172,5/25/2021,1955,1,1,0,0,CLEAR,DRY,FALSE,COLLISION WITH FIXED OBJECT NON - INTERSECTION - FIRST EVENT COLLISION 09 - 32 EXCLUDING 16,SINGLE VEHICLE,CURVE & GRADE,DARK-HWY NOT LIGHTED,,,44348.40081,FALSE,154,Accepted,5,5,O,,NOT UNDER PROPER CONTROL,
28200995,0050000,BARREN COUNTY SHERIFF DEPT.,Accepted,BARREN,KY0070,,HISEVILLE,RD,,,,,,,,37.07422285,-85.76185303,19.092,5/31/2021,31,2,2,0,3,CLEAR,DRY,FALSE,COLLISION WITH ANIMAL NON INTERSECTION,REAR END,STRAIGHT & LEVEL,DARK-HWY NOT LIGHTED,,,44348.40088,FALSE,154,Accepted,4,4,C,ANIMALS ACTION,FOLLOWING TOO CLOSE,
28200996,0050000,BARREN COUNTY SHERIFF DEPT.,Accepted,BARREN,US0031E,,SCOTTSVILLE,RD,,,,,,,,36.95297337,-85.96363664,10.078,5/31/2021,2106,2,2,0,1,CLEAR,DRY,FALSE,REAR END IN TRAFFIC LANES BOTH VEHICLES MOVING,REAR END,STRAIGHT & LEVEL,DARK-HWY NOT LIGHTED,,,44348.40091,FALSE,154,Accepted,5,4,C,,INATTENTION,
28203022,0050100,GLASGOW POLICE DEPARTMENT,Accepted,BARREN,US0031EX,,PUBLIC,SQ,W,US0031EX,US31E BUS TURN LANE,,,,,36.99599764,-85.91301362,1.494,5/26/2021,1415,2,2,0,0,RAINING,WET,FALSE,OTHER INTERSECTION COLLISIONS,REAR END,STRAIGHT & HILLCREST,DAYLIGHT,,,44348.66796,FALSE,2290,Accepted,5,5,O,SLIPPERY SURFACE,,BRAKES DEFECTIVE
28204982,0050100,GLASGOW POLICE DEPARTMENT,Accepted,BARREN,,,HAPPY VALLEY,RD,,,GREEN ACRES,,,,,37.00696571,-85.91495854,0.399,5/19/2021,1344,2,1,0,0,CLEAR,DRY,FALSE,ANGLE COLLISION - OTHER,ANGLE,STRAIGHT & LEVEL,DAYLIGHT,,,44349.12615,FALSE,48,Accepted,5,5,O,,FAILED TO YIELD RIGHT OF WAY,
28205845,0050000,BARREN COUNTY SHERIFF DEPT.,Accepted,BARREN,,,GATEWAY,CT,,,,,,,,37.09114373,-86.00780865,0.409,5/24/2021,1329,2,2,0,0,CLEAR,DRY,FALSE,SIDESWIPE COLLISION - OPPOSITE DIRECTION,SIDESWIPE-OPPOSITE DIRECTION,CURVE & LEVEL,DAYLIGHT,,,44349.36298,FALSE,157,Accepted,5,5,O,,,
28205847,0050000,BARREN COUNTY SHERIFF DEPT.,Accepted,BARREN,LN9008,,LN9008 W,,,,,,,,,37.02965044,-86.04877499,4.101,4/30/2021,1831,2,2,0,0,CLEAR,DRY,FALSE,1 VEHICLE ENTERING/LEAVING ENTRANCE,ANGLE,STRAIGHT & LEVEL,DAYLIGHT,,,44349.36305,FALSE,174,Accepted,5,5,O,GLARE (SUN),NOT UNDER PROPER CONTROL,
28205848,0050000,BARREN COUNTY SHERIFF DEPT.,Accepted,BARREN,,,HOLLOW,RD,,,,,,,,36.97753745,-85.86127387,1.742,5/14/2021,1813,1,1,0,0,CLEAR,DRY,FALSE,COLLISION WITH FIXED OBJECT NON - INTERSECTION - FIRST EVENT COLLISION 09 - 32 EXCLUDING 16,SINGLE VEHICLE,STRAIGHT & LEVEL,DAYLIGHT,,,44349.3631,FALSE,174,Accepted,5,5,O,,NOT UNDER PROPER CONTROL,
28205849,0050000,BARREN COUNTY SHERIFF DEPT.,Accepted,BARREN,US0068,,NEW BOWLING GREEN,RD,,,,,,,,37.01625239,-85.99109523,7.882,5/14/2021,2032,2,2,0,0,CLEAR,DRY,FALSE,REAR END IN TRAFFIC LANES BOTH VEHICLES MOVING,REAR END,STRAIGHT & LEVEL,DAYLIGHT,,,44349.36316,FALSE,174,Accepted,5,5,O,,INATTENTION,
28205850,0050000,BARREN COUNTY SHERIFF DEPT.,Accepted,BARREN,KY1339,881,APPLE GROVE,RD,,,,,,,,37.05431298,-86.07045207,0.213,5/31/2021,1917,2,2,0,0,CLEAR,DRY,FALSE,1 VEHICLE PARKED POSITION (NOT PARKING LOT/DRIVEWAY),ANGLE,STRAIGHT & LEVEL,DARK-HWY NOT LIGHTED,,,44349.3632,FALSE,173,Accepted,5,5,O,,EMOTIONAL,
28209501,0050100,GLASGOW POLICE DEPARTMENT,Accepted,BARREN,,,BEAVER,TRL,,,,KY0090,HAPPY VALLEY,,SOFTBALL,37.02900711,-85.93248512,0.356,5/22/2021,2245,1,1,0,0,CLEAR,DRY,FALSE,COLLISION WITH FIXED OBJECT NON - INTERSECTION - FIRST EVENT COLLISION 09 - 32 EXCLUDING 16,SINGLE VEHICLE,STRAIGHT & LEVEL,DARK-HWY LIGHTED/ON,,,44350.12642,FALSE,2249,Accepted,5,5,O,,NOT UNDER PROPER CONTROL,
28211336,0050100,GLASGOW POLICE DEPARTMENT,Accepted,BARREN,,,FRONT,ST,W,,GREEN,,,,,36.99755489,-85.91072362,0.074,5/28/2021,1307,2,2,0,1,RAINING,WET,FALSE,ANGLE COLLISION - OTHER,ANGLE,STRAIGHT & LEVEL,DAYLIGHT,,,44350.54598,FALSE,2286,Accepted,5,4,C,,INATTENTION,
28211339,0050100,GLASGOW POLICE DEPARTMENT,Accepted,BARREN,US0031E,,L ROGERS WELLS,BLVD,S,,GRANDVIEW,,,,,36.99582415,-85.93068152,13.765,6/1/2021,845,2,2,0,0,CLOUDY,DRY,FALSE,OTHER INTERSECTION COLLISIONS,REAR END,STRAIGHT & GRADE,DAYLIGHT,,,44350.54603,FALSE,2273,Accepted,5,5,O,,DISTRACTION,
28224954,KSP0300,"KY STATE POLICE, POST 03",Accepted,BARREN,,,LECTA KINO,RD,,,,,,,,36.98956688,-85.82165606,2.431,6/4/2021,1811,1,1,0,0,CLEAR,DRY,FALSE,OTHER ROADWAY OR MID-BLOCK COLLISION,SINGLE VEHICLE,CURVE & LEVEL,DAYLIGHT,,,44354.33836,FALSE,549,Accepted,5,5,O,,"NOT UNDER PROPER CONTROL, OVERCORRECTING/OVERSTEERING",
28225028,0050100,GLASGOW POLICE DEPARTMENT,Accepted,BARREN,,,NOAH,DR,,,PARKVIEW,,,,,36.98454203,-85.93905803,0.001,6/3/2021,1420,2,2,0,0,CLOUDY,DRY,FALSE,ANGLE COLLISION - OTHER,ANGLE,STRAIGHT & LEVEL,DAYLIGHT,,,44354.35804,FALSE,2289,Accepted,5,5,O,,FAILED TO YIELD RIGHT OF WAY,
28230207,0050100,GLASGOW POLICE DEPARTMENT,Accepted,BARREN,KY0090,,HAPPY VALLEY,RD,,,MAX WAGNER,,,,,37.02296477,-85.93468643,8.709,6/4/2021,1416,2,2,0,4,CLEAR,DRY,FALSE,ANGLE COLLISION - OTHER,ANGLE,STRAIGHT & GRADE,DAYLIGHT,,,44355.45428,FALSE,48,Accepted,5,4,C,,"DISREGARD TRAFFIC CONTROL, INATTENTION",
28230209,0050100,GLASGOW POLICE DEPARTMENT,Accepted,BARREN,KY0090,,HAPPY VALLEY,RD,,,,,VALLEY VIEW,,REYNOLDS,37.01487855,-85.92750762,9.414,6/4/2021,1350,2,2,0,0,CLEAR,DRY,FALSE,1 VEHICLE ENTERING/LEAVING ENTRANCE,ANGLE,STRAIGHT & LEVEL,DAYLIGHT,,,44355.4544,FALSE,48,Accepted,5,5,O,,INATTENTION,
28230448,0050200,CAVE CITY POLICE DEPARTMENT,Accepted,BARREN,KY0090,,HAPPY VALLEY,ST,,,,,,,,37.12862802,-85.96365952,0.768,5/22/2021,1256,2,2,0,0,CLEAR,DRY,FALSE,SIDESWIPE COLLISION - SAME DIRECTION,SIDESWIPE-SAME DIRECTION,STRAIGHT & LEVEL,DAYLIGHT,,,44355.51642,FALSE,603,Accepted,5,5,O,,INATTENTION,
28230450,0050200,CAVE CITY POLICE DEPARTMENT,Accepted,BARREN,KY0070,,BROADWAY,ST,,,,,3RD,US0031W,DIXIE,37.13576464,-85.95592864,6.739,5/27/2021,1629,2,2,0,0,CLEAR,DRY,FALSE,REAR END IN TRAFFIC LANES BOTH VEHICLES MOVING,REAR END,STRAIGHT & LEVEL,DAYLIGHT,,,44355.51652,FALSE,610,Accepted,5,5,O,,INATTENTION,
28230453,0050200,CAVE CITY POLICE DEPARTMENT,Accepted,BARREN,KY0090,,HAPPY VALLEY,ST,,,,,,,,37.13474528,-85.9747581,,5/28/2021,1835,2,2,0,0,RAINING,WET,FALSE,1 VEHICLE ENTERING/LEAVING ENTRANCE,ANGLE,STRAIGHT & LEVEL,DAYLIGHT,,,44355.51658,FALSE,607,Accepted,5,5,O,,"FAILED TO YIELD RIGHT OF WAY, INATTENTION",
28232164,0050100,GLASGOW POLICE DEPARTMENT,Accepted,BARREN,LN9008,,,,,LN9008,LN9008 W EXIT14 OFF RAMP TO KY90 W,,,,,36.98418164,-85.89531474,0.268,5/30/2021,1425,2,2,0,0,CLEAR,DRY,FALSE,SIDESWIPE-SAME DIRECTION,SIDESWIPE-SAME DIRECTION,STRAIGHT & LEVEL,DAYLIGHT,,,44355.82249,FALSE,2260,Accepted,5,5,O,,FOLLOWING TOO CLOSE,OTHER
28232166,0050100,GLASGOW POLICE DEPARTMENT,Accepted,BARREN,,,SORENSON,AVE,,,,,GRANDVIEW,KY1297,OLD BOWLING GREEN,36.9913471,-85.93710937,0.226,5/29/2021,1756,1,1,0,0,CLEAR,DRY,FALSE,RAN OFF ROADWAY (1 VEHICLE WITH/EARTH EMBANKMENT/DITCH),SINGLE VEHICLE,CURVE & GRADE,DAYLIGHT,,,44355.82256,FALSE,2274,Accepted,5,5,O,,NOT UNDER PROPER CONTROL,
28232168,0050100,GLASGOW POLICE DEPARTMENT,Accepted,BARREN,US0031E,,L ROGERS WELLS,BLVD,N,,ROGERS,,,,,37.00377252,-85.9255196,14.341,6/4/2021,1455,2,2,0,0,CLEAR,DRY,FALSE,ANGLE COLLISION - OTHER,ANGLE,STRAIGHT & LEVEL,DAYLIGHT,,,44355.82263,FALSE,2260,Accepted,5,5,O,,FAILED TO YIELD RIGHT OF WAY,
28232169,0050100,GLASGOW POLICE DEPARTMENT,Accepted,BARREN,,,SAMSON,ST,,,WATER,,,,,36.99967289,-85.91862924,0.076,6/4/2021,1600,2,2,0,0,CLEAR,DRY,FALSE,ANGLE COLLISION - OTHER,ANGLE,STRAIGHT & LEVEL,DAYLIGHT,,,44355.82268,FALSE,2260,Accepted,5,5,O,,DISREGARD TRAFFIC CONTROL,
28236306,0050100,GLASGOW POLICE DEPARTMENT,Accepted,BARREN,KY2207,,FORK,RD,S,,,,ROGERS HILL,,AUTUMN RIDGE,36.97337754,-85.95134418,3.868,6/9/2021,920,1,1,0,0,CLOUDY,DRY,FALSE,COLLISION WITH FIXED OBJECT NON - INTERSECTION - FIRST EVENT COLLISION 09 - 32 EXCLUDING 16,SINGLE VEHICLE,CURVE & GRADE,DAYLIGHT,,,44356.79781,FALSE,2240,Accepted,5,5,O,,,BRAKES DEFECTIVE