IncidentID,AgencyORI,AgencyName,IncidentStatusDesc,County,RdwyNumber,Street,RoadwayName,StreetSfx,StreetDir,IntersectionRdwy,IntersectionRdwyName,BetweenStRdwy1,BetweenStRdwyName1,BetweenStRdwy2,BetweenStRdwyName2,Latitude,Longitude,Milepoint,CollisionDate,CollisionTime,UnitsInvolved,MotorVehiclesInvolved,NumberKilled,NumberInjured,Weather,RdwyConditionCode,HitandRun,DirAnalysisCode,MannerofCollision,RdwyCharacter,LightCondition,RampFromRdwyId,RampToRdwyId,AcceptedDate,IsSecondaryCollision,OwnerBadge,IncidentStatus,InjurySeverityCde,KABCO_Code,KABCO,Environmental_Factors,Human_Factors,Vehicular_Factors
28237447,0050100,GLASGOW POLICE DEPARTMENT,Accepted,BARREN,US0031E,,L ROGERS WELLS,BLVD,S,KY1297,OLD BOWLING GREEN,,,,,36.98933273,-85.93220952,13.3,5/29/2021,2131,2,1,0,1,CLEAR,DRY,FALSE,HEAD-ON COLLISION,HEAD ON,STRAIGHT & LEVEL,DARK-HWY LIGHTED/ON,,,44357.12635,FALSE,2229,Accepted,5,3,B,,"EMOTIONAL, LOST CONSCIOUSNESS/FAINTED",
28244358,0050100,GLASGOW POLICE DEPARTMENT,Accepted,BARREN,US0031EX,126,PUBLIC,SQ,E,,,,,,,36.99562427,-85.9120814,1.441,6/10/2021,1530,2,2,0,0,CLEAR,DRY,FALSE,SIDESWIPE COLLISION - SAME DIRECTION,SIDESWIPE-SAME DIRECTION,STRAIGHT & LEVEL,DAYLIGHT,,,44358.79947,FALSE,2286,Accepted,5,5,O,,INATTENTION,
28244360,0050100,GLASGOW POLICE DEPARTMENT,Accepted,BARREN,,,BEAVER,TRL,S,US0068,VETERANS OUTER,,,,,37.02251508,-85.9385548,0.213,6/11/2021,1444,3,3,0,0,CLEAR,DRY,FALSE,ANGLE COLLISION - OTHER,ANGLE,STRAIGHT & LEVEL,DAYLIGHT,,,44358.79954,FALSE,2286,Accepted,5,5,O,,FAILED TO YIELD RIGHT OF WAY,
28250582,0050100,GLASGOW POLICE DEPARTMENT,Accepted,BARREN,,,HAPPY VALLEY,RD,,,,US0031E,L ROGERS WELLS,,WALL,37.00939295,-85.92096617,0.028,5/28/2021,1311,2,1,0,0,RAINING,WET,FALSE,REAR END IN TRAFFIC LANES BOTH VEHICLES MOVING,REAR END,STRAIGHT & GRADE,DAYLIGHT,,,44361.12681,FALSE,48,Accepted,5,5,O,"OTHER, SLIPPERY SURFACE",INATTENTION,
28250885,0050100,GLASGOW POLICE DEPARTMENT,Accepted,BARREN,,,PRITCHARDSVILLE,RD,,,,,OIL WELL,,PRITCHARDSVILLE RD CONN,36.96342402,-85.94565621,1.191,6/4/2021,1828,1,1,0,0,CLEAR,DRY,FALSE,RAN OFF ROADWAY (1 VEHICLE WITH/EARTH EMBANKMENT/DITCH),SINGLE VEHICLE,CURVE & LEVEL,DAYLIGHT,,,44361.22731,FALSE,2270,Accepted,5,5,O,GLARE (SUN),,MIRRORS
28251358,0050000,BARREN COUNTY SHERIFF DEPT.,Accepted,BARREN,US0068,,NEW BOWLING GREEN,RD,,,,,,,,37.02995215,-86.12449934,0.113,6/4/2021,1115,2,2,0,0,CLEAR,DRY,FALSE,VEHICLE BACKING NON INTERSECTION,BACKING,STRAIGHT & GRADE,DAYLIGHT,,,44361.34379,FALSE,157,Accepted,5,5,O,,,
28251359,0050000,BARREN COUNTY SHERIFF DEPT.,Accepted,BARREN,US0068,3523,NEW BOWLING GREEN,RD,,,,,,,,37.01639003,-85.96977363,9.089,6/2/2021,2351,1,1,0,0,CLEAR,DRY,FALSE,OTHER COLLISIONS ON SHOULDER,SINGLE VEHICLE,STRAIGHT & LEVEL,DARK-HWY NOT LIGHTED,,,44361.34389,FALSE,173,Accepted,5,5,O,,"ALCOHOL INVOLVEMENT, DISTRACTION",
28251360,0050000,BARREN COUNTY SHERIFF DEPT.,Accepted,BARREN,,,PRITCHARDSVILLE,RD,,,,,,,,36.97109004,-85.93708594,0.366,6/4/2021,2322,1,1,0,1,CLEAR,DRY,FALSE,OTHER ROADWAY OR MID-BLOCK COLLISION,SINGLE VEHICLE,CURVE & LEVEL,DARK-HWY NOT LIGHTED,,,44361.34397,FALSE,173,Accepted,5,2,A,,ALCOHOL INVOLVEMENT,TIRES
28251364,0050000,BARREN COUNTY SHERIFF DEPT.,Accepted,BARREN,KY0090,,BURKESVILLE,RD,,,SILOAM,,,,,36.96459771,-85.87851368,12.735,6/9/2021,827,2,2,0,0,RAINING,WET,FALSE,HEAD-ON COLLISION,HEAD ON,STRAIGHT & GRADE,DAYLIGHT,,,44361.34414,FALSE,125,Accepted,5,5,O,SLIPPERY SURFACE,,
28251368,0050000,BARREN COUNTY SHERIFF DEPT.,Accepted,BARREN,KY0063,,TOMPKINSVILLE,RD,,,,,BRISTLETOWN,,RED BUD,36.94115028,-85.87957216,10.296,6/10/2021,1454,2,2,0,0,CLEAR,DRY,FALSE,SIDESWIPE COLLISION - OPPOSITE DIRECTION,SIDESWIPE-OPPOSITE DIRECTION,STRAIGHT & GRADE,DAYLIGHT,,,44361.34424,FALSE,157,Accepted,5,5,O,,INATTENTION,
28251373,0050000,BARREN COUNTY SHERIFF DEPT.,Accepted,BARREN,US0068,9300,NEW BOWLING GREEN,RD,,,,,,,,37.02656664,-86.07413067,3.098,6/9/2021,1449,1,1,0,1,CLEAR,DRY,FALSE,OTHER COLLISIONS ON SHOULDER,SINGLE VEHICLE,CURVE & GRADE,DAYLIGHT,,,44361.34435,FALSE,170,Accepted,5,3,B,,,
28251387,0050000,BARREN COUNTY SHERIFF DEPT.,Accepted,BARREN,,700,RAMP,RD,,,,KY0087,AUSTIN TRACY,,CHEYENNE,36.82546019,-86.04020363,0.61,5/30/2021,1223,2,2,0,0,CLEAR,DRY,FALSE,COLLISION WITH FIXED OBJECT NON - INTERSECTION - FIRST EVENT COLLISION 09 - 32 EXCLUDING 16,SIDESWIPE-OPPOSITE DIRECTION,STRAIGHT & LEVEL,DAYLIGHT,,,44361.34781,FALSE,172,Accepted,5,5,O,,,MIRRORS
28251389,0050000,BARREN COUNTY SHERIFF DEPT.,Accepted,BARREN,KY0090,,BURKESVILLE,RD,,,BETHEL CHURCH,,,,,36.95295175,-85.85332481,14.349,5/6/2021,2044,2,2,0,2,CLEAR,DRY,FALSE,OTHER INTERSECTION COLLISIONS,REAR END,STRAIGHT & LEVEL,DARK-HWY NOT LIGHTED,,,44361.34828,FALSE,163,Accepted,5,4,C,,INATTENTION,
28251390,0050000,BARREN COUNTY SHERIFF DEPT.,Accepted,BARREN,US0068,,EDMONTON,RD,,,,,,,,37.00987319,-85.85763664,16.859,5/30/2021,1855,1,1,0,0,CLEAR,DRY,FALSE,COLLISION WITH ANIMAL NON INTERSECTION,SINGLE VEHICLE,STRAIGHT & LEVEL,DAYLIGHT,,,44361.34836,FALSE,163,Accepted,5,5,O,ANIMALS ACTION,,
28251391,0050000,BARREN COUNTY SHERIFF DEPT.,Accepted,BARREN,KY2198,,LICK BRANCH,RD,,,,,HOLLOW,,BARTLETT,36.96419563,-85.84857494,1.469,6/5/2021,840,1,1,0,0,CLEAR,DRY,FALSE,COLLISION WITH FIXED OBJECT NON - INTERSECTION - FIRST EVENT COLLISION 09 - 32 EXCLUDING 16,SINGLE VEHICLE,STRAIGHT & GRADE,DAYLIGHT,,,44361.34844,FALSE,172,Accepted,5,5,O,,OVERCORRECTING/OVERSTEERING,
28251393,0050000,BARREN COUNTY SHERIFF DEPT.,Accepted,BARREN,KY1318,,LUCAS,RD,,,,,,,,36.88831904,-86.02920126,2.785,5/30/2021,1845,2,2,0,0,CLEAR,DRY,TRUE,SIDESWIPE COLLISION - OPPOSITE DIRECTION,SIDESWIPE-OPPOSITE DIRECTION,STRAIGHT & LEVEL,DAYLIGHT,,,44361.34851,FALSE,173,Accepted,5,5,O,,"ALCOHOL INVOLVEMENT, DRUG INVOLVEMENT, FAILED TO KEEP PROPER LANE",
28251397,0050000,BARREN COUNTY SHERIFF DEPT.,Accepted,BARREN,KY0090,,HAPPY VALLEY,RD,,,SCENIC VIEW,,,,,37.08583793,-85.97044275,3.934,5/22/2021,1200,3,3,0,0,CLEAR,DRY,FALSE,OTHER INTERSECTION COLLISIONS,REAR END,STRAIGHT & GRADE,DAYLIGHT,,,44361.34861,FALSE,125,Accepted,5,5,O,,INATTENTION,
28251399,0050000,BARREN COUNTY SHERIFF DEPT.,Accepted,BARREN,KY0090,11820,BURKESVILLE,RD,,,,,,,,36.89727013,-85.74383049,21.931,5/28/2021,528,2,2,0,1,RAINING,WET,FALSE,SIDESWIPE COLLISION - OPPOSITE DIRECTION,SIDESWIPE-OPPOSITE DIRECTION,CURVE & GRADE,DAYLIGHT,,,44361.34866,FALSE,125,Accepted,3,3,B,SLIPPERY SURFACE,,
28251400,0050000,BARREN COUNTY SHERIFF DEPT.,Accepted,BARREN,LN9008,,LN9008 E,,,,,,,,,36.99260168,-85.9819158,8.624,6/2/2021,834,1,1,0,0,RAINING,WET,FALSE,COLLISION WITH FIXED OBJECT NON - INTERSECTION - FIRST EVENT COLLISION 09 - 32 EXCLUDING 16,SINGLE VEHICLE,CURVE & GRADE,DAYLIGHT,,,44361.34871,FALSE,125,Accepted,5,5,O,SLIPPERY SURFACE,,
28251402,0050000,BARREN COUNTY SHERIFF DEPT.,Accepted,BARREN,KY0090,,BURKESVILLE,RD,,,PENNY,,,,,36.96305059,-85.87618739,12.894,6/3/2021,636,1,1,0,0,CLOUDY,DRY,FALSE,COLLISION WITH ANIMAL IN INTERSECTION,SINGLE VEHICLE,STRAIGHT & GRADE,DAYLIGHT,,,44361.34881,FALSE,125,Accepted,5,5,O,ANIMALS ACTION,,
28251403,0050000,BARREN COUNTY SHERIFF DEPT.,Accepted,BARREN,KY2207,,FORK,RD,S,,BAYLES,,,,,36.97369661,-85.96061524,3.235,6/4/2021,1524,2,2,0,0,CLEAR,DRY,FALSE,OPPOSITE DIRECTION - BOTH VEHICLES GOING STRAIGHT AHEAD,SIDESWIPE-OPPOSITE DIRECTION,CURVE & GRADE,DAYLIGHT,,,44361.34891,FALSE,125,Accepted,5,5,O,,MISJUDGE CLEARANCE,
28254233,0050100,GLASGOW POLICE DEPARTMENT,Accepted,BARREN,,316,CLEVELAND,AVE,,,,,WILLOW,,LESLIE,36.99272222,-85.92077552,0.68,6/12/2021,1310,2,2,0,0,CLEAR,DRY,FALSE,1 VEHICLE PARKED POSITION (NOT PARKING LOT/DRIVEWAY),BACKING,STRAIGHT & GRADE,DAYLIGHT,,,44361.84124,FALSE,2240,Accepted,5,5,O,IMPROPERLY PARKED VEHICLE(S),INATTENTION,
28254235,0050100,GLASGOW POLICE DEPARTMENT,Accepted,BARREN,KY0090,,HAPPY VALLEY,RD,,,,,SHALIMAR,,ENSMINGER,37.01004302,-85.92249241,9.855,6/4/2021,1406,2,2,0,0,CLEAR,DRY,FALSE,1 VEHICLE ENTERING/LEAVING ENTRANCE,ANGLE,STRAIGHT & LEVEL,DUSK,,,44361.84133,FALSE,2242,Accepted,5,5,O,"BACKUP DUE TO REGULAR CONGESTION, VIEW OBSTRUCTED/LIMITED DUE TO RDWY",INATTENTION,
28259890,0050100,GLASGOW POLICE DEPARTMENT,Accepted,BARREN,LN9008,,LN9008 E,,,,,LN9008,LN9008 E EXIT11 ON RAMP FROM US31E,LN9008,LN9008 E EXIT14 OFF RAMP TO KY90,36.97390825,-85.92520398,12.088,6/4/2021,1952,1,1,0,0,CLEAR,DRY,FALSE,COLLISION WITH ANIMAL NON INTERSECTION,SINGLE VEHICLE,CURVE & LEVEL,DUSK,,,44363.12688,FALSE,2237,Accepted,5,5,O,,,
28269199,0050100,GLASGOW POLICE DEPARTMENT,Accepted,BARREN,,322,LEXINGTON,DR,,,,,MOSS,,CASTLERIDGE,37.01106093,-85.91214844,0.409,6/8/2021,649,2,2,0,0,CLEAR,DRY,FALSE,OTHER ROADWAY OR MID-BLOCK COLLISION,REAR TO REAR,STRAIGHT & LEVEL,DAYLIGHT,,,44365.36296,FALSE,2268,Accepted,5,5,O,,IMPROPER BACKING,
28269203,0050100,GLASGOW POLICE DEPARTMENT,Accepted,BARREN,US0031E,,L ROGERS WELLS,BLVD,N,,,,HAPPY VALLEY,KY0090,HAPPY VALLEY,37.00957644,-85.92143905,14.847,6/9/2021,1605,2,2,0,0,CLEAR,DRY,FALSE,SIDESWIPE COLLISION - SAME DIRECTION,SIDESWIPE-SAME DIRECTION,STRAIGHT & LEVEL,DAYLIGHT,,,44365.36315,FALSE,2268,Accepted,5,5,O,,"INATTENTION, MISJUDGE CLEARANCE",
28269206,0050100,GLASGOW POLICE DEPARTMENT,Accepted,BARREN,,,CHERRY,ST,W,,,US0031E,L ROGERS WELLS,,SMITH,37.00890318,-85.92218056,,6/12/2021,1153,2,2,0,0,CLEAR,DRY,FALSE,REAR END IN TRAFFIC LANES BOTH VEHICLES MOVING,REAR END,STRAIGHT & HILLCREST,DAYLIGHT,,,44365.36348,FALSE,2268,Accepted,5,5,O,,"INATTENTION, MISJUDGE CLEARANCE",
28269212,0050100,GLASGOW POLICE DEPARTMENT,Accepted,BARREN,US0068,,VETERANS OUTER,LOOP,,US0068,NEW GLASGOW,,,,,37.01207842,-85.9530492,10.051,6/12/2021,1214,2,2,0,0,CLEAR,DRY,FALSE,OPPOSING LEFT TURN,OPPOSING LEFT TURN,STRAIGHT & LEVEL,DAYLIGHT,,,44365.36371,FALSE,2410,Accepted,5,5,O,,INATTENTION,
28270209,0050200,CAVE CITY POLICE DEPARTMENT,Accepted,BARREN,US0031W,1001,DIXIE,HWY,S,,,,,,,37.12799149,-85.9633485,6.781,6/8/2021,2327,1,1,0,0,CLOUDY,DRY,TRUE,COLLISION WITH FIXED OBJECT NON - INTERSECTION - FIRST EVENT COLLISION 09 - 32 EXCLUDING 16,SINGLE VEHICLE,STRAIGHT & LEVEL,DARK-HWY LIGHTED/ON,,,44365.62952,FALSE,605,Accepted,5,5,O,,MISJUDGE CLEARANCE,
28270211,0050200,CAVE CITY POLICE DEPARTMENT,Accepted,BARREN,,540,FARMER,RD,,,,,,,,37.15275324,-85.97913886,0.349,6/12/2021,114,1,1,0,0,CLEAR,DRY,FALSE,COLLISION WITH ANIMAL NON INTERSECTION,SINGLE VEHICLE,STRAIGHT & LEVEL,DARK-HWY LIGHTED/OFF,,,44365.62984,FALSE,610,Accepted,5,5,O,,,
28270220,0050200,CAVE CITY POLICE DEPARTMENT,Accepted,BARREN,KY0070,,MAMMOTH CAVE,RD,,,,,,,,37.13607363,-85.98011357,4.942,6/17/2021,1811,2,2,0,0,CLEAR,DRY,TRUE,1 VEHICLE ENTERING/LEAVING ENTRANCE,ANGLE,STRAIGHT & LEVEL,DAYLIGHT,,,44365.63045,FALSE,607,Accepted,5,5,O,,INATTENTION,
28277231,0050100,GLASGOW POLICE DEPARTMENT,Accepted,BARREN,,,HAPPY VALLEY,RD,,,LEXINGTON,,,,,37.00517401,-85.91086792,0.646,6/17/2021,1349,2,2,0,0,CLEAR,DRY,FALSE,OPPOSING LEFT TURN,OPPOSING LEFT TURN,STRAIGHT & LEVEL,DAYLIGHT,,,44368.11206,FALSE,2277,Accepted,5,5,O,,"FAILED TO YIELD RIGHT OF WAY, MISJUDGE CLEARANCE",
28277232,0050100,GLASGOW POLICE DEPARTMENT,Accepted,BARREN,KY0090,,HAPPY VALLEY,RD,,,,,SHALIMAR,,ENSMINGER,37.01048763,-85.92347462,9.767,6/18/2021,1443,2,2,0,0,CLEAR,DRY,FALSE,SIDESWIPE COLLISION - SAME DIRECTION,SIDESWIPE-SAME DIRECTION,STRAIGHT & LEVEL,DAYLIGHT,,,44368.11214,FALSE,2277,Accepted,5,5,O,BACKUP DUE TO REGULAR CONGESTION,"FAILED TO KEEP PROPER LANE, FAILED TO YIELD RIGHT OF WAY",
28277234,0050100,GLASGOW POLICE DEPARTMENT,Accepted,BARREN,,,OLIVIA,DR,,,LAUDERDALE,,,,,36.98597023,-85.94699817,0.266,6/18/2021,2312,4,4,0,0,CLEAR,DRY,FALSE,COLLISION WITH PARKED VEHICLE,REAR END,STRAIGHT & LEVEL,DARK-HWY LIGHTED/ON,,,44368.11223,FALSE,2277,Accepted,5,5,O,,"FAILED TO KEEP PROPER LANE, NOT UNDER PROPER CONTROL",
28277237,0050100,GLASGOW POLICE DEPARTMENT,Accepted,BARREN,,,GRANDVIEW,AVE,,,,,SORENSON,,COMMERCIAL,36.99612077,-85.93208304,0.611,6/20/2021,1316,2,2,0,0,CLEAR,DRY,FALSE,OTHER ROADWAY OR MID-BLOCK COLLISION,OPPOSING LEFT TURN,STRAIGHT & LEVEL,DAYLIGHT,,,44368.11238,FALSE,2285,Accepted,5,5,O,,FAILED TO YIELD RIGHT OF WAY,
28277239,0050100,GLASGOW POLICE DEPARTMENT,Accepted,BARREN,US0031E,,SCOTTSVILLE,RD,,,TROJAN,,,,,36.97960864,-85.93309724,12.594,6/20/2021,1436,2,2,0,0,CLEAR,DRY,FALSE,REAR END - ONE VEHICLE TURNING LEFT,REAR END,STRAIGHT & LEVEL,DAYLIGHT,,,44368.11252,FALSE,2285,Accepted,5,5,O,,OTHER,OTHER
28278201,0050000,BARREN COUNTY SHERIFF DEPT.,Accepted,BARREN,,STATE PARK,STATE PARK,RD,,,,,,,,36.85449997,-86.05563339,0.134,6/13/2021,945,2,2,0,0,CLEAR,DRY,FALSE,SIDESWIPE COLLISION - OPPOSITE DIRECTION,SIDESWIPE-OPPOSITE DIRECTION,CURVE & LEVEL,DAYLIGHT,,,44368.34507,FALSE,146,Accepted,5,5,O,,DISTRACTION,
28278203,0050000,BARREN COUNTY SHERIFF DEPT.,Accepted,BARREN,KY0090,,HAPPY VALLEY,RD,,,HARRY KING,,,,,37.05632929,-85.95366326,6.168,6/14/2021,1432,2,2,0,0,CLEAR,DRY,FALSE,OTHER INTERSECTION COLLISIONS,REAR END,STRAIGHT & LEVEL,DAYLIGHT,,,44368.34514,FALSE,170,Accepted,5,5,O,,INATTENTION,
28278205,0050000,BARREN COUNTY SHERIFF DEPT.,Accepted,BARREN,KY0839,,NOBOB,RD,,,,,,,,36.88145297,-85.79000359,3.585,6/14/2021,1550,2,2,0,0,CLEAR,DRY,FALSE,1 VEHICLE ENTERING/LEAVING ENTRANCE,ANGLE,STRAIGHT & LEVEL,DAYLIGHT,,,44368.34518,FALSE,178,Accepted,5,5,O,,IMPROPER PASSING,
28278208,0050000,BARREN COUNTY SHERIFF DEPT.,Accepted,BARREN,KY0249,,ROSEVILLE,RD,,,,,,,,36.95068379,-85.91916431,13.28,6/15/2021,1344,2,2,0,0,CLEAR,DRY,FALSE,SIDESWIPE COLLISION - OPPOSITE DIRECTION,SIDESWIPE-OPPOSITE DIRECTION,STRAIGHT & LEVEL,DAYLIGHT,,,44368.3453,FALSE,170,Accepted,5,5,O,,,
28278214,0050000,BARREN COUNTY SHERIFF DEPT.,Accepted,BARREN,KY0090,,HAPPY VALLEY,RD,,,,KY0685,STOVALL,KY0685,WILSON,37.09833063,-85.97343691,3.045,6/10/2021,1021,2,2,0,1,CLEAR,DRY,FALSE,SIDESWIPE COLLISION - OPPOSITE DIRECTION,SIDESWIPE-OPPOSITE DIRECTION,STRAIGHT & LEVEL,DAYLIGHT,,,44368.34554,FALSE,125,Accepted,5,3,B,,,LOAD SECUREMENT
28278218,0050000,BARREN COUNTY SHERIFF DEPT.,Accepted,BARREN,KY0087,3084,AUSTIN TRACY,RD,,,,,,,,36.82732885,-86.02409473,9.268,6/15/2021,830,2,2,0,1,CLEAR,DRY,FALSE,SIDESWIPE COLLISION - SAME DIRECTION,SIDESWIPE-SAME DIRECTION,CURVE & LEVEL,DAYLIGHT,,,44368.34564,FALSE,125,Accepted,5,3,B,,INATTENTION,
28278222,0050000,BARREN COUNTY SHERIFF DEPT.,Accepted,BARREN,KY0090,,BURKESVILLE,RD,,,,,,,,36.94938467,-85.8449529,14.871,6/18/2021,1148,1,1,0,0,CLEAR,DRY,FALSE,COLLISION WITH ANIMAL NON INTERSECTION,SINGLE VEHICLE,STRAIGHT & LEVEL,DAYLIGHT,,,44368.34573,FALSE,170,Accepted,5,5,O,ANIMALS ACTION,,
28278229,0050000,BARREN COUNTY SHERIFF DEPT.,Accepted,BARREN,KY0070,,MAMMOTH CAVE,RD,,,,,,,,37.13148452,-86.04651242,1.001,6/18/2021,1443,1,1,0,0,CLEAR,DRY,FALSE,COLLISION WITH ANIMAL NON INTERSECTION,SINGLE VEHICLE,STRAIGHT & LEVEL,DAYLIGHT,,,44368.34587,FALSE,170,Accepted,5,5,O,ANIMALS ACTION,,
28278230,0050000,BARREN COUNTY SHERIFF DEPT.,Accepted,BARREN,US0068,,VETERANS OUTER,LOOP,,US0068,EDMONTON,,,,,37.01006189,-85.88033301,15.548,6/20/2021,1811,2,2,0,0,CLEAR,DRY,FALSE,OPPOSING LEFT TURN,OPPOSING LEFT TURN,STRAIGHT & LEVEL,DAYLIGHT,,,44368.34591,FALSE,181,Accepted,5,5,O,,,
28279956,0050100,GLASGOW POLICE DEPARTMENT,Accepted,BARREN,KY0090,,HAPPY VALLEY,RD,,US0031E,L ROGERS WELLS,,,,,37.00960146,-85.92164344,9.911,5/24/2021,1306,2,2,0,0,CLOUDY,DRY,FALSE,OTHER INTERSECTION COLLISIONS,REAR END,STRAIGHT & LEVEL,DAYLIGHT,,,44368.62858,FALSE,2289,Accepted,5,5,O,,INATTENTION,
28279958,0050100,GLASGOW POLICE DEPARTMENT,Accepted,BARREN,US0068,,VETERANS OUTER,LOOP,,,,KY0090,HAPPY VALLEY,,BEAVER,37.02345636,-85.93705774,11.237,6/8/2021,1118,2,2,0,1,CLOUDY,DRY,FALSE,OTHER ROADWAY OR MID-BLOCK COLLISION,OPPOSING LEFT TURN,STRAIGHT & LEVEL,DAYLIGHT,,,44368.62872,FALSE,2290,Accepted,4,4,C,,DISREGARD TRAFFIC CONTROL,
28280211,KSP0300,"KY STATE POLICE, POST 03",Accepted,BARREN,,,OLD MUNFORDVILLE,RD,,,,,,,,37.10864347,-85.90340076,4.383,6/11/2021,1445,1,1,0,0,CLEAR,DRY,FALSE,OTHER COLLISIONS ON SHOULDER,SINGLE VEHICLE,STRAIGHT & LEVEL,DAYLIGHT,,,44368.66316,FALSE,284,Accepted,5,5,O,,"DRUG INVOLVEMENT, FAILED TO KEEP PROPER LANE, INATTENTION",
28282587,0050100,GLASGOW POLICE DEPARTMENT,Accepted,BARREN,,,FORD,DR,,,FRONT,,,,,36.99885873,-85.91395681,0.422,6/17/2021,1710,2,2,0,0,CLEAR,DRY,FALSE,ANGLE COLLISION - OTHER,ANGLE,STRAIGHT & GRADE,DAYLIGHT,,,44369.37698,FALSE,2240,Accepted,5,5,O,,MISJUDGE CLEARANCE,
28282591,0050100,GLASGOW POLICE DEPARTMENT,Accepted,BARREN,US0068X,,MAIN,ST,W,,,US0031E,L ROGERS WELLS,,SHANE,37.00230443,-85.92675196,1.665,6/18/2021,1500,3,3,0,0,CLEAR,DRY,FALSE,OTHER ROADWAY OR MID-BLOCK COLLISION,OPPOSING LEFT TURN,STRAIGHT & GRADE,DAYLIGHT,,,44369.37707,FALSE,2240,Accepted,5,5,O,,"INATTENTION, MISJUDGE CLEARANCE",
28286948,0050100,GLASGOW POLICE DEPARTMENT,Accepted,BARREN,,,TROJAN,TRL,,,HILLTOPPER,,,,,36.97904986,-85.92016852,0.417,6/17/2021,1346,1,1,0,0,CLEAR,OTHER,TRUE,NON-COLLISION OBJECT COLLISION,SINGLE VEHICLE,STRAIGHT & HILLCREST,DAYLIGHT,,,44370.3898,FALSE,2290,Accepted,5,5,O,,,
28287361,0050000,BARREN COUNTY SHERIFF DEPT.,Accepted,BARREN,,1680,LOVE KNOB,RD,,,,,,,,37.02441633,-85.76134584,1.604,6/11/2021,2112,1,1,0,0,CLEAR,DRY,FALSE,OTHER ROADWAY OR MID-BLOCK COLLISION,SINGLE VEHICLE,STRAIGHT & LEVEL,DARK-HWY NOT LIGHTED,,,44370.47528,FALSE,181,Accepted,5,5,O,,MISJUDGE CLEARANCE,
28287363,0050000,BARREN COUNTY SHERIFF DEPT.,Accepted,BARREN,LN9008,,LN9008 W,,,,,,,,,37.05311246,-86.10164108,0.687,6/21/2021,1514,1,1,0,0,RAINING,WATER (STANDING OR MOVING),FALSE,RAN OFF ROADWAY (1 VEHICLE WITH/EARTH EMBANKMENT/DITCH),SINGLE VEHICLE,STRAIGHT & LEVEL,DAYLIGHT,,,44370.47537,FALSE,170,Accepted,5,5,O,WATER POOLING,,
28287366,0050000,BARREN COUNTY SHERIFF DEPT.,Accepted,BARREN,US0031E,,JACKSON,HWY,N,KY0070,GRIDERVILLE,,,,,37.11287912,-85.87030261,23.046,6/22/2021,634,3,3,0,2,CLEAR,DRY,FALSE,ANGLE COLLISION - OTHER,ANGLE,STRAIGHT & LEVEL,DAYLIGHT,,,44370.47543,FALSE,170,Accepted,3,3,B,,FAILED TO YIELD RIGHT OF WAY,
28290035,0500000,HART COUNTY SHERIFF DEPARTMENT,Accepted,BARREN,KY0740,,HISEVILLE PARK,RD,,,,,,,,37.16943493,-85.74656944,13.784,6/13/2021,154,1,1,0,1,CLEAR,DRY,FALSE,RAN OFF ROADWAY (1 VEHICLE WITH/EARTH EMBANKMENT/DITCH),SINGLE VEHICLE,STRAIGHT & LEVEL,DARK-HWY NOT LIGHTED,,,44371.12677,FALSE,371,Accepted,5,4,C,,,
28294305,0050100,GLASGOW POLICE DEPARTMENT,Accepted,BARREN,,629,GRANDVIEW,AVE,,,COMMERCIAL,,,,,36.99607413,-85.93191937,0.619,6/20/2021,150,1,1,0,0,CLEAR,DRY,FALSE,OTHER INTERSECTION COLLISIONS,SINGLE VEHICLE,STRAIGHT & LEVEL,DARK-HWY LIGHTED/ON,,,44372.24909,FALSE,2287,Accepted,5,5,O,,"ALCOHOL INVOLVEMENT, NOT UNDER PROPER CONTROL",
28294312,0050100,GLASGOW POLICE DEPARTMENT,Accepted,BARREN,LN9008,,LN9008 E,,,,,,,,,36.98489611,-85.94764331,10.615,6/20/2021,2235,1,1,0,0,CLEAR,DRY,FALSE,COLLISION WITH ANIMAL NON INTERSECTION,SINGLE VEHICLE,STRAIGHT & LEVEL,DARK-HWY NOT LIGHTED,,,44372.2496,FALSE,2287,Accepted,5,5,O,ANIMALS ACTION,,
28294527,0050100,GLASGOW POLICE DEPARTMENT,Accepted,BARREN,KY3600,,GLASGOW OUTER LOOP,,,,,,,,,37.00614558,-85.95738159,2.036,6/24/2021,750,1,1,0,0,CLEAR,DRY,FALSE,COLLISION WITH ANIMAL NON INTERSECTION,SINGLE VEHICLE,STRAIGHT & LEVEL,DAYLIGHT,,,44372.29407,FALSE,2286,Accepted,5,5,O,ANIMALS ACTION,,
28296323,0050000,BARREN COUNTY SHERIFF DEPT.,Accepted,BARREN,KY0252,5779,FINNEY,RD,,,,,,,,36.94304174,-86.04332264,6.237,6/21/2021,1408,1,1,0,1,RAINING,WET,FALSE,RAN OFF ROADWAY (1 VEHICLE WITH/EARTH EMBANKMENT/DITCH),SINGLE VEHICLE,STRAIGHT & LEVEL,DAYLIGHT,,,44372.65014,FALSE,172,Accepted,5,4,C,,"FATIGUE, FELL ASLEEP",
28296335,0050000,BARREN COUNTY SHERIFF DEPT.,Accepted,BARREN,US0068,,NEW BOWLING GREEN,RD,,,,,,,,37.0189331,-86.03709545,5.234,6/25/2021,644,1,1,0,0,CLEAR,DRY,FALSE,COLLISION WITH FIXED OBJECT NON - INTERSECTION - FIRST EVENT COLLISION 09 - 32 EXCLUDING 16,SINGLE VEHICLE,CURVE & LEVEL,DAYLIGHT,,,44372.65096,FALSE,157,Accepted,5,5,O,,,