IncidentID,AgencyORI,AgencyName,IncidentStatusDesc,County,RdwyNumber,Street,RoadwayName,StreetSfx,StreetDir,IntersectionRdwy,IntersectionRdwyName,BetweenStRdwy1,BetweenStRdwyName1,BetweenStRdwy2,BetweenStRdwyName2,Latitude,Longitude,Milepoint,CollisionDate,CollisionTime,UnitsInvolved,MotorVehiclesInvolved,NumberKilled,NumberInjured,Weather,RdwyConditionCode,HitandRun,DirAnalysisCode,MannerofCollision,RdwyCharacter,LightCondition,RampFromRdwyId,RampToRdwyId,AcceptedDate,IsSecondaryCollision,OwnerBadge,IncidentStatus,InjurySeverityCde,KABCO_Code,KABCO,Environmental_Factors,Human_Factors,Vehicular_Factors
28301103,0050100,GLASGOW POLICE DEPARTMENT,Accepted,BARREN,,,CAVALRY,DR,,US0031E,L ROGERS WELLS,,,,,36.98477571,-85.93160958,,6/25/2021,1555,2,2,0,0,CLEAR,DRY,FALSE,OTHER INTERSECTION COLLISIONS,REAR END,STRAIGHT & GRADE,DAYLIGHT,,,44374.32695,FALSE,2285,Accepted,5,5,O,,NOT UNDER PROPER CONTROL,
28301104,0050100,GLASGOW POLICE DEPARTMENT,Accepted,BARREN,KY0090,,HAPPY VALLEY,RD,,,,,SHALIMAR,,ENSMINGER,37.0105173,-85.92345934,9.792,6/24/2021,1735,2,2,0,0,CLEAR,DRY,FALSE,OTHER ROADWAY OR MID-BLOCK COLLISION,REAR END,STRAIGHT & LEVEL,DAYLIGHT,,,44374.327,FALSE,2285,Accepted,5,5,O,,INATTENTION,
28301107,0050100,GLASGOW POLICE DEPARTMENT,Accepted,BARREN,US0031E,,L ROGERS WELLS,BLVD,N,,ROGERS,,,,,37.00385667,-85.92560607,14.337,6/25/2021,1936,2,2,0,0,CLEAR,DRY,FALSE,ANGLE COLLISION - OTHER,ANGLE,STRAIGHT & LEVEL,DAYLIGHT,,,44374.32719,FALSE,2277,Accepted,5,5,O,,FAILED TO YIELD RIGHT OF WAY,
28302839,0050100,GLASGOW POLICE DEPARTMENT,Accepted,BARREN,US0031EX,,PUBLIC,SQ,N,,,US0031EX,US31E BUS TURN LANE,US0031EX,US31E BUS TURN LANE,36.99611544,-85.91242497,1.492,6/17/2021,908,2,2,0,0,CLEAR,DRY,FALSE,VEHICLE BACKING NON INTERSECTION,BACKING,STRAIGHT & LEVEL,DAYLIGHT,,,44374.87192,FALSE,50,Accepted,5,5,O,,INATTENTION,
28302840,0050100,GLASGOW POLICE DEPARTMENT,Accepted,BARREN,US0031E,,L ROGERS WELLS,BLVD,N,,ROGERS,,,,,37.00376421,-85.92552566,14.341,6/24/2021,1014,2,2,0,0,CLEAR,DRY,FALSE,OPPOSING LEFT TURN,OPPOSING LEFT TURN,STRAIGHT & LEVEL,DAYLIGHT,,,44374.87196,FALSE,50,Accepted,5,5,O,,INATTENTION,
28303727,0050100,GLASGOW POLICE DEPARTMENT,Accepted,BARREN,,,HUMBLE,AVE,,,,,MCKENNA,,BRYAN,36.99378673,-85.90181012,0.168,6/14/2021,827,1,1,0,0,CLEAR,DRY,FALSE,COLLISION WITH NON-FIXED OBJECT ,SINGLE VEHICLE,STRAIGHT & LEVEL,DAYLIGHT,,,44375.12756,FALSE,2237,Accepted,5,5,O,,"NOT UNDER PROPER CONTROL, OTHER",
28306155,0050000,BARREN COUNTY SHERIFF DEPT.,Accepted,BARREN,KY2189,2860,PARK CITY GLASGOW,RD,,,,,,,,37.05036755,-86.01116528,2.795,6/16/2021,1600,1,1,1,0,CLEAR,DRY,FALSE,OTHER COLLISIONS ON SHOULDER,SINGLE VEHICLE,CURVE & LEVEL,DAYLIGHT,,,44375.59893,FALSE,163,Accepted,5,1,K,,"ALCOHOL INVOLVEMENT, OVERCORRECTING/OVERSTEERING",
28307347,0050100,GLASGOW POLICE DEPARTMENT,Accepted,BARREN,,2317,OLD MUNFORDVILLE,RD,,,,,COUNTRY CLUB,,STEEPLECHASE,37.04273343,-85.91849697,0.698,6/27/2021,1251,2,2,0,0,CLEAR,DRY,TRUE,SIDESWIPE COLLISION - OPPOSITE DIRECTION,SIDESWIPE-OPPOSITE DIRECTION,STRAIGHT & GRADE,DAYLIGHT,,,44375.80057,FALSE,2410,Accepted,5,5,O,,,
28308535,0050100,GLASGOW POLICE DEPARTMENT,Accepted,BARREN,KY0063,,COLLEGE,ST,W,,,US0031EX,GREEN,,BROADWAY,36.99325453,-85.91323807,14.554,6/18/2021,1047,2,1,0,0,CLEAR,DRY,FALSE,OTHER ROADWAY OR MID-BLOCK COLLISION,REAR END,STRAIGHT & LEVEL,DAYLIGHT,,,44376.1267,FALSE,2237,Accepted,5,5,O,,OTHER,
28308539,0050100,GLASGOW POLICE DEPARTMENT,Accepted,BARREN,US0031EX,,GREEN,ST,S,,COLLEGE,,,,,36.99333846,-85.91350419,1.269,6/17/2021,1720,2,1,0,0,CLEAR,DRY,FALSE,ANGLE COLLISION - OTHER,ANGLE,STRAIGHT & LEVEL,DAYLIGHT,,,44376.12682,FALSE,2264,Accepted,5,5,O,,"INATTENTION, MISJUDGE CLEARANCE",
28315098,0050000,BARREN COUNTY SHERIFF DEPT.,Accepted,BARREN,US0031E,5624,JACKSON,HWY,N,,,,,,,37.08908038,-85.88063232,21.269,6/24/2021,318,2,2,0,0,CLEAR,DRY,FALSE,SIDESWIPE COLLISION - SAME DIRECTION,SIDESWIPE-SAME DIRECTION,STRAIGHT & LEVEL,DARK-HWY NOT LIGHTED,,,44377.59109,FALSE,173,Accepted,5,5,O,,IMPROPER PASSING,
28315103,0050000,BARREN COUNTY SHERIFF DEPT.,Accepted,BARREN,,511,OLD SCOTTSVILLE LOOP 2,RD,,,,,,,,36.92276095,-86.00013294,0.51,6/29/2021,138,1,1,0,2,CLEAR,DRY,FALSE,COLLISION WITH FIXED OBJECT NON - INTERSECTION - FIRST EVENT COLLISION 09 - 32 EXCLUDING 16,SINGLE VEHICLE,CURVE & GRADE,DARK-HWY NOT LIGHTED,,,44377.59122,FALSE,173,Accepted,5,3,B,,NOT UNDER PROPER CONTROL,HEADLIGHTS DEFECTIVE
28315105,0050000,BARREN COUNTY SHERIFF DEPT.,Accepted,BARREN,,,HAPPY HOLLOW,RD,,,,,,,,36.89012238,-85.85708738,0.176,6/28/2021,2013,2,2,0,0,CLEAR,DRY,FALSE,COLLISION WITH FIXED OBJECT NON - INTERSECTION - FIRST EVENT COLLISION 09 - 32 EXCLUDING 16,SIDESWIPE-OPPOSITE DIRECTION,STRAIGHT & LEVEL,DUSK,,,44377.59128,FALSE,154,Accepted,5,5,O,,FAILED TO YIELD RIGHT OF WAY,
28315112,0050000,BARREN COUNTY SHERIFF DEPT.,Accepted,BARREN,KY0063,,TOMPKINSVILLE,RD,,,,,,,,36.85364016,-85.83828602,3.256,6/1/2021,2111,1,1,0,0,CLOUDY,WET,FALSE,COLLISION WITH FIXED OBJECT NON - INTERSECTION - FIRST EVENT COLLISION 09 - 32 EXCLUDING 16,SINGLE VEHICLE,CURVE & GRADE,DARK-HWY NOT LIGHTED,,,44377.592,FALSE,154,Accepted,5,5,O,SLIPPERY SURFACE,"NOT UNDER PROPER CONTROL, TOO FAST FOR CONDITIONS",
28315113,0050000,BARREN COUNTY SHERIFF DEPT.,Accepted,BARREN,LN9008,,LN9008 E,,,,,,,,,36.99249234,-85.88263195,14.956,6/5/2021,2040,1,1,0,0,CLEAR,DRY,FALSE,COLLISION WITH ANIMAL NON INTERSECTION,SINGLE VEHICLE,STRAIGHT & LEVEL,DARK-HWY LIGHTED/ON,,,44377.59217,FALSE,154,Accepted,5,5,O,ANIMALS ACTION,,
28317519,0050100,GLASGOW POLICE DEPARTMENT,Accepted,BARREN,,,SORENSON,AVE,,,,,GRANDVIEW,KY1297,OLD BOWLING GREEN,36.98868969,-85.93744535,0.038,6/15/2021,1200,2,1,0,0,CLEAR,DRY,FALSE,OTHER ROADWAY OR MID-BLOCK COLLISION,OPPOSING LEFT TURN,STRAIGHT & LEVEL,DAYLIGHT,,,44378.12686,FALSE,2249,Accepted,5,5,O,,INATTENTION,
28319419,KSP0300,"KY STATE POLICE, POST 03",Accepted,BARREN,KY0090,,HAPPY VALLEY,ST,,,,,,,,37.12954797,-85.96489081,0.674,6/28/2021,747,3,3,0,6,CLEAR,DRY,FALSE,REAR END IN TRAFFIC LANES BOTH VEHICLES MOVING,REAR END,STRAIGHT & GRADE,DAYLIGHT,,,44378.59277,FALSE,767,Accepted,5,4,C,,"INATTENTION, NOT UNDER PROPER CONTROL",
28322084,0050000,BARREN COUNTY SHERIFF DEPT.,Accepted,BARREN,US0031E,,SCOTTSVILLE,RD,,,,,,,,36.9494559,-85.96836027,9.733,6/28/2021,1412,2,2,0,0,CLEAR,DRY,FALSE,REAR END IN TRAFFIC LANES BOTH VEHICLES MOVING,REAR END,STRAIGHT & LEVEL,DAYLIGHT,,,44379.38529,FALSE,170,Accepted,5,5,O,GLARE (SUN),INATTENTION,
28324044,0050100,GLASGOW POLICE DEPARTMENT,Accepted,BARREN,,100,MALLORY,DR,,,,,,,,36.98476478,-85.9321357,0.216,7/2/2021,1340,2,2,0,0,CLEAR,DRY,FALSE,VEHICLE BACKING NON INTERSECTION,BACKING,CURVE & LEVEL,DAYLIGHT,,,44379.82677,FALSE,2240,Accepted,5,5,O,,INATTENTION,
28328608,0050100,GLASGOW POLICE DEPARTMENT,Accepted,BARREN,US0031E,,SCOTTSVILLE,RD,,,,,FORK,KY2207,FORK,36.97403409,-85.93868228,12.101,6/29/2021,1445,2,2,0,0,CLEAR,DRY,FALSE,REAR END IN TRAFFIC LANES BOTH VEHICLES MOVING,REAR END,STRAIGHT & LEVEL,DAYLIGHT,,,44381.67639,FALSE,2273,Accepted,5,5,O,,DISTRACTION,
28335490,0050000,BARREN COUNTY SHERIFF DEPT.,Accepted,BARREN,KY0740,,CORAL HILL,RD,,,,,,,,37.07268919,-85.83672611,5.032,7/1/2021,1545,1,1,0,1,RAINING,WET,FALSE,RAN OFF ROADWAY (1 VEHICLE WITH/EARTH EMBANKMENT/DITCH),SINGLE VEHICLE,STRAIGHT & GRADE,DAYLIGHT,,,44383.45322,FALSE,178,Accepted,3,3,B,SLIPPERY SURFACE,INATTENTION,
28335494,0050000,BARREN COUNTY SHERIFF DEPT.,Accepted,BARREN,LN9008,,LN9008 W,,,,,,,,,36.99189661,-85.88415697,14.855,7/2/2021,2206,1,1,0,0,CLEAR,DRY,FALSE,COLLISION WITH ANIMAL NON INTERSECTION,SINGLE VEHICLE,STRAIGHT & LEVEL,DARK-HWY NOT LIGHTED,,,44383.45333,FALSE,173,Accepted,5,5,O,ANIMALS ACTION,,
28335496,0050000,BARREN COUNTY SHERIFF DEPT.,Accepted,BARREN,KY0090,1485,BURKESVILLE,RD,,,,,,,,36.97763942,-85.89019772,11.626,6/25/2021,1722,1,1,0,0,CLEAR,DRY,FALSE,OTHER ROADWAY OR MID-BLOCK COLLISION,SINGLE VEHICLE,STRAIGHT & LEVEL,DAYLIGHT,,,44383.45341,FALSE,181,Accepted,5,5,O,,MISJUDGE CLEARANCE,
28335499,0050000,BARREN COUNTY SHERIFF DEPT.,Accepted,BARREN,,,OAK HILL SCHOOL,RD,,,,,,,,37.01913139,-86.03272925,0.009,7/2/2021,1245,1,1,0,0,CLEAR,DRY,FALSE,COLLISION WITH FIXED OBJECT NON - INTERSECTION - FIRST EVENT COLLISION 09 - 32 EXCLUDING 16,SINGLE VEHICLE,STRAIGHT & LEVEL,DAYLIGHT,,,44383.4535,FALSE,170,Accepted,5,5,O,,FAILED TO YIELD RIGHT OF WAY,
28335501,0050000,BARREN COUNTY SHERIFF DEPT.,Accepted,BARREN,KY1324,,TEMPLE HILL,RD,,,,,,,,36.86893133,-85.81234636,4.538,7/1/2021,49,2,2,0,0,CLEAR,DRY,FALSE,REAR END IN TRAFFIC LANES BOTH VEHICLES MOVING,REAR END,STRAIGHT & HILLCREST,DARK-HWY NOT LIGHTED,,,44383.45359,FALSE,174,Accepted,5,5,O,,INATTENTION,OTHER
28335503,0050000,BARREN COUNTY SHERIFF DEPT.,Accepted,BARREN,KY0090,,BURKESVILLE,RD,,,,,,,,36.96200091,-85.8743357,13.029,7/6/2021,716,1,1,0,0,CLEAR,DRY,FALSE,COLLISION WITH ANIMAL NON INTERSECTION,SINGLE VEHICLE,STRAIGHT & GRADE,DAYLIGHT,,,44383.45403,FALSE,170,Accepted,5,5,O,ANIMALS ACTION,,
28337669,0050100,GLASGOW POLICE DEPARTMENT,Accepted,BARREN,,,SORENSON,AVE,,,,,GRANDVIEW,KY1297,OLD BOWLING GREEN,36.98881335,-85.93745708,0.047,7/2/2021,1110,3,3,0,0,CLEAR,DRY,FALSE,REAR END IN TRAFFIC LANES BOTH VEHICLES MOVING,REAR END,STRAIGHT & LEVEL,DAYLIGHT,,,44383.82523,FALSE,2410,Accepted,5,5,O,,INATTENTION,
28337670,0050100,GLASGOW POLICE DEPARTMENT,Accepted,BARREN,US0031EX,,US31E BUS TURN LANE,,,,,US0031EX,PUBLIC,US0031EX,PUBLIC,36.99585181,-85.91205294,0.017,7/2/2021,1549,2,2,0,0,CLEAR,DRY,FALSE,REAR END IN TRAFFIC LANES BOTH VEHICLES MOVING,REAR END,STRAIGHT & LEVEL,DAYLIGHT,,,44383.82528,FALSE,2410,Accepted,5,5,O,,INATTENTION,
28337671,0050100,GLASGOW POLICE DEPARTMENT,Accepted,BARREN,US0031EX,,GREEN,ST,S,,,KY0249,BUNCHE,,LESLIE,36.99022652,-85.91630576,1,7/6/2021,1537,2,2,0,0,CLEAR,DRY,FALSE,1 VEHICLE ENTERING/LEAVING ENTRANCE,ANGLE,STRAIGHT & LEVEL,DAYLIGHT,,,44383.82532,FALSE,2268,Accepted,5,5,O,,"FAILED TO KEEP PROPER LANE, INATTENTION",
28338811,0050100,GLASGOW POLICE DEPARTMENT,Accepted,BARREN,US0068X,,COLUMBIA,AVE,,,,,SCOTTISH,,LOVE,37.00406229,-85.89441082,3.707,6/14/2021,2106,2,2,0,1,CLEAR,DRY,FALSE,REAR END IN TRAFFIC LANES BOTH VEHICLES MOVING,REAR END,STRAIGHT & LEVEL,DARK-HWY LIGHTED/ON,,,44384.18727,FALSE,2274,Accepted,5,3,B,,INATTENTION,
28338816,0050100,GLASGOW POLICE DEPARTMENT,Accepted,BARREN,KY1297,,OLD BOWLING GREEN,RD,,,EMBARK,,,,,36.98815726,-85.93728217,12.509,6/23/2021,1939,2,2,0,0,CLEAR,DRY,FALSE,ANGLE COLLISION - OTHER,ANGLE,STRAIGHT & LEVEL,DAYLIGHT,,,44384.18741,FALSE,2274,Accepted,5,5,O,,INATTENTION,
28338832,0050100,GLASGOW POLICE DEPARTMENT,Accepted,BARREN,,,CHERRY,ST,W,,,,MYRTLE,,WALL,37.00690141,-85.92012156,0.179,7/1/2021,1845,1,1,0,0,RAINING,WET,FALSE,COLLISION WITH FIXED OBJECT NON - INTERSECTION - FIRST EVENT COLLISION 09 - 32 EXCLUDING 16,SINGLE VEHICLE,STRAIGHT & LEVEL,DAYLIGHT,,,44384.18825,FALSE,2270,Accepted,5,5,O,,"DRUG INVOLVEMENT, NOT UNDER PROPER CONTROL, OVERCORRECTING/OVERSTEERING",
28340771,0050000,BARREN COUNTY SHERIFF DEPT.,Accepted,BARREN,KY1297,6200,OLD BOWLING GREEN,RD,,,,,,,,36.98466857,-86.04807605,5.938,7/5/2021,1740,1,1,0,0,CLEAR,DRY,FALSE,RAN OFF ROADWAY (1 VEHICLE WITH/EARTH EMBANKMENT/DITCH),SINGLE VEHICLE,CURVE & GRADE,DAYLIGHT,,,44384.60893,FALSE,178,Accepted,5,5,O,,INATTENTION,
28340774,0050000,BARREN COUNTY SHERIFF DEPT.,Accepted,BARREN,,1968,WOODS STORE ETOILE,RD,,,,,,,,36.88339082,-85.89187454,2.654,7/5/2021,1737,2,2,0,1,CLEAR,DRY,FALSE,1 VEHICLE PARKED POSITION (NOT PARKING LOT/DRIVEWAY),ANGLE,STRAIGHT & LEVEL,DAYLIGHT,,,44384.60913,FALSE,181,Accepted,5,4,C,,"NOT UNDER PROPER CONTROL, OVERCORRECTING/OVERSTEERING",
28340775,0050000,BARREN COUNTY SHERIFF DEPT.,Accepted,BARREN,US0031E,,JACKSON,HWY,N,,,,,,,37.04717857,-85.89886126,18.051,7/6/2021,400,1,1,0,0,CLEAR,DRY,FALSE,RAN OFF ROADWAY (1 VEHICLE WITH/EARTH EMBANKMENT/DITCH),SINGLE VEHICLE,STRAIGHT & LEVEL,DARK (UNKNOWN ROADWAY LIGHTING),,,44384.60923,FALSE,181,Accepted,5,5,O,,,TIRE FAILURE
28340985,0050100,GLASGOW POLICE DEPARTMENT,Accepted,BARREN,,,CHILDRESS,RD,,,VILLAGE,,,,,36.99014797,-85.94867512,0.063,6/23/2021,1503,2,2,0,0,CLEAR,DRY,FALSE,HEAD-ON COLLISION,HEAD ON,STRAIGHT & LEVEL,DAYLIGHT,,,44384.63778,FALSE,2289,Accepted,5,5,O,,FAILED TO KEEP PROPER LANE,
28341839,0050100,GLASGOW POLICE DEPARTMENT,Accepted,BARREN,,,INDUSTRIAL,DR,,,YATES,,,,,37.00060466,-85.94016565,0.556,7/6/2021,1218,1,1,0,0,CLEAR,DRY,FALSE,COLLISION WITH FIXED OBJECT IN INTERSECTION - FIRST EVENT COLLISION 09 - 32,SINGLE VEHICLE,STRAIGHT & LEVEL,DAYLIGHT,,,44384.79911,FALSE,2410,Accepted,5,5,O,,CELL PHONE,
28344374,0050200,CAVE CITY POLICE DEPARTMENT,Accepted,BARREN,,,RYLAN,WAY,,,,,,,,37.1209609,-85.96459992,,6/18/2021,2119,2,2,0,1,CLEAR,DRY,FALSE,COLLISION WITH PEDESTRIAN NON - INTERSECTION,REAR END,STRAIGHT & LEVEL,DARK-HWY LIGHTED/ON,,,44385.45461,FALSE,607,Accepted,5,4,C,,INATTENTION,
28344377,0050200,CAVE CITY POLICE DEPARTMENT,Accepted,BARREN,,,OWENS,ST,,,,,,,,37.13528113,-85.95156751,0.466,6/28/2021,1744,1,1,0,0,CLEAR,DRY,FALSE,COLLISION WITH FIXED OBJECT NON - INTERSECTION - FIRST EVENT COLLISION 09 - 32 EXCLUDING 16,SINGLE VEHICLE,STRAIGHT & GRADE,DAYLIGHT,,,44385.45471,FALSE,605,Accepted,5,5,O,,LOST CONSCIOUSNESS/FAINTED,
28344379,0050200,CAVE CITY POLICE DEPARTMENT,Accepted,BARREN,KY0070,804,MAMMOTH CAVE,ST,,,,,,,,37.13747562,-85.97345471,5.535,6/25/2021,1054,2,2,0,0,CLOUDY,DRY,FALSE,REAR END IN TRAFFIC LANES BOTH VEHICLES MOVING,REAR END,STRAIGHT & LEVEL,DAYLIGHT,,,44385.45477,FALSE,609,Accepted,5,5,O,,INATTENTION,
28344383,0050200,CAVE CITY POLICE DEPARTMENT,Accepted,BARREN,,,SANDERS,ST,,,,,,,,37.13390986,-85.97206348,0.002,7/2/2021,1648,2,2,0,0,CLEAR,DRY,FALSE,OTHER ROADWAY OR MID-BLOCK COLLISION,REAR END,STRAIGHT & GRADE,DAYLIGHT,,,44385.4549,FALSE,610,Accepted,5,5,O,,,BRAKES DEFECTIVE
28344387,0050200,CAVE CITY POLICE DEPARTMENT,Accepted,BARREN,US0031W,,LOUISVILLE,RD,,KY0090,HAPPY VALLEY,,,,,37.1279938,-85.96325507,6.754,7/6/2021,1648,2,2,0,0,CLEAR,DRY,FALSE,OTHER INTERSECTION COLLISIONS,REAR END,STRAIGHT & LEVEL,DAYLIGHT,,,44385.45502,FALSE,610,Accepted,5,5,O,,INATTENTION,
28344389,0050200,CAVE CITY POLICE DEPARTMENT,Accepted,BARREN,US0031W,908,DIXIE,HWY,S,,,,,,,37.12852782,-85.96253806,6.807,7/3/2021,1206,2,2,0,0,CLEAR,DRY,FALSE,COLLISION WITH FIXED OBJECT NON - INTERSECTION - FIRST EVENT COLLISION 09 - 32 EXCLUDING 16,REAR END,STRAIGHT & LEVEL,DAYLIGHT,,,44385.45508,FALSE,608,Accepted,5,5,O,,FOLLOWING TOO CLOSE,
28344659,0050000,BARREN COUNTY SHERIFF DEPT.,Accepted,BARREN,,,MILLSTOWN,RD,,,,,,,,37.0342263,-86.09248314,0.812,7/7/2021,1704,2,2,0,0,CLEAR,DRY,FALSE,1 VEHICLE ENTERING/LEAVING ENTRANCE,ANGLE,STRAIGHT & GRADE,DAYLIGHT,,,44385.49896,FALSE,164,Accepted,5,5,O,,"FAILED TO KEEP PROPER LANE, NOT UNDER PROPER CONTROL",STEERING FAILURE
28346292,0050100,GLASGOW POLICE DEPARTMENT,Accepted,BARREN,KY0063,,COLLEGE,ST,E,,MORGAN,,,,,36.99187042,-85.91024115,14.361,7/4/2021,1305,2,2,0,0,CLEAR,DRY,FALSE,ANGLE COLLISION - OTHER,ANGLE,STRAIGHT & LEVEL,DAYLIGHT,,,44385.78973,FALSE,2286,Accepted,5,5,O,,INATTENTION,
28347498,0050100,GLASGOW POLICE DEPARTMENT,Accepted,BARREN,US0031E,,L ROGERS WELLS,BLVD,S,,CAVALRY,,,,,36.9847706,-85.93161522,12.98,6/26/2021,1625,2,1,0,0,CLEAR,DRY,FALSE,OTHER INTERSECTION COLLISIONS,REAR END,STRAIGHT & LEVEL,DAYLIGHT,,,44386.12706,FALSE,2264,Accepted,5,5,O,,INATTENTION,
28348390,0050000,BARREN COUNTY SHERIFF DEPT.,Accepted,BARREN,,,DRIPPING SPRINGS,RD,,,,KY2189,PARK CITY GLASGOW,,KINSLOW NO 2,37.03371946,-85.98399821,4.54,7/6/2021,850,2,2,0,0,CLEAR,DRY,FALSE,SIDESWIPE COLLISION - OPPOSITE DIRECTION,SIDESWIPE-OPPOSITE DIRECTION,STRAIGHT & LEVEL,DAYLIGHT,,,44386.37984,FALSE,172,Accepted,5,5,O,,INATTENTION,
28348391,0050000,BARREN COUNTY SHERIFF DEPT.,Accepted,BARREN,KY0090,,HAPPY VALLEY,RD,,,,KY0685,WILSON,,PADDOCK,37.09425247,-85.97327624,3.328,7/9/2021,514,1,1,0,0,CLEAR,DRY,FALSE,COLLISION WITH ANIMAL NON INTERSECTION,SINGLE VEHICLE,STRAIGHT & LEVEL,DAYLIGHT,,,44386.37989,FALSE,172,Accepted,5,5,O,ANIMALS ACTION,,
28350722,0050100,GLASGOW POLICE DEPARTMENT,Accepted,BARREN,KY0249,,ROSEVILLE,RD,,,TROJAN,,,,,36.98205749,-85.91340857,15.57,7/8/2021,1448,2,2,0,1,CLEAR,DRY,FALSE,OPPOSING LEFT TURN,OPPOSING LEFT TURN,STRAIGHT & LEVEL,DAYLIGHT,,,44386.80918,FALSE,2273,Accepted,5,4,C,,MISJUDGE CLEARANCE,
28350723,0050100,GLASGOW POLICE DEPARTMENT,Accepted,BARREN,US0031EX,,PUBLIC,SQ,N,,,US0031EX,US31E BUS TURN LANE,US0031EX,US31E BUS TURN LANE,36.99607287,-85.91232861,1.487,7/8/2021,1421,2,2,0,0,CLEAR,DRY,FALSE,OTHER ROADWAY OR MID-BLOCK COLLISION,REAR END,CURVE & LEVEL,DAYLIGHT,,,44386.80923,FALSE,2273,Accepted,5,5,O,,OTHER,
28351973,0050100,GLASGOW POLICE DEPARTMENT,Accepted,BARREN,,,SUNSET,AVE,,,,US0031EX,GREEN,,CLEVELAND,36.98874586,-85.92183214,0.117,6/24/2021,1532,1,1,0,0,CLEAR,DRY,FALSE,COLLISION WITH FIXED OBJECT NON - INTERSECTION - FIRST EVENT COLLISION 09 - 32 EXCLUDING 16,SINGLE VEHICLE,STRAIGHT & LEVEL,DAYLIGHT,,,44387.12643,FALSE,48,Accepted,5,5,O,,INATTENTION,
28354361,0050100,GLASGOW POLICE DEPARTMENT,Accepted,BARREN,US0068X,,COLUMBIA,AVE,,,,,BRYAN,,EASTVIEW,36.99910389,-85.90367803,3.096,6/30/2021,1632,1,1,0,1,CLEAR,DRY,FALSE,COLLISION WITH FIXED OBJECT NON - INTERSECTION - FIRST EVENT COLLISION 09 - 32 EXCLUDING 16,SINGLE VEHICLE,CURVE & GRADE,DAYLIGHT,,,44388.12772,FALSE,2249,Accepted,5,4,C,,INATTENTION,
28355943,0050100,GLASGOW POLICE DEPARTMENT,Accepted,BARREN,US0031E,,L ROGERS WELLS,BLVD,S,,,,COMMERCIAL AVE CONN,,CROSS,36.999317,-85.92775457,14.056,7/10/2021,1536,2,2,0,2,RAINING,WET,FALSE,HEAD-ON COLLISION,HEAD ON,STRAIGHT & LEVEL,DAYLIGHT,,,44388.8072,FALSE,2410,Accepted,5,3,B,,"FAILED TO YIELD RIGHT OF WAY, INATTENTION",
28362548,0050000,BARREN COUNTY SHERIFF DEPT.,Accepted,BARREN,KY2198,434,LICK BRANCH,RD,,,,,,,,36.96454226,-85.86289335,0.656,6/19/2021,1348,1,1,0,2,CLEAR,DRY,FALSE,RAN OFF ROADWAY (1 VEHICLE WITH/EARTH EMBANKMENT/DITCH),SINGLE VEHICLE,CURVE & GRADE,DAYLIGHT,,,44390.40117,FALSE,125,Accepted,3,3,B,,DISTRACTION,
28362551,0050000,BARREN COUNTY SHERIFF DEPT.,Accepted,BARREN,US0031E,,SCOTTSVILLE,RD,,,DUNEDIN,,,,,36.90973625,-86.00078883,6.288,6/29/2021,1119,2,2,0,0,CLEAR,DRY,FALSE,ANGLE COLLISION - OTHER,ANGLE,CURVE & GRADE,DAYLIGHT,,,44390.40145,FALSE,125,Accepted,5,5,O,,INATTENTION,
28362552,0050000,BARREN COUNTY SHERIFF DEPT.,Accepted,BARREN,KY2240,1468,MERRY OAKS RAILTON,RD,,,,,,,,37.00733243,-86.11323283,1.893,7/3/2021,1102,2,2,0,0,CLEAR,DRY,FALSE,SIDESWIPE COLLISION - OPPOSITE DIRECTION,SIDESWIPE-OPPOSITE DIRECTION,CURVE & GRADE,DAYLIGHT,,,44390.40198,FALSE,125,Accepted,5,5,O,,MISJUDGE CLEARANCE,
28362555,0050000,BARREN COUNTY SHERIFF DEPT.,Accepted,BARREN,KY0090,,HAPPY VALLEY,RD,,,HARRY KING,,,,,37.05634673,-85.95365671,6.167,7/3/2021,1510,1,1,0,0,CLEAR,DRY,FALSE,OTHER INTERSECTION COLLISIONS,SINGLE VEHICLE,STRAIGHT & LEVEL,DAYLIGHT,,,44390.40215,FALSE,125,Accepted,5,5,O,DEBRIS IN ROADWAY,,
28362556,0050000,BARREN COUNTY SHERIFF DEPT.,Accepted,BARREN,KY0090,,HAPPY VALLEY,RD,,,HARRY KING,,,,,37.05634673,-85.95365671,6.167,7/3/2021,1510,1,1,0,0,CLEAR,DRY,FALSE,OTHER INTERSECTION COLLISIONS,SINGLE VEHICLE,STRAIGHT & LEVEL,DAYLIGHT,,,44390.40226,FALSE,125,Accepted,5,5,O,DEBRIS IN ROADWAY,,
28362560,0050000,BARREN COUNTY SHERIFF DEPT.,Accepted,BARREN,US0031E,,SCOTTSVILLE,RD,,,,,KATYBETH,,OLD SCOTTSVILLE LOOP 1,36.93859346,-85.98278703,8.64,7/6/2021,1549,2,2,0,1,CLEAR,DRY,FALSE,REAR END IN TRAFFIC LANES BOTH VEHICLES MOVING,REAR END,STRAIGHT & LEVEL,DAYLIGHT,,,44390.40258,FALSE,125,Accepted,5,3,B,,DISTRACTION,
28362563,0050000,BARREN COUNTY SHERIFF DEPT.,Accepted,BARREN,,355,NEEDMORE SCHOOL,RD,,,,,,,,36.93160217,-86.00202861,0.459,7/7/2021,1357,1,1,0,0,RAINING,WET,FALSE,COLLISION WITH FIXED OBJECT NON - INTERSECTION - FIRST EVENT COLLISION 09 - 32 EXCLUDING 16,SINGLE VEHICLE,CURVE & GRADE,DAYLIGHT,,,44390.40266,FALSE,125,Accepted,5,5,O,SLIPPERY SURFACE,,