IncidentID,AgencyORI,AgencyName,IncidentStatusDesc,County,RdwyNumber,Street,RoadwayName,StreetSfx,StreetDir,IntersectionRdwy,IntersectionRdwyName,BetweenStRdwy1,BetweenStRdwyName1,BetweenStRdwy2,BetweenStRdwyName2,Latitude,Longitude,Milepoint,CollisionDate,CollisionTime,UnitsInvolved,MotorVehiclesInvolved,NumberKilled,NumberInjured,Weather,RdwyConditionCode,HitandRun,DirAnalysisCode,MannerofCollision,RdwyCharacter,LightCondition,RampFromRdwyId,RampToRdwyId,AcceptedDate,IsSecondaryCollision,OwnerBadge,IncidentStatus,InjurySeverityCde,KABCO_Code,KABCO,Environmental_Factors,Human_Factors,Vehicular_Factors
28362564,0050000,BARREN COUNTY SHERIFF DEPT.,Accepted,BARREN,US0068,,NEW BOWLING GREEN,RD,,KY0255,PARK CITY BON AYR,,,,,37.02318403,-86.05910647,3.971,7/9/2021,1651,2,2,0,0,CLEAR,DRY,FALSE,ANGLE COLLISION - OTHER,ANGLE,STRAIGHT & LEVEL,DAYLIGHT,,,44390.40275,FALSE,181,Accepted,5,5,O,,"DISTRACTION, INATTENTION",
28362565,0050000,BARREN COUNTY SHERIFF DEPT.,Accepted,BARREN,KY1297,,OLD BOWLING GREEN,RD,,,,,,,,36.98061186,-86.10839944,2.434,7/7/2021,1844,2,2,0,0,CLEAR,DRY,FALSE,REAR END IN TRAFFIC LANES BOTH VEHICLES MOVING,REAR END,STRAIGHT & LEVEL,DAYLIGHT,,,44390.40287,FALSE,174,Accepted,5,5,O,,INATTENTION,
28362566,0050000,BARREN COUNTY SHERIFF DEPT.,Accepted,BARREN,LN9008,,LN9008 W,,,,,,,,,37.03275008,-86.05307431,3.779,7/10/2021,1608,1,1,0,0,RAINING,WET,FALSE,OTHER ROADWAY OR MID-BLOCK COLLISION,SINGLE VEHICLE,STRAIGHT & LEVEL,DAYLIGHT,,,44390.40306,FALSE,181,Accepted,5,5,O,"SLIPPERY SURFACE, WATER POOLING",,
28370745,0050000,BARREN COUNTY SHERIFF DEPT.,Accepted,BARREN,KY0090,,BURKESVILLE,RD,,,,,PENNY,,ADAM MCCREARY,36.96117045,-85.87251603,13.145,7/13/2021,1545,1,1,0,1,RAINING,WET,FALSE,OTHER COLLISIONS ON SHOULDER,SINGLE VEHICLE,STRAIGHT & LEVEL,DAYLIGHT,,,44392.35957,FALSE,181,Accepted,4,4,C,SLIPPERY SURFACE,NOT UNDER PROPER CONTROL,
28370747,0050000,BARREN COUNTY SHERIFF DEPT.,Accepted,BARREN,,,OLD MUNFORDVILLE,RD,,,,,,,,37.1431416,-85.90491079,6.818,7/13/2021,1653,2,2,0,1,CLOUDY,WET,FALSE,SIDESWIPE COLLISION - OPPOSITE DIRECTION,SIDESWIPE-OPPOSITE DIRECTION,CURVE & LEVEL,DAYLIGHT,,,44392.35965,FALSE,181,Accepted,5,3,B,,"DISTRACTION, NOT UNDER PROPER CONTROL",
28370748,0050000,BARREN COUNTY SHERIFF DEPT.,Accepted,BARREN,KY2195,,OLD LEXINGTON,RD,,,HILLVIEW,,,,,37.13377732,-85.91685392,1.827,7/13/2021,1755,2,2,0,0,CLOUDY,WET,FALSE,ANGLE COLLISION - OTHER,ANGLE,STRAIGHT & LEVEL,DAYLIGHT,,,44392.35971,FALSE,181,Accepted,5,5,O,,INATTENTION,
28370751,0050000,BARREN COUNTY SHERIFF DEPT.,Accepted,BARREN,KY0685,,BECKTON,RD,,,,,,,,36.98479001,-86.03616735,0.043,7/14/2021,926,1,1,0,0,CLOUDY,DRY,FALSE,RAN OFF ROADWAY (1 VEHICLE WITH/EARTH EMBANKMENT/DITCH),SINGLE VEHICLE,STRAIGHT & LEVEL,DAYLIGHT,,,44392.35984,FALSE,146,Accepted,5,5,O,,DISTRACTION,
28370753,0050000,BARREN COUNTY SHERIFF DEPT.,Accepted,BARREN,LN9008,,CUMBERLAND PARKWAY,,,,,,,,,36.99178382,-85.98079993,0.373,7/14/2021,1250,2,2,0,0,CLEAR,DRY,FALSE,OTHER RAMP RELATED COLLISIONS NOT LISTED ABOVE,ANGLE,STRAIGHT & LEVEL,DAYLIGHT,LN9008,KY3600,44392.35993,FALSE,178,Accepted,5,5,O,,INATTENTION,
28370969,0050100,GLASGOW POLICE DEPARTMENT,Accepted,BARREN,,,REYNOLDS,RD,,,,,YMCA,,COMMERCE,37.01397177,-85.93065842,0.522,6/23/2021,1132,2,2,0,0,CLEAR,DRY,FALSE,1 VEHICLE ENTERING/LEAVING ENTRANCE,ANGLE,STRAIGHT & LEVEL,DAYLIGHT,,,44392.4013,FALSE,2242,Accepted,5,5,O,OTHER,INATTENTION,
28370970,0050100,GLASGOW POLICE DEPARTMENT,Accepted,BARREN,US0031EX,,PUBLIC,SQ,N,,,,,,,36.99608826,-85.91239468,1.49,6/28/2021,900,2,2,0,0,CLEAR,DRY,FALSE,VEHICLE BACKING NON INTERSECTION,BACKING,STRAIGHT & LEVEL,DAYLIGHT,,,44392.40138,FALSE,2242,Accepted,5,5,O,,INATTENTION,
28370971,0050100,GLASGOW POLICE DEPARTMENT,Accepted,BARREN,LN9008,,,,,,,,,,,36.98243611,-85.89399795,0.329,7/9/2021,1545,2,2,0,0,CLOUDY,DRY,FALSE,OTHER RAMP RELATED COLLISIONS NOT LISTED ABOVE,REAR END,STRAIGHT & GRADE,DAYLIGHT,LN9008,KY0090,44392.40143,FALSE,2240,Accepted,5,5,O,,INATTENTION,
28370973,0050100,GLASGOW POLICE DEPARTMENT,Accepted,BARREN,US0031E,,JACKSON,HWY,N,US0031EX,RACE,,,,,37.01807315,-85.9071368,15.864,7/10/2021,1435,2,2,0,0,RAINING,WET,FALSE,OTHER INTERSECTION COLLISIONS,REAR END,STRAIGHT & GRADE,DAYLIGHT,,,44392.40158,FALSE,2240,Accepted,5,5,O,"SLIPPERY SURFACE, WATER POOLING",MISJUDGE CLEARANCE,
28370974,0050100,GLASGOW POLICE DEPARTMENT,Accepted,BARREN,,,OLD MUNFORDVILLE,RD,,,,,COUNTRY CLUB,,OLD MUNFORDVILLE RD CONN,37.04089954,-85.91851532,0.564,7/10/2021,1627,2,2,0,0,RAINING,WET,FALSE,1 VEHICLE ENTERING/LEAVING ENTRANCE,ANGLE,CURVE & GRADE,DAYLIGHT,,,44392.40167,FALSE,2240,Accepted,5,5,O,SLIPPERY SURFACE,,
28373118,0050100,GLASGOW POLICE DEPARTMENT,Accepted,BARREN,LN9008,,,,,,,,,,,36.98263949,-85.89416016,0.018,7/10/2021,1510,2,2,0,0,RAINING,WET,FALSE,OTHER RAMP RELATED COLLISIONS NOT LISTED ABOVE,ANGLE,STRAIGHT & GRADE,DAYLIGHT,LN9008,KY0090,44392.83392,FALSE,2240,Accepted,5,5,O,,DRUG INVOLVEMENT,
28375338,0050000,BARREN COUNTY SHERIFF DEPT.,Accepted,BARREN,US0031E,,SCOTTSVILLE,RD,,,,,,,,36.94589831,-85.97314856,9.375,7/15/2021,1507,2,2,0,0,CLEAR,DRY,FALSE,REAR END IN TRAFFIC LANES BOTH VEHICLES MOVING,REAR END,STRAIGHT & LEVEL,DAYLIGHT,,,44393.46537,FALSE,181,Accepted,5,5,O,,INATTENTION,
28380768,0050100,GLASGOW POLICE DEPARTMENT,Accepted,BARREN,US0031E,,JACKSON,HWY,N,,COUNTRY CLUB,,,,,37.03821788,-85.90194856,17.394,7/13/2021,1544,2,2,0,0,RAINING,WET,FALSE,OTHER INTERSECTION COLLISIONS,REAR END,STRAIGHT & LEVEL,DAYLIGHT,,,44395.52063,FALSE,2273,Accepted,5,5,O,SLIPPERY SURFACE,FOLLOWING TOO CLOSE,
28388047,0050100,GLASGOW POLICE DEPARTMENT,Accepted,BARREN,,,FRONT,ST,W,,LIBERTY,,,,,36.99845365,-85.91289532,0.2,7/18/2021,1508,2,2,0,0,CLOUDY,DRY,FALSE,VEHICLE BACKING IN INTERSECTION,BACKING,STRAIGHT & GRADE,DAYLIGHT,,,44397.39851,FALSE,2240,Accepted,5,5,O,VIEW OBSTRUCTED/LIMITED DUE TO RDWY,INATTENTION,
28388048,0050100,GLASGOW POLICE DEPARTMENT,Accepted,BARREN,US0031E,,L ROGERS WELLS,BLVD,N,,ROGERS,,,,,37.0037563,-85.92555279,14.34,7/18/2021,1045,2,2,0,0,CLOUDY,DRY,FALSE,ANGLE COLLISION - OTHER,ANGLE,STRAIGHT & LEVEL,DAYLIGHT,,,44397.39856,FALSE,2240,Accepted,5,5,O,,INATTENTION,
28388134,0050200,CAVE CITY POLICE DEPARTMENT,Accepted,BARREN,KY0090,,HAPPY VALLEY,ST,,,,,,,,37.13473941,-85.97475808,0.008,7/11/2021,1459,2,2,0,0,RAINING,WET,FALSE,OTHER ROADWAY OR MID-BLOCK COLLISION,OPPOSING LEFT TURN,STRAIGHT & LEVEL,DAYLIGHT,,,44397.42567,FALSE,607,Accepted,5,5,O,SLIPPERY SURFACE,INATTENTION,
28391822,0050100,GLASGOW POLICE DEPARTMENT,Accepted,BARREN,US0031E,,L ROGERS WELLS,BLVD,S,,COMMERCIAL AVE CONN,,,,,36.99853967,-85.92820419,13.996,7/16/2021,1440,2,2,0,0,CLOUDY,DRY,FALSE,OTHER INTERSECTION COLLISIONS,REAR END,STRAIGHT & LEVEL,DAYLIGHT,,,44398.23891,FALSE,2260,Accepted,5,5,O,,FOLLOWING TOO CLOSE,
28394627,0050100,GLASGOW POLICE DEPARTMENT,Accepted,BARREN,KY0090,717,MAIN,ST,E,,,,HARWOOD,,ELM HILL,36.98901437,-85.90004223,10.669,7/15/2021,1714,1,1,0,1,CLEAR,DRY,FALSE,COLLISION WITH FIXED OBJECT NON - INTERSECTION - FIRST EVENT COLLISION 09 - 32 EXCLUDING 16,SINGLE VEHICLE,STRAIGHT & LEVEL,DAYLIGHT,,,44398.85192,FALSE,2268,Accepted,5,4,C,,"EMOTIONAL, NOT UNDER PROPER CONTROL",
28399614,0050100,GLASGOW POLICE DEPARTMENT,Accepted,BARREN,,126,WATERFORD,LN,,,,,BELFAST,,LAUDERDALE,36.98947902,-85.94794774,0.104,6/17/2021,1500,2,1,0,0,CLEAR,DRY,TRUE,1 VEHICLE PARKED POSITION (NOT PARKING LOT/DRIVEWAY),BACKING,STRAIGHT & LEVEL,DAYLIGHT,,,44400.12699,FALSE,2229,Accepted,5,5,O,IMPROPERLY PARKED VEHICLE(S),MISJUDGE CLEARANCE,
28401742,0050100,GLASGOW POLICE DEPARTMENT,Accepted,BARREN,US0031E,,L ROGERS WELLS,BLVD,N,,ROGERS,,,,,37.00377054,-85.92551746,14.341,7/17/2021,1040,3,3,0,0,CLEAR,DRY,FALSE,ANGLE COLLISION - OTHER,ANGLE,STRAIGHT & LEVEL,DAYLIGHT,,,44400.59625,FALSE,2249,Accepted,5,5,O,,"FAILED TO YIELD RIGHT OF WAY, INATTENTION, MISJUDGE CLEARANCE",
28401744,0050100,GLASGOW POLICE DEPARTMENT,Accepted,BARREN,US0068X,,MAIN,ST,W,,REYNOLDS,,,,,37.00850606,-85.93672237,0.953,7/23/2021,950,2,2,0,0,CLEAR,DRY,FALSE,ANGLE COLLISION - ONE VEHICLE TURNING LEFT,ANGLE,STRAIGHT & LEVEL,DAYLIGHT,,,44400.59631,FALSE,2249,Accepted,5,5,O,,"FAILED TO YIELD RIGHT OF WAY, INATTENTION",OTHER
28408626,0050100,GLASGOW POLICE DEPARTMENT,Accepted,BARREN,US0031E,,SCOTTSVILLE,RD,,,,,PRITCHARDSVILLE,,SOUTH FORK ,36.9762535,-85.93665516,,7/22/2021,2337,1,1,0,1,CLEAR,DRY,FALSE,RAN OFF ROADWAY (1 VEHICLE WITH/EARTH EMBANKMENT/DITCH),SINGLE VEHICLE,STRAIGHT & GRADE,DARK-HWY LIGHTED/ON,,,44402.98604,FALSE,2285,Accepted,5,2,A,,ALCOHOL INVOLVEMENT,
28411633,0050000,BARREN COUNTY SHERIFF DEPT.,Accepted,BARREN,KY0255,,MAMMOTH CAVE,PKWY,,,,,,,,37.09701665,-86.05373145,11.804,7/12/2021,1447,2,2,0,0,CLOUDY,DRY,FALSE,VEHICLE BACKING NON INTERSECTION,BACKING,STRAIGHT & GRADE,DAYLIGHT,,,44403.55033,FALSE,157,Accepted,5,5,O,,INATTENTION,
28411640,0050000,BARREN COUNTY SHERIFF DEPT.,Accepted,BARREN,LN9008,,LN9008 E,,,,,,,,,37.050579,-86.09592375,1.075,7/18/2021,211,2,2,0,3,CLEAR,DRY,FALSE,REAR END IN TRAFFIC LANES BOTH VEHICLES MOVING,REAR END,STRAIGHT & LEVEL,DARK-HWY NOT LIGHTED,,,44403.55043,FALSE,173,Accepted,5,4,C,,INATTENTION,
28411643,0050000,BARREN COUNTY SHERIFF DEPT.,Accepted,BARREN,KY0090,,BURKESVILLE,RD,,,,,,,,36.94663359,-85.83947726,15.231,4/29/2021,1941,1,1,0,0,CLEAR,DRY,FALSE,OTHER ROADWAY OR MID-BLOCK COLLISION,SINGLE VEHICLE,STRAIGHT & GRADE,DARK-HWY NOT LIGHTED,,,44403.55047,FALSE,163,Accepted,5,5,O,ANIMALS ACTION,,
28411646,0050000,BARREN COUNTY SHERIFF DEPT.,Accepted,BARREN,KY0255,,MAMMOTH CAVE,PKWY,,,,,,,,37.09500181,-86.0531278,11.65,7/14/2021,1754,2,2,0,0,CLEAR,DRY,FALSE,1 VEHICLE PARKED POSITION (NOT PARKING LOT/DRIVEWAY),BACKING,STRAIGHT & LEVEL,DAYLIGHT,,,44403.55051,FALSE,163,Accepted,5,5,O,,MISJUDGE CLEARANCE,
28411649,0050000,BARREN COUNTY SHERIFF DEPT.,Accepted,BARREN,KY0090,,HAPPY VALLEY,RD,,,,,,,,37.09010102,-85.97197878,3.592,7/17/2021,1512,2,2,0,0,CLEAR,WET,FALSE,REAR END IN TRAFFIC LANES BOTH VEHICLES MOVING,REAR END,STRAIGHT & LEVEL,DAYLIGHT,,,44403.55055,FALSE,157,Accepted,5,5,O,,INATTENTION,
28411652,0050000,BARREN COUNTY SHERIFF DEPT.,Accepted,BARREN,US0068,,NEW BOWLING GREEN,RD,,,,,,,,37.0246002,-86.06624429,3.48,7/20/2021,1830,1,1,0,0,CLEAR,DRY,FALSE,COLLISION WITH ANIMAL NON INTERSECTION,SINGLE VEHICLE,STRAIGHT & LEVEL,DAYLIGHT,,,44403.5506,FALSE,181,Accepted,5,5,O,ANIMALS ACTION,,
28411655,0050000,BARREN COUNTY SHERIFF DEPT.,Accepted,BARREN,KY0090,,BURKESVILLE,RD,,,,,,,,36.92730606,-85.80834174,17.483,7/17/2021,1754,1,1,0,1,RAINING,WET,FALSE,RAN OFF ROADWAY (1 VEHICLE WITH/EARTH EMBANKMENT/DITCH),SINGLE VEHICLE,STRAIGHT & LEVEL,DAYLIGHT,,,44403.55063,FALSE,174,Accepted,4,4,C,WATER POOLING,NOT UNDER PROPER CONTROL,TIRES
28411661,0050000,BARREN COUNTY SHERIFF DEPT.,Accepted,BARREN,LN9008,,LN9008 E,,,,,,,,,36.99491592,-85.7570414,21.947,7/22/2021,658,1,1,0,1,CLEAR,DRY,FALSE,COLLISION WITH ANIMAL NON INTERSECTION,SINGLE VEHICLE,STRAIGHT & LEVEL,DAYLIGHT,,,44403.55069,FALSE,157,Accepted,4,4,C,ANIMALS ACTION,,
28411664,0050000,BARREN COUNTY SHERIFF DEPT.,Accepted,BARREN,KY0090,,BURKESVILLE,RD,,,,,,,,36.9086864,-85.77211473,20.102,7/20/2021,2132,1,1,0,2,CLEAR,DRY,FALSE,RAN OFF ROADWAY (1 VEHICLE WITH/EARTH EMBANKMENT/DITCH),SINGLE VEHICLE,STRAIGHT & LEVEL,DARK-HWY NOT LIGHTED,,,44403.55074,FALSE,174,Accepted,4,4,C,ANIMALS ACTION,NOT UNDER PROPER CONTROL,
28411675,0050000,BARREN COUNTY SHERIFF DEPT.,Accepted,BARREN,KY0063,,TOMPKINSVILLE,RD,,,,,,,,36.90770603,-85.86823048,7.746,7/13/2021,1339,1,1,0,2,RAINING,WET,FALSE,COLLISION WITH FIXED OBJECT NON - INTERSECTION - FIRST EVENT COLLISION 09 - 32 EXCLUDING 16,SINGLE VEHICLE,CURVE & GRADE,DAYLIGHT,,,44403.55095,FALSE,125,Accepted,5,3,B,SLIPPERY SURFACE,,
28411678,0050000,BARREN COUNTY SHERIFF DEPT.,Accepted,BARREN,LN9008,,LN9008 E,,,,,,,,,36.99144875,-85.97453489,9.04,7/13/2021,1300,1,1,0,0,RAINING,WET,FALSE,COLLISION WITH FIXED OBJECT NON - INTERSECTION - FIRST EVENT COLLISION 09 - 32 EXCLUDING 16,SINGLE VEHICLE,CURVE & GRADE,DAYLIGHT,,,44403.55098,FALSE,125,Accepted,5,5,O,SLIPPERY SURFACE,,
28411680,0050000,BARREN COUNTY SHERIFF DEPT.,Accepted,BARREN,KY0087,637,AUSTIN TRACY,RD,,,,,,,,36.84370739,-86.04202789,11.239,7/14/2021,708,2,2,0,0,CLEAR,DRY,FALSE,SIDESWIPE COLLISION - OPPOSITE DIRECTION,SIDESWIPE-OPPOSITE DIRECTION,CURVE & LEVEL,DAYLIGHT,,,44403.55102,FALSE,125,Accepted,5,5,O,,INATTENTION,
28411685,0050000,BARREN COUNTY SHERIFF DEPT.,Accepted,BARREN,KY2131,,CORAL HILL HALFWAY,RD,,,,,,,,37.05586424,-85.83363619,1.039,7/15/2021,1250,1,1,0,0,CLEAR,DRY,FALSE,COLLISION WITH ANIMAL NON INTERSECTION,SINGLE VEHICLE,STRAIGHT & GRADE,DAYLIGHT,,,44403.55107,FALSE,125,Accepted,5,5,O,ANIMALS ACTION,,
28411692,0050000,BARREN COUNTY SHERIFF DEPT.,Accepted,BARREN,KY0087,1393,AUSTIN TRACY,RD,,,,,,,,36.83873795,-86.04439297,10.845,7/20/2021,1904,1,1,0,0,CLEAR,DRY,FALSE,COLLISION WITH FIXED OBJECT NON - INTERSECTION - FIRST EVENT COLLISION 09 - 32 EXCLUDING 16,SINGLE VEHICLE,CURVE & LEVEL,DAYLIGHT,,,44403.55115,FALSE,163,Accepted,5,5,O,ANIMALS ACTION,,
28411694,0050000,BARREN COUNTY SHERIFF DEPT.,Accepted,BARREN,KY0090,1612,BURKESVILLE,RD,,,,,,,,36.97885553,-85.89048017,11.549,7/22/2021,1616,2,2,0,0,CLEAR,DRY,FALSE,1 VEHICLE PARKED POSITION (NOT PARKING LOT/DRIVEWAY),BACKING,STRAIGHT & LEVEL,DAYLIGHT,,,44403.55118,FALSE,163,Accepted,5,5,O,,INATTENTION,
28434219,0050100,GLASGOW POLICE DEPARTMENT,Accepted,BARREN,,,WASHINGTON,ST,E,,BROADWAY,,,,,36.99458767,-85.91132557,0.067,7/23/2021,908,2,2,0,0,CLEAR,DRY,FALSE,ANGLE COLLISION - OTHER,ANGLE,STRAIGHT & HILLCREST,DAYLIGHT,,,44404.54461,FALSE,2286,Accepted,5,5,O,,DISREGARD TRAFFIC CONTROL,
28439957,0050100,GLASGOW POLICE DEPARTMENT,Accepted,BARREN,KY0090,,HAPPY VALLEY,RD,,,ENSMINGER,,,,,37.01004311,-85.92242561,9.856,6/13/2021,2000,2,1,0,0,CLEAR,DRY,FALSE,ANGLE COLLISION - OTHER,ANGLE,STRAIGHT & LEVEL,DAYLIGHT,,,44405.12707,FALSE,2229,Accepted,5,5,O,,"INATTENTION, DISREGARD TRAFFIC CONTROL",
28440820,0050000,BARREN COUNTY SHERIFF DEPT.,Accepted,BARREN,,,HARRY KING,RD,,,,,,,,37.06080824,-85.97484054,1.717,7/27/2021,1629,1,1,0,0,CLEAR,DRY,FALSE,COLLISION WITH FIXED OBJECT NON - INTERSECTION - FIRST EVENT COLLISION 09 - 32 EXCLUDING 16,SINGLE VEHICLE,CURVE & LEVEL,DAYLIGHT,,,44405.35118,FALSE,181,Accepted,5,5,O,,NOT UNDER PROPER CONTROL,
28440822,0050000,BARREN COUNTY SHERIFF DEPT.,Accepted,BARREN,US0031E,,SCOTTSVILLE,RD,,,,,,,,36.85117873,-86.05904752,0.869,7/21/2021,1725,1,1,0,0,CLEAR,DRY,FALSE,COLLISION WITH ANIMAL NON INTERSECTION,SINGLE VEHICLE,STRAIGHT & GRADE,DAYLIGHT,,,44405.35124,FALSE,174,Accepted,5,5,O,ANIMALS ACTION,,
28443172,0050100,GLASGOW POLICE DEPARTMENT,Accepted,BARREN,US0031E,200,L ROGERS WELLS,BLVD,N,,ROGERS,,,,,37.00376587,-85.92550989,14.341,7/23/2021,1628,2,2,0,0,CLEAR,DRY,FALSE,ANGLE COLLISION - OTHER,ANGLE,STRAIGHT & LEVEL,DAYLIGHT,,,44405.85326,FALSE,2286,Accepted,5,5,O,,MISJUDGE CLEARANCE,
28443173,0050100,GLASGOW POLICE DEPARTMENT,Accepted,BARREN,,,INDUSTRIAL,DR,,,,,YATES,,YATES,37.00121597,-85.93943742,0.502,7/23/2021,1415,2,2,0,0,CLEAR,DRY,FALSE,SIDESWIPE COLLISION - SAME DIRECTION,SIDESWIPE-SAME DIRECTION,STRAIGHT & LEVEL,DAYLIGHT,,,44405.85331,FALSE,2273,Accepted,5,5,O,,MISJUDGE CLEARANCE,
28445372,0050100,GLASGOW POLICE DEPARTMENT,Accepted,BARREN,,,CLEVELAND,AVE,,,,US0031E,L ROGERS WELLS,KY1297,OLD BOWLING GREEN,36.98923078,-85.93251805,0.01,7/28/2021,1420,2,2,0,0,CLEAR,DRY,FALSE,OTHER ROADWAY OR MID-BLOCK COLLISION,REAR END,STRAIGHT & GRADE,DAYLIGHT,,,44406.46262,FALSE,2240,Accepted,5,5,O,,INATTENTION,
28448985,0050100,GLASGOW POLICE DEPARTMENT,Accepted,BARREN,,208,UNCLE JOHNS,LN,,,,,,,,36.984052,-85.92325841,0.22,7/28/2021,1058,2,2,0,0,CLEAR,DRY,FALSE,1 VEHICLE PARKED POSITION (NOT PARKING LOT/DRIVEWAY),ANGLE,STRAIGHT & LEVEL,DAYLIGHT,,,44407.35074,FALSE,2225,Accepted,5,5,O,,MISJUDGE CLEARANCE,
28451005,0050100,GLASGOW POLICE DEPARTMENT,Accepted,BARREN,US0031E,,SCOTTSVILLE,RD,,,,LN9008,LN9008 E EXIT11 OFF RAMP TO US31E N,LN9008,LN9008 W EXIT11 ON RAMP FROM US31E S,36.97880845,-85.93419335,12.517,7/30/2021,1251,2,2,0,0,CLEAR,DRY,FALSE,SIDESWIPE COLLISION - SAME DIRECTION,SIDESWIPE-SAME DIRECTION,STRAIGHT & LEVEL,DAYLIGHT,,,44407.8161,FALSE,2268,Accepted,5,5,O,,INATTENTION,
28451751,0050100,GLASGOW POLICE DEPARTMENT,Accepted,BARREN,US0068X,,COLUMBIA,AVE,,,,,SHELLEY,,PARK,37.00118766,-85.90051481,3.277,7/16/2021,2040,2,2,0,0,CLEAR,DRY,FALSE,REAR END IN TRAFFIC LANES BOTH VEHICLES MOVING,REAR END,STRAIGHT & LEVEL,DARK-HWY NOT LIGHTED,,,44408.05057,FALSE,2270,Accepted,5,5,O,,DISTRACTION,
28451754,0050100,GLASGOW POLICE DEPARTMENT,Accepted,BARREN,,,HAPPY VALLEY,RD,,,,US0031E,L ROGERS WELLS,,WALL,37.00975047,-85.92173562,0.013,7/21/2021,1935,2,2,0,0,CLEAR,DRY,FALSE,1 VEHICLE ENTERING/LEAVING ENTRANCE,ANGLE,STRAIGHT & LEVEL,DAYLIGHT,,,44408.0507,FALSE,2270,Accepted,5,5,O,,MISJUDGE CLEARANCE,
28456315,0050100,GLASGOW POLICE DEPARTMENT,Accepted,BARREN,US0031E,,L ROGERS WELLS,BLVD,S,KY1297,OLD BOWLING GREEN,,,,,36.98933962,-85.93221337,13.299,7/31/2021,2044,3,3,0,3,RAINING,WET,FALSE,ANGLE COLLISION - OTHER,ANGLE,STRAIGHT & LEVEL,DARK-HWY LIGHTED/ON,,,44409.89282,FALSE,2285,Accepted,5,3,B,,INATTENTION,
28457604,0050100,GLASGOW POLICE DEPARTMENT,Accepted,BARREN,US0031E,,L ROGERS WELLS,BLVD,N,,SHANE,,,,,37.00529527,-85.92475088,14.414,8/1/2021,1908,2,2,0,0,CLEAR,DRY,FALSE,ANGLE COLLISION - OTHER,ANGLE,STRAIGHT & LEVEL,DAWN,,,44410.28519,FALSE,2285,Accepted,5,5,O,,FAILED TO YIELD RIGHT OF WAY,
28458316,0050000,BARREN COUNTY SHERIFF DEPT.,Accepted,BARREN,,,OLD MUNFORDVILLE,RD,,,,,,,,37.12180469,-85.9028452,5.304,7/28/2021,106,1,1,0,3,CLEAR,DRY,FALSE,OTHER ROADWAY OR MID-BLOCK COLLISION,SINGLE VEHICLE,CURVE & LEVEL,DARK-HWY NOT LIGHTED,,,44410.4115,FALSE,173,Accepted,5,3,B,,EXCEEDED STATED SPEED LIMIT,
28458317,0050000,BARREN COUNTY SHERIFF DEPT.,Accepted,BARREN,KY0255,,ROCKY HILL,RD,,,,KY0255,BON AYR,,STEAM MILL,36.97574495,-86.07081554,2.759,7/29/2021,801,2,2,0,1,CLEAR,DRY,FALSE,SIDESWIPE COLLISION - OPPOSITE DIRECTION,SIDESWIPE-OPPOSITE DIRECTION,CURVE & LEVEL,DAYLIGHT,,,44410.41155,FALSE,172,Accepted,5,4,C,,"INATTENTION, NOT UNDER PROPER CONTROL",
28458918,0050100,GLASGOW POLICE DEPARTMENT,Accepted,BARREN,KY0090,,HAPPY VALLEY,RD,,,,US0031E,L ROGERS WELLS,,ENSMINGER,37.00969243,-85.92173013,9.904,4/11/2021,1150,2,2,0,0,CLEAR,DRY,FALSE,SIDESWIPE COLLISION - SAME DIRECTION,SIDESWIPE-SAME DIRECTION,CURVE & LEVEL,DAYLIGHT,,,44410.55201,FALSE,2212,Accepted,5,5,O,,INATTENTION,
28458920,0050100,GLASGOW POLICE DEPARTMENT,Accepted,BARREN,US0068X,,NEW BOWLING GREEN,RD,,,,,,,,37.01053098,-85.94778903,0.302,6/28/2021,1601,2,2,0,0,CLEAR,DRY,FALSE,SIDESWIPE COLLISION - SAME DIRECTION,SIDESWIPE-SAME DIRECTION,STRAIGHT & LEVEL,DAYLIGHT,,,44410.55217,FALSE,2212,Accepted,5,5,O,,FAILED TO YIELD RIGHT OF WAY,
28458924,0050100,GLASGOW POLICE DEPARTMENT,Accepted,BARREN,,,OIL CITY,RD,,US0068X,MAIN,,,,,37.01093694,-85.94508786,0.109,6/27/2021,1149,2,2,0,0,CLEAR,DRY,FALSE,OPPOSITE DIRECTION - BOTH VEHICLES GOING STRAIGHT AHEAD,SIDESWIPE-OPPOSITE DIRECTION,STRAIGHT & LEVEL,DAYLIGHT,,,44410.55252,FALSE,2278,Accepted,5,5,O,,MISJUDGE CLEARANCE,
28458926,0050100,GLASGOW POLICE DEPARTMENT,Accepted,BARREN,,,HAPPY VALLEY,RD,,,LEXINGTON,,,,,37.00527684,-85.91094823,0.651,7/6/2021,122,2,2,0,0,CLOUDY,DRY,FALSE,ANGLE COLLISION - ONE VEHICLE TURNING RIGHT,ANGLE,STRAIGHT & LEVEL,DAYLIGHT,,,44410.5526,FALSE,2278,Accepted,5,5,O,,NOT UNDER PROPER CONTROL,
28458927,0050100,GLASGOW POLICE DEPARTMENT,Accepted,BARREN,KY0090,,HAPPY VALLEY,RD,,,,,,,,37.01078582,-85.92387494,9.763,7/12/2021,1255,2,2,0,0,CLOUDY,DRY,FALSE,REAR END IN TRAFFIC LANES BOTH VEHICLES MOVING,REAR END,STRAIGHT & LEVEL,DAYLIGHT,,,44410.55264,FALSE,2212,Accepted,5,5,O,,INATTENTION,