IncidentID,AgencyORI,AgencyName,IncidentStatusDesc,County,RdwyNumber,Street,RoadwayName,StreetSfx,StreetDir,IntersectionRdwy,IntersectionRdwyName,BetweenStRdwy1,BetweenStRdwyName1,BetweenStRdwy2,BetweenStRdwyName2,Latitude,Longitude,Milepoint,CollisionDate,CollisionTime,UnitsInvolved,MotorVehiclesInvolved,NumberKilled,NumberInjured,Weather,RdwyConditionCode,HitandRun,DirAnalysisCode,MannerofCollision,RdwyCharacter,LightCondition,RampFromRdwyId,RampToRdwyId,AcceptedDate,IsSecondaryCollision,OwnerBadge,IncidentStatus,InjurySeverityCde,KABCO_Code,KABCO,Environmental_Factors,Human_Factors,Vehicular_Factors
28458932,0050100,GLASGOW POLICE DEPARTMENT,Accepted,BARREN,US0031EX,,RACE,ST,N,,,,MITCHELL,,FRONT,36.99879699,-85.91129565,1.71,7/26/2021,1204,2,2,0,0,CLEAR,DRY,FALSE,1 VEHICLE ENTERING/LEAVING ENTRANCE,ANGLE,STRAIGHT & LEVEL,DAYLIGHT,,,44410.55274,FALSE,2237,Accepted,5,5,O,VIEW OBSTRUCTED/LIMITED DUE TO RDWY,OTHER,
28464498,0050100,GLASGOW POLICE DEPARTMENT,Accepted,BARREN,KY0090,,HAPPY VALLEY,RD,,,,US0068,VETERANS OUTER,,LONGHUNTERS,37.02304244,-85.93464196,8.709,7/25/2021,1659,2,2,0,1,CLOUDY,DRY,FALSE,1 VEHICLE ENTERING/LEAVING ENTRANCE,ANGLE,STRAIGHT & GRADE,DAYLIGHT,,,44411.79974,FALSE,2268,Accepted,4,4,C,,INATTENTION,
28464692,0050100,GLASGOW POLICE DEPARTMENT,Accepted,BARREN,,,BROADWAY,ST,S,KY0063,COLLEGE,,,,,36.99287439,-85.91243182,0.198,8/3/2021,917,2,2,0,0,CLEAR,DRY,FALSE,ANGLE COLLISION - OTHER,ANGLE,STRAIGHT & GRADE,DAYLIGHT,,,44411.88186,TRUE,50,Accepted,5,5,O,,FAILED TO YIELD RIGHT OF WAY,
28466821,0050000,BARREN COUNTY SHERIFF DEPT.,Accepted,BARREN,KY2195,,OLD LEXINGTON,RD,,,OLD MUNFORDVILLE,,,,,37.13595242,-85.9064889,2.422,8/2/2021,944,2,2,0,0,CLEAR,DRY,FALSE,ANGLE COLLISION - OTHER,ANGLE,STRAIGHT & LEVEL,DAYLIGHT,,,44412.43888,FALSE,170,Accepted,5,5,O,,INATTENTION,
28466828,0050000,BARREN COUNTY SHERIFF DEPT.,Accepted,BARREN,KY0249,,ROSEVILLE,RD,,,WILLIE GROCE,,,,,36.95632103,-85.91567116,13.716,7/27/2021,1753,2,2,0,1,CLEAR,DRY,FALSE,ANGLE COLLISION - OTHER,ANGLE,STRAIGHT & LEVEL,DAYLIGHT,,,44412.43953,FALSE,163,Accepted,5,3,B,,INATTENTION,
28466833,0050000,BARREN COUNTY SHERIFF DEPT.,Accepted,BARREN,,,STATE QUARRY,RD,,,,,,,,37.10183384,-86.0139555,0.458,7/28/2021,1103,2,1,0,0,CLEAR,DRY,FALSE,COLLISION WITH TRAIN,SINGLE VEHICLE,STRAIGHT & HILLCREST,DAYLIGHT,,,44412.43977,FALSE,170,Accepted,5,5,O,,,
28467085,0050000,BARREN COUNTY SHERIFF DEPT.,Accepted,BARREN,KY1330,3415,KINO,RD,,,,,,,,36.94789078,-85.77218124,2.943,7/31/2021,2017,1,1,0,0,CLEAR,DRY,FALSE,COLLISION WITH ANIMAL NON INTERSECTION,SINGLE VEHICLE,CURVE & LEVEL,DARK-HWY NOT LIGHTED,,,44412.43898,FALSE,173,Accepted,5,5,O,ANIMALS ACTION,,
28469165,0050100,GLASGOW POLICE DEPARTMENT,Accepted,BARREN,US0031E,,L ROGERS WELLS,BLVD,N,,,,CHERRY,,HAPPY VALLEY,37.00921511,-85.9218544,14.803,8/4/2021,713,2,2,0,0,CLEAR,DRY,FALSE,SIDESWIPE COLLISION - SAME DIRECTION,SIDESWIPE-SAME DIRECTION,STRAIGHT & LEVEL,DAYLIGHT,,,44412.84612,FALSE,50,Accepted,5,5,O,,INATTENTION,
28471571,0050200,CAVE CITY POLICE DEPARTMENT,Accepted,BARREN,,105,ALEXANDER,AVE,,,,,,,,37.14452614,-85.96079787,0.21,7/28/2021,1731,2,2,0,0,CLEAR,DRY,FALSE,1 VEHICLE ENTERING/LEAVING ENTRANCE,ANGLE,STRAIGHT & GRADE,DAYLIGHT,,,44413.51319,FALSE,605,Accepted,5,5,O,,INATTENTION,
28471576,0050200,CAVE CITY POLICE DEPARTMENT,Accepted,BARREN,US0031W,907,DIXIE,HWY,S,,,,,,,37.1286659,-85.96239693,6.818,8/2/2021,1325,2,2,0,0,CLEAR,DRY,FALSE,REAR END IN TRAFFIC LANES BOTH VEHICLES MOVING,REAR END,STRAIGHT & LEVEL,DAYLIGHT,,,44413.51334,FALSE,609,Accepted,5,5,O,,INATTENTION,
28472618,0050100,GLASGOW POLICE DEPARTMENT,Accepted,BARREN,US0031E,,L ROGERS WELLS,BLVD,N,US0068X,MAIN,,,,,37.00204479,-85.92638754,14.258,7/12/2021,1423,2,2,0,0,CLEAR,DRY,FALSE,OTHER INTERSECTION COLLISIONS,REAR END,STRAIGHT & LEVEL,DAYLIGHT,,,44413.70179,FALSE,2264,Accepted,5,5,O,,"ALCOHOL INVOLVEMENT, INATTENTION",
28475661,0050100,GLASGOW POLICE DEPARTMENT,Accepted,BARREN,,,TRABUE,ST,,,FRONT,,,,,36.99958717,-85.91568364,0.139,7/31/2021,1133,2,2,0,0,CLOUDY,DRY,FALSE,ANGLE COLLISION - OTHER,ANGLE,STRAIGHT & HILLCREST,DAYLIGHT,,,44414.44444,FALSE,48,Accepted,5,5,O,,TURNING IMPROPERLY,
28475665,0050100,GLASGOW POLICE DEPARTMENT,Accepted,BARREN,,,GARNETT,AVE,,,LEE,,,,,36.99512694,-85.92405269,0.041,8/2/2021,1222,2,2,0,0,CLEAR,DRY,FALSE,ANGLE COLLISION - OTHER,ANGLE,STRAIGHT & LEVEL,DAYLIGHT,,,44414.44459,FALSE,48,Accepted,5,5,O,FIXED OBJECT(S),INATTENTION,
28481943,0050100,GLASGOW POLICE DEPARTMENT,Accepted,BARREN,,,FRONT,ST,W,,LIBERTY,,,,,36.99839125,-85.91277736,0.2,8/6/2021,650,2,2,0,0,CLOUDY,DRY,FALSE,OPPOSITE DIRECTION - BOTH VEHICLES GOING STRAIGHT AHEAD,SIDESWIPE-OPPOSITE DIRECTION,STRAIGHT & GRADE,DAYLIGHT,,,44416.69558,FALSE,2240,Accepted,5,5,O,,INATTENTION,
28481945,0050100,GLASGOW POLICE DEPARTMENT,Accepted,BARREN,KY0090,,BURKESVILLE,RD,,LN9008,LN9008 W EXIT14 ON RAMP FROM KY90 W,,,,,36.98393915,-85.89534689,11.114,8/7/2021,1220,2,2,0,0,CLEAR,DRY,FALSE,REAR END - ONE VEHICLE TURNING LEFT,REAR END,STRAIGHT & GRADE,DAYLIGHT,,,44416.69565,FALSE,2240,Accepted,5,5,O,,INATTENTION,OTHER
28484657,0050100,GLASGOW POLICE DEPARTMENT,Accepted,BARREN,KY1297,,OLD BOWLING GREEN,RD,,,,,WATERFORD,,BRITTHAVEN,36.99063701,-85.94518575,12.022,8/7/2021,935,2,2,0,0,CLEAR,WET,FALSE,REAR END IN TRAFFIC LANES BOTH VEHICLES MOVING,REAR END,STRAIGHT & LEVEL,DAYLIGHT,,,44417.40152,FALSE,2268,Accepted,5,5,O,,INATTENTION,
28485447,0050100,GLASGOW POLICE DEPARTMENT,Accepted,BARREN,,,CHERRY,ST,W,,,,WALL,,MYRTLE,37.00707215,-85.92030255,0.164,8/5/2021,1523,2,2,0,0,CLEAR,DRY,FALSE,OTHER ROADWAY OR MID-BLOCK COLLISION,OPPOSING LEFT TURN,STRAIGHT & HILLCREST,DAYLIGHT,,,44417.55721,FALSE,2277,Accepted,5,5,O,,FAILED TO YIELD RIGHT OF WAY,
28489197,0050000,BARREN COUNTY SHERIFF DEPT.,Accepted,BARREN,LN9008,,,,,,,,,,,36.99408603,-85.97899841,0.294,8/9/2021,635,2,2,0,0,CLEAR,DRY,FALSE,OTHER RAMP RELATED COLLISIONS NOT LISTED ABOVE,REAR END,STRAIGHT & GRADE,DAWN,LN9008,KY3600,44418.43807,FALSE,170,Accepted,5,5,O,,MISJUDGE CLEARANCE,
28489200,0050000,BARREN COUNTY SHERIFF DEPT.,Accepted,BARREN,LN9008,,LN9008 W,,,,,,,,,36.99688168,-85.83386888,17.686,8/10/2021,515,1,1,0,0,CLEAR,DRY,FALSE,COLLISION WITH NON-FIXED OBJECT ,SINGLE VEHICLE,STRAIGHT & LEVEL,DARK-HWY LIGHTED/OFF,,,44418.43829,FALSE,157,Accepted,5,5,O,OTHER,,
28494467,0370200,"KY STATE POLICE, CVE",Accepted,BARREN,LN9008,,LN9008 W,,,,,,,,,36.99884897,-85.99470696,7.801,8/4/2021,918,1,1,0,2,CLEAR,DRY,FALSE,OTHER ROADWAY OR MID-BLOCK COLLISION,SINGLE VEHICLE,STRAIGHT & LEVEL,DAYLIGHT,,,44419.6518,FALSE,C-327,Accepted,3,3,B,,"INATTENTION, OVERCORRECTING/OVERSTEERING",
28499227,KSP0300,"KY STATE POLICE, POST 03",Accepted,BARREN,KY0839,,NOBOB,RD,,,,,,,,36.83824413,-85.76332682,0.081,8/6/2021,2012,1,1,0,1,CLEAR,DRY,FALSE,OTHER ROADWAY OR MID-BLOCK COLLISION,SINGLE VEHICLE,STRAIGHT & GRADE,DARK-HWY NOT LIGHTED,,,44420.69877,FALSE,610,Accepted,5,3,B,,"NOT UNDER PROPER CONTROL, OVERCORRECTING/OVERSTEERING",
28501402,0050000,BARREN COUNTY SHERIFF DEPT.,Accepted,BARREN,KY0063,,TOMPKINSVILLE,RD,,,,,,,,36.91199246,-85.86611059,8.057,8/9/2021,1415,2,2,0,0,CLOUDY,WET,FALSE,HEAD-ON COLLISION,HEAD ON,CURVE & GRADE,DAYLIGHT,,,44421.32765,FALSE,157,Accepted,5,5,O,,INATTENTION,
28501403,0050000,BARREN COUNTY SHERIFF DEPT.,Accepted,BARREN,KY0063,,TOMPKINSVILLE,RD,,,,,,,,36.90757289,-85.86835219,7.737,8/10/2021,703,1,1,0,0,CLEAR,DRY,FALSE,RAN OFF ROADWAY (1 VEHICLE WITH/EARTH EMBANKMENT/DITCH),SINGLE VEHICLE,CURVE & GRADE,DAYLIGHT,,,44421.3277,FALSE,157,Accepted,5,5,O,,INATTENTION,
28501404,0050000,BARREN COUNTY SHERIFF DEPT.,Accepted,BARREN,US0031E,,JACKSON,HWY,N,,,,,,,37.11660701,-85.86966802,23.306,8/9/2021,1315,3,3,0,0,RAINING,WET,FALSE,REAR END IN TRAFFIC LANES BOTH VEHICLES MOVING,REAR END,STRAIGHT & LEVEL,DAYLIGHT,,,44421.32773,FALSE,178,Accepted,5,5,O,,INATTENTION,
28501407,0050000,BARREN COUNTY SHERIFF DEPT.,Accepted,BARREN,US0068,11510,NEW BOWLING GREEN,RD,,,,,,,,37.0259985,-86.114982,0.729,8/5/2021,1857,1,1,0,1,CLEAR,DRY,FALSE,COLLISION WITH ANIMAL NON INTERSECTION,SINGLE VEHICLE,STRAIGHT & LEVEL,DAYLIGHT,,,44421.3278,FALSE,163,Accepted,4,4,C,ANIMALS ACTION,,
28501408,0050000,BARREN COUNTY SHERIFF DEPT.,Accepted,BARREN,KY0255,4325,PARK CITY BON AYR,RD,,,,,,,,37.08105906,-86.05777792,10.635,8/6/2021,1549,2,2,0,0,CLEAR,DRY,FALSE,1 VEHICLE PARKED POSITION (NOT PARKING LOT/DRIVEWAY),SIDESWIPE-OPPOSITE DIRECTION,STRAIGHT & LEVEL,DAYLIGHT,,,44421.32784,FALSE,163,Accepted,5,5,O,,MISJUDGE CLEARANCE,
28501409,0050000,BARREN COUNTY SHERIFF DEPT.,Accepted,BARREN,KY0090,,BURKESVILLE,RD,,,,,,,,36.9431655,-85.83562122,15.553,8/9/2021,1620,2,2,0,0,CLOUDY,WET,FALSE,REAR END IN TRAFFIC LANES BOTH VEHICLES MOVING,REAR END,STRAIGHT & LEVEL,DAYLIGHT,,,44421.32791,FALSE,181,Accepted,5,5,O,,INATTENTION,
28503973,0050100,GLASGOW POLICE DEPARTMENT,Accepted,BARREN,US0068X,,MAIN,ST,W,,,US0031E,L ROGERS WELLS,,SHANE,37.00279345,-85.92772605,1.6,8/9/2021,1039,2,2,0,0,CLEAR,DRY,FALSE,SIDESWIPE COLLISION - SAME DIRECTION,SIDESWIPE-SAME DIRECTION,STRAIGHT & LEVEL,DAYLIGHT,,,44421.79828,FALSE,2268,Accepted,5,5,O,,"FAILED TO KEEP PROPER LANE, INATTENTION",
28514106,0050100,GLASGOW POLICE DEPARTMENT,Accepted,BARREN,US0068,,VETERANS OUTER,LOOP,,US0068,NEW GLASGOW,,,,,37.01206507,-85.95307693,10.051,8/10/2021,1218,2,2,0,1,CLEAR,DRY,FALSE,ANGLE COLLISION - OTHER,ANGLE,STRAIGHT & LEVEL,DAYLIGHT,,,44423.43931,FALSE,48,Accepted,5,3,B,,"FAILED TO YIELD RIGHT OF WAY, INATTENTION",
28520877,0050100,GLASGOW POLICE DEPARTMENT,Accepted,BARREN,US0068,,VETERANS OUTER,LOOP,,US0031E,JACKSON,,,,,37.03308516,-85.90582075,13.272,8/14/2021,1617,2,2,0,0,RAINING,WET,FALSE,SIDESWIPE-SAME DIRECTION,SIDESWIPE-SAME DIRECTION,STRAIGHT & LEVEL,DAYLIGHT,,,44424.18683,FALSE,2277,Accepted,5,5,O,,MISJUDGE CLEARANCE,
28526991,0050100,GLASGOW POLICE DEPARTMENT,Accepted,BARREN,US0031E,,L ROGERS WELLS,BLVD,S,,,,COMMERCIAL,,GRANDVIEW,36.99620748,-85.93035286,13.797,8/16/2021,1713,4,4,0,2,CLEAR,DRY,FALSE,REAR END IN TRAFFIC LANES BOTH VEHICLES MOVING,REAR END,STRAIGHT & LEVEL,DAYLIGHT,,,44425.25734,FALSE,2277,Accepted,5,3,B,BACKUP DUE TO REGULAR CONGESTION,INATTENTION,
28527380,0050100,GLASGOW POLICE DEPARTMENT,Accepted,BARREN,,114,STEWART,DR,,,,,,,,37.02557755,-85.91547032,0.072,8/12/2021,1135,2,2,0,0,CLEAR,DRY,FALSE,1 VEHICLE PARKED POSITION (NOT PARKING LOT/DRIVEWAY),BACKING,STRAIGHT & LEVEL,DAYLIGHT,,,44425.34227,FALSE,2240,Accepted,5,5,O,,INATTENTION,
28527382,0050100,GLASGOW POLICE DEPARTMENT,Accepted,BARREN,,,OIL WELL,RD,,,PRITCHARDSVILLE,,,,,36.96576178,-85.93861225,6.296,8/14/2021,1040,2,2,0,0,CLOUDY,DRY,FALSE,ANGLE COLLISION - OTHER,ANGLE,CURVE & GRADE,DAYLIGHT,,,44425.34232,FALSE,2240,Accepted,5,5,O,,,STEERING FAILURE
28527974,0050100,GLASGOW POLICE DEPARTMENT,Accepted,BARREN,KY0090,,HAPPY VALLEY,RD,,,,,VALLEY VIEW,,REYNOLDS,37.01411227,-85.92688711,9.477,8/13/2021,1604,2,2,0,1,RAINING,WET,FALSE,1 VEHICLE ENTERING/LEAVING ENTRANCE,ANGLE,STRAIGHT & LEVEL,DAYLIGHT,,,44425.46873,FALSE,2268,Accepted,5,3,B,,INATTENTION,
28530145,0050100,GLASGOW POLICE DEPARTMENT,Accepted,BARREN,KY1297,1765,OLD BOWLING GREEN,RD,,,,,,,,36.99566305,-85.96003535,11.039,8/13/2021,724,2,2,0,0,CLEAR,DRY,TRUE,1 VEHICLE PARKED POSITION (NOT PARKING LOT/DRIVEWAY),ANGLE,STRAIGHT & LEVEL,DAYLIGHT,,,44425.81043,FALSE,2410,Accepted,5,5,O,,MISJUDGE CLEARANCE,
28530435,0050100,GLASGOW POLICE DEPARTMENT,Accepted,BARREN,US0031E,,L ROGERS WELLS,BLVD,N,,SMITH,,,,,37.00578621,-85.92450922,14.438,8/16/2021,1234,2,2,0,0,CLEAR,DRY,FALSE,OTHER INTERSECTION COLLISIONS,REAR END,STRAIGHT & LEVEL,DAYLIGHT,,,44425.88064,FALSE,50,Accepted,5,5,O,,INATTENTION,
28532581,0050100,GLASGOW POLICE DEPARTMENT,Accepted,BARREN,,,CROSS,ST,,,,US0068X,MAIN,,FORT WILLIAMS,37.00050394,-85.92445393,0.027,8/10/2021,1425,1,1,0,0,CLEAR,DRY,FALSE,OTHER ROADWAY OR MID-BLOCK COLLISION,SINGLE VEHICLE,STRAIGHT & LEVEL,DAYLIGHT,,,44426.46394,FALSE,2237,Accepted,5,5,O,,MISJUDGE CLEARANCE,
28532585,0050100,GLASGOW POLICE DEPARTMENT,Accepted,BARREN,US0031EX,,PUBLIC,SQ,S,,,,,,,36.99519207,-85.91277877,1.422,8/11/2021,1115,2,2,0,0,CLEAR,DRY,FALSE,VEHICLE BACKING NON INTERSECTION,BACKING,STRAIGHT & GRADE,DAYLIGHT,,,44426.46417,FALSE,2212,Accepted,5,5,O,,INATTENTION,
28532592,0050200,CAVE CITY POLICE DEPARTMENT,Accepted,BARREN,KY0070,,MAMMOTH CAVE,ST,,,,,,,,37.13486743,-85.97471306,5.341,8/2/2021,1536,2,2,0,0,CLEAR,DRY,FALSE,1 VEHICLE ENTERING/LEAVING ENTRANCE,ANGLE,STRAIGHT & LEVEL,DAYLIGHT,,,44426.46481,FALSE,603,Accepted,5,5,O,,ALCOHOL INVOLVEMENT,
28532595,0050200,CAVE CITY POLICE DEPARTMENT,Accepted,BARREN,,,OWENS,ST,,,,,,,,37.1377987,-85.9546722,0.221,8/6/2021,1000,2,2,0,0,CLOUDY,DRY,FALSE,COLLISION WITH FIXED OBJECT NON - INTERSECTION - FIRST EVENT COLLISION 09 - 32 EXCLUDING 16,BACKING,STRAIGHT & LEVEL,DAYLIGHT,,,44426.46522,FALSE,608,Accepted,5,5,O,,IMPROPER BACKING,
28537635,0050100,GLASGOW POLICE DEPARTMENT,Accepted,BARREN,US0068X,,MAIN,ST,W,,,,ROGERS,,SAMSON,36.99958618,-85.92185326,1.991,8/2/2021,820,2,2,0,0,CLEAR,DRY,FALSE,REAR END IN TRAFFIC LANES BOTH VEHICLES MOVING,REAR END,STRAIGHT & HILLCREST,DAYLIGHT,,,44427.64419,FALSE,2273,Accepted,5,5,O,,DISTRACTION,
28537718,0050100,GLASGOW POLICE DEPARTMENT,Accepted,BARREN,US0031E,,L ROGERS WELLS,BLVD,N,,ROGERS,,,,,37.00376215,-85.92552422,14.341,8/16/2021,1305,2,2,0,3,CLOUDY,DRY,FALSE,ANGLE COLLISION - OTHER,ANGLE,STRAIGHT & LEVEL,DAYLIGHT,,,44427.65404,FALSE,2225,Accepted,4,4,C,,FAILED TO YIELD RIGHT OF WAY,
28540863,0050000,BARREN COUNTY SHERIFF DEPT.,Accepted,BARREN,KY0090,4600,BURKESVILLE,RD,,,,,,,,36.95105329,-85.8489643,14.623,7/30/2021,1238,1,1,0,3,CLEAR,DRY,FALSE,COLLISION WITH FIXED OBJECT NON - INTERSECTION - FIRST EVENT COLLISION 09 - 32 EXCLUDING 16,SINGLE VEHICLE,STRAIGHT & GRADE,DAYLIGHT,,,44428.45517,FALSE,125,Accepted,5,3,B,,PHYSICAL DISABILITY,
28540867,0050000,BARREN COUNTY SHERIFF DEPT.,Accepted,BARREN,LN9008,,LN9008 E,,,,,,,,,37.04738607,-86.08165948,1.892,8/6/2021,711,1,1,0,1,CLOUDY,DRY,FALSE,RAN OFF ROADWAY (1 VEHICLE WITH/EARTH EMBANKMENT/DITCH),SINGLE VEHICLE,STRAIGHT & LEVEL,DAYLIGHT,,,44428.45528,FALSE,125,Accepted,4,4,C,,INATTENTION,
28540868,0050000,BARREN COUNTY SHERIFF DEPT.,Accepted,BARREN,US0068,5124,NEW BOWLING GREEN,RD,,,,,,,,37.01494587,-85.99712386,7.532,8/7/2021,1004,2,2,0,0,CLEAR,DRY,FALSE,REAR END IN TRAFFIC LANES BOTH VEHICLES MOVING,REAR END,STRAIGHT & GRADE,DAYLIGHT,,,44428.45533,FALSE,125,Accepted,5,5,O,,INATTENTION,
28540869,0050000,BARREN COUNTY SHERIFF DEPT.,Accepted,BARREN,US0068,4340,NEW BOWLING GREEN,RD,,,,,,,,37.01793249,-85.97944088,8.528,8/7/2021,1142,3,3,0,0,CLEAR,DRY,FALSE,OTHER ROADWAY OR MID-BLOCK COLLISION,REAR END,STRAIGHT & GRADE,DAYLIGHT,,,44428.45539,FALSE,125,Accepted,5,5,O,,,BRAKES DEFECTIVE
28540870,0050000,BARREN COUNTY SHERIFF DEPT.,Accepted,BARREN,KY1297,,OLD BOWLING GREEN,RD,,,,KY0255,ROCKY HILL,,RED CROSS,36.97801896,-86.07588422,4.255,8/2/2021,1023,1,1,0,0,CLEAR,DRY,FALSE,RAN OFF ROADWAY (1 VEHICLE WITH/EARTH EMBANKMENT/DITCH),SINGLE VEHICLE,STRAIGHT & GRADE,DAYLIGHT,,,44428.45554,FALSE,172,Accepted,5,5,O,,INATTENTION,
28540871,0050000,BARREN COUNTY SHERIFF DEPT.,Accepted,BARREN,LN9008,,,,,,,,,,,36.98291146,-85.89373407,0.022,8/6/2021,905,1,1,0,1,CLEAR,DRY,FALSE,COLLISION WITH FIXED OBJECT NOT IN GORE ,SINGLE VEHICLE,STRAIGHT & GRADE,DAYLIGHT,KY0090,LN9008,44428.45559,FALSE,172,Accepted,5,3,B,,INATTENTION,
28540872,0050000,BARREN COUNTY SHERIFF DEPT.,Accepted,BARREN,,,OIL WELL,RD,,,BEECHTREE,,,,,36.9618637,-85.94053473,6.005,8/6/2021,1527,2,2,0,0,CLEAR,DRY,FALSE,OTHER INTERSECTION COLLISIONS,REAR END,STRAIGHT & GRADE,DAYLIGHT,,,44428.45568,FALSE,172,Accepted,5,5,O,,INATTENTION,
28540879,0050000,BARREN COUNTY SHERIFF DEPT.,Accepted,BARREN,US0068,,NEW GLASGOW,RD,,,,,,,,37.01207085,-85.95310179,10.046,8/13/2021,1711,2,2,0,0,CLEAR,DRY,FALSE,REAR END IN TRAFFIC LANES BOTH VEHICLES MOVING,REAR END,STRAIGHT & LEVEL,DAYLIGHT,,,44428.45591,FALSE,181,Accepted,5,5,O,,INATTENTION,
28540884,0050000,BARREN COUNTY SHERIFF DEPT.,Accepted,BARREN,KY1297,11700,OLD BOWLING GREEN,RD,,,,,,,,36.98149716,-86.11243708,2.208,8/11/2021,1051,2,1,0,3,CLEAR,DRY,FALSE,OTHER ROADWAY OR MID-BLOCK COLLISION,SINGLE VEHICLE,STRAIGHT & GRADE,DAYLIGHT,,,44428.4561,FALSE,170,Accepted,5,3,B,,"DISTRACTION, INATTENTION",
28540886,0050000,BARREN COUNTY SHERIFF DEPT.,Accepted,BARREN,LN9008,,LN9008 W,,,,,,,,,36.99725652,-85.84143849,17.268,8/16/2021,1751,1,1,0,0,RAINING,WET,FALSE,COLLISION WITH FIXED OBJECT NON - INTERSECTION - FIRST EVENT COLLISION 09 - 32 EXCLUDING 16,SINGLE VEHICLE,STRAIGHT & LEVEL,DAYLIGHT,,,44428.4562,FALSE,181,Accepted,5,5,O,WATER POOLING,,
28540893,0050000,BARREN COUNTY SHERIFF DEPT.,Accepted,BARREN,US0031E,,SCOTTSVILLE,RD,,,COLLINS,,,,,36.93290423,-85.99063648,8.05,8/18/2021,1729,2,2,0,0,RAINING,WET,FALSE,OTHER INTERSECTION COLLISIONS,REAR END,STRAIGHT & LEVEL,DAYLIGHT,,,44428.45736,FALSE,181,Accepted,5,5,O,SLIPPERY SURFACE,INATTENTION,
28540896,0050000,BARREN COUNTY SHERIFF DEPT.,Accepted,BARREN,KY2207,944,FORK,RD,S,,,,,,,36.9714411,-85.95679693,3.508,8/19/2021,635,1,1,0,1,RAINING,WET,FALSE,COLLISION WITH FIXED OBJECT NON - INTERSECTION - FIRST EVENT COLLISION 09 - 32 EXCLUDING 16,SINGLE VEHICLE,CURVE & GRADE,DAYLIGHT,,,44428.45754,FALSE,170,Accepted,3,3,B,SLIPPERY SURFACE,,
28540897,0050000,BARREN COUNTY SHERIFF DEPT.,Accepted,BARREN,LN9008,,LN9008 E,,,,,,,,,37.03099049,-86.05094179,3.955,8/19/2021,1140,1,1,0,0,RAINING,WET,FALSE,RAN OFF ROADWAY (1 VEHICLE WITH/EARTH EMBANKMENT/DITCH),SINGLE VEHICLE,STRAIGHT & LEVEL,DAYLIGHT,,,44428.45757,FALSE,157,Accepted,5,5,O,,,
28541079,0050000,BARREN COUNTY SHERIFF DEPT.,Accepted,BARREN,KY0252,,FINNEY,RD,,,,,,,,36.94335412,-86.05059188,5.837,8/7/2021,2019,1,1,0,1,CLEAR,DRY,FALSE,COLLISION WITH FIXED OBJECT NON - INTERSECTION - FIRST EVENT COLLISION 09 - 32 EXCLUDING 16,SINGLE VEHICLE,STRAIGHT & LEVEL,DARK-HWY NOT LIGHTED,,,44428.45572,FALSE,181,Accepted,5,3,B,,"NOT UNDER PROPER CONTROL, OVERCORRECTING/OVERSTEERING",
28542879,0050100,GLASGOW POLICE DEPARTMENT,Accepted,BARREN,,,SCOTTIE,DR,,,GLENVIEW,,,,,37.01662467,-85.89444004,0.742,8/19/2021,721,1,1,0,0,RAINING,WET,FALSE,OTHER INTERSECTION COLLISIONS,SINGLE VEHICLE,STRAIGHT & LEVEL,DAYLIGHT,,,44428.81108,FALSE,2273,Accepted,5,5,O,"SLIPPERY SURFACE, WATER POOLING",INATTENTION,
28546702,0050100,GLASGOW POLICE DEPARTMENT,Accepted,BARREN,US0031E,,JACKSON,HWY,N,US0068,VETERANS OUTER,,,,,37.03294357,-85.90567648,16.968,8/20/2021,2033,2,2,0,0,CLEAR,DRY,FALSE,SIDESWIPE-SAME DIRECTION,SIDESWIPE-SAME DIRECTION,STRAIGHT & LEVEL,DARK-HWY NOT LIGHTED,,,44430.26727,FALSE,2285,Accepted,5,5,O,,FAILED TO YIELD RIGHT OF WAY,
28546973,0050100,GLASGOW POLICE DEPARTMENT,Accepted,BARREN,KY0090,,HAPPY VALLEY,RD,,US0031E,L ROGERS WELLS,,,,,37.00961228,-85.92148702,9.919,8/20/2021,1152,2,2,0,0,CLEAR,DRY,FALSE,OTHER INTERSECTION COLLISIONS,REAR END,STRAIGHT & LEVEL,DAYLIGHT,,,44430.42588,FALSE,50,Accepted,5,5,O,,NOT UNDER PROPER CONTROL,BRAKES DEFECTIVE
28554393,0050100,GLASGOW POLICE DEPARTMENT,Accepted,BARREN,,,TROJAN,TRL,,,,,HILLTOPPER,US0031E,SCOTTSVILLE,36.97797002,-85.92299263,0.646,8/19/2021,752,2,2,0,0,RAINING,WET,FALSE,1 VEHICLE ENTERING/LEAVING ENTRANCE,ANGLE,STRAIGHT & LEVEL,DAYLIGHT,,,44432.33436,FALSE,2291,Accepted,5,5,O,"SLIPPERY SURFACE, WATER POOLING",NOT UNDER PROPER CONTROL,
28556031,0050000,BARREN COUNTY SHERIFF DEPT.,Accepted,BARREN,,,DRIPPING SPRINGS,RD,,,,,,,,37.03140614,-85.97701192,4.921,8/20/2021,505,1,1,0,0,CLEAR,WET,FALSE,COLLISION WITH FIXED OBJECT NON - INTERSECTION - FIRST EVENT COLLISION 09 - 32 EXCLUDING 16,SINGLE VEHICLE,STRAIGHT & LEVEL,DARK-HWY LIGHTED/OFF,,,44432.60038,FALSE,157,Accepted,5,5,O,OTHER,,