IncidentID,AgencyORI,AgencyName,IncidentStatusDesc,County,RdwyNumber,Street,RoadwayName,StreetSfx,StreetDir,IntersectionRdwy,IntersectionRdwyName,BetweenStRdwy1,BetweenStRdwyName1,BetweenStRdwy2,BetweenStRdwyName2,Latitude,Longitude,Milepoint,CollisionDate,CollisionTime,UnitsInvolved,MotorVehiclesInvolved,NumberKilled,NumberInjured,Weather,RdwyConditionCode,HitandRun,DirAnalysisCode,MannerofCollision,RdwyCharacter,LightCondition,RampFromRdwyId,RampToRdwyId,AcceptedDate,IsSecondaryCollision,OwnerBadge,IncidentStatus,InjurySeverityCde,KABCO_Code,KABCO,Environmental_Factors,Human_Factors,Vehicular_Factors
28556032,0050000,BARREN COUNTY SHERIFF DEPT.,Accepted,BARREN,KY0249,,ROSEVILLE,RD,,,,,,,,36.95621396,-85.91574123,13.707,8/20/2021,1709,2,2,0,0,CLEAR,DRY,FALSE,REAR END IN TRAFFIC LANES BOTH VEHICLES MOVING,REAR END,STRAIGHT & LEVEL,DAYLIGHT,,,44432.60042,FALSE,181,Accepted,5,5,O,,INATTENTION,
28556036,0050000,BARREN COUNTY SHERIFF DEPT.,Accepted,BARREN,KY0255,,ROCKY HILL,RD,,,STEAM MILL,,,,,36.95620124,-86.07045036,1.311,8/19/2021,1616,1,1,0,0,CLEAR,DRY,FALSE,OTHER INTERSECTION COLLISIONS,SINGLE VEHICLE,CURVE & LEVEL,DAYLIGHT,,,44432.60054,FALSE,172,Accepted,5,5,O,,,
28556038,0050000,BARREN COUNTY SHERIFF DEPT.,Accepted,BARREN,KY0252,,FINNEY,RD,,,,,,,,36.94745125,-86.01565578,7.903,8/19/2021,255,1,1,0,0,CLEAR,DRY,FALSE,COLLISION WITH FIXED OBJECT NON - INTERSECTION - FIRST EVENT COLLISION 09 - 32 EXCLUDING 16,SINGLE VEHICLE,STRAIGHT & LEVEL,DARK-HWY NOT LIGHTED,,,44432.6006,FALSE,173,Accepted,5,5,O,ANIMALS ACTION,OVERCORRECTING/OVERSTEERING,
28556041,0050000,BARREN COUNTY SHERIFF DEPT.,Accepted,BARREN,KY0063,,TOMPKINSVILLE,RD,,,,,,,,36.9211379,-85.86846888,8.709,8/18/2021,2012,1,1,0,0,RAINING,WET,FALSE,COLLISION WITH FIXED OBJECT NON - INTERSECTION - FIRST EVENT COLLISION 09 - 32 EXCLUDING 16,SINGLE VEHICLE,CURVE & GRADE,DARK-HWY NOT LIGHTED,,,44432.60069,FALSE,154,Accepted,5,5,O,SLIPPERY SURFACE,TOO FAST FOR CONDITIONS,
28556044,0050000,BARREN COUNTY SHERIFF DEPT.,Accepted,BARREN,US0031EX,,PUBLIC,SQ,E,,,,,,,36.99557531,-85.91205001,1.441,8/23/2021,1552,2,2,0,0,CLEAR,DRY,FALSE,SIDESWIPE COLLISION - SAME DIRECTION,SIDESWIPE-SAME DIRECTION,STRAIGHT & LEVEL,DAYLIGHT,,,44432.60076,FALSE,181,Accepted,5,5,O,,INATTENTION,
28570342,0050100,GLASGOW POLICE DEPARTMENT,Accepted,BARREN,US0068,,VETERANS OUTER,LOOP,,KY0090,HAPPY VALLEY,,,,,37.02444928,-85.93581322,11.34,8/25/2021,820,2,2,0,0,CLEAR,DRY,TRUE,COLLISION WITH FIXED OBJECT IN INTERSECTION - FIRST EVENT COLLISION 09 - 32,SIDESWIPE-SAME DIRECTION,,,,,44435.81093,FALSE,2242,Accepted,5,5,O,,"EXCEEDED STATED SPEED LIMIT, INATTENTION, FELL ASLEEP",
28571412,0050100,GLASGOW POLICE DEPARTMENT,Accepted,BARREN,US0068X,,COLUMBIA,AVE,,,BALDOCK,,,,,37.00297615,-85.89681197,3.545,8/11/2021,830,2,1,0,0,CLEAR,DRY,FALSE,REAR END - ONE VEHICLE TURNING RIGHT,REAR END,STRAIGHT & LEVEL,DAYLIGHT,,,44436.13075,FALSE,2264,Accepted,5,5,O,,INATTENTION,
28571422,0050100,GLASGOW POLICE DEPARTMENT,Accepted,BARREN,KY0063,,MILL,ST,,KY0063,FRANKLIN,,,,,36.98987217,-85.9103583,14.17,8/11/2021,1441,2,1,0,0,CLEAR,DRY,FALSE,ANGLE COLLISION - OTHER,ANGLE,STRAIGHT & HILLCREST,DAYLIGHT,,,44436.13084,FALSE,2264,Accepted,5,5,O,,MISJUDGE CLEARANCE,
28571584,0050100,GLASGOW POLICE DEPARTMENT,Accepted,BARREN,,101,MEADOW,DR,,,,,,,,37.02228473,-85.91618827,0.358,8/25/2021,2310,1,1,0,0,CLEAR,DRY,FALSE,COLLISION WITH FIXED OBJECT NON - INTERSECTION - FIRST EVENT COLLISION 09 - 32 EXCLUDING 16,SINGLE VEHICLE,CURVE & LEVEL,DARK-HWY NOT LIGHTED,,,44436.20697,FALSE,2285,Accepted,5,5,O,,INATTENTION,
28575363,0050100,GLASGOW POLICE DEPARTMENT,Accepted,BARREN,KY0090,,BURKESVILLE,RD,,,,,LENNA,KY0090,MAIN,36.98602645,-85.89705881,10.938,8/19/2021,1300,2,2,0,0,CLEAR,DRY,FALSE,SIDESWIPE COLLISION - SAME DIRECTION,SIDESWIPE-SAME DIRECTION,STRAIGHT & LEVEL,DAYLIGHT,,,44437.75103,FALSE,48,Accepted,5,5,O,,INATTENTION,
28577170,0050100,GLASGOW POLICE DEPARTMENT,Accepted,BARREN,,212,ROGERS,RD,,,,,,,,37.00383222,-85.92536436,0.365,8/29/2021,1539,1,1,0,0,CLEAR,DRY,FALSE,RAN OFF ROADWAY (1 VEHICLE WITH/EARTH EMBANKMENT/DITCH),SINGLE VEHICLE,STRAIGHT & LEVEL,DAYLIGHT,,,44438.3143,FALSE,2286,Accepted,5,5,O,,LOST CONSCIOUSNESS/FAINTED,
28577171,0050100,GLASGOW POLICE DEPARTMENT,Accepted,BARREN,,,HAPPY VALLEY,RD,,,,,LEXINGTON,,PRESTON,37.00554326,-85.91154348,0.613,8/28/2021,1201,2,2,0,0,CLEAR,DRY,FALSE,REAR END IN TRAFFIC LANES BOTH VEHICLES MOVING,REAR END,STRAIGHT & LEVEL,DAYLIGHT,,,44438.31437,FALSE,2273,Accepted,5,5,O,,"FOLLOWING TOO CLOSE, INATTENTION",
28577308,0050000,BARREN COUNTY SHERIFF DEPT.,Accepted,BARREN,KY0252,,FINNEY,RD,,,,,,,,36.93306056,-86.08851735,3.56,8/28/2021,1557,1,1,0,0,RAINING,WET,FALSE,RAN OFF ROADWAY (1 VEHICLE WITH/EARTH EMBANKMENT/DITCH),SINGLE VEHICLE,STRAIGHT & LEVEL,DAYLIGHT,,,44438.34553,FALSE,181,Accepted,5,5,O,,NOT UNDER PROPER CONTROL,
28577310,0050000,BARREN COUNTY SHERIFF DEPT.,Accepted,BARREN,US0068,,NEW BOWLING GREEN,RD,,,,,,,,37.01631021,-85.99103664,7.879,8/13/2021,1651,2,2,0,0,RAINING,WET,FALSE,1 VEHICLE ENTERING/LEAVING ENTRANCE,ANGLE,STRAIGHT & LEVEL,DAYLIGHT,,,44438.34565,FALSE,174,Accepted,5,5,O,,"FAILED TO YIELD RIGHT OF WAY, INATTENTION",
28577313,0050000,BARREN COUNTY SHERIFF DEPT.,Accepted,BARREN,US0031E,,JACKSON,HWY,N,,,,,,,37.0917984,-85.88014219,21.458,8/28/2021,2128,2,2,0,0,CLOUDY,WET,FALSE,REAR END IN TRAFFIC LANES BOTH VEHICLES MOVING,REAR END,STRAIGHT & LEVEL,DARK-HWY NOT LIGHTED,,,44438.34572,FALSE,181,Accepted,5,5,O,,EMOTIONAL,
28578196,0050000,BARREN COUNTY SHERIFF DEPT.,Accepted,BARREN,KY1307,,NEW SALEM,RD,,,HOLLIS THOMAS,,,,,36.98319885,-85.83257768,4.038,8/16/2021,1525,1,1,0,0,CLEAR,DRY,FALSE,COLLISION WITH FIXED OBJECT IN INTERSECTION - FIRST EVENT COLLISION 09 - 32,SINGLE VEHICLE,STRAIGHT & LEVEL,DAYLIGHT,,,44438.46934,FALSE,170,Accepted,5,5,O,,"ALCOHOL INVOLVEMENT, DRUG INVOLVEMENT",
28580047,0050100,GLASGOW POLICE DEPARTMENT,Accepted,BARREN,US0068X,,MAIN,ST,W,US0031E,L ROGERS WELLS,,,,,37.00204301,-85.92638997,1.692,8/29/2021,1929,2,2,0,0,CLEAR,DRY,FALSE,OTHER INTERSECTION COLLISIONS,REAR END,STRAIGHT & LEVEL,DARK-HWY LIGHTED/ON,,,44438.77903,FALSE,2285,Accepted,5,5,O,,INATTENTION,
28581575,0050100,GLASGOW POLICE DEPARTMENT,Accepted,BARREN,US0031EX,,GREEN,ST,S,,,,,,,36.98359541,-85.92852855,0.169,8/23/2021,1505,2,2,0,0,CLEAR,DRY,FALSE,OTHER ROADWAY OR MID-BLOCK COLLISION,OPPOSING LEFT TURN,STRAIGHT & LEVEL,DAYLIGHT,,,44439.33143,FALSE,2410,Accepted,5,5,O,,MISJUDGE CLEARANCE,
28581577,0050100,GLASGOW POLICE DEPARTMENT,Accepted,BARREN,US0068X,,MAIN,ST,W,,,US0031E,L ROGERS WELLS,,CROSS,37.00155374,-85.92558268,1.747,8/27/2021,1320,2,2,0,0,CLOUDY,WET,FALSE,REAR END IN TRAFFIC LANES BOTH VEHICLES MOVING,REAR END,STRAIGHT & GRADE,DAYLIGHT,,,44439.33153,FALSE,2268,Accepted,5,5,O,,INATTENTION,
28581578,0050100,GLASGOW POLICE DEPARTMENT,Accepted,BARREN,US0031E,,JACKSON,HWY,N,,,,CARL FOX,,COUNTRY CLUB,37.03785054,-85.90203677,17.371,8/27/2021,1521,2,2,0,0,CLEAR,WET,FALSE,REAR END IN TRAFFIC LANES BOTH VEHICLES MOVING,REAR END,STRAIGHT & LEVEL,DAYLIGHT,,,44439.33159,FALSE,2268,Accepted,5,5,O,SLIPPERY SURFACE,NOT UNDER PROPER CONTROL,
28581900,0050000,BARREN COUNTY SHERIFF DEPT.,Accepted,BARREN,KY0090,,BURKESVILLE,RD,,,,,,,,36.94807548,-85.84149253,15.081,8/29/2021,1300,2,2,0,0,CLEAR,DRY,FALSE,SIDESWIPE COLLISION - SAME DIRECTION,SIDESWIPE-SAME DIRECTION,CURVE & LEVEL,DAYLIGHT,,,44439.38347,TRUE,146,Accepted,5,5,O,,FAILED TO KEEP PROPER LANE,
28581902,0050000,BARREN COUNTY SHERIFF DEPT.,Accepted,BARREN,LN9008,,LN9008 E,,,,,,,,,36.99123516,-85.97266635,9.146,8/30/2021,1730,1,1,0,0,RAINING,WET,FALSE,OTHER ROADWAY OR MID-BLOCK COLLISION,SINGLE VEHICLE,STRAIGHT & LEVEL,DAYLIGHT,,,44439.38358,FALSE,181,Accepted,5,5,O,WATER POOLING,OVERCORRECTING/OVERSTEERING,
28583204,0050100,GLASGOW POLICE DEPARTMENT,Accepted,BARREN,US0031E,,JACKSON,HWY,N,,,US0068,VETERANS OUTER,US0068,VETERANS OUTER,37.03284186,-85.90580505,16.957,8/21/2021,1308,2,2,0,2,CLEAR,DRY,FALSE,1 VEHICLE ENTERING/LEAVING ENTRANCE,ANGLE,STRAIGHT & LEVEL,DAYLIGHT,,,44439.63116,FALSE,2237,Accepted,5,3,B,,TURNING IMPROPERLY,
28585616,0050100,GLASGOW POLICE DEPARTMENT,Accepted,BARREN,KY0090,,HAPPY VALLEY,RD,,,PIN OAK,,,,,37.01136836,-85.92464927,9.704,8/22/2021,1645,2,2,0,0,CLEAR,DRY,FALSE,SIDESWIPE-SAME DIRECTION,SIDESWIPE-SAME DIRECTION,STRAIGHT & LEVEL,DAYLIGHT,,,44440.25194,FALSE,2260,Accepted,5,5,O,,"FOLLOWING TOO CLOSE, IMPROPER PASSING",
28585620,0050100,GLASGOW POLICE DEPARTMENT,Accepted,BARREN,,499,LEXINGTON,DR,,,,,,,,37.01401863,-85.91553869,0.689,8/13/2021,1841,2,2,0,0,CLEAR,DRY,FALSE,REAR END IN TRAFFIC LANES BOTH VEHICLES MOVING,REAR END,STRAIGHT & LEVEL,DAYLIGHT,,,44440.25212,FALSE,2274,Accepted,5,5,O,,INATTENTION,
28586021,0050000,BARREN COUNTY SHERIFF DEPT.,Accepted,BARREN,KY3600,,GLASGOW OUTER LOOP,,,KY1297,OLD BOWLING GREEN,,,,,36.98705345,-85.98234934,0.001,7/16/2021,2151,1,1,0,0,RAINING,WET,FALSE,COLLISION WITH FIXED OBJECT IN INTERSECTION - FIRST EVENT COLLISION 09 - 32,SINGLE VEHICLE,STRAIGHT & LEVEL,DARK-HWY NOT LIGHTED,,,44440.33815,FALSE,154,Accepted,5,5,O,SLIPPERY SURFACE,INATTENTION,
28586023,0050000,BARREN COUNTY SHERIFF DEPT.,Accepted,BARREN,LN9008,,LN9008 E,,,,,,,,,37.03619054,-86.05819005,3.414,6/13/2021,2123,2,2,0,1,CLEAR,DRY,FALSE,REAR END IN TRAFFIC LANES BOTH VEHICLES MOVING,REAR END,STRAIGHT & LEVEL,DARK-HWY NOT LIGHTED,,,44440.3382,FALSE,154,Accepted,5,3,B,,FELL ASLEEP,
28586026,0050000,BARREN COUNTY SHERIFF DEPT.,Accepted,BARREN,KY1519,,VETERANS OUTER LOOP,,,,,,,,,37.00497149,-85.87858742,0.937,8/11/2021,256,1,1,0,0,CLEAR,DRY,FALSE,COLLISION WITH ANIMAL NON INTERSECTION,SINGLE VEHICLE,STRAIGHT & GRADE,DARK-HWY NOT LIGHTED,,,44440.33825,FALSE,154,Accepted,5,5,O,ANIMALS ACTION,,
28590485,KSP0300,"KY STATE POLICE, POST 03",Accepted,BARREN,KY3179,,OIL WELL,RD,,,,,,,,36.87453604,-85.94836215,5.327,8/28/2021,2147,1,1,0,2,CLEAR,WET,FALSE,RAN OFF ROADWAY (1 VEHICLE WITH/EARTH EMBANKMENT/DITCH),SINGLE VEHICLE,STRAIGHT & GRADE,DARK-HWY NOT LIGHTED,,,44441.37845,FALSE,610,Accepted,3,3,B,,"ALCOHOL INVOLVEMENT, NOT UNDER PROPER CONTROL, OVERCORRECTING/OVERSTEERING",
28596685,0050000,BARREN COUNTY SHERIFF DEPT.,Accepted,BARREN,US0031E,10700,SCOTTSVILLE,RD,,,,,,,,36.87483693,-86.02885951,3.214,8/14/2021,1114,1,1,0,0,CLEAR,DRY,FALSE,COLLISION WITH ANIMAL NON INTERSECTION,SINGLE VEHICLE,CURVE & LEVEL,DAYLIGHT,,,44442.72509,FALSE,125,Accepted,5,5,O,ANIMALS ACTION,,
28596691,0050000,BARREN COUNTY SHERIFF DEPT.,Accepted,BARREN,KY0740,1600,CORAL HILL,RD,,,,,,,,37.03252822,-85.86910094,1.613,8/21/2021,1512,1,1,0,0,CLEAR,DRY,FALSE,RAN OFF ROADWAY (1 VEHICLE WITH/EARTH EMBANKMENT/DITCH),SINGLE VEHICLE,CURVE & GRADE,DAYLIGHT,,,44442.72563,FALSE,125,Accepted,5,5,O,,,
28596692,0050000,BARREN COUNTY SHERIFF DEPT.,Accepted,BARREN,,312,BARDSTOWN,RD,,,DICKERSON,,,,,37.09725533,-86.04293976,0.274,6/11/2021,1502,2,2,0,0,CLEAR,DRY,FALSE,COLLISION WITH PARKED VEHICLE,BACKING,STRAIGHT & LEVEL,DAYLIGHT,,,44442.72578,FALSE,125,Accepted,5,5,O,,INATTENTION,
28596693,0050000,BARREN COUNTY SHERIFF DEPT.,Accepted,BARREN,US0068,,EDMONTON,RD,,,CLOVERDALE,,,,,37.00993718,-85.77552549,21.704,8/24/2021,1315,1,1,0,0,CLEAR,DRY,FALSE,COLLISION WITH FIXED OBJECT IN INTERSECTION - FIRST EVENT COLLISION 09 - 32,SINGLE VEHICLE,CURVE & LEVEL,DAYLIGHT,,,44442.72587,FALSE,125,Accepted,5,5,O,,NOT UNDER PROPER CONTROL,
28596694,0050000,BARREN COUNTY SHERIFF DEPT.,Accepted,BARREN,KY0249,4090,ROSEVILLE,RD,,,,,,,,36.93474617,-85.91952916,12.154,8/26/2021,1252,1,1,0,1,CLEAR,DRY,FALSE,RAN OFF ROADWAY (1 VEHICLE WITH/EARTH EMBANKMENT/DITCH),SINGLE VEHICLE,CURVE & GRADE,DAYLIGHT,,,44442.72595,FALSE,125,Accepted,5,3,B,,NOT UNDER PROPER CONTROL,
28596696,0050000,BARREN COUNTY SHERIFF DEPT.,Accepted,BARREN,,437,POPLAR SPRING,RD,,,,,,,,36.9130285,-85.86089099,3.744,8/28/2021,1412,1,1,0,0,RAINING,WET,FALSE,RAN OFF ROADWAY (1 VEHICLE WITH/EARTH EMBANKMENT/DITCH),SINGLE VEHICLE,CURVE & GRADE,DAYLIGHT,,,44442.72602,FALSE,125,Accepted,5,5,O,SLIPPERY SURFACE,,
28596698,0050000,BARREN COUNTY SHERIFF DEPT.,Accepted,BARREN,KY0839,,NOBOB,RD,,,,,MOORE,,FLICKINGER,36.89228235,-85.78906753,4.433,9/1/2021,651,2,2,0,2,RAINING,WET,FALSE,SIDESWIPE COLLISION - SAME DIRECTION,SIDESWIPE-SAME DIRECTION,STRAIGHT & LEVEL,DAYLIGHT,,,44442.72607,FALSE,125,Accepted,5,3,B,,,
28598449,0050100,GLASGOW POLICE DEPARTMENT,Accepted,BARREN,,,HAPPY VALLEY,RD,,US0031E,L ROGERS WELLS,,,,,37.00956298,-85.92135953,0.004,9/1/2021,1309,2,2,0,0,CLEAR,DRY,FALSE,OTHER INTERSECTION COLLISIONS,REAR END,STRAIGHT & GRADE,DAYLIGHT,,,44443.28671,FALSE,50,Accepted,5,5,O,,INATTENTION,
28603779,0050000,BARREN COUNTY SHERIFF DEPT.,Accepted,BARREN,,,ONE TREE,LN,,,BEECHTREE,,,,,36.96036934,-85.92793685,0.016,8/14/2021,1426,2,2,0,0,CLEAR,DRY,FALSE,OPPOSITE DIRECTION - BOTH VEHICLES GOING STRAIGHT AHEAD,SIDESWIPE-OPPOSITE DIRECTION,STRAIGHT & LEVEL,DAYLIGHT,,,44445.36235,FALSE,125,Accepted,5,5,O,,,
28604242,KSP0300,"KY STATE POLICE, POST 03",Accepted,BARREN,KY0090,,HAPPY VALLEY,RD,,,,,,,,37.0666535,-85.96065003,5.36,9/2/2021,1927,2,2,0,0,CLEAR,DRY,FALSE,SIDESWIPE COLLISION - SAME DIRECTION,SIDESWIPE-SAME DIRECTION,STRAIGHT & HILLCREST,DARK-HWY NOT LIGHTED,,,44445.53606,FALSE,610,Accepted,5,5,O,,FAILED TO YIELD RIGHT OF WAY,
28607699,0050000,BARREN COUNTY SHERIFF DEPT.,Accepted,BARREN,LN9008,,LN9008 W,,,,,,,,,37.04947571,-86.0900726,1.385,9/6/2021,846,1,1,0,0,CLEAR,DRY,FALSE,COLLISION WITH FIXED OBJECT NON - INTERSECTION - FIRST EVENT COLLISION 09 - 32 EXCLUDING 16,SINGLE VEHICLE,STRAIGHT & LEVEL,DAYLIGHT,,,44446.35313,FALSE,170,Accepted,5,5,O,GLARE (SUN),,
28627117,0050000,BARREN COUNTY SHERIFF DEPT.,Accepted,BARREN,US0031EX,,PUBLIC,SQ,E,,,,,,,36.99528424,-85.91223604,1.423,9/7/2021,1222,2,2,0,0,CLEAR,DRY,FALSE,REAR END IN TRAFFIC LANES BOTH VEHICLES MOVING,REAR END,STRAIGHT & LEVEL,DAYLIGHT,,,44447.32949,FALSE,157,Accepted,5,5,O,,INATTENTION,
28627120,0050000,BARREN COUNTY SHERIFF DEPT.,Accepted,BARREN,KY0090,,HAPPY VALLEY,RD,,,,,,,,37.05610502,-85.95351417,6.152,9/6/2021,1616,2,2,0,0,CLEAR,DRY,FALSE,1 VEHICLE ENTERING/LEAVING ENTRANCE,ANGLE,STRAIGHT & LEVEL,DAYLIGHT,,,44447.32955,FALSE,181,Accepted,5,5,O,,INATTENTION,
28627278,0050100,GLASGOW POLICE DEPARTMENT,Accepted,BARREN,KY0090,,BURKESVILLE,RD,,LN9008,LN9008 W EXIT14 OFF RAMP TO KY90 W,,,,,36.9841738,-85.89531481,11.101,9/3/2021,1147,2,2,0,1,CLEAR,DRY,FALSE,ANGLE COLLISION - OTHER,ANGLE,STRAIGHT & LEVEL,DAYLIGHT,,,44447.34514,FALSE,2246,Accepted,5,3,B,,INATTENTION,
28634842,0050100,GLASGOW POLICE DEPARTMENT,Accepted,BARREN,US0068X,,MAIN,ST,W,,SAMSON,,,,,36.9986591,-85.91929384,2.143,9/3/2021,1122,2,2,0,0,CLEAR,DRY,FALSE,ANGLE COLLISION - OTHER,ANGLE,STRAIGHT & LEVEL,DAYLIGHT,,,44448.11352,FALSE,2286,Accepted,5,5,O,,INATTENTION,
28634843,0050100,GLASGOW POLICE DEPARTMENT,Accepted,BARREN,,103,CROSS,ST,,,,,,,,37.00020934,-85.92490426,0.064,9/7/2021,730,1,1,0,0,CLEAR,DRY,FALSE,COLLISION WITH FIXED OBJECT NON - INTERSECTION - FIRST EVENT COLLISION 09 - 32 EXCLUDING 16,SINGLE VEHICLE,STRAIGHT & LEVEL,DAYLIGHT,,,44448.11363,FALSE,2286,Accepted,5,5,O,OTHER,,
28634844,0050100,GLASGOW POLICE DEPARTMENT,Accepted,BARREN,,,REYNOLDS,RD,,,,,,,,37.0144115,-85.9295144,0.592,9/7/2021,958,2,2,0,0,CLEAR,DRY,FALSE,VEHICLE BACKING NON INTERSECTION,BACKING,STRAIGHT & LEVEL,DAYLIGHT,,,44448.11368,FALSE,2286,Accepted,5,5,O,,MISJUDGE CLEARANCE,
28638374,0050000,BARREN COUNTY SHERIFF DEPT.,Accepted,BARREN,KY0070,,HISEVILLE,RD,,KY2131,CORAL HILL HALFWAY,,,,,37.08121841,-85.79370035,16.934,9/7/2021,2056,1,1,0,0,CLEAR,DRY,TRUE,OTHER INTERSECTION COLLISIONS,SINGLE VEHICLE,STRAIGHT & LEVEL,DARK-HWY NOT LIGHTED,,,44448.53306,FALSE,173,Accepted,5,5,O,,,
28642990,0050100,GLASGOW POLICE DEPARTMENT,Accepted,BARREN,,,HAPPY VALLEY,RD,,US0031E,L ROGERS WELLS,,,,,37.00954504,-85.92131798,0.006,9/9/2021,1814,2,2,0,0,CLEAR,DRY,FALSE,SIDESWIPE-SAME DIRECTION,SIDESWIPE-SAME DIRECTION,STRAIGHT & LEVEL,DAYLIGHT,,,44449.30841,FALSE,2410,Accepted,5,5,O,,MISJUDGE CLEARANCE,
28643935,0050100,GLASGOW POLICE DEPARTMENT,Accepted,BARREN,KY0090,,HAPPY VALLEY,RD,,,,,SHALIMAR,,PIN OAK,37.01067532,-85.92370868,9.775,9/4/2021,1549,2,2,0,1,CLEAR,DRY,TRUE,REAR END IN TRAFFIC LANES BOTH VEHICLES MOVING,REAR END,STRAIGHT & LEVEL,DAYLIGHT,,,44449.54171,FALSE,2237,Accepted,4,4,C,,,
28646985,0050100,GLASGOW POLICE DEPARTMENT,Accepted,BARREN,,,TROJAN,TRL,,,,KY0249,ROSEVILLE,,HILLTOPPER,36.98203326,-85.91346217,0.003,9/10/2021,1848,1,1,0,0,CLEAR,DRY,FALSE,COLLISION WITH FIXED OBJECT NON - INTERSECTION - FIRST EVENT COLLISION 09 - 32 EXCLUDING 16,SINGLE VEHICLE,STRAIGHT & LEVEL,DAYLIGHT,,,44450.32907,FALSE,2268,Accepted,5,5,O,,"MISJUDGE CLEARANCE, NOT UNDER PROPER CONTROL",
28646988,0050100,GLASGOW POLICE DEPARTMENT,Accepted,BARREN,KY0090,,HAPPY VALLEY,RD,,,MAX WAGNER,,,,,37.02299769,-85.9346344,8.713,9/10/2021,1823,2,2,0,1,CLEAR,DRY,FALSE,VEHICLE BACKING IN INTERSECTION,BACKING,STRAIGHT & GRADE,DAYLIGHT,,,44450.32919,FALSE,2410,Accepted,5,3,B,,DISREGARD TRAFFIC CONTROL,
28652443,0050100,GLASGOW POLICE DEPARTMENT,Accepted,BARREN,US0068X,,MAIN,ST,W,,SHANK,,,,,37.00386505,-85.92944947,1.478,9/9/2021,1605,2,2,0,0,CLEAR,DRY,FALSE,OTHER INTERSECTION COLLISIONS,REAR END,STRAIGHT & LEVEL,DAYLIGHT,,,44452.33118,FALSE,2240,Accepted,5,5,O,,,BRAKES DEFECTIVE
28655561,0050100,GLASGOW POLICE DEPARTMENT,Accepted,BARREN,US0031EX,,RACE,ST,N,,,,BRAVO,,HOMEWOOD,37.01602984,-85.90644753,3.086,9/4/2021,250,1,1,0,0,CLEAR,DRY,FALSE,OTHER ROADWAY OR MID-BLOCK COLLISION,SINGLE VEHICLE,CURVE & GRADE,DARK-HWY LIGHTED/ON,,,44452.93179,FALSE,2287,Accepted,5,5,O,,"DISTRACTION, INATTENTION, NOT UNDER PROPER CONTROL",
28655562,0050100,GLASGOW POLICE DEPARTMENT,Accepted,BARREN,US0068X,,MAIN,ST,W,US0031E,L ROGERS WELLS,,,,,37.00205978,-85.92636221,1.69,9/11/2021,1114,2,2,0,0,CLEAR,DRY,FALSE,OTHER INTERSECTION COLLISIONS,REAR END,STRAIGHT & GRADE,DAYLIGHT,,,44452.93184,FALSE,2285,Accepted,5,5,O,,,BRAKES DEFECTIVE
28655563,0050100,GLASGOW POLICE DEPARTMENT,Accepted,BARREN,US0031E,,SCOTTSVILLE,RD,,,TROJAN,,,,,36.97959923,-85.93309135,12.594,9/12/2021,926,2,2,0,0,CLEAR,DRY,FALSE,OTHER INTERSECTION COLLISIONS,REAR END,STRAIGHT & LEVEL,DAYLIGHT,,,44452.93188,FALSE,2285,Accepted,5,5,O,,INATTENTION,
28655564,0050100,GLASGOW POLICE DEPARTMENT,Accepted,BARREN,,,GRANDVIEW,AVE,,,,US0031E,L ROGERS WELLS,,COMMERCIAL,36.99585614,-85.93088693,0.68,9/13/2021,1615,2,2,0,0,CLEAR,DRY,TRUE,SIDESWIPE COLLISION - SAME DIRECTION,SIDESWIPE-SAME DIRECTION,STRAIGHT & LEVEL,DAYLIGHT,,,44452.93193,FALSE,2285,Accepted,5,5,O,,IMPROPER PASSING,
28657073,0050100,GLASGOW POLICE DEPARTMENT,Accepted,BARREN,,,FRONT,ST,W,,FORD,,,,,36.99886919,-85.91391873,0.272,9/8/2021,1440,2,2,0,1,CLOUDY,WET,FALSE,ANGLE COLLISION - OTHER,ANGLE,STRAIGHT & LEVEL,DAYLIGHT,,,44453.38821,FALSE,2189,Accepted,4,4,C,,FATIGUE,
28657314,0050100,GLASGOW POLICE DEPARTMENT,Accepted,BARREN,US0031E,,L ROGERS WELLS,BLVD,N,,,,STONEHENGE,,HAPPY VALLEY,37.01127834,-85.91954216,15.006,9/14/2021,653,2,2,0,0,CLEAR,DRY,FALSE,SIDESWIPE COLLISION - SAME DIRECTION,SIDESWIPE-SAME DIRECTION,STRAIGHT & GRADE,DAYLIGHT,,,44453.44789,FALSE,2249,Accepted,5,5,O,,FAILED TO YIELD RIGHT OF WAY,
28664047,0370300,KY STATE PARK RANGERS DIVISION,Accepted,BARREN,,,STATE PARK,RD,,,,,,,,36.85468461,-86.05609438,0.162,9/10/2021,1508,2,2,0,1,CLEAR,DRY,FALSE,1 VEHICLE PARKED POSITION (NOT PARKING LOT/DRIVEWAY),BACKING,STRAIGHT & LEVEL,DAYLIGHT,,,44454.95711,FALSE,14,Accepted,3,3,B,,,
28665597,0050100,GLASGOW POLICE DEPARTMENT,Accepted,BARREN,KY0070,,HISEVILLE,RD,,,,,CREWS,,WILLIS,37.10272687,-85.82678346,14.393,9/8/2021,1600,3,3,0,0,CLEAR,DRY,FALSE,OTHER ROADWAY OR MID-BLOCK COLLISION,REAR END,STRAIGHT & LEVEL,DAYLIGHT,,,44455.40539,FALSE,2212,Accepted,5,5,O,,INATTENTION,