IncidentID,AgencyORI,AgencyName,IncidentStatusDesc,County,RdwyNumber,Street,RoadwayName,StreetSfx,StreetDir,IntersectionRdwy,IntersectionRdwyName,BetweenStRdwy1,BetweenStRdwyName1,BetweenStRdwy2,BetweenStRdwyName2,Latitude,Longitude,Milepoint,CollisionDate,CollisionTime,UnitsInvolved,MotorVehiclesInvolved,NumberKilled,NumberInjured,Weather,RdwyConditionCode,HitandRun,DirAnalysisCode,MannerofCollision,RdwyCharacter,LightCondition,RampFromRdwyId,RampToRdwyId,AcceptedDate,IsSecondaryCollision,OwnerBadge,IncidentStatus,InjurySeverityCde,KABCO_Code,KABCO,Environmental_Factors,Human_Factors,Vehicular_Factors
28665601,0050100,GLASGOW POLICE DEPARTMENT,Accepted,BARREN,LN9008,,LN9008 W,,,,,LN9008,LN9008 W EXIT15 ON RAMP FROM KY1519,LN9008,LN9008 TURN AROUND15,36.99412209,-85.87755339,15.254,9/15/2021,749,1,1,0,0,RAINING,WET,FALSE,RAN OFF ROADWAY (1 VEHICLE WITH/EARTH EMBANKMENT/DITCH),SINGLE VEHICLE,STRAIGHT & LEVEL,DAYLIGHT,,,44455.40552,FALSE,2237,Accepted,5,5,O,"SLIPPERY SURFACE, WATER POOLING",,
28669596,0050100,GLASGOW POLICE DEPARTMENT,Accepted,BARREN,US0031EX,,RACE,ST,N,,CHERRY,,,,,37.00168045,-85.90948997,1.931,9/13/2021,1406,2,2,0,0,CLEAR,DRY,FALSE,OPPOSITE DIRECTION - BOTH VEHICLES GOING STRAIGHT AHEAD,SIDESWIPE-OPPOSITE DIRECTION,STRAIGHT & GRADE,DAYLIGHT,,,44456.32807,FALSE,2219,Accepted,5,5,O,,,
28670334,0050100,GLASGOW POLICE DEPARTMENT,Accepted,BARREN,,,SCOTTIE,DR,,,,,ASHWOOD,US0068X,COLUMBIA,37.01020431,-85.88715868,0.13,8/18/2021,1520,2,2,0,0,CLOUDY,WET,FALSE,1 VEHICLE ENTERING/LEAVING ENTRANCE,ANGLE,STRAIGHT & LEVEL,DAYLIGHT,,,44456.48236,FALSE,2278,Accepted,5,5,O,,FAILED TO YIELD RIGHT OF WAY,
28671123,0050100,GLASGOW POLICE DEPARTMENT,Accepted,BARREN,US0031E,2158,SCOTTSVILLE,RD,,,,,,,,36.97332968,-85.93945531,12.037,9/16/2021,1350,2,2,0,0,CLEAR,DRY,FALSE,REAR END IN TRAFFIC LANES BOTH VEHICLES MOVING,REAR END,STRAIGHT & LEVEL,DAYLIGHT,,,44456.66587,FALSE,2285,Accepted,5,5,O,,DRUG INVOLVEMENT,
28671155,0050100,GLASGOW POLICE DEPARTMENT,Accepted,BARREN,US0031E,,L ROGERS WELLS,BLVD,S,US0068X,MAIN,,,,,37.00205224,-85.92639184,14.257,9/16/2021,1024,2,2,0,0,CLEAR,DRY,FALSE,OTHER INTERSECTION COLLISIONS,REAR END,STRAIGHT & GRADE,DAYLIGHT,,,44456.66855,FALSE,2291,Accepted,5,5,O,,"MISJUDGE CLEARANCE, INATTENTION",
28671385,0050100,GLASGOW POLICE DEPARTMENT,Accepted,BARREN,US0031E,,SCOTTSVILLE,RD,,,TROJAN,,,,,36.97953057,-85.93316805,12.587,9/13/2021,750,2,1,0,0,CLEAR,DRY,FALSE,SIDESWIPE-SAME DIRECTION,SIDESWIPE-SAME DIRECTION,STRAIGHT & LEVEL,DAYLIGHT,,,44456.66757,FALSE,2291,Accepted,5,5,O,,IMPROPER PASSING,
28673216,0050100,GLASGOW POLICE DEPARTMENT,Accepted,BARREN,,,GRANDVIEW,AVE,,,SORENSON,,,,,36.99736383,-85.9372379,0.312,9/16/2021,830,2,2,0,0,CLEAR,DRY,FALSE,ANGLE COLLISION - OTHER,ANGLE,STRAIGHT & LEVEL,DAYLIGHT,,,44457.32176,FALSE,50,Accepted,5,5,O,,INATTENTION,
28673218,0050100,GLASGOW POLICE DEPARTMENT,Accepted,BARREN,,,RACE,ST,S,,COLLEGE,,,,,36.99377094,-85.91452753,0.063,9/15/2021,1134,2,2,0,0,RAINING,WET,FALSE,VEHICLE BACKING IN INTERSECTION,BACKING,STRAIGHT & GRADE,DAYLIGHT,,,44457.32186,FALSE,2189,Accepted,5,5,O,,IMPROPER BACKING,
28675704,0050100,GLASGOW POLICE DEPARTMENT,Accepted,BARREN,US0031EX,,GREEN,ST,S,,,,DELLWOOD APARTMENTS,,JAMES T ROGERS,36.98327291,-85.92930747,0.12,9/18/2021,1919,2,2,0,0,CLEAR,WET,FALSE,REAR END IN TRAFFIC LANES BOTH VEHICLES MOVING,REAR END,STRAIGHT & LEVEL,DARK-HWY LIGHTED/ON,,,44458.30221,FALSE,2410,Accepted,5,5,O,,INATTENTION,
28675705,0050100,GLASGOW POLICE DEPARTMENT,Accepted,BARREN,KY0090,,HAPPY VALLEY,RD,,,,US0068,VETERANS OUTER,,MAX WAGNER,37.02372116,-85.93528295,8.64,9/18/2021,1955,2,2,0,0,CLEAR,WET,FALSE,1 VEHICLE ENTERING/LEAVING ENTRANCE,ANGLE,STRAIGHT & LEVEL,DARK-HWY LIGHTED/ON,,,44458.30226,FALSE,2410,Accepted,5,5,O,,INATTENTION,
28676865,0050100,GLASGOW POLICE DEPARTMENT,Accepted,BARREN,US0068X,,MAIN,ST,W,US0031E,L ROGERS WELLS,,,,,37.0019931,-85.92622306,1.683,9/18/2021,955,2,2,0,0,RAINING,WET,FALSE,OTHER INTERSECTION COLLISIONS,REAR END,STRAIGHT & GRADE,DAYLIGHT,,,44458.80051,FALSE,2240,Accepted,5,5,O,,OTHER,
28678667,0050000,BARREN COUNTY SHERIFF DEPT.,Accepted,BARREN,,,SIDDENS,RD,,,,,,,,36.98755968,-86.0118074,0.008,9/10/2021,1813,2,2,0,0,CLEAR,DRY,FALSE,REAR END IN TRAFFIC LANES BOTH VEHICLES MOVING,REAR END,STRAIGHT & LEVEL,DAYLIGHT,,,44459.34574,FALSE,181,Accepted,5,5,O,,OTHER,
28678671,0050000,BARREN COUNTY SHERIFF DEPT.,Accepted,BARREN,,954,CARDEN,RD,,,,,,,,37.04730667,-85.9690941,2.587,9/2/2021,1314,1,1,0,1,CLOUDY,WET,FALSE,COLLISION WITH FIXED OBJECT NON - INTERSECTION - FIRST EVENT COLLISION 09 - 32 EXCLUDING 16,SINGLE VEHICLE,CURVE & LEVEL,DARK-HWY NOT LIGHTED,,,44459.34586,FALSE,125,Accepted,5,3,B,ANIMALS ACTION,,
28678672,0050000,BARREN COUNTY SHERIFF DEPT.,Accepted,BARREN,,100,GOODNIGHT HISEVILLE,RD,,,,,,,,37.08613038,-85.87873976,0.158,9/2/2021,828,2,2,0,0,CLEAR,DRY,FALSE,SIDESWIPE COLLISION - OPPOSITE DIRECTION,SIDESWIPE-OPPOSITE DIRECTION,STRAIGHT & GRADE,DAYLIGHT,,,44459.3459,FALSE,125,Accepted,5,5,O,,,
28678676,0050000,BARREN COUNTY SHERIFF DEPT.,Accepted,BARREN,,,WINDY HILL,RD,,US0031E,SCOTTSVILLE,,,,,36.94151889,-85.97915109,0.194,9/8/2021,1444,2,2,0,1,RAINING,WET,FALSE,OTHER INTERSECTION COLLISIONS,REAR END,STRAIGHT & GRADE,DAYLIGHT,,,44459.34601,FALSE,125,Accepted,3,3,B,SLIPPERY SURFACE,,
28678679,0050000,BARREN COUNTY SHERIFF DEPT.,Accepted,BARREN,KY1297,,OLD BOWLING GREEN,RD,,,,,FRONTAGE,,FRONTAGE,36.99023313,-85.97506171,10.185,8/26/2021,1533,1,1,0,0,CLEAR,DRY,FALSE,OTHER ROADWAY OR MID-BLOCK COLLISION,SINGLE VEHICLE,STRAIGHT & LEVEL,DAYLIGHT,,,44459.34611,FALSE,172,Accepted,5,5,O,,,TOW HITCH DEFECTIVE/UNIT SEPARATION
28678686,0050000,BARREN COUNTY SHERIFF DEPT.,Accepted,BARREN,,,HAPPY HOLLOW,RD,,,,KY0063,TOMPKINSVILLE,,RIGNEY,36.87419254,-85.86578435,1.517,9/6/2021,1526,1,1,0,1,CLEAR,DRY,FALSE,RAN OFF ROADWAY (1 VEHICLE WITH/EARTH EMBANKMENT/DITCH),SINGLE VEHICLE,CURVE & LEVEL,DAYLIGHT,,,44459.34622,FALSE,172,Accepted,3,3,B,,,TIRES
28678692,0050000,BARREN COUNTY SHERIFF DEPT.,Accepted,BARREN,KY0249,,ROSEVILLE,RD,,,,,,,,36.84495335,-85.91644641,5.635,8/23/2021,1745,2,2,0,0,CLEAR,DRY,TRUE,SIDESWIPE COLLISION - SAME DIRECTION,SIDESWIPE-SAME DIRECTION,STRAIGHT & GRADE,DAYLIGHT,,,44459.34635,FALSE,163,Accepted,5,5,O,,"IMPROPER PASSING, MISJUDGE CLEARANCE",
28678694,0050000,BARREN COUNTY SHERIFF DEPT.,Accepted,BARREN,US0068,,NEW BOWLING GREEN,RD,,,,,,,,37.01788529,-85.97943467,8.541,8/26/2021,1623,2,2,0,0,CLEAR,DRY,FALSE,REAR END IN TRAFFIC LANES BOTH VEHICLES MOVING,REAR END,STRAIGHT & HILLCREST,DAYLIGHT,,,44459.3464,FALSE,163,Accepted,5,5,O,GLARE (SUN),INATTENTION,
28678697,0050000,BARREN COUNTY SHERIFF DEPT.,Accepted,BARREN,,,BLAINE EVANS,RD,,,,,,,,36.98765117,-86.12726726,0.699,9/12/2021,1654,1,1,0,0,CLEAR,DRY,FALSE,COLLISION WITH ANIMAL NON INTERSECTION,SINGLE VEHICLE,STRAIGHT & LEVEL,DAYLIGHT,,,44459.34646,FALSE,181,Accepted,5,5,O,ANIMALS ACTION,,
28678707,0050000,BARREN COUNTY SHERIFF DEPT.,Accepted,BARREN,KY0740,,HISEVILLE PARK,RD,,,,,,,,37.12109221,-85.79016434,9.508,9/15/2021,300,1,1,0,0,CLEAR,DRY,FALSE,COLLISION WITH ANIMAL NON INTERSECTION,SINGLE VEHICLE,STRAIGHT & GRADE,DARK-HWY NOT LIGHTED,,,44459.34659,FALSE,164,Accepted,5,5,O,,,
28678709,0050000,BARREN COUNTY SHERIFF DEPT.,Accepted,BARREN,KY0740,1890,CORAL HILL,RD,,,,,,,,37.03475992,-85.86573419,1.846,9/15/2021,715,1,1,0,0,RAINING,WET,FALSE,RAN OFF ROADWAY (1 VEHICLE WITH/EARTH EMBANKMENT/DITCH),SINGLE VEHICLE,CURVE & HILLCREST,DAYLIGHT,,,44459.34664,FALSE,170,Accepted,5,5,O,"ANIMALS ACTION, SLIPPERY SURFACE",,
28678717,0050000,BARREN COUNTY SHERIFF DEPT.,Accepted,BARREN,LN9008,,LN9008 E,,,,,,,,,36.99500142,-85.98860073,8.219,9/18/2021,708,1,1,0,1,RAINING,WET,FALSE,COLLISION WITH FIXED OBJECT NON - INTERSECTION - FIRST EVENT COLLISION 09 - 32 EXCLUDING 16,SINGLE VEHICLE,STRAIGHT & GRADE,DAYLIGHT,,,44459.34676,FALSE,157,Accepted,5,4,C,SLIPPERY SURFACE,,
28680585,0050100,GLASGOW POLICE DEPARTMENT,Accepted,BARREN,,,HAPPY VALLEY,RD,,,,,WEDGEWOOD,,CIRCLE SPRING,37.008277,-85.9181864,0.2,9/17/2021,1128,2,2,0,0,CLEAR,DRY,FALSE,OTHER ROADWAY OR MID-BLOCK COLLISION,REAR END,STRAIGHT & GRADE,DAYLIGHT,,,44459.59791,FALSE,2285,Accepted,5,5,O,,INATTENTION,
28680587,0050100,GLASGOW POLICE DEPARTMENT,Accepted,BARREN,KY0090,,HAPPY VALLEY,RD,,,,,DRIPPING SPRINGS,,FLINT KNOB,37.04158212,-85.94608229,7.28,9/18/2021,1042,2,2,0,1,CLOUDY,WET,FALSE,REAR END IN TRAFFIC LANES BOTH VEHICLES MOVING,REAR END,STRAIGHT & LEVEL,DAYLIGHT,,,44459.5986,FALSE,2237,Accepted,3,3,B,,OTHER,
28683614,0050100,GLASGOW POLICE DEPARTMENT,Accepted,BARREN,LN9008,,LN9008 E,,,,,LN9008,LN9008 E EXIT8 OFF RAMP TO KY3600,,BISHOP,36.99559841,-85.98945468,8.158,9/20/2021,101,1,1,0,0,RAINING,WATER (STANDING OR MOVING),FALSE,RAN OFF ROADWAY (1 VEHICLE WITH/EARTH EMBANKMENT/DITCH),SINGLE VEHICLE,STRAIGHT & GRADE,DARK (UNKNOWN ROADWAY LIGHTING),,,44460.30512,FALSE,2268,Accepted,5,5,O,WATER POOLING,,
28683617,0050100,GLASGOW POLICE DEPARTMENT,Accepted,BARREN,KY2207,,FORK,RD,S,,,,BLUE SKY,,BAYLES,36.97195169,-85.95826151,3.421,9/20/2021,1820,1,1,0,0,CLEAR,WET,FALSE,RAN OFF ROADWAY (1 VEHICLE WITH/EARTH EMBANKMENT/DITCH),SINGLE VEHICLE,CURVE & GRADE,DAYLIGHT,,,44460.30519,FALSE,2268,Accepted,5,5,O,SLIPPERY SURFACE,,
28683671,0050000,BARREN COUNTY SHERIFF DEPT.,Accepted,BARREN,KY0249,,ROSEVILLE,RD,,,,,,,,36.92587878,-85.91913604,11.529,9/16/2021,2242,1,1,0,0,CLEAR,DRY,FALSE,COLLISION WITH FIXED OBJECT NON - INTERSECTION - FIRST EVENT COLLISION 09 - 32 EXCLUDING 16,SINGLE VEHICLE,STRAIGHT & LEVEL,DARK-HWY NOT LIGHTED,,,44460.3232,FALSE,174,Accepted,5,5,O,ANIMALS ACTION,NOT UNDER PROPER CONTROL,
28683673,0050000,BARREN COUNTY SHERIFF DEPT.,Accepted,BARREN,KY0090,,BURKESVILLE,RD,,,,,,,,36.9060032,-85.75749646,20.941,9/18/2021,1327,1,1,0,2,CLEAR,WET,FALSE,COLLISION WITH FIXED OBJECT NON - INTERSECTION - FIRST EVENT COLLISION 09 - 32 EXCLUDING 16,SINGLE VEHICLE,CURVE & LEVEL,DAYLIGHT,,,44460.32326,FALSE,181,Accepted,5,2,A,,"ALCOHOL INVOLVEMENT, EXCEEDED STATED SPEED LIMIT, NOT UNDER PROPER CONTROL",
28684552,0050200,CAVE CITY POLICE DEPARTMENT,Accepted,BARREN,,,1ST,ST,N,,,KY0070,MAMMOTH CAVE,KY0070,BROADWAY,37.13868355,-85.95933585,0.002,8/18/2021,1534,1,1,0,0,CLEAR,DRY,FALSE,COLLISION WITH FIXED OBJECT NON - INTERSECTION - FIRST EVENT COLLISION 09 - 32 EXCLUDING 16,SINGLE VEHICLE,STRAIGHT & LEVEL,DAYLIGHT,,,44460.49179,FALSE,610,Accepted,5,5,O,,,BRAKES DEFECTIVE
28684560,0050200,CAVE CITY POLICE DEPARTMENT,Accepted,BARREN,US0031W,419,DIXIE,HWY,N,,,,,,,37.142274,-85.94876248,7.983,8/24/2021,607,4,4,0,1,CLEAR,DRY,FALSE,1 VEHICLE PARKED POSITION (NOT PARKING LOT/DRIVEWAY),ANGLE,STRAIGHT & LEVEL,DAYLIGHT,,,44460.49213,FALSE,609,Accepted,5,4,C,,FELL ASLEEP,
28684569,0050200,CAVE CITY POLICE DEPARTMENT,Accepted,BARREN,US0031W,,DIXIE,HWY,S,,,,,,,37.135637,-85.95599767,7.391,8/25/2021,1015,2,2,0,0,CLEAR,DRY,FALSE,OTHER ROADWAY OR MID-BLOCK COLLISION,REAR END,STRAIGHT & LEVEL,DAYLIGHT,,,44460.4924,FALSE,603,Accepted,5,5,O,,INATTENTION,
28684571,0050200,CAVE CITY POLICE DEPARTMENT,Accepted,BARREN,,,GRINSTEAD MILL,RD,,,,,,,,37.13963023,-85.95911897,0.058,9/2/2021,1529,2,2,0,0,CLEAR,DRY,FALSE,SIDESWIPE COLLISION - OPPOSITE DIRECTION,SIDESWIPE-OPPOSITE DIRECTION,CURVE & LEVEL,DAYLIGHT,,,44460.49251,FALSE,610,Accepted,5,5,O,,,
28684573,0050200,CAVE CITY POLICE DEPARTMENT,Accepted,BARREN,KY0090,,HAPPY VALLEY,ST,,,,,,,,37.12961045,-85.96498087,0.668,9/3/2021,1958,2,2,0,0,CLEAR,DRY,FALSE,REAR END IN TRAFFIC LANES BOTH VEHICLES MOVING,REAR END,STRAIGHT & LEVEL,DARK-HWY LIGHTED/ON,,,44460.49258,FALSE,603,Accepted,5,5,O,,INATTENTION,
28684711,0050200,CAVE CITY POLICE DEPARTMENT,Accepted,BARREN,KY0070,901,MAMMOTH CAVE,RD,,,,,,,,37.13552262,-85.98782406,4.588,9/13/2021,615,1,1,0,0,CLEAR,DRY,FALSE,COLLISION WITH ANIMAL NON INTERSECTION,SINGLE VEHICLE,STRAIGHT & GRADE,DUSK,,,44460.50956,FALSE,608,Accepted,5,5,O,ANIMALS ACTION,,
28684712,0050200,CAVE CITY POLICE DEPARTMENT,Accepted,BARREN,US0031W,,DIXIE,HWY,S,,,,,,,37.12826,-85.96288641,6.782,9/13/2021,1821,2,2,0,0,CLEAR,DRY,FALSE,1 VEHICLE ENTERING/LEAVING ENTRANCE,ANGLE,STRAIGHT & LEVEL,DAYLIGHT,,,44460.50966,FALSE,605,Accepted,5,5,O,,INATTENTION,
28684715,0050200,CAVE CITY POLICE DEPARTMENT,Accepted,BARREN,KY0090,,HAPPY VALLEY,ST,E,US0031W,DIXIE,,,,,37.12814358,-85.96301105,0.823,9/14/2021,2033,2,2,0,0,CLEAR,DRY,FALSE,ANGLE COLLISION - OTHER,ANGLE,STRAIGHT & LEVEL,DARK-HWY LIGHTED/ON,,,44460.5099,FALSE,610,Accepted,5,5,O,,INATTENTION,
28684719,0050200,CAVE CITY POLICE DEPARTMENT,Accepted,BARREN,US0031W,,DIXIE,HWY,S,,,,,,,37.13572902,-85.95590308,7.399,9/18/2021,1118,2,2,0,0,RAINING,WATER (STANDING OR MOVING),FALSE,COLLISION WITH FIXED OBJECT NON - INTERSECTION - FIRST EVENT COLLISION 09 - 32 EXCLUDING 16,REAR END,STRAIGHT & LEVEL,DAYLIGHT,,,44460.51077,FALSE,608,Accepted,5,5,O,SLIPPERY SURFACE,FOLLOWING TOO CLOSE,
28687642,0050100,GLASGOW POLICE DEPARTMENT,Accepted,BARREN,KY0090,,MAIN,ST,E,,HUMBLE,,,,,36.99196519,-85.90384425,10.379,9/11/2021,931,2,2,0,0,CLEAR,DRY,FALSE,ANGLE COLLISION - OTHER,ANGLE,STRAIGHT & HILLCREST,DAYLIGHT,,,44461.15599,FALSE,2286,Accepted,5,5,O,,INATTENTION,BRAKES DEFECTIVE
28687655,0050100,GLASGOW POLICE DEPARTMENT,Accepted,BARREN,KY0090,,HAPPY VALLEY,RD,,US0068,VETERANS OUTER,,,,,37.02442468,-85.93597508,8.571,9/16/2021,1610,2,2,0,0,CLEAR,DRY,FALSE,OTHER INTERSECTION COLLISIONS,REAR END,STRAIGHT & LEVEL,DAYLIGHT,,,44461.15627,FALSE,2286,Accepted,5,5,O,,INATTENTION,
28687656,0050100,GLASGOW POLICE DEPARTMENT,Accepted,BARREN,,,CRANBROOK,DR,,,,,,,,37.01500397,-85.91123937,0.113,9/11/2021,1955,2,2,0,0,CLEAR,DRY,FALSE,1 VEHICLE PARKED POSITION (NOT PARKING LOT/DRIVEWAY),BACKING,STRAIGHT & LEVEL,DARK-HWY LIGHTED/ON,,,44461.15631,FALSE,2273,Accepted,5,5,O,,ALCOHOL INVOLVEMENT,
28693044,0050100,GLASGOW POLICE DEPARTMENT,Accepted,BARREN,,,BROOK,EST,E,,,,,,,37.00229482,-85.8901266,0.294,9/20/2021,1700,2,2,0,0,CLOUDY,WET,FALSE,VEHICLE BACKING NON INTERSECTION,BACKING,STRAIGHT & LEVEL,DAYLIGHT,,,44462.47655,FALSE,2207,Accepted,5,5,O,,INATTENTION,
28699216,0050100,GLASGOW POLICE DEPARTMENT,Accepted,BARREN,US0068X,,MAIN,ST,W,,,,,,,37.00936874,-85.93947355,0.774,9/23/2021,2003,1,1,0,0,CLEAR,DRY,FALSE,COLLISION WITH ANIMAL NON INTERSECTION,SINGLE VEHICLE,STRAIGHT & LEVEL,DARK-HWY LIGHTED/ON,,,44463.30031,FALSE,2410,Accepted,5,5,O,,,
28700477,0050000,BARREN COUNTY SHERIFF DEPT.,Accepted,BARREN,,,BLUFF SPRINGS,RD,,,,,,,,36.97503505,-85.81492589,1.005,9/18/2021,1145,2,2,0,0,CLEAR,WET,FALSE,1 VEHICLE PARKED POSITION (NOT PARKING LOT/DRIVEWAY),ANGLE,STRAIGHT & LEVEL,DAYLIGHT,,,44463.5732,FALSE,157,Accepted,5,5,O,,,
28700479,0050000,BARREN COUNTY SHERIFF DEPT.,Accepted,BARREN,KY0252,,FINNEY,RD,,,,,,,,36.91799603,-86.09898283,2.285,9/24/2021,830,1,1,0,0,CLEAR,DRY,FALSE,COLLISION WITH ANIMAL NON INTERSECTION,SINGLE VEHICLE,CURVE & GRADE,DAYLIGHT,,,44463.57342,FALSE,157,Accepted,5,5,O,,,
28701550,0050100,GLASGOW POLICE DEPARTMENT,Accepted,BARREN,KY0090,,MAIN,ST,E,,LEWIS,,,,,36.99499197,-85.90965756,9.992,9/4/2021,1342,3,3,0,0,CLEAR,DRY,FALSE,ANGLE COLLISION - OTHER,ANGLE,STRAIGHT & GRADE,DAYLIGHT,,,44463.79878,FALSE,2229,Accepted,5,5,O,,"FAILED TO YIELD RIGHT OF WAY, INATTENTION",
28703381,0050100,GLASGOW POLICE DEPARTMENT,Accepted,BARREN,,,BEAVER,TRL,,KY0090,HAPPY VALLEY,,,,,37.02652077,-85.938041,0.001,9/22/2021,1220,2,2,0,0,CLOUDY,WET,TRUE,SIDESWIPE-SAME DIRECTION,SIDESWIPE-SAME DIRECTION,STRAIGHT & LEVEL,DAYLIGHT,,,44464.5254,FALSE,2286,Accepted,5,5,O,,OTHER,
28708577,0050000,BARREN COUNTY SHERIFF DEPT.,Accepted,BARREN,KY0740,,CORAL HILL,RD,,,DOE RUN,,,,,37.01720247,-85.87639673,0.452,9/23/2021,730,2,2,0,0,CLEAR,DRY,FALSE,ANGLE COLLISION - OTHER,ANGLE,STRAIGHT & LEVEL,DAYLIGHT,,,44466.3323,FALSE,124,Accepted,5,5,O,GLARE (SUN),,
28708581,0050000,BARREN COUNTY SHERIFF DEPT.,Accepted,BARREN,KY0090,,HAPPY VALLEY,RD,,,,,,,,37.07405821,-85.96451996,4.808,9/24/2021,1345,2,2,0,0,CLEAR,DRY,FALSE,REAR END IN TRAFFIC LANES BOTH VEHICLES MOVING,REAR END,STRAIGHT & LEVEL,DAYLIGHT,,,44466.33239,FALSE,124,Accepted,5,5,O,,INATTENTION,
28722436,0050100,GLASGOW POLICE DEPARTMENT,Accepted,BARREN,,210,FRAZIER,AVE,,,,,SALMON,,SIMMONS,36.99672641,-85.9017047,0.152,9/26/2021,1731,1,1,0,0,CLEAR,DRY,FALSE,COLLISION WITH FIXED OBJECT NON - INTERSECTION - FIRST EVENT COLLISION 09 - 32 EXCLUDING 16,SINGLE VEHICLE,STRAIGHT & GRADE,DAYLIGHT,,,44466.79697,FALSE,2277,Accepted,5,5,O,,IMPROPER BACKING,BRAKES DEFECTIVE
28722440,0050100,GLASGOW POLICE DEPARTMENT,Accepted,BARREN,,,G L COMER,RD,,,,,YMCA,US0068X,MAIN,37.00836361,-85.93324417,0.11,9/25/2021,1444,1,1,0,0,CLEAR,DRY,FALSE,COLLISION WITH FIXED OBJECT NON - INTERSECTION - FIRST EVENT COLLISION 09 - 32 EXCLUDING 16,SINGLE VEHICLE,CURVE & LEVEL,DAYLIGHT,,,44466.79706,FALSE,2285,Accepted,5,5,O,,,TIRE FAILURE
28743285,0050100,GLASGOW POLICE DEPARTMENT,Accepted,BARREN,US0031E,,L ROGERS WELLS,BLVD,S,,CLEVELAND,,,,,36.98934112,-85.93220954,13.299,9/24/2021,1540,2,2,0,0,CLEAR,DRY,FALSE,OPPOSING LEFT TURN,OPPOSING LEFT TURN,STRAIGHT & GRADE,DAYLIGHT,,,44467.7418,FALSE,2240,Accepted,5,5,O,,,BRAKES DEFECTIVE
28743296,0050100,GLASGOW POLICE DEPARTMENT,Accepted,BARREN,US0031EX,,RACE,ST,N,,CHERRY,,,,,37.00172505,-85.90947753,1.929,9/28/2021,1237,2,2,0,0,CLEAR,DRY,FALSE,SIDESWIPE-SAME DIRECTION,SIDESWIPE-SAME DIRECTION,STRAIGHT & LEVEL,DAYLIGHT,,,44467.74197,FALSE,50,Accepted,5,5,O,,INATTENTION,
28745668,0050100,GLASGOW POLICE DEPARTMENT,Accepted,BARREN,US0031E,,JACKSON,HWY,N,,,,COUNTRY CLUB,,HUTCHERSON,37.03875702,-85.90187422,17.433,9/23/2021,437,2,2,0,0,CLEAR,DRY,FALSE,REAR END IN TRAFFIC LANES BOTH VEHICLES MOVING,REAR END,STRAIGHT & LEVEL,DAYLIGHT,,,44467.79717,FALSE,2229,Accepted,5,5,O,,INATTENTION,
28751935,0050000,BARREN COUNTY SHERIFF DEPT.,Accepted,BARREN,KY2198,,LICK BRANCH,RD,,,HOLLOW,,,,,36.96427992,-85.84831977,1.484,9/27/2021,921,2,2,0,0,CLEAR,DRY,FALSE,ANGLE COLLISION - OTHER,ANGLE,STRAIGHT & HILLCREST,DAYLIGHT,,,44468.33658,FALSE,170,Accepted,5,5,O,,INATTENTION,
28751939,0050000,BARREN COUNTY SHERIFF DEPT.,Accepted,BARREN,,,LOVE KNOB,RD,,,,,,,,37.02363202,-85.77042204,1.094,9/26/2021,2104,1,1,0,0,CLEAR,DRY,FALSE,RAN OFF ROADWAY (1 VEHICLE WITH/EARTH EMBANKMENT/DITCH),SINGLE VEHICLE,CURVE & LEVEL,DARK-HWY NOT LIGHTED,,,44468.33668,FALSE,181,Accepted,5,5,O,,,
28767228,0050100,GLASGOW POLICE DEPARTMENT,Accepted,BARREN,US0068X,,COLUMBIA,AVE,,,BRYAN,,,,,36.99879454,-85.90427957,3.058,9/28/2021,1730,2,2,0,1,CLEAR,DRY,FALSE,REAR END - ONE VEHICLE TURNING RIGHT,REAR END,STRAIGHT & GRADE,DAYLIGHT,,,44468.79526,FALSE,2229,Accepted,5,3,B,,INATTENTION,
28767232,0050100,GLASGOW POLICE DEPARTMENT,Accepted,BARREN,KY0090,,HAPPY VALLEY,RD,,,PIN OAK,,,,,37.01121408,-85.92447624,9.717,9/28/2021,1129,2,2,0,0,CLEAR,DRY,TRUE,OTHER INTERSECTION COLLISIONS,REAR END,STRAIGHT & LEVEL,DAYLIGHT,,,44468.79534,FALSE,2229,Accepted,5,5,O,,"CELL PHONE, INATTENTION",
28775986,0050100,GLASGOW POLICE DEPARTMENT,Accepted,BARREN,KY0090,,BURKESVILLE,RD,,,,,MACKAY,LN9008,LN9008 E EXIT14 OFF RAMP TO KY90 E,36.98167422,-85.89320247,11.302,9/1/2021,1137,2,2,0,1,CLEAR,DRY,FALSE,1 VEHICLE ENTERING/LEAVING ENTRANCE,ANGLE,STRAIGHT & LEVEL,DAYLIGHT,,,44469.3052,FALSE,2410,Accepted,5,3,B,,,
28781672,0050100,GLASGOW POLICE DEPARTMENT,Accepted,BARREN,US0031E,,JACKSON,HWY,N,,,US0068,VETERANS OUTER,US0068,VETERANS OUTER,37.03281723,-85.90581914,16.955,9/20/2021,1057,3,3,0,4,RAINING,WET,FALSE,1 VEHICLE ENTERING/LEAVING ENTRANCE,ANGLE,STRAIGHT & LEVEL,DAYLIGHT,,,44470.51144,FALSE,2237,Accepted,5,3,B,,"OTHER, TURNING IMPROPERLY",
28781708,0050100,GLASGOW POLICE DEPARTMENT,Accepted,BARREN,US0068X,,MAIN,ST,W,,REYNOLDS,,,,,37.00849763,-85.93677419,0.954,9/29/2021,1600,2,2,0,0,CLEAR,DRY,FALSE,SIDESWIPE-SAME DIRECTION,SIDESWIPE-SAME DIRECTION,STRAIGHT & LEVEL,DAYLIGHT,,,44470.51223,FALSE,2207,Accepted,5,5,O,,"INATTENTION, TURNING IMPROPERLY",