IncidentID,AgencyORI,AgencyName,IncidentStatusDesc,County,RdwyNumber,Street,RoadwayName,StreetSfx,StreetDir,IntersectionRdwy,IntersectionRdwyName,BetweenStRdwy1,BetweenStRdwyName1,BetweenStRdwy2,BetweenStRdwyName2,Latitude,Longitude,Milepoint,CollisionDate,CollisionTime,UnitsInvolved,MotorVehiclesInvolved,NumberKilled,NumberInjured,Weather,RdwyConditionCode,HitandRun,DirAnalysisCode,MannerofCollision,RdwyCharacter,LightCondition,RampFromRdwyId,RampToRdwyId,AcceptedDate,IsSecondaryCollision,OwnerBadge,IncidentStatus,InjurySeverityCde,KABCO_Code,KABCO,Environmental_Factors,Human_Factors,Vehicular_Factors
28781709,0050100,GLASGOW POLICE DEPARTMENT,Accepted,BARREN,KY0090,,HAPPY VALLEY,RD,,,,US0031E,L ROGERS WELLS,,ENSMINGER,37.00964603,-85.92153279,9.915,9/29/2021,1006,3,3,0,0,CLEAR,DRY,FALSE,REAR END IN TRAFFIC LANES BOTH VEHICLES MOVING,REAR END,STRAIGHT & LEVEL,DAYLIGHT,,,44470.51241,FALSE,2237,Accepted,5,5,O,,OTHER,
28781850,0050100,GLASGOW POLICE DEPARTMENT,Accepted,BARREN,,,PARKVIEW,DR,,,,KY1297,OLD BOWLING GREEN,,NOAH,36.98741681,-85.93869845,0.053,9/24/2021,1438,2,1,0,0,CLEAR,DRY,FALSE,REAR END IN TRAFFIC LANES BOTH VEHICLES MOVING,REAR END,STRAIGHT & LEVEL,DAYLIGHT,,,44470.51178,FALSE,2237,Accepted,5,5,O,,"ALCOHOL INVOLVEMENT, DRUG INVOLVEMENT",
28782377,0050100,GLASGOW POLICE DEPARTMENT,Accepted,BARREN,US0031E,,L ROGERS WELLS,BLVD,N,KY0090,HAPPY VALLEY,,,,,37.00948182,-85.92148171,14.839,9/16/2021,1102,2,2,0,0,CLEAR,DRY,FALSE,ANGLE COLLISION - ONE VEHICLE TURNING LEFT,ANGLE,STRAIGHT & LEVEL,DAYLIGHT,,,44470.64473,FALSE,2246,Accepted,5,5,O,,"DRUG INVOLVEMENT, INATTENTION, TURNING IMPROPERLY",
28782382,0050100,GLASGOW POLICE DEPARTMENT,Accepted,BARREN,KY0090,,HAPPY VALLEY,RD,,,LONGHUNTERS,,,,,37.0219299,-85.93377055,8.818,9/27/2021,1648,2,2,0,0,CLEAR,DRY,FALSE,OTHER INTERSECTION COLLISIONS,REAR END,STRAIGHT & LEVEL,DAYLIGHT,,,44470.64484,FALSE,2246,Accepted,5,5,O,,INATTENTION,
28782384,0050100,GLASGOW POLICE DEPARTMENT,Accepted,BARREN,US0031E,,L ROGERS WELLS,BLVD,S,US0068X,MAIN,,,,,37.00207713,-85.92639524,14.256,9/21/2021,1939,2,2,0,0,CLEAR,DRY,FALSE,ANGLE COLLISION - ONE VEHICLE TURNING RIGHT,ANGLE,STRAIGHT & GRADE,DARK-HWY LIGHTED/ON,,,44470.6449,FALSE,48,Accepted,5,5,O,,"FAILED TO YIELD RIGHT OF WAY, FAILED TO KEEP PROPER LANE",
28782387,0050100,GLASGOW POLICE DEPARTMENT,Accepted,BARREN,,,GRANDVIEW,AVE,,US0031E,L ROGERS WELLS,,,,,36.99583441,-85.93073525,0.689,10/1/2021,1034,2,2,0,0,CLEAR,DRY,FALSE,ANGLE COLLISION - OTHER,ANGLE,STRAIGHT & LEVEL,DAYLIGHT,,,44470.64502,FALSE,2246,Accepted,5,5,O,,INATTENTION,
28786966,0050100,GLASGOW POLICE DEPARTMENT,Accepted,BARREN,,,CHERRY,ST,W,,,,SMITH,,WALL,37.00826341,-85.92154788,0.056,9/29/2021,1344,2,2,0,0,CLEAR,DRY,FALSE,1 VEHICLE ENTERING/LEAVING ENTRANCE,ANGLE,STRAIGHT & LEVEL,DAYLIGHT,,,44472.3394,FALSE,50,Accepted,5,5,O,,INATTENTION,
28789841,0050000,BARREN COUNTY SHERIFF DEPT.,Accepted,BARREN,KY0314,,CENTER,RD,,,,,,,,37.09319625,-85.77774696,1.138,10/3/2021,2156,1,1,0,0,RAINING,WET,FALSE,COLLISION WITH ANIMAL NON INTERSECTION,SINGLE VEHICLE,STRAIGHT & LEVEL,DARK-HWY NOT LIGHTED,,,44473.39013,FALSE,173,Accepted,5,5,O,ANIMALS ACTION,,
28790269,0050100,GLASGOW POLICE DEPARTMENT,Accepted,BARREN,,,WALL,ST,,,SMITH,,,,,37.00754296,-85.92353443,0.219,9/26/2021,1602,2,2,0,0,CLEAR,DRY,FALSE,OTHER INTERSECTION COLLISIONS,REAR END,STRAIGHT & LEVEL,DAYLIGHT,,,44473.44854,FALSE,2286,Accepted,5,5,O,,FOLLOWING TOO CLOSE,
28790280,0050100,GLASGOW POLICE DEPARTMENT,Accepted,BARREN,,,HOMEWOOD,BLVD,,,,,GLENVIEW,,CLARK,37.01671861,-85.89803005,0.471,10/1/2021,852,2,2,0,1,CLEAR,DRY,FALSE,1 VEHICLE ENTERING/LEAVING ENTRANCE,ANGLE,STRAIGHT & LEVEL,DAYLIGHT,,,44473.4494,FALSE,2285,Accepted,3,3,B,,FAILED TO YIELD RIGHT OF WAY,
28794936,0050200,CAVE CITY POLICE DEPARTMENT,Accepted,BARREN,KY0070,,MAMMOTH CAVE,ST,,,,,SANDERS,,MARTIN,37.14119811,-85.96708338,5.984,9/23/2021,1936,2,2,0,0,CLEAR,DRY,TRUE,SIDESWIPE COLLISION - OPPOSITE DIRECTION,SIDESWIPE-OPPOSITE DIRECTION,CURVE & LEVEL,DARK-HWY LIGHTED/ON,,,44474.45633,FALSE,610,Accepted,5,5,O,,,
28802565,0050100,GLASGOW POLICE DEPARTMENT,Accepted,BARREN,US0031E,,L ROGERS WELLS,BLVD,N,,WALL,,,,,37.0075464,-85.92354305,14.606,10/6/2021,2050,2,2,0,0,RAINING,WET,FALSE,ANGLE COLLISION - OTHER,ANGLE,STRAIGHT & LEVEL,DARK-HWY LIGHTED/ON,,,44476.29741,FALSE,2287,Accepted,5,5,O,"VIEW OBSTRUCTED, LIMITED DUE TO WEATHER CONDITIONS","FAILED TO YIELD RIGHT OF WAY, INATTENTION, MISJUDGE CLEARANCE",WIPERS
28804699,0050100,GLASGOW POLICE DEPARTMENT,Accepted,BARREN,KY1297,,OLD BOWLING GREEN,RD,,,,,EMBARK,,DAWN,36.98818731,-85.9366397,12.545,9/9/2021,650,2,2,0,0,CLEAR,DRY,FALSE,REAR END IN TRAFFIC LANES BOTH VEHICLES MOVING,REAR END,STRAIGHT & LEVEL,DAYLIGHT,,,44476.72958,FALSE,2270,Accepted,5,5,O,GLARE (SUN),,
28804701,0050100,GLASGOW POLICE DEPARTMENT,Accepted,BARREN,US0031E,,L ROGERS WELLS,BLVD,N,US0031EX,RACE,,,,,37.01810588,-85.9071537,15.86,9/9/2021,1652,2,2,0,0,CLEAR,DRY,FALSE,OTHER INTERSECTION COLLISIONS,REAR END,STRAIGHT & LEVEL,DAYLIGHT,,,44476.72964,FALSE,2270,Accepted,5,5,O,,CELL PHONE,
28804702,0050100,GLASGOW POLICE DEPARTMENT,Accepted,BARREN,KY0090,,HAPPY VALLEY,RD,,,MAX WAGNER,,,,,37.02300484,-85.93465968,8.711,9/28/2021,1410,2,2,0,0,CLEAR,DRY,FALSE,SIDESWIPE-SAME DIRECTION,SIDESWIPE-SAME DIRECTION,CURVE & GRADE,DAYLIGHT,,,44476.72971,FALSE,2260,Accepted,5,5,O,,FAILED TO YIELD RIGHT OF WAY,
28804713,0050100,GLASGOW POLICE DEPARTMENT,Accepted,BARREN,,402,FRONT,ST,E,,,,FRANKLIN,,MORGAN,36.9961304,-85.90723659,0.143,10/5/2021,1640,2,2,0,0,CLOUDY,WET,FALSE,VEHICLE BACKING NON INTERSECTION,BACKING,STRAIGHT & LEVEL,DAYLIGHT,,,44476.73,FALSE,2279,Accepted,5,5,O,,INATTENTION,
28810959,0050100,GLASGOW POLICE DEPARTMENT,Accepted,BARREN,KY0090,,HAPPY VALLEY,RD,,,,,SHALIMAR,,ENSMINGER,37.01041268,-85.92326955,9.805,10/7/2021,1715,2,2,0,0,CLEAR,DRY,FALSE,1 VEHICLE ENTERING/LEAVING ENTRANCE,ANGLE,STRAIGHT & LEVEL,DAYLIGHT,,,44477.80477,FALSE,2240,Accepted,5,5,O,,INATTENTION,
28851688,0050100,GLASGOW POLICE DEPARTMENT,Accepted,BARREN,US0031EX,,GREEN,ST,S,,SUNSET,,,,,36.98708413,-85.92160945,0.633,10/9/2021,1334,3,3,0,1,CLEAR,DRY,FALSE,ANGLE COLLISION - OTHER,ANGLE,CURVE & LEVEL,DAYLIGHT,,,44479.28099,FALSE,2285,Accepted,5,3,B,,"FAILED TO YIELD RIGHT OF WAY, TURNING IMPROPERLY",
28854583,0050100,GLASGOW POLICE DEPARTMENT,Accepted,BARREN,US0031E,,JACKSON,HWY,N,,,,COUNTRY CLUB,,HUTCHERSON,37.03942944,-85.90192377,17.479,10/9/2021,2010,2,2,0,0,CLEAR,DRY,FALSE,REAR END IN TRAFFIC LANES BOTH VEHICLES MOVING,REAR END,STRAIGHT & LEVEL,DARK-HWY NOT LIGHTED,,,44480.30442,FALSE,2287,Accepted,5,5,O,,,
28854829,0050000,BARREN COUNTY SHERIFF DEPT.,Accepted,BARREN,US0031W,,LOUISVILLE,RD,,,,,,,,37.09255408,-86.03053841,2.191,9/20/2021,734,1,1,0,0,RAINING,WET,FALSE,COLLISION WITH FIXED OBJECT NON - INTERSECTION - FIRST EVENT COLLISION 09 - 32 EXCLUDING 16,SINGLE VEHICLE,CURVE & LEVEL,DAYLIGHT,,,44480.35104,FALSE,124,Accepted,5,5,O,SLIPPERY SURFACE,,
28854830,0050000,BARREN COUNTY SHERIFF DEPT.,Accepted,BARREN,LN9008,,LN9008 E,,,,,,,,,37.04436508,-86.07266458,2.43,9/20/2021,1306,1,1,0,0,RAINING,WET,FALSE,RAN OFF ROADWAY (1 VEHICLE WITH/EARTH EMBANKMENT/DITCH),SINGLE VEHICLE,STRAIGHT & LEVEL,DAYLIGHT,,,44480.35109,FALSE,124,Accepted,5,5,O,,,
28854837,0050000,BARREN COUNTY SHERIFF DEPT.,Accepted,BARREN,KY2207,556,FORK,RD,S,,,,,,,36.97371321,-85.95059896,3.913,10/6/2021,951,2,2,0,0,RAINING,WET,FALSE,SIDESWIPE COLLISION - SAME DIRECTION,SIDESWIPE-SAME DIRECTION,CURVE & GRADE,DAYLIGHT,,,44480.35118,FALSE,170,Accepted,5,5,O,SLIPPERY SURFACE,,
28854843,0050000,BARREN COUNTY SHERIFF DEPT.,Accepted,BARREN,KY0249,10000,ROSEVILLE,RD,,,,,,,,36.85120816,-85.91708688,6.069,10/7/2021,545,1,1,0,0,CLOUDY,WET,FALSE,RAN OFF ROADWAY (1 VEHICLE WITH/EARTH EMBANKMENT/DITCH),SINGLE VEHICLE,CURVE & GRADE,DARK-HWY NOT LIGHTED,,,44480.35126,FALSE,170,Accepted,5,5,O,SLIPPERY SURFACE,,
28854845,0050000,BARREN COUNTY SHERIFF DEPT.,Accepted,BARREN,US0031E,,SCOTTSVILLE,RD,,,,,,,,36.86149337,-86.04576773,1.931,8/18/2021,1351,1,1,0,2,RAINING,WET,FALSE,RAN OFF ROADWAY (1 VEHICLE WITH/EARTH EMBANKMENT/DITCH),SINGLE VEHICLE,CURVE & GRADE,DAYLIGHT,,,44480.3513,FALSE,170,Accepted,3,3,B,,,
28854848,0050000,BARREN COUNTY SHERIFF DEPT.,Accepted,BARREN,KY0063,6299,TOMPKINSVILLE,RD,,,,,,,,36.91175961,-85.86641389,8.041,10/2/2021,1303,2,2,0,0,CLEAR,DRY,FALSE,1 VEHICLE ENTERING/LEAVING ENTRANCE,ANGLE,STRAIGHT & LEVEL,DAYLIGHT,,,44480.35137,FALSE,124,Accepted,5,5,O,,INATTENTION,
28854851,0050000,BARREN COUNTY SHERIFF DEPT.,Accepted,BARREN,KY1297,,OLD BOWLING GREEN,RD,,,,,,,,36.98688796,-86.02128372,7.453,9/16/2021,2117,1,1,0,0,CLEAR,DRY,FALSE,RAN OFF ROADWAY (1 VEHICLE WITH/EARTH EMBANKMENT/DITCH),SINGLE VEHICLE,STRAIGHT & LEVEL,DARK-HWY NOT LIGHTED,,,44480.35144,FALSE,154,Accepted,5,5,O,,NOT UNDER PROPER CONTROL,
28854853,0050000,BARREN COUNTY SHERIFF DEPT.,Accepted,BARREN,KY0685,,STOVALL,RD,,,,,,,,37.01644231,-86.02386254,2.438,9/19/2021,25,1,1,0,0,CLEAR,DRY,FALSE,COLLISION WITH FIXED OBJECT NON - INTERSECTION - FIRST EVENT COLLISION 09 - 32 EXCLUDING 16,SINGLE VEHICLE,STRAIGHT & GRADE,DARK-HWY NOT LIGHTED,,,44480.35147,FALSE,154,Accepted,5,5,O,,ALCOHOL INVOLVEMENT,
28854857,0050000,BARREN COUNTY SHERIFF DEPT.,Accepted,BARREN,KY0063,5546,TOMPKINSVILLE,RD,,,,,,,,36.92432182,-85.8716617,8.994,10/7/2021,1458,2,2,0,0,CLEAR,DRY,FALSE,REAR END IN TRAFFIC LANES BOTH VEHICLES MOVING,REAR END,STRAIGHT & HILLCREST,DAYLIGHT,,,44480.35156,FALSE,170,Accepted,5,5,O,CONSTRUCTION WORK ZONE,,
28854861,0050000,BARREN COUNTY SHERIFF DEPT.,Accepted,BARREN,US0068,,EDMONTON,RD,,,ARNETT GROVE,,,,,37.01775679,-85.81239028,19.482,9/24/2021,700,3,3,1,0,CLEAR,DRY,FALSE,HEAD-ON COLLISION,HEAD ON,STRAIGHT & LEVEL,DAYLIGHT,,,44480.35164,TRUE,124,Accepted,5,1,K,GLARE (SUN),,
28854866,0050000,BARREN COUNTY SHERIFF DEPT.,Accepted,BARREN,LN9008,,LN9008 E,,,,,,,,,36.97363656,-85.91200895,12.814,10/8/2021,2205,2,2,0,0,CLEAR,DRY,TRUE,HEAD-ON COLLISION,HEAD ON,STRAIGHT & LEVEL,DARK-HWY NOT LIGHTED,,,44480.35173,FALSE,173,Accepted,5,5,O,DEBRIS IN ROADWAY,OTHER,
28854868,0050000,BARREN COUNTY SHERIFF DEPT.,Accepted,BARREN,US0068,,NEW BOWLING GREEN,RD,,,,,,,,37.01700998,-85.98883029,8.018,10/9/2021,1954,1,1,0,1,CLEAR,DRY,FALSE,COLLISION WITH ANIMAL NON INTERSECTION,SINGLE VEHICLE,STRAIGHT & LEVEL,DARK-HWY NOT LIGHTED,,,44480.35178,FALSE,173,Accepted,5,4,C,ANIMALS ACTION,,
28854919,0050100,GLASGOW POLICE DEPARTMENT,Accepted,BARREN,,114,LAUDERDALE,DR,,,,,,,,36.98433002,-85.94411776,0.115,10/9/2021,1240,1,1,0,0,CLEAR,DRY,FALSE,COLLISION WITH FIXED OBJECT NON - INTERSECTION - FIRST EVENT COLLISION 09 - 32 EXCLUDING 16,SINGLE VEHICLE,STRAIGHT & LEVEL,DAYLIGHT,,,44480.35795,FALSE,2285,Accepted,5,5,O,,INATTENTION,
28867534,0050100,GLASGOW POLICE DEPARTMENT,Accepted,BARREN,KY0090,,BURKESVILLE,RD,,,,,,,,36.98385134,-85.89497256,11.132,10/1/2021,1532,2,2,0,0,CLEAR,DRY,FALSE,1 VEHICLE ENTERING/LEAVING ENTRANCE,ANGLE,STRAIGHT & LEVEL,DAYLIGHT,,,44480.78698,FALSE,2286,Accepted,5,5,O,,MISJUDGE CLEARANCE,
28882490,KSP0300,"KY STATE POLICE, POST 03",Accepted,BARREN,,,HISEVILLE BEAR WALLOW,RD,,,,,,,,37.11593895,-85.81118882,0.496,10/10/2021,1241,1,1,0,1,CLEAR,DRY,FALSE,COLLISION WITH ANIMAL NON INTERSECTION,SINGLE VEHICLE,STRAIGHT & LEVEL,DAYLIGHT,,,44481.34699,FALSE,694,Accepted,3,3,B,ANIMALS ACTION,"FAILED TO KEEP PROPER LANE, NOT UNDER PROPER CONTROL",
28882542,0050100,GLASGOW POLICE DEPARTMENT,Accepted,BARREN,US0068X,,MAIN,ST,W,,,,CROSS,,ROGERS,37.00016742,-85.92309263,1.912,10/8/2021,1353,2,2,0,0,CLEAR,DRY,FALSE,REAR END IN TRAFFIC LANES BOTH VEHICLES MOVING,REAR END,STRAIGHT & GRADE,DAYLIGHT,,,44481.35478,FALSE,2229,Accepted,5,5,O,,,BRAKES DEFECTIVE
28885311,0050000,BARREN COUNTY SHERIFF DEPT.,Accepted,BARREN,US0031E,8000,JACKSON,HWY,N,,,,OLD US 31E LOOP NORTH RD,,OLD US 31E LOOP NORTH RD,37.10965268,-85.87132215,22.816,10/8/2021,1438,2,2,0,1,CLEAR,DRY,FALSE,SIDESWIPE COLLISION - OPPOSITE DIRECTION,SIDESWIPE-OPPOSITE DIRECTION,STRAIGHT & LEVEL,DAYLIGHT,,,44481.43956,FALSE,172,Accepted,2,2,A,,LOST CONSCIOUSNESS/FAINTED,
28886595,0050100,GLASGOW POLICE DEPARTMENT,Accepted,BARREN,LN9008,,,,,,,,,,,36.98366602,-85.89567958,0.057,10/11/2021,604,1,1,0,0,CLEAR,DRY,FALSE,OTHER RAMP RELATED COLLISIONS NOT LISTED ABOVE,SINGLE VEHICLE,STRAIGHT & GRADE,DAYLIGHT,KY0090,LN9008,44481.4749,FALSE,2285,Accepted,5,5,O,,INATTENTION,
28886609,0050100,GLASGOW POLICE DEPARTMENT,Accepted,BARREN,US0031E,,JACKSON,HWY,N,,STEEPLECHASE,,,,,37.04759233,-85.8986605,18.076,10/10/2021,1420,2,2,0,0,CLEAR,DRY,FALSE,OTHER INTERSECTION COLLISIONS,REAR END,STRAIGHT & GRADE,DAYLIGHT,,,44481.47502,FALSE,2277,Accepted,5,5,O,,"ALCOHOL INVOLVEMENT, INATTENTION",
28898012,0050100,GLASGOW POLICE DEPARTMENT,Accepted,BARREN,,,GRAND,AVE,,,GREEN,,,,,37.0054436,-85.90359438,0.354,10/9/2021,1005,2,2,0,0,CLEAR,DRY,FALSE,OPPOSITE DIRECTION - BOTH VEHICLES GOING STRAIGHT AHEAD,SIDESWIPE-OPPOSITE DIRECTION,CURVE & GRADE,DAYLIGHT,,,44482.33238,FALSE,2240,Accepted,5,5,O,,INATTENTION,
28898021,0050000,BARREN COUNTY SHERIFF DEPT.,Accepted,BARREN,,385,BRISTLETOWN,RD,,,,,,,,36.9302296,-85.91134757,3.168,10/9/2021,1745,1,1,0,0,CLEAR,DRY,FALSE,COLLISION WITH FIXED OBJECT NON - INTERSECTION - FIRST EVENT COLLISION 09 - 32 EXCLUDING 16,SINGLE VEHICLE,STRAIGHT & GRADE,DUSK,,,44482.33533,FALSE,174,Accepted,5,5,O,,OTHER,BRAKES DEFECTIVE
28898457,0050100,GLASGOW POLICE DEPARTMENT,Accepted,BARREN,US0031E,,L ROGERS WELLS,BLVD,N,,SMITH,,,,,37.00588003,-85.92452177,14.438,10/12/2021,1637,2,2,0,1,CLEAR,DRY,FALSE,ANGLE COLLISION - ONE VEHICLE TURNING LEFT,ANGLE,STRAIGHT & LEVEL,DAYLIGHT,,,44482.41517,FALSE,2229,Accepted,3,3,B,,"DISREGARD TRAFFIC CONTROL, INATTENTION",
28905360,0050100,GLASGOW POLICE DEPARTMENT,Accepted,BARREN,US0031E,,L ROGERS WELLS,BLVD,N,,HAPPY VALLEY,,,,,37.00968816,-85.9214536,14.841,10/11/2021,1716,2,2,0,0,CLEAR,DRY,FALSE,SIDESWIPE-SAME DIRECTION,SIDESWIPE-SAME DIRECTION,STRAIGHT & LEVEL,DAYLIGHT,,,44483.867,FALSE,2286,Accepted,5,5,O,,FAILED TO KEEP PROPER LANE,
28906824,0050100,GLASGOW POLICE DEPARTMENT,Accepted,BARREN,US0031E,,L ROGERS WELLS,BLVD,N,,SMITH,,,,,37.00583325,-85.9244892,14.44,10/9/2021,1903,2,2,0,0,CLEAR,DRY,FALSE,ANGLE COLLISION - OTHER,ANGLE,STRAIGHT & LEVEL,DARK-HWY LIGHTED/ON,,,44484.2972,FALSE,2273,Accepted,5,5,O,,MISJUDGE CLEARANCE,
28907717,0050100,GLASGOW POLICE DEPARTMENT,Accepted,BARREN,LN9008,,LN9008 E,,,,,,,,,36.97369985,-85.92430435,12.141,9/22/2021,1722,1,1,0,0,CLOUDY,DRY,FALSE,OTHER ROADWAY OR MID-BLOCK COLLISION,SINGLE VEHICLE,STRAIGHT & LEVEL,DAYLIGHT,,,44484.507,FALSE,2225,Accepted,5,5,O,DEBRIS IN ROADWAY,,
28909343,0050100,GLASGOW POLICE DEPARTMENT,Accepted,BARREN,US0068X,,MAIN,ST,W,US0031E,L ROGERS WELLS,,,,,37.0019425,-85.92604921,1.712,10/14/2021,1524,2,2,0,0,CLEAR,DRY,FALSE,OTHER INTERSECTION COLLISIONS,REAR END,STRAIGHT & GRADE,DAYLIGHT,,,44484.84029,FALSE,2277,Accepted,5,5,O,BACKUP DUE TO REGULAR CONGESTION,FOLLOWING TOO CLOSE,
28910746,0050100,GLASGOW POLICE DEPARTMENT,Accepted,BARREN,KY0090,,MAIN,ST,E,,MORGAN,,,,,36.99457222,-85.90862485,10.056,10/12/2021,829,2,2,0,0,CLEAR,DRY,FALSE,ANGLE COLLISION - OTHER,ANGLE,STRAIGHT & LEVEL,DAYLIGHT,,,44485.47444,FALSE,2229,Accepted,5,5,O,,"FAILED TO YIELD RIGHT OF WAY, OTHER",
28911521,0050100,GLASGOW POLICE DEPARTMENT,Accepted,BARREN,KY0090,,HAPPY VALLEY,RD,,,ENSMINGER,,,,,37.01006173,-85.92245033,9.856,10/3/2021,1443,2,2,0,0,CLEAR,DRY,FALSE,ANGLE COLLISION - OTHER,ANGLE,STRAIGHT & LEVEL,DAYLIGHT,,,44485.76355,FALSE,2270,Accepted,5,5,O,,INATTENTION,
28911522,0050100,GLASGOW POLICE DEPARTMENT,Accepted,BARREN,US0031E,,L ROGERS WELLS,BLVD,N,,HAPPY VALLEY,,,,,37.00958684,-85.9214305,14.848,10/4/2021,1544,2,2,0,0,CLOUDY,WET,FALSE,ANGLE COLLISION - OTHER,ANGLE,STRAIGHT & LEVEL,DAYLIGHT,,,44485.76362,FALSE,2270,Accepted,5,5,O,,INATTENTION,
28911527,0050100,GLASGOW POLICE DEPARTMENT,Accepted,BARREN,US0031E,,L ROGERS WELLS,BLVD,N,,LEXINGTON,,,,,37.01433112,-85.915442,15.298,10/10/2021,1016,2,2,0,0,CLEAR,DRY,FALSE,ANGLE COLLISION - OTHER,ANGLE,STRAIGHT & LEVEL,DAYLIGHT,,,44485.76379,FALSE,2279,Accepted,5,5,O,,"MISJUDGE CLEARANCE, OTHER",
28911528,0050100,GLASGOW POLICE DEPARTMENT,Accepted,BARREN,US0031E,,L ROGERS WELLS,BLVD,N,,SMITH,,,,,37.0058486,-85.92450869,14.439,10/8/2021,1325,3,3,0,1,CLEAR,DRY,FALSE,ANGLE COLLISION - OTHER,ANGLE,STRAIGHT & LEVEL,DAYLIGHT,,,44485.76383,FALSE,2270,Accepted,5,3,B,,INATTENTION,
28915881,0050000,BARREN COUNTY SHERIFF DEPT.,Accepted,BARREN,US0068,6121,NEW BOWLING GREEN,RD,,,,KY0685,STOVALL,KY0685,BECKTON,37.01587192,-86.01892,6.304,10/14/2021,603,1,1,0,0,CLEAR,DRY,FALSE,COLLISION WITH FIXED OBJECT NON - INTERSECTION - FIRST EVENT COLLISION 09 - 32 EXCLUDING 16,SINGLE VEHICLE,CURVE & GRADE,DARK-HWY LIGHTED/OFF,,,44487.35098,FALSE,172,Accepted,5,5,O,ANIMALS ACTION,,
28915882,0050000,BARREN COUNTY SHERIFF DEPT.,Accepted,BARREN,US0068,4700,EDMONTON,RD,,,,,OLD MAYFIELD MILL,,THUMPERS,37.01193947,-85.82887888,18.457,10/14/2021,1209,3,3,0,0,CLEAR,DRY,FALSE,SIDESWIPE COLLISION - OPPOSITE DIRECTION,SIDESWIPE-OPPOSITE DIRECTION,STRAIGHT & LEVEL,DAYLIGHT,,,44487.35103,FALSE,172,Accepted,5,5,O,,,TIRE FAILURE
28915883,0050000,BARREN COUNTY SHERIFF DEPT.,Accepted,BARREN,KY0087,1920,AUSTIN TRACY,RD,,,,,RAMP RD,,A G GRAVES,36.83510573,-86.03303682,10.111,10/12/2021,715,1,1,0,0,CLEAR,DRY,TRUE,OTHER ROADWAY OR MID-BLOCK COLLISION,SINGLE VEHICLE,CURVE & LEVEL,DAYLIGHT,,,44487.35106,FALSE,172,Accepted,5,5,O,,,
28915884,0050000,BARREN COUNTY SHERIFF DEPT.,Accepted,BARREN,KY0070,5098,MAMMOTH CAVE,RD,,,,,,,,37.13614476,-86.0381856,1.62,10/14/2021,2216,1,1,0,1,CLEAR,DRY,FALSE,COLLISION WITH FIXED OBJECT NON - INTERSECTION - FIRST EVENT COLLISION 09 - 32 EXCLUDING 16,SINGLE VEHICLE,STRAIGHT & LEVEL,DARK-HWY NOT LIGHTED,,,44487.3511,FALSE,174,Accepted,5,2,A,,"ALCOHOL INVOLVEMENT, NOT UNDER PROPER CONTROL",
28915888,0050000,BARREN COUNTY SHERIFF DEPT.,Accepted,BARREN,KY0070,,HISEVILLE,RD,,,,,,,,37.11272289,-85.86921253,11.901,10/12/2021,1834,2,2,0,0,CLEAR,DRY,TRUE,SIDESWIPE COLLISION - OPPOSITE DIRECTION,SIDESWIPE-OPPOSITE DIRECTION,STRAIGHT & LEVEL,DARK-HWY LIGHTED/OFF,,,44487.35117,FALSE,124,Accepted,5,5,O,,,
28916481,0050100,GLASGOW POLICE DEPARTMENT,Accepted,BARREN,KY0249,,ROSEVILLE,RD,,,,,TROJAN,,HILLTOPPER,36.98100188,-85.91328377,15.498,10/15/2021,912,2,2,0,0,RAINING,WET,TRUE,SIDESWIPE COLLISION - OPPOSITE DIRECTION,SIDESWIPE-OPPOSITE DIRECTION,CURVE & GRADE,DAYLIGHT,,,44487.41529,FALSE,2285,Accepted,5,5,O,,MISJUDGE CLEARANCE,
28925115,0050000,BARREN COUNTY SHERIFF DEPT.,Accepted,BARREN,,,OSCAR GILPIN,RD,,US0068,EDMONTON,,,,,37.00602388,-85.75717706,0.012,10/18/2021,740,1,1,0,0,CLEAR,DRY,FALSE,COLLISION WITH FIXED OBJECT IN INTERSECTION - FIRST EVENT COLLISION 09 - 32,SINGLE VEHICLE,STRAIGHT & LEVEL,DAYLIGHT,,,44489.37131,FALSE,157,Accepted,5,5,O,,INATTENTION,
28925116,0050000,BARREN COUNTY SHERIFF DEPT.,Accepted,BARREN,,,HERBERT TURNER,RD,,,,,,,,37.11178965,-86.02417091,2.288,10/19/2021,1911,1,1,0,2,CLEAR,DRY,FALSE,COLLISION WITH FIXED OBJECT NON - INTERSECTION - FIRST EVENT COLLISION 09 - 32 EXCLUDING 16,SINGLE VEHICLE,STRAIGHT & LEVEL,DARK (UNKNOWN ROADWAY LIGHTING),,,44489.37143,FALSE,181,Accepted,5,4,C,,"ALCOHOL INVOLVEMENT, NOT UNDER PROPER CONTROL",
28926232,KSP0300,"KY STATE POLICE, POST 03",Accepted,BARREN,KY0090,,HAPPY VALLEY,RD,,,CAVELAND,,,,,37.1103071,-85.96777757,2.149,10/20/2021,738,2,2,0,0,CLEAR,DRY,FALSE,OTHER INTERSECTION COLLISIONS,REAR END,STRAIGHT & LEVEL,DAYLIGHT,,,44489.55409,FALSE,128,Accepted,5,5,O,,INATTENTION,
28926531,0050200,CAVE CITY POLICE DEPARTMENT,Accepted,BARREN,KY0090,,HAPPY VALLEY,ST,,,,,WALL,,BAKER HALE,37.12966898,-85.96505047,0.662,9/30/2021,1917,2,2,0,0,CLEAR,DRY,FALSE,OTHER ROADWAY OR MID-BLOCK COLLISION,REAR END,STRAIGHT & LEVEL,DARK-HWY LIGHTED/ON,,,44489.6064,FALSE,610,Accepted,5,5,O,,INATTENTION,