IncidentID,AgencyORI,AgencyName,IncidentStatusDesc,County,RdwyNumber,Street,RoadwayName,StreetSfx,StreetDir,IntersectionRdwy,IntersectionRdwyName,BetweenStRdwy1,BetweenStRdwyName1,BetweenStRdwy2,BetweenStRdwyName2,Latitude,Longitude,Milepoint,CollisionDate,CollisionTime,UnitsInvolved,MotorVehiclesInvolved,NumberKilled,NumberInjured,Weather,RdwyConditionCode,HitandRun,DirAnalysisCode,MannerofCollision,RdwyCharacter,LightCondition,RampFromRdwyId,RampToRdwyId,AcceptedDate,IsSecondaryCollision,OwnerBadge,IncidentStatus,InjurySeverityCde,KABCO_Code,KABCO,Environmental_Factors,Human_Factors,Vehicular_Factors
28926536,0050200,CAVE CITY POLICE DEPARTMENT,Accepted,BARREN,US0031W,,DIXIE,HWY,S,,,,QUIGLEY,KY0070,BROADWAY,37.1352868,-85.95637648,7.36,10/5/2021,1710,2,2,0,1,CLEAR,WET,FALSE,1 VEHICLE ENTERING/LEAVING ENTRANCE,ANGLE,STRAIGHT & LEVEL,DAYLIGHT,,,44489.60749,FALSE,610,Accepted,5,3,B,,INATTENTION,
28926541,0050200,CAVE CITY POLICE DEPARTMENT,Accepted,BARREN,KY0070,,MAMMOTH CAVE,RD,,,,I 0065,I65 N EXIT53 OFF RAMP TO KY70,I 0065,I65 S EXIT53 OFF RAMP TO KY70,37.13581387,-85.97907595,5.073,10/7/2021,1516,2,2,0,1,CLEAR,DRY,FALSE,1 VEHICLE ENTERING/LEAVING ENTRANCE,ANGLE,STRAIGHT & LEVEL,DAYLIGHT,,,44489.60851,FALSE,610,Accepted,5,4,C,,INATTENTION,
28927048,0050200,CAVE CITY POLICE DEPARTMENT,Accepted,BARREN,,1010,GRINSTEAD MILL,RD,,,,,,,,37.14401382,-85.96347259,0.461,10/13/2021,635,1,1,0,0,CLOUDY,DRY,FALSE,OTHER COLLISIONS ON SHOULDER,SINGLE VEHICLE,STRAIGHT & LEVEL,DAWN,,,44489.6092,FALSE,609,Accepted,5,5,O,,FELL ASLEEP,
28927573,0050100,GLASGOW POLICE DEPARTMENT,Accepted,BARREN,,,DONNELLEY,DR,,,,,MAPLEWOOD,,PLEASANT VIEW,36.99744111,-85.96034304,0.164,10/19/2021,737,2,2,1,3,CLEAR,DRY,FALSE,1 VEHICLE ENTERING/LEAVING ENTRANCE,ANGLE,STRAIGHT & LEVEL,DAYLIGHT,,,44489.74481,FALSE,2285,Accepted,3,1,K,,"FAILED TO YIELD RIGHT OF WAY, INATTENTION",
28927575,0050100,GLASGOW POLICE DEPARTMENT,Accepted,BARREN,,,ROGERS,RD,,,,US0031E,L ROGERS WELLS,,SHANE,37.00392828,-85.92592451,0.349,10/19/2021,1503,2,2,0,0,CLEAR,DRY,FALSE,OTHER ROADWAY OR MID-BLOCK COLLISION,REAR END,CURVE & GRADE,DAYLIGHT,,,44489.7449,FALSE,2277,Accepted,5,5,O,,IMPROPER BACKING,
28929514,0050100,GLASGOW POLICE DEPARTMENT,Accepted,BARREN,LN9008,,LN9008 E,,,,,,,,,36.98437459,-85.94684335,10.673,10/20/2021,1925,1,1,0,1,CLEAR,DRY,FALSE,COLLISION WITH ANIMAL NON INTERSECTION,SINGLE VEHICLE,STRAIGHT & LEVEL,DARK-HWY NOT LIGHTED,,,44490.32399,FALSE,2287,Accepted,4,4,C,ANIMALS ACTION,,
28931966,0050100,GLASGOW POLICE DEPARTMENT,Accepted,BARREN,,300,REYNOLDS,RD,,,,,YMCA,,COMMERCE,37.01269762,-85.93335305,0.349,10/20/2021,1610,2,2,0,0,CLEAR,DRY,FALSE,1 VEHICLE ENTERING/LEAVING ENTRANCE,ANGLE,STRAIGHT & GRADE,DAYLIGHT,,,44490.77709,FALSE,2240,Accepted,5,5,O,"IMPROPERLY PARKED VEHICLE(S), OTHER",INATTENTION,
28936380,0050100,GLASGOW POLICE DEPARTMENT,Accepted,BARREN,US0068,,VETERANS OUTER,LOOP,,KY0090,HAPPY VALLEY,,,,,37.02424322,-85.93577984,11.326,10/17/2021,902,2,2,0,1,CLEAR,DRY,FALSE,ANGLE COLLISION - OTHER,ANGLE,STRAIGHT & LEVEL,DAYLIGHT,,,44491.8106,FALSE,2279,Accepted,4,4,C,,FAILED TO YIELD RIGHT OF WAY,
28942890,0050100,GLASGOW POLICE DEPARTMENT,Accepted,BARREN,LN9008,,LN9008 E,,,,,LN9008,LN9008 E EXIT11 OFF RAMP TO US31E,LN9008,LN9008 W,36.98088769,-85.9402437,11.112,10/23/2021,1349,1,1,0,0,CLEAR,DRY,FALSE,COLLISION WITH ANIMAL NON INTERSECTION,SINGLE VEHICLE,STRAIGHT & LEVEL,DAYLIGHT,,,44494.28455,FALSE,2285,Accepted,5,5,O,,,
28949310,0050000,BARREN COUNTY SHERIFF DEPT.,Accepted,BARREN,,,SIDDENS,RD,,,,,,,,36.95307918,-86.0160717,2.9,10/1/2021,1601,2,2,0,0,CLEAR,DRY,TRUE,SIDESWIPE COLLISION - OPPOSITE DIRECTION,SIDESWIPE-OPPOSITE DIRECTION,STRAIGHT & LEVEL,DAYLIGHT,,,44494.66597,FALSE,163,Accepted,5,5,O,,,
28949313,0050000,BARREN COUNTY SHERIFF DEPT.,Accepted,BARREN,KY0090,,BURKESVILLE,RD,,,SILOAM,,,,,36.96456412,-85.87854507,12.732,10/17/2021,1845,2,2,0,1,CLEAR,DRY,FALSE,ANGLE COLLISION - OTHER,ANGLE,STRAIGHT & GRADE,DARK-HWY NOT LIGHTED,,,44494.66603,FALSE,163,Accepted,5,2,A,,"FAILED TO YIELD RIGHT OF WAY, INATTENTION",
28949322,0050000,BARREN COUNTY SHERIFF DEPT.,Accepted,BARREN,,,OLD MUNFORDVILLE,RD,,,,,,,,37.06515339,-85.90679674,1.291,10/23/2021,1548,2,2,0,0,RAINING,WET,FALSE,1 VEHICLE ENTERING/LEAVING ENTRANCE,ANGLE,STRAIGHT & LEVEL,DAYLIGHT,,,44494.66615,FALSE,181,Accepted,5,5,O,FIXED OBJECT(S),INATTENTION,
28949326,0050000,BARREN COUNTY SHERIFF DEPT.,Accepted,BARREN,KY1307,,NEW SALEM,RD,,,,,,,,36.99211154,-85.86945788,6.383,10/23/2021,1903,2,2,0,0,CLOUDY,WET,FALSE,HEAD-ON COLLISION,HEAD ON,STRAIGHT & LEVEL,DARK-HWY NOT LIGHTED,,,44494.66624,FALSE,181,Accepted,5,5,O,,"ALCOHOL INVOLVEMENT, NOT UNDER PROPER CONTROL",
28949331,0050000,BARREN COUNTY SHERIFF DEPT.,Accepted,BARREN,KY0087,,AUSTIN TRACY,RD,,,,,,,,36.79322608,-85.96284963,4.549,10/18/2021,1503,2,2,0,0,CLEAR,DRY,FALSE,1 VEHICLE ENTERING/LEAVING ENTRANCE,ANGLE,STRAIGHT & HILLCREST,DAYLIGHT,,,44494.66629,FALSE,174,Accepted,5,5,O,,FAILED TO YIELD RIGHT OF WAY,
28949334,0050000,BARREN COUNTY SHERIFF DEPT.,Accepted,BARREN,LN9008,,LN9008 E,,,,,,,,,36.99640566,-85.78219157,20.553,10/19/2021,1759,1,1,0,0,CLEAR,DRY,FALSE,COLLISION WITH ANIMAL NON INTERSECTION,SINGLE VEHICLE,STRAIGHT & LEVEL,DUSK,,,44494.66633,FALSE,174,Accepted,5,5,O,ANIMALS ACTION,,
28949338,0050000,BARREN COUNTY SHERIFF DEPT.,Accepted,BARREN,KY0063,,TOMPKINSVILLE,RD,,,,,,,,36.82562508,-85.82826638,1.068,10/23/2021,1627,2,2,0,0,CLOUDY,DRY,FALSE,REAR END IN TRAFFIC LANES BOTH VEHICLES MOVING,REAR END,STRAIGHT & GRADE,DAYLIGHT,,,44494.66636,FALSE,174,Accepted,5,5,O,,INATTENTION,
28949341,0050000,BARREN COUNTY SHERIFF DEPT.,Accepted,BARREN,LN9008,,,,,,,,,,,36.99386144,-85.98477931,0.395,10/22/2021,2056,1,1,0,0,CLEAR,DRY,FALSE,OTHER RAMP RELATED COLLISIONS NOT LISTED ABOVE,SINGLE VEHICLE,STRAIGHT & GRADE,DARK-HWY LIGHTED/ON,KY3600,LN9008,44494.6664,FALSE,173,Accepted,5,5,O,,OVERCORRECTING/OVERSTEERING,
28949345,0050000,BARREN COUNTY SHERIFF DEPT.,Accepted,BARREN,US0031W,,LOUISVILLE,RD,,,,,,,,37.09155117,-86.06194215,0.357,10/23/2021,2115,1,1,0,0,CLEAR,DRY,FALSE,COLLISION WITH ANIMAL NON INTERSECTION,SINGLE VEHICLE,STRAIGHT & LEVEL,DARK-HWY NOT LIGHTED,,,44494.66643,FALSE,173,Accepted,5,5,O,ANIMALS ACTION,,
28949349,0050000,BARREN COUNTY SHERIFF DEPT.,Accepted,BARREN,,950,TICK RIDGE,RD,,,,,HUTCHERSON,,OWEN,37.05451814,-85.87929513,1.06,10/8/2021,1500,1,1,0,0,CLEAR,DRY,TRUE,COLLISION WITH FIXED OBJECT NON - INTERSECTION - FIRST EVENT COLLISION 09 - 32 EXCLUDING 16,SINGLE VEHICLE,CURVE & LEVEL,DARK (UNKNOWN ROADWAY LIGHTING),,,44494.66647,FALSE,172,Accepted,5,5,O,,OTHER,
28949352,0050000,BARREN COUNTY SHERIFF DEPT.,Accepted,BARREN,KY0090,,BURKESVILLE,RD,,,,,,,,36.92301641,-85.80235562,17.925,10/22/2021,449,2,2,0,0,CLEAR,DRY,TRUE,SIDESWIPE COLLISION - OPPOSITE DIRECTION,SIDESWIPE-OPPOSITE DIRECTION,STRAIGHT & LEVEL,DARK-HWY NOT LIGHTED,,,44494.66651,FALSE,124,Accepted,5,5,O,,,
28949356,0050000,BARREN COUNTY SHERIFF DEPT.,Accepted,BARREN,LN9008,,LN9008 W,,,,,,,,,36.99735392,-85.84329629,17.165,10/25/2021,615,2,2,0,0,RAINING,WET,FALSE,REAR END IN TRAFFIC LANES BOTH VEHICLES MOVING,REAR END,STRAIGHT & HILLCREST,DARK-HWY NOT LIGHTED,,,44494.66655,FALSE,170,Accepted,5,5,O,,,
28974455,0050100,GLASGOW POLICE DEPARTMENT,Accepted,BARREN,US0031E,,JACKSON,HWY,N,,,US0031EX,RACE,,WATER PLANT,37.02507698,-85.90610351,16.356,10/20/2021,806,2,2,0,1,CLEAR,DRY,FALSE,OTHER ROADWAY OR MID-BLOCK COLLISION,OPPOSING LEFT TURN,STRAIGHT & LEVEL,DAYLIGHT,,,44495.21241,FALSE,2246,Accepted,5,4,C,,INATTENTION,
28979828,0050100,GLASGOW POLICE DEPARTMENT,Accepted,BARREN,US0031E,,L ROGERS WELLS,BLVD,N,,SMITH,,,,,37.00584747,-85.92448103,14.439,10/23/2021,1455,2,2,0,0,CLOUDY,DRY,FALSE,OTHER INTERSECTION COLLISIONS,REAR END,STRAIGHT & LEVEL,DAYLIGHT,,,44495.30871,FALSE,2240,Accepted,5,5,O,OTHER,OTHER,
28997001,0050100,GLASGOW POLICE DEPARTMENT,Accepted,BARREN,US0031E,,SCOTTSVILLE,RD,,,TROJAN,,,,,36.9795732,-85.93283154,12.483,10/13/2021,1328,2,2,0,0,CLEAR,DRY,FALSE,ANGLE COLLISION - ONE VEHICLE TURNING LEFT,ANGLE,STRAIGHT & LEVEL,DAYLIGHT,,,44495.65729,FALSE,2189,Accepted,5,5,O,,DISREGARD TRAFFIC CONTROL,
29076345,0050100,GLASGOW POLICE DEPARTMENT,Accepted,BARREN,US0031E,,L ROGERS WELLS,BLVD,S,US0068X,MAIN,,,,,37.00208547,-85.92637551,14.255,10/25/2021,1310,2,2,0,0,CLOUDY,DRY,FALSE,ANGLE COLLISION - ONE VEHICLE TURNING LEFT,ANGLE,STRAIGHT & LEVEL,DAYLIGHT,,,44496.39024,FALSE,2286,Accepted,5,5,O,,OTHER,
29076717,0050000,BARREN COUNTY SHERIFF DEPT.,Accepted,BARREN,KY2189,,PARK CITY GLASGOW,RD,,,,,,,,37.07059963,-86.0210145,4.443,10/26/2021,1919,1,1,0,0,CLEAR,DRY,FALSE,COLLISION WITH ANIMAL NON INTERSECTION,SINGLE VEHICLE,STRAIGHT & LEVEL,DARK-HWY NOT LIGHTED,,,44496.35168,FALSE,124,Accepted,5,5,O,,,
29123909,0050100,GLASGOW POLICE DEPARTMENT,Accepted,BARREN,,,GLENVIEW,DR,,,,US0031EX,RACE,,ADAIRLAND,37.01275364,-85.90101583,0.201,10/18/2021,1039,2,2,0,0,CLEAR,DRY,FALSE,1 VEHICLE ENTERING/LEAVING ENTRANCE,ANGLE,CURVE & HILLCREST,DAYLIGHT,,,44496.75369,FALSE,2279,Accepted,5,5,O,,MISJUDGE CLEARANCE,
29123944,0050000,BARREN COUNTY SHERIFF DEPT.,Accepted,BARREN,KY0090,,BURKESVILLE,RD,,,,,,,,36.9552848,-85.85875636,14.009,10/22/2021,1800,2,1,0,0,CLEAR,DRY,FALSE,REAR END IN TRAFFIC LANES BOTH VEHICLES MOVING,REAR END,STRAIGHT & LEVEL,DARK-HWY NOT LIGHTED,,,44496.35113,FALSE,146,Accepted,5,5,O,,INATTENTION,
29124770,0050100,GLASGOW POLICE DEPARTMENT,Accepted,BARREN,US0031EX,,PUBLIC,SQ,N,,,,,,,36.99610969,-85.91241464,1.491,10/27/2021,1205,2,2,0,0,CLEAR,DRY,FALSE,OTHER ROADWAY OR MID-BLOCK COLLISION,REAR END,STRAIGHT & LEVEL,DAYLIGHT,,,44496.80326,FALSE,2240,Accepted,5,5,O,,INATTENTION,
29125205,0050100,GLASGOW POLICE DEPARTMENT,Accepted,BARREN,,594,REYNOLDS,RD,,,,,YMCA,US0068X,MAIN,37.01002737,-85.93581428,0.118,10/14/2021,1121,2,1,0,0,CLEAR,DRY,FALSE,1 VEHICLE ENTERING/LEAVING ENTRANCE,ANGLE,STRAIGHT & GRADE,DAYLIGHT,,,44496.83774,FALSE,2225,Accepted,5,5,O,,,
29131212,0370200,"KY STATE POLICE, CVE",Accepted,BARREN,KY0090,,BURKESVILLE,RD,,,,,,,,36.93228268,-85.8165291,16.9,10/27/2021,720,2,2,0,0,CLEAR,DRY,FALSE,OTHER ROADWAY OR MID-BLOCK COLLISION,REAR END,STRAIGHT & LEVEL,DAYLIGHT,,,44497.57133,FALSE,C-327,Accepted,5,5,O,,INATTENTION,
29141951,0050000,BARREN COUNTY SHERIFF DEPT.,Accepted,BARREN,KY0839,5000,NOBOB,RD,,,,,,,,36.86052628,-85.77384454,1.769,10/28/2021,745,1,1,0,0,CLOUDY,DRY,FALSE,COLLISION WITH FIXED OBJECT NON - INTERSECTION - FIRST EVENT COLLISION 09 - 32 EXCLUDING 16,SINGLE VEHICLE,CURVE & GRADE,DAYLIGHT,,,44498.41659,FALSE,170,Accepted,5,5,O,,FELL ASLEEP,
29141953,0050000,BARREN COUNTY SHERIFF DEPT.,Accepted,BARREN,KY3179,,OIL WELL,RD,,,,,,,,36.85394245,-85.9586874,3.752,10/4/2021,2205,1,1,0,1,CLEAR,DRY,FALSE,COLLISION WITH FIXED OBJECT NON - INTERSECTION - FIRST EVENT COLLISION 09 - 32 EXCLUDING 16,SINGLE VEHICLE,STRAIGHT & GRADE,DARK-HWY NOT LIGHTED,,,44498.41665,FALSE,154,Accepted,5,3,B,,"ALCOHOL INVOLVEMENT, FELL ASLEEP",
29141958,0050000,BARREN COUNTY SHERIFF DEPT.,Accepted,BARREN,KY0249,,ROSEVILLE,RD,,,,,,,,36.90282323,-85.91785824,9.896,10/18/2021,2111,1,1,0,1,CLEAR,DRY,FALSE,COLLISION WITH FIXED OBJECT NON - INTERSECTION - FIRST EVENT COLLISION 09 - 32 EXCLUDING 16,SINGLE VEHICLE,CURVE & GRADE,DARK-HWY NOT LIGHTED,,,44498.41782,FALSE,154,Accepted,5,4,C,ANIMALS ACTION,NOT UNDER PROPER CONTROL,
29141965,0050000,BARREN COUNTY SHERIFF DEPT.,Accepted,BARREN,KY0685,,STOVALL,RD,,,,,,,,37.03480216,-86.01808335,3.744,10/26/2021,1951,2,2,0,0,CLEAR,DRY,FALSE,SIDESWIPE COLLISION - OPPOSITE DIRECTION,SIDESWIPE-OPPOSITE DIRECTION,STRAIGHT & HILLCREST,DARK-HWY NOT LIGHTED,,,44498.41912,FALSE,174,Accepted,5,5,O,,FAILED TO KEEP PROPER LANE,
29141973,0050000,BARREN COUNTY SHERIFF DEPT.,Accepted,BARREN,,,KINGREY,RD,,,,,,,,36.88321582,-85.80451742,1.472,10/27/2021,1932,1,1,0,0,CLEAR,DRY,FALSE,COLLISION WITH ANIMAL NON INTERSECTION,SINGLE VEHICLE,STRAIGHT & LEVEL,DARK-HWY NOT LIGHTED,,,44498.41944,FALSE,174,Accepted,5,5,O,ANIMALS ACTION,,
29143406,0050100,GLASGOW POLICE DEPARTMENT,Accepted,BARREN,,,CHERRY,ST,W,,WALL,,,,,37.00812168,-85.92140151,0.069,10/25/2021,1245,2,2,0,0,CLOUDY,DRY,FALSE,ANGLE COLLISION - ONE VEHICLE TURNING LEFT,ANGLE,STRAIGHT & GRADE,DAYLIGHT,,,44498.65598,FALSE,2286,Accepted,5,5,O,,FAILED TO YIELD RIGHT OF WAY,
29143408,0050100,GLASGOW POLICE DEPARTMENT,Accepted,BARREN,,,OLD MUNFORDVILLE,RD,,,,,OLD MUNFORDVILLE RD CONN,,COUNTRY CLUB,37.04072352,-85.91871727,0.55,10/28/2021,1042,2,2,0,0,RAINING,WET,FALSE,SIDESWIPE COLLISION - OPPOSITE DIRECTION,SIDESWIPE-OPPOSITE DIRECTION,STRAIGHT & HILLCREST,DAYLIGHT,,,44498.65612,FALSE,2246,Accepted,5,5,O,,INATTENTION,BRAKES DEFECTIVE
29144026,0050100,GLASGOW POLICE DEPARTMENT,Accepted,BARREN,,,REYNOLDS,RD,,KY0090,HAPPY VALLEY,,,,,37.01493314,-85.92831186,0.582,10/29/2021,1408,2,2,0,0,RAINING,WET,FALSE,OTHER INTERSECTION COLLISIONS,REAR END,STRAIGHT & LEVEL,DAYLIGHT,,,44498.76944,FALSE,2286,Accepted,5,5,O,,LOST CONSCIOUSNESS/FAINTED,
29145257,0050100,GLASGOW POLICE DEPARTMENT,Accepted,BARREN,LN9008,,LN9008 E,,,,,KY0249,ROSEVILLE,KY0063,TOMPKINSVILLE,36.97800175,-85.90046476,13.527,10/26/2021,1853,2,2,0,0,CLEAR,DRY,FALSE,SIDESWIPE COLLISION - SAME DIRECTION,SIDESWIPE-SAME DIRECTION,STRAIGHT & LEVEL,DARK-HWY LIGHTED/ON,,,44499.30061,FALSE,2196,Accepted,5,5,O,,INATTENTION,
29145259,0050100,GLASGOW POLICE DEPARTMENT,Accepted,BARREN,,,COUNTRY CLUB,RD,,,,,OLD MUNFORDVILLE,,COUNTRY CLUB,37.04180253,-85.91648701,0.904,10/28/2021,1030,1,1,0,2,RAINING,WET,FALSE,COLLISION WITH FIXED OBJECT NON - INTERSECTION - FIRST EVENT COLLISION 09 - 32 EXCLUDING 16,SINGLE VEHICLE,CURVE & GRADE,DAYLIGHT,,,44499.30072,FALSE,2240,Accepted,5,4,C,SLIPPERY SURFACE,INATTENTION,
29145260,0050100,GLASGOW POLICE DEPARTMENT,Accepted,BARREN,,,CHERRY,ST,W,,,,WALL,,MYRTLE,37.0067883,-85.92000022,0.189,10/28/2021,1219,2,2,0,0,RAINING,WET,FALSE,REAR END IN TRAFFIC LANES BOTH VEHICLES MOVING,REAR END,STRAIGHT & LEVEL,DAYLIGHT,,,44499.30087,FALSE,50,Accepted,5,5,O,SLIPPERY SURFACE,NOT UNDER PROPER CONTROL,
29145261,0050100,GLASGOW POLICE DEPARTMENT,Accepted,BARREN,,,TROJAN,TRL,,,,US0031E,SCOTTSVILLE,,HILLTOPPER,36.97892451,-85.93229117,1.249,10/28/2021,1520,2,2,0,0,RAINING,WET,FALSE,OTHER ROADWAY OR MID-BLOCK COLLISION,REAR END,CURVE & GRADE,DAYLIGHT,,,44499.30122,FALSE,2240,Accepted,5,5,O,SLIPPERY SURFACE,INATTENTION,
29145262,0050100,GLASGOW POLICE DEPARTMENT,Accepted,BARREN,US0068,,VETERANS OUTER,LOOP,,US0031E,JACKSON,,,,,37.03285008,-85.90582026,13.264,10/29/2021,1305,2,2,0,1,RAINING,WET,FALSE,ANGLE COLLISION - OTHER,ANGLE,STRAIGHT & LEVEL,DAYLIGHT,,,44499.3013,FALSE,2240,Accepted,5,3,B,,INATTENTION,
29145263,0050100,GLASGOW POLICE DEPARTMENT,Accepted,BARREN,KY2207,556,FORK,RD,S,,,,ROGERS HILL,,AUTUMN RIDGE,36.97340939,-85.9512608,3.873,10/29/2021,2145,1,1,0,0,RAINING,WET,FALSE,RAN OFF ROADWAY (1 VEHICLE WITH/EARTH EMBANKMENT/DITCH),SINGLE VEHICLE,CURVE & GRADE,DARK-HWY LIGHTED/ON,,,44499.30141,FALSE,2196,Accepted,5,5,O,,NOT UNDER PROPER CONTROL,
29148375,0050100,GLASGOW POLICE DEPARTMENT,Accepted,BARREN,US0031E,,L ROGERS WELLS,BLVD,S,,GRANDVIEW,,,,,36.99582704,-85.93068111,13.765,10/7/2021,1326,2,2,0,0,CLEAR,DRY,FALSE,OTHER INTERSECTION COLLISIONS,REAR END,STRAIGHT & LEVEL,DAYLIGHT,,,44500.69819,FALSE,2270,Accepted,5,5,O,,DISTRACTION,
29148377,0050100,GLASGOW POLICE DEPARTMENT,Accepted,BARREN,KY0090,,HAPPY VALLEY,RD,,,MAX WAGNER,,,,,37.02310721,-85.93456767,8.703,10/16/2021,1047,2,2,0,0,CLEAR,DRY,FALSE,ANGLE COLLISION - OTHER,ANGLE,STRAIGHT & GRADE,DAYLIGHT,,,44500.69845,FALSE,2270,Accepted,5,5,O,,INATTENTION,
29148378,0050100,GLASGOW POLICE DEPARTMENT,Accepted,BARREN,,,SMITH,RD,,,,US0031E,L ROGERS WELLS,,WALL,37.00582225,-85.9243874,0.006,10/17/2021,1234,2,2,0,0,CLEAR,DRY,FALSE,VEHICLE BACKING NON INTERSECTION,BACKING,STRAIGHT & LEVEL,DAYLIGHT,,,44500.69857,FALSE,2270,Accepted,5,5,O,,INATTENTION,
29148380,0050100,GLASGOW POLICE DEPARTMENT,Accepted,BARREN,US0031EX,608,RACE,ST,N,,,,CHERRY,,LEECH,37.00255152,-85.90903806,1.998,10/18/2021,1131,1,1,0,0,CLEAR,DRY,FALSE,1 VEHICLE ENTERING OR LEAVING PARKED POSITION (NOT PARKING LOT),SINGLE VEHICLE,STRAIGHT & LEVEL,DAYLIGHT,,,44500.69882,FALSE,2270,Accepted,5,5,O,,MISJUDGE CLEARANCE,
29148383,0050100,GLASGOW POLICE DEPARTMENT,Accepted,BARREN,LN9008,,LN9008 E,,,,,,,,,36.97382787,-85.9247756,12.113,10/22/2021,1850,1,1,0,0,CLEAR,DRY,FALSE,COLLISION WITH ANIMAL NON INTERSECTION,SINGLE VEHICLE,CURVE & LEVEL,DARK-HWY NOT LIGHTED,,,44500.69897,FALSE,2260,Accepted,5,5,O,ANIMALS ACTION,,
29150655,0050000,BARREN COUNTY SHERIFF DEPT.,Accepted,BARREN,KY0249,1510,ROSEVILLE,RD,,,,,,,,36.96808759,-85.91125781,14.568,10/28/2021,1327,2,2,0,0,RAINING,WET,FALSE,REAR END IN TRAFFIC LANES BOTH VEHICLES MOVING,REAR END,STRAIGHT & GRADE,DAYLIGHT,,,44501.34969,FALSE,170,Accepted,5,5,O,SLIPPERY SURFACE,,
29162264,0050000,BARREN COUNTY SHERIFF DEPT.,Accepted,BARREN,KY1342,,BEAVER CREEK BOAT RAMP ROAD,RD,,,,,,,,36.94180272,-86.00453981,1.826,10/13/2021,2320,1,1,0,0,CLEAR,DRY,FALSE,RAN OFF ROADWAY (1 VEHICLE WITH/EARTH EMBANKMENT/DITCH),SINGLE VEHICLE,CURVE & GRADE,DARK-HWY NOT LIGHTED,,,44502.426,FALSE,154,Accepted,5,5,O,ANIMALS ACTION,NOT UNDER PROPER CONTROL,
29162267,0050000,BARREN COUNTY SHERIFF DEPT.,Accepted,BARREN,KY0090,,HAPPY VALLEY,RD,,,,,,,,37.07347462,-85.96418134,4.852,10/17/2021,250,1,1,0,0,CLEAR,DRY,FALSE,COLLISION WITH ANIMAL NON INTERSECTION,SINGLE VEHICLE,STRAIGHT & LEVEL,DARK-HWY NOT LIGHTED,,,44502.42643,FALSE,154,Accepted,5,5,O,ANIMALS ACTION,,
29174698,0050100,GLASGOW POLICE DEPARTMENT,Accepted,BARREN,US0068,,VETERANS OUTER,LOOP,,KY0090,HAPPY VALLEY,,,,,37.02418551,-85.93584293,11.331,11/1/2021,719,2,1,0,0,CLEAR,DRY,FALSE,OTHER INTERSECTION COLLISIONS,REAR END,STRAIGHT & LEVEL,DAYLIGHT,,,44502.67412,FALSE,2229,Accepted,5,5,O,,INATTENTION,
29182334,0050100,GLASGOW POLICE DEPARTMENT,Accepted,BARREN,US0031EX,,GREEN,ST,S,US0031E,L ROGERS WELLS,,,,,36.98298527,-85.93044586,0.054,10/29/2021,1505,2,2,0,0,RAINING,WET,FALSE,OTHER INTERSECTION COLLISIONS,REAR END,STRAIGHT & LEVEL,DAYLIGHT,,,44504.25289,FALSE,2246,Accepted,5,5,O,,INATTENTION,
29182338,0050100,GLASGOW POLICE DEPARTMENT,Accepted,BARREN,US0068,,VETERANS OUTER,LOOP,,,,US0031E,JACKSON,,STALLION,37.02989428,-85.90020997,13.638,11/3/2021,704,1,1,0,0,CLEAR,DRY,FALSE,COLLISION WITH ANIMAL NON INTERSECTION,SINGLE VEHICLE,STRAIGHT & LEVEL,DAYLIGHT,,,44504.25303,FALSE,2246,Accepted,5,5,O,ANIMALS ACTION,,
29182339,0050100,GLASGOW POLICE DEPARTMENT,Accepted,BARREN,US0031E,,L ROGERS WELLS,BLVD,N,,,,SHANE,,SMITH,37.00599688,-85.92441927,14.435,11/3/2021,1402,3,3,0,0,CLEAR,DRY,FALSE,OTHER ROADWAY OR MID-BLOCK COLLISION,OPPOSING LEFT TURN,STRAIGHT & LEVEL,DAYLIGHT,,,44504.25306,FALSE,2246,Accepted,5,5,O,,INATTENTION,
29182717,0050000,BARREN COUNTY SHERIFF DEPT.,Accepted,BARREN,LN9008,,LN9008 W,,,,,,,,,37.02539709,-86.04281723,4.546,11/2/2021,748,1,1,0,0,CLOUDY,WET,FALSE,OTHER ROADWAY OR MID-BLOCK COLLISION,SINGLE VEHICLE,CURVE & LEVEL,DAYLIGHT,,,44504.33813,FALSE,170,Accepted,5,5,O,SLIPPERY SURFACE,OVERCORRECTING/OVERSTEERING,
29182722,0050000,BARREN COUNTY SHERIFF DEPT.,Accepted,BARREN,KY0249,6453,ROSEVILLE,RD,,,,,,,,36.90009468,-85.9181115,9.708,11/3/2021,547,1,1,0,0,CLEAR,DRY,FALSE,OTHER COLLISIONS ON SHOULDER,SINGLE VEHICLE,CURVE & HILLCREST,DARK-HWY NOT LIGHTED,,,44504.3382,FALSE,170,Accepted,5,5,O,ANIMALS ACTION,,
29182723,0050000,BARREN COUNTY SHERIFF DEPT.,Accepted,BARREN,LN9008,,LN9008 E,,,,,,,,,37.03008847,-86.0497312,4.046,11/3/2021,801,1,1,0,0,CLEAR,DRY,FALSE,COLLISION WITH ANIMAL NON INTERSECTION,SINGLE VEHICLE,STRAIGHT & LEVEL,DAYLIGHT,,,44504.33826,FALSE,170,Accepted,5,5,O,ANIMALS ACTION,,
29182724,0050000,BARREN COUNTY SHERIFF DEPT.,Accepted,BARREN,,1760,MORRISON PARK,RD,,,,,,,,36.95052635,-85.85523545,1.785,11/3/2021,1143,1,1,0,0,CLEAR,DRY,FALSE,COLLISION WITH FIXED OBJECT NON - INTERSECTION - FIRST EVENT COLLISION 09 - 32 EXCLUDING 16,SINGLE VEHICLE,STRAIGHT & LEVEL,DAYLIGHT,,,44504.33831,FALSE,170,Accepted,5,5,O,,,