IncidentID,AgencyORI,AgencyName,IncidentStatusDesc,County,RdwyNumber,Street,RoadwayName,StreetSfx,StreetDir,IntersectionRdwy,IntersectionRdwyName,BetweenStRdwy1,BetweenStRdwyName1,BetweenStRdwy2,BetweenStRdwyName2,Latitude,Longitude,Milepoint,CollisionDate,CollisionTime,UnitsInvolved,MotorVehiclesInvolved,NumberKilled,NumberInjured,Weather,RdwyConditionCode,HitandRun,DirAnalysisCode,MannerofCollision,RdwyCharacter,LightCondition,RampFromRdwyId,RampToRdwyId,AcceptedDate,IsSecondaryCollision,OwnerBadge,IncidentStatus,InjurySeverityCde,KABCO_Code,KABCO,Environmental_Factors,Human_Factors,Vehicular_Factors
29182734,0050100,GLASGOW POLICE DEPARTMENT,Accepted,BARREN,,,COUNTRY CLUB,RD,,,COUNTRY CLUB,,,,,37.03925702,-85.91258941,0.593,11/2/2021,800,2,2,0,0,CLOUDY,WET,FALSE,ANGLE COLLISION - OTHER,ANGLE,STRAIGHT & HILLCREST,DAYLIGHT,,,44504.3405,FALSE,50,Accepted,5,5,O,SLIPPERY SURFACE,NOT UNDER PROPER CONTROL,
29182735,0050100,GLASGOW POLICE DEPARTMENT,Accepted,BARREN,,,SHANE,DR,,US0068X,MAIN,,,,,37.00364656,-85.92895877,0.293,10/22/2021,1716,2,2,0,0,CLEAR,DRY,FALSE,ANGLE COLLISION - OTHER,ANGLE,STRAIGHT & LEVEL,DAYLIGHT,,,44504.3406,FALSE,2279,Accepted,5,5,O,,INATTENTION,
29184886,0050100,GLASGOW POLICE DEPARTMENT,Accepted,BARREN,KY1297,,OLD BOWLING GREEN,RD,,,FORRESTER,,,,,36.98944293,-85.94196027,12.227,11/2/2021,715,1,1,0,0,CLOUDY,WET,FALSE,COLLISION WITH FIXED OBJECT IN INTERSECTION - FIRST EVENT COLLISION 09 - 32,SINGLE VEHICLE,STRAIGHT & HILLCREST,DAYLIGHT,,,44504.70408,FALSE,2286,Accepted,5,5,O,SLIPPERY SURFACE,TOO FAST FOR CONDITIONS,TIRES
29185273,0050100,GLASGOW POLICE DEPARTMENT,Accepted,BARREN,US0031E,,SCOTTSVILLE,RD,,,,,TROJAN,LN9008,LN9008 W EXIT11 ON RAMP FROM US31E S,36.97945169,-85.9335136,12.574,11/4/2021,735,2,2,0,0,CLEAR,DRY,FALSE,1 VEHICLE ENTERING/LEAVING ENTRANCE,ANGLE,STRAIGHT & GRADE,DAYLIGHT,,,44504.7727,FALSE,2229,Accepted,5,5,O,,DISREGARD TRAFFIC CONTROL,
29187228,0050100,GLASGOW POLICE DEPARTMENT,Accepted,BARREN,,,HAPPY VALLEY,RD,,,,,,,,37.00937494,-85.92090919,0.031,11/4/2021,1555,2,2,0,0,CLEAR,DRY,FALSE,1 VEHICLE ENTERING/LEAVING ENTRANCE,ANGLE,STRAIGHT & LEVEL,DAYLIGHT,,,44505.39032,FALSE,2279,Accepted,5,5,O,,INATTENTION,
29187259,KSP0300,"KY STATE POLICE, POST 03",Accepted,BARREN,US0031W,25944,LOUISVILLE,RD,,,,,,,,37.09340062,-86.0201304,2.776,10/30/2021,1156,2,2,0,0,RAINING,WET,FALSE,SIDESWIPE COLLISION - SAME DIRECTION,SIDESWIPE-SAME DIRECTION,STRAIGHT & LEVEL,DAYLIGHT,,,44505.39647,FALSE,694,Accepted,5,5,O,SLIPPERY SURFACE,MISJUDGE CLEARANCE,OTHER LIGHTING DEFECTIVE
29190850,0050100,GLASGOW POLICE DEPARTMENT,Accepted,BARREN,,,CHERRY,ST,E,,,,REGENCY PARK APARTMENTS,US0068X,COLUMBIA,36.99816779,-85.90602627,0.319,11/5/2021,1923,1,1,0,0,CLEAR,DRY,FALSE,COLLISION WITH FIXED OBJECT NON - INTERSECTION - FIRST EVENT COLLISION 09 - 32 EXCLUDING 16,SINGLE VEHICLE,STRAIGHT & LEVEL,DARK (UNKNOWN ROADWAY LIGHTING),,,44506.29634,FALSE,2268,Accepted,5,5,O,,,TIRE FAILURE
29196825,0050000,BARREN COUNTY SHERIFF DEPT.,Accepted,BARREN,KY1307,2830,NEW SALEM,RD,,,,,,,,36.99132627,-85.85842636,5.767,8/16/2021,1522,2,1,0,3,CLEAR,DRY,TRUE,REAR END IN TRAFFIC LANES BOTH VEHICLES MOVING,REAR END,STRAIGHT & GRADE,DAYLIGHT,,,44508.39413,FALSE,170,Accepted,5,4,C,,"ALCOHOL INVOLVEMENT, DRUG INVOLVEMENT",
29197239,0050000,BARREN COUNTY SHERIFF DEPT.,Accepted,BARREN,US0031E,,SCOTTSVILLE,RD,,,OLD SCOTTSVILLE LOOP 1,,,,,36.93810634,-85.98368861,8.579,9/11/2021,1528,1,1,0,0,CLEAR,DRY,FALSE,OTHER INTERSECTION COLLISIONS,SINGLE VEHICLE,STRAIGHT & LEVEL,DAYLIGHT,,,44508.40248,FALSE,125,Accepted,5,5,O,,,
29197243,0050000,BARREN COUNTY SHERIFF DEPT.,Accepted,BARREN,KY0063,,TOMPKINSVILLE,RD,,,,,SILOAM,,RED BUD,36.95333005,-85.8844884,11.185,9/21/2021,836,1,1,0,0,CLOUDY,WET,FALSE,COLLISION WITH FIXED OBJECT NON - INTERSECTION - FIRST EVENT COLLISION 09 - 32 EXCLUDING 16,SINGLE VEHICLE,STRAIGHT & GRADE,DAYLIGHT,,,44508.40257,FALSE,125,Accepted,5,5,O,,INATTENTION,
29197248,0050000,BARREN COUNTY SHERIFF DEPT.,Accepted,BARREN,,3574,COLESBEND,RD,,,,,,,,36.93979742,-86.14906685,3.483,9/25/2021,837,1,1,0,0,RAINING,WET,FALSE,COLLISION WITH FIXED OBJECT NON - INTERSECTION - FIRST EVENT COLLISION 09 - 32 EXCLUDING 16,SINGLE VEHICLE,STRAIGHT & GRADE,DAYLIGHT,,,44508.40262,FALSE,125,Accepted,5,5,O,,,
29197255,0050000,BARREN COUNTY SHERIFF DEPT.,Accepted,BARREN,KY0063,14085,TOMPKINSVILLE,RD,,,,,,,,36.8150806,-85.82657599,0.315,10/1/2021,1236,2,2,0,0,CLOUDY,DRY,FALSE,VEHICLE BACKING NON INTERSECTION,BACKING,STRAIGHT & LEVEL,DAYLIGHT,,,44508.40272,FALSE,125,Accepted,5,5,O,,INATTENTION,
29197259,0050000,BARREN COUNTY SHERIFF DEPT.,Accepted,BARREN,,572,HOLLOW,RD,,,,,,,,36.97712125,-85.87841925,0.602,10/5/2021,1349,1,1,0,0,CLOUDY,DRY,FALSE,RAN OFF ROADWAY (1 VEHICLE WITH/EARTH EMBANKMENT/DITCH),SINGLE VEHICLE,CURVE & GRADE,DAYLIGHT,,,44508.40279,FALSE,125,Accepted,5,5,O,,,
29197263,0050000,BARREN COUNTY SHERIFF DEPT.,Accepted,BARREN,US0031E,,SCOTTSVILLE,RD,,,TROTTERS,,,,,36.96003931,-85.95414074,10.806,10/6/2021,1022,1,1,0,0,CLOUDY,WET,FALSE,OTHER INTERSECTION COLLISIONS,SINGLE VEHICLE,STRAIGHT & LEVEL,DAYLIGHT,,,44508.40284,FALSE,125,Accepted,5,5,O,DEBRIS IN ROADWAY,,
29197268,0050000,BARREN COUNTY SHERIFF DEPT.,Accepted,BARREN,KY1307,3995,LICK BRANCH,RD,,,,,,,,36.95906623,-85.8018891,1.261,10/9/2021,1347,1,1,1,0,CLEAR,DRY,FALSE,COLLISION WITH FIXED OBJECT NON - INTERSECTION - FIRST EVENT COLLISION 09 - 32 EXCLUDING 16,SINGLE VEHICLE,CURVE & GRADE,DAYLIGHT,,,44508.40289,TRUE,125,Accepted,5,1,K,,NOT UNDER PROPER CONTROL,
29197273,0050000,BARREN COUNTY SHERIFF DEPT.,Accepted,BARREN,KY3179,,OIL WELL,RD,,,DORSEY,,,,,36.83887452,-85.96185203,2.664,10/12/2021,900,1,1,0,0,CLEAR,DRY,FALSE,COLLISION WITH FIXED OBJECT IN INTERSECTION - FIRST EVENT COLLISION 09 - 32,SINGLE VEHICLE,CURVE & GRADE,DAYLIGHT,,,44508.40297,FALSE,125,Accepted,5,5,O,,,
29197277,0050000,BARREN COUNTY SHERIFF DEPT.,Accepted,BARREN,LN9008,,LN9008 E,,,,,,,,,36.9965298,-85.83000269,17.901,10/20/2021,644,1,1,0,0,CLEAR,DRY,FALSE,COLLISION WITH ANIMAL NON INTERSECTION,SINGLE VEHICLE,STRAIGHT & GRADE,DAYLIGHT,,,44508.40303,FALSE,125,Accepted,5,5,O,ANIMALS ACTION,,
29197280,0050000,BARREN COUNTY SHERIFF DEPT.,Accepted,BARREN,KY0063,7194,TOMPKINSVILLE,RD,,,,,,,,36.90425948,-85.86632245,7.471,10/19/2021,1025,1,1,0,0,CLEAR,DRY,FALSE,OTHER ROADWAY OR MID-BLOCK COLLISION,SINGLE VEHICLE,CURVE & GRADE,DAYLIGHT,,,44508.40307,FALSE,125,Accepted,5,5,O,,,OTHER
29197286,0050000,BARREN COUNTY SHERIFF DEPT.,Accepted,BARREN,,300,BOATMAN,RD,,,,,,,,36.9375589,-86.15246337,0.268,10/20/2021,743,2,2,0,0,CLEAR,DRY,FALSE,SIDESWIPE COLLISION - SAME DIRECTION,SIDESWIPE-SAME DIRECTION,STRAIGHT & GRADE,DAYLIGHT,,,44508.40317,FALSE,125,Accepted,5,5,O,,INATTENTION,
29197290,0050000,BARREN COUNTY SHERIFF DEPT.,Accepted,BARREN,KY1330,2001,KINO,RD,,KY1307,LICK BRANCH,,,,,36.94593972,-85.78963163,1.927,10/21/2021,806,1,1,0,0,CLEAR,DRY,FALSE,COLLISION WITH ANIMAL IN INTERSECTION,SINGLE VEHICLE,STRAIGHT & GRADE,DAYLIGHT,,,44508.40322,FALSE,125,Accepted,5,5,O,ANIMALS ACTION,,
29197295,0050000,BARREN COUNTY SHERIFF DEPT.,Accepted,BARREN,US0031E,,SCOTTSVILLE,RD,,,WINDY HILL,,,,,36.94149611,-85.97901711,8.92,10/21/2021,742,2,2,0,3,CLEAR,DRY,FALSE,ANGLE COLLISION - OTHER,ANGLE,STRAIGHT & LEVEL,DAYLIGHT,,,44508.40327,FALSE,125,Accepted,5,4,C,,INATTENTION,
29197303,0050000,BARREN COUNTY SHERIFF DEPT.,Accepted,BARREN,KY0740,2400,CORAL HILL,RD,,,,,,,,37.04182744,-85.86162768,2.406,10/28/2021,1255,1,1,0,1,RAINING,WET,FALSE,RAN OFF ROADWAY (1 VEHICLE WITH/EARTH EMBANKMENT/DITCH),SINGLE VEHICLE,CURVE & GRADE,DAYLIGHT,,,44508.40338,FALSE,125,Accepted,5,2,A,SLIPPERY SURFACE,,
29197306,0050000,BARREN COUNTY SHERIFF DEPT.,Accepted,BARREN,KY1297,,OLD BOWLING GREEN,RD,,,,,,,,36.98730527,-86.01413536,7.845,11/3/2021,1253,1,1,0,0,CLEAR,DRY,FALSE,OTHER COLLISIONS ON SHOULDER,SINGLE VEHICLE,STRAIGHT & LEVEL,DAYLIGHT,,,44508.40343,FALSE,170,Accepted,5,5,O,,,
29197309,0050000,BARREN COUNTY SHERIFF DEPT.,Accepted,BARREN,KY0090,,BURKESVILLE,RD,,,,,,,,36.97580911,-85.88816728,11.795,11/4/2021,649,1,1,0,0,CLEAR,DRY,FALSE,COLLISION WITH ANIMAL NON INTERSECTION,SINGLE VEHICLE,STRAIGHT & GRADE,DAWN,,,44508.40348,FALSE,170,Accepted,5,5,O,ANIMALS ACTION,,
29197322,0050000,BARREN COUNTY SHERIFF DEPT.,Accepted,BARREN,US0068,7451,NEW BOWLING GREEN,RD,,,,,,,,37.01906094,-86.03860012,5.15,11/4/2021,917,1,1,0,0,CLEAR,DRY,FALSE,COLLISION WITH ANIMAL NON INTERSECTION,SINGLE VEHICLE,CURVE & LEVEL,DAYLIGHT,,,44508.40376,FALSE,170,Accepted,5,5,O,ANIMALS ACTION,,
29197334,0050000,BARREN COUNTY SHERIFF DEPT.,Accepted,BARREN,LN9008,,LN9008 W,,,,,,,,,36.99750201,-85.84565929,17.036,11/4/2021,1515,1,1,0,0,CLEAR,DRY,FALSE,COLLISION WITH ANIMAL NON INTERSECTION,SINGLE VEHICLE,STRAIGHT & LEVEL,DAYLIGHT,,,44508.40394,FALSE,181,Accepted,5,5,O,ANIMALS ACTION,,
29197338,0050000,BARREN COUNTY SHERIFF DEPT.,Accepted,BARREN,US0031E,,SCOTTSVILLE,RD,,,,,,,,36.85542949,-86.05210608,1.368,10/31/2021,1822,1,1,0,0,CLEAR,DRY,FALSE,COLLISION WITH ANIMAL NON INTERSECTION,SINGLE VEHICLE,STRAIGHT & LEVEL,DARK-HWY NOT LIGHTED,,,44508.404,FALSE,124,Accepted,5,5,O,,,
29197341,0050000,BARREN COUNTY SHERIFF DEPT.,Accepted,BARREN,KY2198,247,LICK BRANCH,RD,,,,,,,,36.96438481,-85.86310608,0.64,10/30/2021,2235,1,1,0,0,CLEAR,WET,FALSE,RAN OFF ROADWAY (1 VEHICLE WITH/EARTH EMBANKMENT/DITCH),SINGLE VEHICLE,CURVE & LEVEL,DARK-HWY NOT LIGHTED,,,44508.40404,FALSE,124,Accepted,5,5,O,SLIPPERY SURFACE,,
29197344,0050000,BARREN COUNTY SHERIFF DEPT.,Accepted,BARREN,US0031E,,SCOTTSVILLE,RD,,,,,BROWNING SCHOOL,KY1318,LUCAS,36.90062879,-86.00438917,5.631,10/30/2021,1315,1,1,0,0,RAINING,WET,FALSE,RAN OFF ROADWAY (1 VEHICLE WITH/EARTH EMBANKMENT/DITCH),SINGLE VEHICLE,CURVE & LEVEL,DAYLIGHT,,,44508.4041,FALSE,172,Accepted,5,5,O,"ANIMALS ACTION, WATER POOLING",,
29197347,0050000,BARREN COUNTY SHERIFF DEPT.,Accepted,BARREN,KY0070,2107,HISEVILLE,RD,,,,,,,,37.10893793,-85.84768633,13.132,11/3/2021,2046,1,1,0,0,CLEAR,DRY,FALSE,COLLISION WITH ANIMAL NON INTERSECTION,SINGLE VEHICLE,STRAIGHT & LEVEL,DARK-HWY NOT LIGHTED,,,44508.40416,FALSE,173,Accepted,5,5,O,ANIMALS ACTION,,
29197350,0050000,BARREN COUNTY SHERIFF DEPT.,Accepted,BARREN,US0068,,EDMONTON,RD,,,ABBEY,,,,,37.01558722,-85.82244002,18.875,11/3/2021,800,1,1,0,0,CLEAR,DRY,FALSE,COLLISION WITH ANIMAL IN INTERSECTION,SINGLE VEHICLE,STRAIGHT & GRADE,DAYLIGHT,,,44508.40421,FALSE,157,Accepted,5,5,O,,,
29197354,0050000,BARREN COUNTY SHERIFF DEPT.,Accepted,BARREN,KY0740,,CORAL HILL,RD,,,,,,,,37.02355947,-85.87455056,0.907,11/7/2021,1038,1,1,0,0,CLEAR,DRY,FALSE,COLLISION WITH ANIMAL NON INTERSECTION,SINGLE VEHICLE,STRAIGHT & GRADE,DAYLIGHT,,,44508.40426,FALSE,157,Accepted,5,5,O,,,
29197930,0050000,BARREN COUNTY SHERIFF DEPT.,Accepted,BARREN,US0031E,,SCOTTSVILLE,RD,,,WINDY HILL,,,,,36.94143844,-85.97906301,8.923,10/30/2021,1409,4,4,0,8,RAINING,WET,FALSE,HEAD-ON COLLISION,HEAD ON,STRAIGHT & LEVEL,DAYLIGHT,,,44508.41613,FALSE,172,Accepted,5,2,A,SLIPPERY SURFACE,,
29197935,0050000,BARREN COUNTY SHERIFF DEPT.,Accepted,BARREN,,,GOODNIGHT TERRACE,RD,,,,,,,,37.10059287,-85.87490791,0.026,11/1/2021,729,2,2,0,0,CLEAR,DRY,FALSE,VEHICLE BACKING NON INTERSECTION,BACKING,STRAIGHT & LEVEL,DAYLIGHT,,,44508.41622,FALSE,172,Accepted,5,5,O,,INATTENTION,
29197939,0050000,BARREN COUNTY SHERIFF DEPT.,Accepted,BARREN,,,GREEN VALLEY,DR,,,,,GREEN VALLEY,,PENNY,36.96335556,-85.87652539,0.11,11/1/2021,1310,2,2,0,0,CLEAR,DRY,FALSE,SIDESWIPE COLLISION - SAME DIRECTION,SIDESWIPE-SAME DIRECTION,STRAIGHT & LEVEL,DAYLIGHT,,,44508.41631,FALSE,172,Accepted,5,5,O,,INATTENTION,
29216559,0050100,GLASGOW POLICE DEPARTMENT,Accepted,BARREN,US0031E,,L ROGERS WELLS,BLVD,S,US0068X,MAIN,,,,,37.00198114,-85.92642048,14.253,11/8/2021,1514,2,2,0,0,CLEAR,DRY,FALSE,SIDESWIPE-SAME DIRECTION,SIDESWIPE-SAME DIRECTION,STRAIGHT & LEVEL,DAWN,,,44508.80228,FALSE,2285,Accepted,5,5,O,,"FAILED TO KEEP PROPER LANE, INATTENTION",
29216562,0050100,GLASGOW POLICE DEPARTMENT,Accepted,BARREN,,,TROJAN,TRL,,,,US0031E,SCOTTSVILLE,,HILLTOPPER,36.97761446,-85.92336345,0.676,11/8/2021,745,2,2,0,0,CLEAR,DRY,FALSE,OTHER ROADWAY OR MID-BLOCK COLLISION,REAR END,STRAIGHT & LEVEL,DAYLIGHT,,,44508.80235,FALSE,2285,Accepted,5,5,O,,INATTENTION,
29235540,0050100,GLASGOW POLICE DEPARTMENT,Accepted,BARREN,US0068X,,MAIN,ST,W,,HONEYSUCKLE,,,,,37.00502424,-85.93136305,1.343,10/29/2021,2158,2,2,0,1,RAINING,WET,FALSE,ANGLE COLLISION - OTHER,ANGLE,STRAIGHT & LEVEL,DARK-HWY LIGHTED/ON,,,44509.30778,FALSE,2273,Accepted,5,4,C,,MISJUDGE CLEARANCE,
29235571,0050100,GLASGOW POLICE DEPARTMENT,Accepted,BARREN,,,GLENVIEW,DR,,,,,ADAIRLAND,US0031EX,RACE,37.01261275,-85.90129224,0.182,11/8/2021,1838,1,1,0,0,CLEAR,DRY,FALSE,COLLISION WITH ANIMAL NON INTERSECTION,SINGLE VEHICLE,CURVE & HILLCREST,DARK-HWY LIGHTED/ON,,,44509.30873,FALSE,2273,Accepted,5,5,O,,,
29239836,0050100,GLASGOW POLICE DEPARTMENT,Accepted,BARREN,US0031E,2353,SCOTTSVILLE,RD,,,,,,,,36.97177423,-85.94106252,11.896,11/5/2021,1515,2,2,0,0,CLEAR,DRY,FALSE,1 VEHICLE PARKED POSITION (NOT PARKING LOT/DRIVEWAY),BACKING,STRAIGHT & GRADE,DAYLIGHT,,,44509.46663,FALSE,2240,Accepted,5,5,O,,INATTENTION,
29239837,0050100,GLASGOW POLICE DEPARTMENT,Accepted,BARREN,,,RIVERSIDE,DR,,,PARK,,,,,36.99556005,-85.89595942,0.007,11/5/2021,1635,2,2,0,0,CLEAR,DRY,TRUE,COLLISION WITH PARKED VEHICLE,ANGLE,CURVE & LEVEL,DAYLIGHT,,,44509.46668,FALSE,2240,Accepted,5,5,O,,INATTENTION,
29247623,0050100,GLASGOW POLICE DEPARTMENT,Accepted,BARREN,US0031E,,SCOTTSVILLE,RD,,,,,JAMES T ROGERS,US0031EX,GREEN,36.98228566,-85.93136981,12.806,11/8/2021,1734,2,2,0,0,CLEAR,DRY,FALSE,REAR END IN TRAFFIC LANES BOTH VEHICLES MOVING,REAR END,CURVE & LEVEL,DARK-HWY NOT LIGHTED,,,44509.63723,FALSE,2277,Accepted,5,5,O,BACKUP DUE TO REGULAR CONGESTION,INATTENTION,MIRRORS
29247626,0050100,GLASGOW POLICE DEPARTMENT,Accepted,BARREN,US0031E,,JACKSON,HWY,N,,,US0068,VETERANS OUTER,,CARL FOX,37.03367674,-85.90478634,17.039,11/8/2021,1910,1,1,0,0,CLEAR,DRY,FALSE,COLLISION WITH ANIMAL NON INTERSECTION,SINGLE VEHICLE,STRAIGHT & LEVEL,DARK-HWY NOT LIGHTED,,,44509.6373,FALSE,2277,Accepted,5,5,O,ANIMALS ACTION,,
29271454,0050000,BARREN COUNTY SHERIFF DEPT.,Accepted,BARREN,KY0090,,BURKESVILLE,RD,,,,,,,,36.9332498,-85.81995875,16.696,11/6/2021,1823,1,1,0,0,CLEAR,DRY,FALSE,COLLISION WITH ANIMAL NON INTERSECTION,SINGLE VEHICLE,STRAIGHT & LEVEL,DARK (UNKNOWN ROADWAY LIGHTING),,,44510.33835,FALSE,181,Accepted,5,5,O,,,
29276814,0050200,CAVE CITY POLICE DEPARTMENT,Accepted,BARREN,US0031W,,DIXIE,HWY,S,,,,,,,37.12861562,-85.9625129,6.812,11/9/2021,758,2,2,0,1,CLEAR,DRY,FALSE,1 VEHICLE ENTERING/LEAVING ENTRANCE,ANGLE,STRAIGHT & LEVEL,DAYLIGHT,,,44510.46647,FALSE,601,Accepted,4,4,C,,"FAILED TO YIELD RIGHT OF WAY, INATTENTION",
29277157,0050200,CAVE CITY POLICE DEPARTMENT,Accepted,BARREN,KY0070,,BROADWAY,ST,,,,,,,,37.13778982,-85.95840765,6.543,10/15/2021,1711,2,2,0,0,CLEAR,DRY,TRUE,COLLISION WITH FIXED OBJECT NON - INTERSECTION - FIRST EVENT COLLISION 09 - 32 EXCLUDING 16,BACKING,,DUSK,,,44510.47545,FALSE,608,Accepted,5,5,O,,IMPROPER BACKING,OTHER
29277164,0050200,CAVE CITY POLICE DEPARTMENT,Accepted,BARREN,,,GRINSTEAD MILL,RD,,,,,,,,37.14890218,-85.96824994,0.93,10/30/2021,1704,1,1,0,0,CLOUDY,WET,FALSE,COLLISION WITH ANIMAL NON INTERSECTION,SINGLE VEHICLE,STRAIGHT & LEVEL,DAYLIGHT,,,44510.47558,FALSE,610,Accepted,5,5,O,ANIMALS ACTION,,
29277168,0050200,CAVE CITY POLICE DEPARTMENT,Accepted,BARREN,KY0090,,HAPPY VALLEY,ST,,,,,,,,37.12836063,-85.96338279,0.792,10/28/2021,1325,2,2,0,1,RAINING,WET,FALSE,COLLISION WITH FIXED OBJECT NON - INTERSECTION - FIRST EVENT COLLISION 09 - 32 EXCLUDING 16,REAR END,CURVE & LEVEL,DAYLIGHT,,,44510.47566,FALSE,608,Accepted,5,3,B,SLIPPERY SURFACE,FOLLOWING TOO CLOSE,
29277178,0050200,CAVE CITY POLICE DEPARTMENT,Accepted,BARREN,KY0090,,HAPPY VALLEY,RD,,,,,,,,37.10971635,-85.96832249,2.199,11/3/2021,1437,1,1,0,0,CLEAR,DRY,FALSE,COLLISION WITH ANIMAL NON INTERSECTION,SINGLE VEHICLE,STRAIGHT & LEVEL,DAYLIGHT,,,44510.47582,FALSE,611,Accepted,5,5,O,ANIMALS ACTION,,
29277183,0050200,CAVE CITY POLICE DEPARTMENT,Accepted,BARREN,KY0090,,HAPPY VALLEY,ST,,,,,,,,37.12971516,-85.96516248,0.655,11/5/2021,1925,2,2,0,0,CLEAR,DRY,FALSE,REAR END IN TRAFFIC LANES BOTH VEHICLES MOVING,REAR END,STRAIGHT & LEVEL,DARK-HWY LIGHTED/ON,,,44510.47593,FALSE,607,Accepted,5,5,O,,INATTENTION,
29277186,0050200,CAVE CITY POLICE DEPARTMENT,Accepted,BARREN,KY0090,,HAPPY VALLEY,ST,,,,,,,,37.12942651,-85.96472368,0.687,10/31/2021,1023,2,2,0,0,CLOUDY,DRY,FALSE,COLLISION WITH FIXED OBJECT NON - INTERSECTION - FIRST EVENT COLLISION 09 - 32 EXCLUDING 16,SIDESWIPE-SAME DIRECTION,STRAIGHT & LEVEL,DAYLIGHT,,,44510.47598,FALSE,608,Accepted,5,5,O,,INATTENTION,
29290977,0050100,GLASGOW POLICE DEPARTMENT,Accepted,BARREN,KY2207,,FORK,RD,S,,,,,,,36.97142634,-85.95404857,3.664,10/30/2021,1200,1,1,0,1,RAINING,WET,FALSE,COLLISION WITH FIXED OBJECT NON - INTERSECTION - FIRST EVENT COLLISION 09 - 32 EXCLUDING 16,SINGLE VEHICLE,CURVE & LEVEL,DAYLIGHT,,,44510.86978,FALSE,2270,Accepted,2,2,A,,LOST CONSCIOUSNESS/FAINTED,
29290979,0050100,GLASGOW POLICE DEPARTMENT,Accepted,BARREN,US0031E,,L ROGERS WELLS,BLVD,N,,,,ROGERS,US0068X,MAIN,37.00258255,-85.92611923,14.284,11/1/2021,1409,2,2,0,0,CLEAR,DRY,FALSE,REAR END IN TRAFFIC LANES BOTH VEHICLES MOVING,REAR END,STRAIGHT & LEVEL,DAYLIGHT,,,44510.86984,FALSE,2270,Accepted,5,5,O,,INATTENTION,
29290980,0050100,GLASGOW POLICE DEPARTMENT,Accepted,BARREN,,,HAPPY VALLEY,RD,,US0031EX,RACE,,,,,37.0042025,-85.90824494,0.817,11/9/2021,741,2,2,0,0,CLEAR,DRY,FALSE,SIDESWIPE-SAME DIRECTION,SIDESWIPE-SAME DIRECTION,STRAIGHT & LEVEL,DAYLIGHT,,,44510.86989,FALSE,2270,Accepted,5,5,O,,INATTENTION,
29290981,0050100,GLASGOW POLICE DEPARTMENT,Accepted,BARREN,KY0090,,HAPPY VALLEY,RD,,,,,,CS1010,BEAVER,37.02917992,-85.94063688,8.187,11/9/2021,1727,2,2,0,0,CLEAR,DRY,FALSE,REAR END IN TRAFFIC LANES BOTH VEHICLES MOVING,REAR END,STRAIGHT & LEVEL,DARK-HWY NOT LIGHTED,,,44510.86995,FALSE,2270,Accepted,5,5,O,,INATTENTION,
29303070,0050100,GLASGOW POLICE DEPARTMENT,Accepted,BARREN,LN9008,,LN9008 W,,,,,LN9008,LN9008 W EXIT11 OFF RAMP TO US31E,LN9008,LN9008 W EXIT14 ON RAMP FROM KY90,36.9767889,-85.90275434,13.374,10/25/2021,531,2,2,0,0,RAINING,WET,FALSE,SIDESWIPE COLLISION - SAME DIRECTION,SIDESWIPE-SAME DIRECTION,STRAIGHT & LEVEL,DARK-HWY NOT LIGHTED,,,44512.26534,FALSE,2287,Accepted,5,5,O,,"FAILED TO KEEP PROPER LANE, INATTENTION",
29303071,0050100,GLASGOW POLICE DEPARTMENT,Accepted,BARREN,KY3600,,GLASGOW OUTER LOOP,,,,,,,,,37.00670465,-85.95787042,2.046,11/9/2021,522,1,1,0,0,FOG,DRY,FALSE,COLLISION WITH ANIMAL NON INTERSECTION,SINGLE VEHICLE,CURVE & LEVEL,DARK-HWY NOT LIGHTED,,,44512.26548,FALSE,2287,Accepted,5,5,O,ANIMALS ACTION,,
29303497,0050000,BARREN COUNTY SHERIFF DEPT.,Accepted,BARREN,US0031E,,SCOTTSVILLE,RD,,,,,,,,36.94433606,-85.97527775,9.215,11/4/2021,2342,2,2,0,0,CLEAR,DRY,TRUE,REAR END IN TRAFFIC LANES BOTH VEHICLES MOVING,REAR END,STRAIGHT & LEVEL,DARK-HWY NOT LIGHTED,,,44512.34177,FALSE,181,Accepted,5,5,O,,"EMOTIONAL, NOT UNDER PROPER CONTROL",
29303501,0050000,BARREN COUNTY SHERIFF DEPT.,Accepted,BARREN,US0031W,,LOUISVILLE,RD,,,,,,,,37.09529254,-86.03488321,1.886,10/31/2021,1703,1,1,0,1,CLEAR,DRY,FALSE,OTHER COLLISIONS ON SHOULDER,SINGLE VEHICLE,CURVE & GRADE,DAYLIGHT,,,44512.3419,FALSE,163,Accepted,5,4,C,,DRUG INVOLVEMENT,
29303502,0050000,BARREN COUNTY SHERIFF DEPT.,Accepted,BARREN,KY0090,8188,BURKESVILLE,RD,,,,,,,,36.94270679,-85.83479317,15.612,11/1/2021,24,1,1,0,0,CLEAR,DRY,TRUE,OTHER COLLISIONS ON SHOULDER,SINGLE VEHICLE,CURVE & HILLCREST,DARK-HWY NOT LIGHTED,,,44512.34195,FALSE,163,Accepted,5,5,O,,ALCOHOL INVOLVEMENT,