IncidentID,AgencyORI,AgencyName,IncidentStatusDesc,County,RdwyNumber,Street,RoadwayName,StreetSfx,StreetDir,IntersectionRdwy,IntersectionRdwyName,BetweenStRdwy1,BetweenStRdwyName1,BetweenStRdwy2,BetweenStRdwyName2,Latitude,Longitude,Milepoint,CollisionDate,CollisionTime,UnitsInvolved,MotorVehiclesInvolved,NumberKilled,NumberInjured,Weather,RdwyConditionCode,HitandRun,DirAnalysisCode,MannerofCollision,RdwyCharacter,LightCondition,RampFromRdwyId,RampToRdwyId,AcceptedDate,IsSecondaryCollision,OwnerBadge,IncidentStatus,InjurySeverityCde,KABCO_Code,KABCO,Environmental_Factors,Human_Factors,Vehicular_Factors
29303504,0050000,BARREN COUNTY SHERIFF DEPT.,Accepted,BARREN,LN9008,,LN9008 E,,,,,,,,,37.01673409,-86.0310082,5.43,11/11/2021,1700,1,1,0,0,RAINING,WET,FALSE,COLLISION WITH ANIMAL NON INTERSECTION,SINGLE VEHICLE,STRAIGHT & LEVEL,DARK-HWY NOT LIGHTED,,,44512.34199,FALSE,181,Accepted,5,5,O,,,
29305439,0050100,GLASGOW POLICE DEPARTMENT,Accepted,BARREN,US0031E,,L ROGERS WELLS,BLVD,N,,,,HAPPY VALLEY,,WALL,37.00925201,-85.92188134,14.741,11/11/2021,1235,2,2,0,0,RAINING,WET,FALSE,SIDESWIPE COLLISION - SAME DIRECTION,SIDESWIPE-SAME DIRECTION,STRAIGHT & LEVEL,DAYLIGHT,,,44512.68285,FALSE,2286,Accepted,5,5,O,,MISJUDGE CLEARANCE,
29305442,0050100,GLASGOW POLICE DEPARTMENT,Accepted,BARREN,US0031E,,SCOTTSVILLE,RD,,,DOCKERY HEIGHTS,,,,,36.96647023,-85.94599229,11.435,11/11/2021,1305,2,2,0,1,RAINING,WET,FALSE,OTHER INTERSECTION COLLISIONS,REAR END,STRAIGHT & LEVEL,DAYLIGHT,,,44512.6829,FALSE,2286,Accepted,5,4,C,,,
29305446,0050100,GLASGOW POLICE DEPARTMENT,Accepted,BARREN,,,WASHINGTON,ST,E,,LEWIS,,,,,36.9942013,-85.91028297,0.129,11/11/2021,1420,1,1,0,0,RAINING,WET,FALSE,OTHER INTERSECTION COLLISIONS,SINGLE VEHICLE,STRAIGHT & HILLCREST,DAYLIGHT,,,44512.68295,FALSE,2277,Accepted,5,5,O,,,
29307030,0050100,GLASGOW POLICE DEPARTMENT,Accepted,BARREN,US0031E,,L ROGERS WELLS,BLVD,N,US0068X,MAIN,,,,,37.00205053,-85.9263804,14.258,11/12/2021,1951,2,2,0,0,CLOUDY,WET,FALSE,OPPOSING LEFT TURN,OPPOSING LEFT TURN,STRAIGHT & LEVEL,DARK-HWY LIGHTED/ON,,,44513.30858,FALSE,2273,Accepted,5,5,O,,FAILED TO YIELD RIGHT OF WAY,
29307253,0050100,GLASGOW POLICE DEPARTMENT,Accepted,BARREN,,,HAPPY VALLEY,RD,,US0031EX,RACE,,,,,37.00411836,-85.90817825,0.824,11/11/2021,1051,2,2,0,0,CLOUDY,DRY,FALSE,OTHER INTERSECTION COLLISIONS,REAR END,STRAIGHT & LEVEL,DAYLIGHT,,,44513.46268,FALSE,50,Accepted,5,5,O,,INATTENTION,
29307254,0050100,GLASGOW POLICE DEPARTMENT,Accepted,BARREN,US0031E,,L ROGERS WELLS,BLVD,S,,COMMERCIAL AVE CONN,,,,,36.9985259,-85.9281875,13.997,11/11/2021,1255,2,2,0,0,RAINING,WET,FALSE,OTHER INTERSECTION COLLISIONS,REAR END,STRAIGHT & LEVEL,DAYLIGHT,,,44513.46273,FALSE,2189,Accepted,5,5,O,SLIPPERY SURFACE,TOO FAST FOR CONDITIONS,
29307255,0050100,GLASGOW POLICE DEPARTMENT,Accepted,BARREN,US0031EX,,RACE,ST,N,,FRONT,,,,,36.99800326,-85.91180774,1.648,11/11/2021,1456,2,2,0,0,RAINING,WET,FALSE,ANGLE COLLISION - OTHER,ANGLE,STRAIGHT & LEVEL,DAYLIGHT,,,44513.46278,FALSE,2189,Accepted,5,5,O,,FAILED TO YIELD RIGHT OF WAY,
29311705,0050100,GLASGOW POLICE DEPARTMENT,Accepted,BARREN,,,GRAND,AVE,,,GREEN,,,,,37.00546376,-85.90353976,0.351,10/29/2021,2219,1,1,0,0,CLEAR,WET,FALSE,COLLISION WITH FIXED OBJECT IN INTERSECTION - FIRST EVENT COLLISION 09 - 32,SINGLE VEHICLE,CURVE & GRADE,DARK-HWY LIGHTED/ON,,,44515.12683,FALSE,48,Accepted,5,5,O,SLIPPERY SURFACE,ALCOHOL INVOLVEMENT,
29312338,0050100,GLASGOW POLICE DEPARTMENT,Accepted,BARREN,KY1297,,OLD BOWLING GREEN,RD,,,,US0031E,L ROGERS WELLS,,SPRINGDALE,36.98930945,-85.93233501,12.799,11/15/2021,427,2,2,0,0,CLEAR,DRY,FALSE,1 VEHICLE ENTERING/LEAVING ENTRANCE,ANGLE,STRAIGHT & LEVEL,DARK-HWY LIGHTED/ON,,,44515.30366,FALSE,2410,Accepted,5,5,O,,MISJUDGE CLEARANCE,
29312368,0050100,GLASGOW POLICE DEPARTMENT,Accepted,BARREN,US0031E,,L ROGERS WELLS,BLVD,N,,SMITH,,,,,37.00582566,-85.92452165,14.439,11/14/2021,1330,2,2,0,0,CLEAR,DRY,FALSE,OTHER INTERSECTION COLLISIONS,REAR END,CURVE & LEVEL,DAYLIGHT,,,44515.31019,FALSE,2288,Accepted,5,5,O,,INATTENTION,
29312462,0050000,BARREN COUNTY SHERIFF DEPT.,Accepted,BARREN,US0031E,4766,SCOTTSVILLE,RD,,,,,,,,36.94702417,-85.97170748,9.485,11/9/2021,1600,1,1,0,0,CLEAR,DRY,FALSE,COLLISION WITH FIXED OBJECT NON - INTERSECTION - FIRST EVENT COLLISION 09 - 32 EXCLUDING 16,SINGLE VEHICLE,STRAIGHT & LEVEL,DAYLIGHT,,,44515.3285,FALSE,174,Accepted,5,5,O,,INATTENTION,
29312464,0050000,BARREN COUNTY SHERIFF DEPT.,Accepted,BARREN,LN9008,,LN9008 E,,,,,,,,,37.04372544,-86.07066257,2.547,11/10/2021,1554,1,1,0,0,CLEAR,DRY,FALSE,COLLISION WITH FIXED OBJECT NON - INTERSECTION - FIRST EVENT COLLISION 09 - 32 EXCLUDING 16,SINGLE VEHICLE,STRAIGHT & LEVEL,DAYLIGHT,,,44515.32856,FALSE,174,Accepted,5,5,O,,FAILED TO KEEP PROPER LANE,
29312465,0050000,BARREN COUNTY SHERIFF DEPT.,Accepted,BARREN,KY0252,,FINNEY,RD,,,,,,,,36.94824023,-86.00778798,8.354,11/10/2021,1900,1,1,0,0,CLEAR,DRY,FALSE,COLLISION WITH ANIMAL NON INTERSECTION,SINGLE VEHICLE,STRAIGHT & LEVEL,DARK-HWY NOT LIGHTED,,,44515.3286,FALSE,174,Accepted,5,5,O,ANIMALS ACTION,,
29312466,0050000,BARREN COUNTY SHERIFF DEPT.,Accepted,BARREN,KY0090,,BURKESVILLE,RD,,,,,,,,36.97589297,-85.88836518,11.784,11/11/2021,1913,1,1,0,0,CLEAR,DRY,FALSE,COLLISION WITH ANIMAL NON INTERSECTION,SINGLE VEHICLE,STRAIGHT & LEVEL,DARK-HWY NOT LIGHTED,,,44515.32864,FALSE,174,Accepted,5,5,O,ANIMALS ACTION,,
29312467,0050000,BARREN COUNTY SHERIFF DEPT.,Accepted,BARREN,KY0090,,HAPPY VALLEY,RD,,,,,,,,37.117699,-85.96283328,1.564,11/12/2021,1703,1,1,0,0,RAINING,WET,FALSE,COLLISION WITH ANIMAL NON INTERSECTION,SINGLE VEHICLE,STRAIGHT & LEVEL,DARK-HWY LIGHTED/ON,,,44515.32867,FALSE,181,Accepted,5,5,O,,,
29312469,0050000,BARREN COUNTY SHERIFF DEPT.,Accepted,BARREN,KY0090,,BURKESVILLE,RD,,,,,,,,36.90513364,-85.75437545,21.126,11/9/2021,1156,2,2,0,1,CLEAR,DRY,FALSE,SIDESWIPE COLLISION - OPPOSITE DIRECTION,SIDESWIPE-OPPOSITE DIRECTION,CURVE & LEVEL,DAYLIGHT,,,44515.32872,FALSE,182,Accepted,5,3,B,,"FATIGUE, INATTENTION",
29312471,0050000,BARREN COUNTY SHERIFF DEPT.,Accepted,BARREN,LN9008,,LN9008 W,,,,,,,,,37.05523455,-86.10596416,0.411,11/11/2021,1348,1,1,0,0,RAINING,WET,FALSE,COLLISION WITH FIXED OBJECT NON - INTERSECTION - FIRST EVENT COLLISION 09 - 32 EXCLUDING 16,SINGLE VEHICLE,STRAIGHT & LEVEL,DAYLIGHT,,,44515.32878,FALSE,182,Accepted,5,5,O,"SLIPPERY SURFACE, WATER POOLING",NOT UNDER PROPER CONTROL,
29312472,0050000,BARREN COUNTY SHERIFF DEPT.,Accepted,BARREN,US0031E,,SCOTTSVILLE,RD,,,PRITCHARDSVILLE,,,,,36.9591218,-85.95536105,10.713,11/13/2021,1553,2,2,0,0,CLEAR,DRY,FALSE,ANGLE COLLISION - OTHER,ANGLE,STRAIGHT & LEVEL,DAYLIGHT,,,44515.32881,FALSE,181,Accepted,5,5,O,,INATTENTION,
29313651,0050100,GLASGOW POLICE DEPARTMENT,Accepted,BARREN,,114,MAC TAVISH,LN,,,,,,,,37.0073954,-85.89520153,0.167,11/12/2021,641,1,1,0,0,CLEAR,DRY,FALSE,COLLISION WITH FIXED OBJECT NON - INTERSECTION - FIRST EVENT COLLISION 09 - 32 EXCLUDING 16,SINGLE VEHICLE,STRAIGHT & LEVEL,DAYLIGHT,,,44515.51905,FALSE,2285,Accepted,5,5,O,,,
29313652,0050100,GLASGOW POLICE DEPARTMENT,Accepted,BARREN,,,FRONT,ST,W,US0031EX,RACE,,,,,36.99801247,-85.91182875,0.14,11/12/2021,1231,2,2,0,0,CLEAR,DRY,FALSE,COLLISION WITH FIXED OBJECT IN INTERSECTION - FIRST EVENT COLLISION 09 - 32,BACKING,STRAIGHT & LEVEL,DAYLIGHT,,,44515.51911,FALSE,2285,Accepted,5,5,O,,INATTENTION,
29313655,0050100,GLASGOW POLICE DEPARTMENT,Accepted,BARREN,KY0090,,BURKESVILLE,RD,,,,,GREEN VALLEY,,MACKAY,36.97864055,-85.89057865,11.558,11/12/2021,1851,2,2,0,0,RAINING,WET,FALSE,1 VEHICLE ENTERING/LEAVING ENTRANCE,ANGLE,STRAIGHT & GRADE,DARK-HWY NOT LIGHTED,,,44515.51924,FALSE,2277,Accepted,5,5,O,SLIPPERY SURFACE,"FAILED TO YIELD RIGHT OF WAY, MISJUDGE CLEARANCE",
29315506,0050100,GLASGOW POLICE DEPARTMENT,Accepted,BARREN,US0031E,,SCOTTSVILLE,RD,,LN9008,LN9008 E EXIT11 OFF RAMP TO US31E N,,,,,36.97752562,-85.93548283,12.401,11/5/2021,1642,2,1,0,0,CLEAR,DRY,FALSE,ANGLE COLLISION - ONE VEHICLE TURNING LEFT,ANGLE,STRAIGHT & LEVEL,DAYLIGHT,,,44515.81619,FALSE,2279,Accepted,5,5,O,,INATTENTION,
29318575,0050000,BARREN COUNTY SHERIFF DEPT.,Accepted,BARREN,,507,TROJAN,TRL,,,,,,,,36.97618774,-85.92790431,0.935,11/11/2021,750,2,2,0,0,CLOUDY,DRY,FALSE,VEHICLE BACKING NON INTERSECTION,BACKING,STRAIGHT & LEVEL,DAYLIGHT,,,44516.51369,FALSE,178,Accepted,5,5,O,,INATTENTION,
29321990,0050000,BARREN COUNTY SHERIFF DEPT.,Accepted,BARREN,KY1297,9592,OLD BOWLING GREEN,RD,,,,,,,,36.97895131,-86.07427074,4.359,11/1/2021,810,1,1,0,1,CLEAR,DRY,FALSE,OTHER ROADWAY OR MID-BLOCK COLLISION,SINGLE VEHICLE,CURVE & LEVEL,DAYLIGHT,,,44517.3483,FALSE,170,Accepted,5,3,B,,,
29323432,0050100,GLASGOW POLICE DEPARTMENT,Accepted,BARREN,US0031E,,L ROGERS WELLS,BLVD,N,US0068X,MAIN,,,,,37.00207718,-85.92637048,14.26,11/3/2021,1208,2,2,0,0,CLEAR,DRY,FALSE,OTHER INTERSECTION COLLISIONS,REAR END,STRAIGHT & LEVEL,DAYLIGHT,,,44517.60872,FALSE,2293,Accepted,5,5,O,,DISTRACTION,
29324616,0050100,GLASGOW POLICE DEPARTMENT,Accepted,BARREN,KY0249,,BUNCHE,AVE,,US0031EX,GREEN,,,,,36.9902129,-85.91631164,16.228,11/17/2021,1552,3,3,0,0,CLEAR,DRY,FALSE,OTHER INTERSECTION COLLISIONS,REAR END,STRAIGHT & LEVEL,DAYLIGHT,,,44517.83472,FALSE,2285,Accepted,5,5,O,,INATTENTION,
29325453,0050100,GLASGOW POLICE DEPARTMENT,Accepted,BARREN,US0031E,,L ROGERS WELLS,BLVD,N,US0068X,MAIN,,,,,37.00204863,-85.92636218,14.259,11/7/2021,1014,2,1,0,0,CLEAR,DRY,FALSE,OPPOSING LEFT TURN,OPPOSING LEFT TURN,STRAIGHT & LEVEL,DAYLIGHT,,,44518.12613,FALSE,2246,Accepted,5,5,O,,INATTENTION,
29326655,0050000,BARREN COUNTY SHERIFF DEPT.,Accepted,BARREN,LN9008,,,,,,,,,,,36.99471284,-85.97926942,0.064,11/17/2021,715,1,1,0,0,CLEAR,WET,FALSE,COLLISION WITH FIXED OBJECT NOT IN GORE ,SINGLE VEHICLE,STRAIGHT & GRADE,DAYLIGHT,KY3600,LN9008,44518.43224,FALSE,170,Accepted,5,5,O,,,
29327844,0050200,CAVE CITY POLICE DEPARTMENT,Accepted,BARREN,KY0090,,HAPPY VALLEY,ST,E,,,,,,,37.12648679,-85.96177705,0.951,11/17/2021,730,2,2,0,0,CLEAR,DRY,FALSE,REAR END IN TRAFFIC LANES BOTH VEHICLES MOVING,REAR END,STRAIGHT & LEVEL,DAYLIGHT,,,44518.64048,FALSE,601,Accepted,5,5,O,GLARE (SUN),INATTENTION,
29329973,0050100,GLASGOW POLICE DEPARTMENT,Accepted,BARREN,US0031EX,,GREEN,ST,S,US0031E,SCOTTSVILLE,,,,,36.98277859,-85.93137124,0.001,11/6/2021,1753,2,1,0,0,CLEAR,DRY,TRUE,VEHICLE BACKING IN INTERSECTION,BACKING,STRAIGHT & GRADE,DARK-HWY LIGHTED/ON,,,44519.12621,FALSE,48,Accepted,5,5,O,,,
29330504,0050100,GLASGOW POLICE DEPARTMENT,Accepted,BARREN,US0031EX,925,RACE,ST,N,,,,HUTCHERSON,,PARK,37.00730237,-85.90582506,2.383,11/18/2021,1846,3,3,0,0,CLEAR,DRY,FALSE,1 VEHICLE PARKED POSITION (NOT PARKING LOT/DRIVEWAY),ANGLE,CURVE & LEVEL,DARK (UNKNOWN ROADWAY LIGHTING),,,44519.3035,FALSE,2268,Accepted,5,5,O,,NOT UNDER PROPER CONTROL,STEERING FAILURE
29330609,0050100,GLASGOW POLICE DEPARTMENT,Accepted,BARREN,,,HAPPY VALLEY,RD,,US0031E,L ROGERS WELLS,,,,,37.00964657,-85.92148005,0.005,11/15/2021,704,2,2,0,0,CLEAR,DRY,FALSE,OTHER INTERSECTION COLLISIONS,REAR END,STRAIGHT & LEVEL,DAYLIGHT,,,44519.32215,FALSE,2288,Accepted,5,5,O,GLARE (SUN),INATTENTION,
29330612,0050100,GLASGOW POLICE DEPARTMENT,Accepted,BARREN,US0031EX,,GREEN,ST,S,US0031E,L ROGERS WELLS,,,,,36.98280325,-85.93122511,0.009,11/18/2021,709,2,2,0,0,RAINING,WET,FALSE,OTHER INTERSECTION COLLISIONS,REAR END,STRAIGHT & LEVEL,DAYLIGHT,,,44519.32226,FALSE,2288,Accepted,5,5,O,SLIPPERY SURFACE,INATTENTION,
29330812,0050100,GLASGOW POLICE DEPARTMENT,Accepted,BARREN,KY0090,,HAPPY VALLEY,RD,,,MAX WAGNER,,,,,37.0231461,-85.93477026,8.698,11/15/2021,1500,2,2,0,0,CLEAR,DRY,FALSE,SIDESWIPE-SAME DIRECTION,SIDESWIPE-SAME DIRECTION,STRAIGHT & GRADE,DAYLIGHT,,,44519.36471,FALSE,2229,Accepted,5,5,O,,INATTENTION,
29331055,0050000,BARREN COUNTY SHERIFF DEPT.,Accepted,BARREN,,1893,LECTA KINO,RD,,,,,,,,36.99636138,-85.83999091,1.264,11/17/2021,1717,1,1,0,0,CLEAR,DRY,TRUE,OTHER ROADWAY OR MID-BLOCK COLLISION,SINGLE VEHICLE,,DARK-HWY NOT LIGHTED,,,44519.4166,FALSE,146,Accepted,5,5,O,,,
29331056,0050000,BARREN COUNTY SHERIFF DEPT.,Accepted,BARREN,US0031E,,SCOTTSVILLE,RD,,,,,,,,36.90265074,-86.00316259,5.789,11/4/2021,1811,1,1,0,0,CLEAR,DRY,FALSE,COLLISION WITH ANIMAL NON INTERSECTION,SINGLE VEHICLE,STRAIGHT & GRADE,DARK-HWY NOT LIGHTED,,,44519.41664,FALSE,163,Accepted,5,5,O,ANIMALS ACTION,,
29331057,0050000,BARREN COUNTY SHERIFF DEPT.,Accepted,BARREN,KY0090,,HAPPY VALLEY,RD,,,,,,,,37.10960793,-85.96843175,2.209,11/8/2021,105,1,1,0,0,CLEAR,DRY,FALSE,COLLISION WITH ANIMAL NON INTERSECTION,SINGLE VEHICLE,STRAIGHT & LEVEL,DARK-HWY NOT LIGHTED,,,44519.41669,FALSE,163,Accepted,5,5,O,ANIMALS ACTION,,
29331058,0050000,BARREN COUNTY SHERIFF DEPT.,Accepted,BARREN,,,DRIPPING SPRINGS,RD,,,,,,,,37.04126918,-85.94850328,7.028,11/8/2021,1728,1,1,0,0,CLEAR,DRY,FALSE,COLLISION WITH ANIMAL NON INTERSECTION,SINGLE VEHICLE,STRAIGHT & GRADE,DARK-HWY NOT LIGHTED,,,44519.41674,FALSE,163,Accepted,5,5,O,ANIMALS ACTION,,
29331060,0050000,BARREN COUNTY SHERIFF DEPT.,Accepted,BARREN,KY0090,,BURKESVILLE,RD,,,,,,,,36.94731351,-85.840647,15.151,11/2/2021,325,1,1,0,0,RAINING,WET,FALSE,OTHER COLLISIONS ON SHOULDER,SINGLE VEHICLE,CURVE & GRADE,DARK-HWY NOT LIGHTED,,,44519.41684,FALSE,154,Accepted,5,5,O,ANIMALS ACTION,NOT UNDER PROPER CONTROL,OVERSIZED LOAD ON VEHICLE
29331061,0050000,BARREN COUNTY SHERIFF DEPT.,Accepted,BARREN,LN9008,,LN9008 E,,,,,,,,,36.99568176,-85.98962962,8.146,11/3/2021,44,1,1,0,0,CLEAR,DRY,FALSE,COLLISION WITH ANIMAL NON INTERSECTION,SINGLE VEHICLE,STRAIGHT & GRADE,DARK-HWY NOT LIGHTED,,,44519.41691,FALSE,154,Accepted,5,5,O,ANIMALS ACTION,,
29331062,0050000,BARREN COUNTY SHERIFF DEPT.,Accepted,BARREN,US0068,,NEW BOWLING GREEN,RD,,,,,,,,37.02651201,-86.07354392,3.117,11/18/2021,2250,1,1,0,0,CLEAR,DRY,FALSE,COLLISION WITH ANIMAL NON INTERSECTION,SINGLE VEHICLE,STRAIGHT & LEVEL,DARK-HWY NOT LIGHTED,,,44519.41696,FALSE,154,Accepted,5,5,O,ANIMALS ACTION,,
29331063,0050000,BARREN COUNTY SHERIFF DEPT.,Accepted,BARREN,KY0063,,TOMPKINSVILLE,RD,,,,,,,,36.85055971,-85.83830221,3.036,11/14/2021,103,1,1,0,0,CLEAR,DRY,FALSE,COLLISION WITH FIXED OBJECT NON - INTERSECTION - FIRST EVENT COLLISION 09 - 32 EXCLUDING 16,SINGLE VEHICLE,CURVE & LEVEL,DARK-HWY NOT LIGHTED,,,44519.417,FALSE,124,Accepted,5,5,O,,,TIRE FAILURE
29344598,0050100,GLASGOW POLICE DEPARTMENT,Accepted,BARREN,US0031E,,SCOTTSVILLE,RD,,LN9008,LN9008 E EXIT11 ON RAMP FROM US31E N,,,,,36.97716411,-85.93560751,12.373,11/22/2021,1746,2,2,0,0,CLEAR,DRY,FALSE,OTHER INTERSECTION COLLISIONS,REAR END,STRAIGHT & LEVEL,DARK-HWY LIGHTED/ON,,,44523.30152,FALSE,2273,Accepted,5,5,O,,"FOLLOWING TOO CLOSE, INATTENTION",
29344651,0050100,GLASGOW POLICE DEPARTMENT,Accepted,BARREN,,,HAPPY VALLEY,RD,,,LEXINGTON,,,,,37.0052979,-85.91096051,0.65,11/18/2021,1535,2,2,0,0,CLEAR,DRY,FALSE,OPPOSITE DIRECTION - BOTH VEHICLES GOING STRAIGHT AHEAD,SIDESWIPE-OPPOSITE DIRECTION,STRAIGHT & LEVEL,DAYLIGHT,,,44523.30499,FALSE,2288,Accepted,5,5,O,,INATTENTION,
29344652,0050100,GLASGOW POLICE DEPARTMENT,Accepted,BARREN,LN9008,,LN9008 W,,,,,LN9008,LN9008 W EXIT15 ON RAMP FROM KY1519,LN9008,LN9008 W EXIT14 OFF RAMP TO KY90,36.98736959,-85.8913005,14.348,11/19/2021,610,2,2,0,0,CLEAR,DRY,FALSE,SIDESWIPE COLLISION - SAME DIRECTION,SIDESWIPE-SAME DIRECTION,STRAIGHT & LEVEL,DAYLIGHT,,,44523.30505,FALSE,2288,Accepted,5,5,O,,OVERCORRECTING/OVERSTEERING,
29345218,0050100,GLASGOW POLICE DEPARTMENT,Accepted,BARREN,US0068X,,MAIN,ST,W,,ROGERS,,,,,36.99997939,-85.92288591,1.927,11/17/2021,1730,2,2,0,0,CLOUDY,DRY,FALSE,ANGLE COLLISION - ONE VEHICLE TURNING LEFT,ANGLE,STRAIGHT & GRADE,DARK-HWY LIGHTED/ON,,,44523.41666,FALSE,2240,Accepted,5,5,O,,INATTENTION,
29345220,0050100,GLASGOW POLICE DEPARTMENT,Accepted,BARREN,US0031EX,,RACE,ST,N,,PROFESSIONAL PARK,,,,,37.0102167,-85.9032208,2.637,11/19/2021,1150,2,2,0,0,CLEAR,DRY,FALSE,ANGLE COLLISION - OTHER,ANGLE,CURVE & GRADE,DAYLIGHT,,,44523.41679,FALSE,2240,Accepted,5,5,O,GLARE (SUN),INATTENTION,
29345222,0050100,GLASGOW POLICE DEPARTMENT,Accepted,BARREN,,,BROADWAY,ST,S,,WASHINGTON,,,,,36.99458755,-85.91134709,0.066,11/19/2021,1505,2,2,0,0,CLEAR,DRY,FALSE,ANGLE COLLISION - OTHER,ANGLE,STRAIGHT & GRADE,DAYLIGHT,,,44523.41693,FALSE,2240,Accepted,5,5,O,GLARE (SUN),INATTENTION,
29345224,0050100,GLASGOW POLICE DEPARTMENT,Accepted,BARREN,US0068,,VETERANS OUTER,LOOP,,,,KY0090,HAPPY VALLEY,,SOFTBALL,37.02446744,-85.93542143,11.351,11/22/2021,1207,2,2,0,0,CLOUDY,DRY,FALSE,SIDESWIPE COLLISION - SAME DIRECTION,SIDESWIPE-SAME DIRECTION,STRAIGHT & LEVEL,DAYLIGHT,,,44523.4171,FALSE,50,Accepted,5,5,O,,FAILED TO KEEP PROPER LANE,
29349784,0050100,GLASGOW POLICE DEPARTMENT,Accepted,BARREN,,,CHERRY,ST,W,,,,WALL,,MYRTLE,37.00705822,-85.92032727,0.164,11/23/2021,1747,2,2,0,0,CLEAR,DRY,FALSE,1 VEHICLE ENTERING/LEAVING ENTRANCE,ANGLE,STRAIGHT & LEVEL,DARK-HWY LIGHTED/ON,,,44524.46807,FALSE,2288,Accepted,5,5,O,,INATTENTION,
29350190,0050100,GLASGOW POLICE DEPARTMENT,Accepted,BARREN,,604,HAPPY VALLEY,RD,,,CUMBERLAND,,,,,37.00717181,-85.91552905,0.366,11/23/2021,646,1,1,0,0,CLEAR,DRY,FALSE,OTHER INTERSECTION COLLISIONS,SINGLE VEHICLE,STRAIGHT & LEVEL,DAYLIGHT,,,44524.56826,FALSE,2289,Accepted,5,5,O,DEBRIS IN ROADWAY,INATTENTION,
29350570,0370200,"KY STATE POLICE, CVE",Accepted,BARREN,KY0090,,BURKESVILLE,RD,,,,,,,,36.96024162,-85.87045111,13.276,11/24/2021,711,1,1,0,0,CLEAR,DRY,FALSE,COLLISION WITH ANIMAL NON INTERSECTION,SINGLE VEHICLE,STRAIGHT & LEVEL,DAYLIGHT,,,44524.64142,FALSE,C-327,Accepted,5,5,O,,,
29350579,0050100,GLASGOW POLICE DEPARTMENT,Accepted,BARREN,US0031E,,JACKSON,HWY,N,US0068,VETERANS OUTER,,,,,37.03272486,-85.90594478,16.958,11/15/2021,1945,2,2,0,0,CLEAR,DRY,FALSE,OTHER INTERSECTION COLLISIONS,REAR END,STRAIGHT & LEVEL,DARK-HWY NOT LIGHTED,,,44524.64337,FALSE,2264,Accepted,5,5,O,,INATTENTION,
29355084,0050000,BARREN COUNTY SHERIFF DEPT.,Accepted,BARREN,KY1297,,OLD BOWLING GREEN,RD,,,,,,,,36.98739454,-86.01307997,7.904,11/7/2021,453,1,1,0,0,CLEAR,DRY,FALSE,RAN OFF ROADWAY (1 VEHICLE WITH/EARTH EMBANKMENT/DITCH),SINGLE VEHICLE,STRAIGHT & LEVEL,DARK-HWY NOT LIGHTED,,,44526.48564,FALSE,124,Accepted,5,5,O,ANIMALS ACTION,INATTENTION,
29355090,0050000,BARREN COUNTY SHERIFF DEPT.,Accepted,BARREN,KY0090,,HAPPY VALLEY,RD,,,HARRY KING,,,,,37.05632703,-85.95366012,6.167,11/22/2021,1514,2,2,0,0,CLEAR,DRY,FALSE,OTHER INTERSECTION COLLISIONS,REAR END,STRAIGHT & LEVEL,DAYLIGHT,,,44526.48578,FALSE,157,Accepted,5,5,O,,INATTENTION,
29355091,0050000,BARREN COUNTY SHERIFF DEPT.,Accepted,BARREN,KY0255,,PARK CITY BON AYR,RD,,,,,,,,37.05001667,-86.05870408,8.231,11/15/2021,1612,2,2,0,0,CLEAR,DRY,FALSE,1 VEHICLE ENTERING/LEAVING ENTRANCE,ANGLE,STRAIGHT & LEVEL,DAYLIGHT,,,44526.48582,FALSE,163,Accepted,5,5,O,,FAILED TO YIELD RIGHT OF WAY,
29358738,0050100,GLASGOW POLICE DEPARTMENT,Accepted,BARREN,US0031E,,L ROGERS WELLS,BLVD,S,,COMMERCIAL AVE CONN,,,,,36.99853434,-85.92818848,13.996,11/15/2021,1725,2,2,0,0,CLEAR,DRY,FALSE,OTHER INTERSECTION COLLISIONS,REAR END,STRAIGHT & LEVEL,DARK-HWY LIGHTED/ON,,,44527.76986,FALSE,2279,Accepted,5,5,O,,INATTENTION,
29358744,0050100,GLASGOW POLICE DEPARTMENT,Accepted,BARREN,US0068X,,COLUMBIA,AVE,,,,,TAYLOR,KY1307,NEW SALEM,37.00227555,-85.89826361,3.461,11/23/2021,1515,2,2,0,0,CLEAR,DRY,FALSE,OTHER ROADWAY OR MID-BLOCK COLLISION,REAR END,STRAIGHT & LEVEL,DAYLIGHT,,,44527.77005,FALSE,2260,Accepted,5,5,O,GLARE (SUN),FOLLOWING TOO CLOSE,
29358745,0050100,GLASGOW POLICE DEPARTMENT,Accepted,BARREN,LN9008,,LN9008 E,,,,,LN9008,LN9008 E EXIT11 OFF RAMP TO US31E,LN9008,LN9008 TURN AROUND10,36.9824136,-85.94300984,10.926,11/27/2021,1046,1,1,0,0,CLEAR,DRY,FALSE,COLLISION WITH ANIMAL NON INTERSECTION,SINGLE VEHICLE,STRAIGHT & LEVEL,DAYLIGHT,,,44527.7701,FALSE,2279,Accepted,5,5,O,ANIMALS ACTION,,
29360103,0050100,GLASGOW POLICE DEPARTMENT,Accepted,BARREN,,,FRANKLIN,ST,S,KY0063,FRANKLIN,,,,,36.98989256,-85.91034345,0.131,11/22/2021,2041,2,2,0,0,CLEAR,DRY,FALSE,ANGLE COLLISION - OTHER,ANGLE,CURVE & HILLCREST,DARK-HWY LIGHTED/ON,,,44528.29637,FALSE,2196,Accepted,5,5,O,,INATTENTION,