IncidentID,AgencyORI,AgencyName,IncidentStatusDesc,County,RdwyNumber,Street,RoadwayName,StreetSfx,StreetDir,IntersectionRdwy,IntersectionRdwyName,BetweenStRdwy1,BetweenStRdwyName1,BetweenStRdwy2,BetweenStRdwyName2,Latitude,Longitude,Milepoint,CollisionDate,CollisionTime,UnitsInvolved,MotorVehiclesInvolved,NumberKilled,NumberInjured,Weather,RdwyConditionCode,HitandRun,DirAnalysisCode,MannerofCollision,RdwyCharacter,LightCondition,RampFromRdwyId,RampToRdwyId,AcceptedDate,IsSecondaryCollision,OwnerBadge,IncidentStatus,InjurySeverityCde,KABCO_Code,KABCO,Environmental_Factors,Human_Factors,Vehicular_Factors
29360109,0050100,GLASGOW POLICE DEPARTMENT,Accepted,BARREN,KY0090,,HAPPY VALLEY,RD,,,MAX WAGNER,,,,,37.02300661,-85.93465676,8.711,11/27/2021,1435,2,2,0,0,CLEAR,DRY,FALSE,SIDESWIPE-SAME DIRECTION,SIDESWIPE-SAME DIRECTION,STRAIGHT & GRADE,DAYLIGHT,,,44528.29646,FALSE,2240,Accepted,5,5,O,,"INATTENTION, TURNING IMPROPERLY",
29364060,KSP0300,"KY STATE POLICE, POST 03",Accepted,BARREN,,,INDUSTRIAL,DR,,,,,,,,36.9975368,-85.94834021,1.07,11/22/2021,1115,1,1,0,0,CLEAR,DRY,FALSE,COLLISION WITH FIXED OBJECT NON - INTERSECTION - FIRST EVENT COLLISION 09 - 32 EXCLUDING 16,SINGLE VEHICLE,CURVE & LEVEL,DAYLIGHT,,,44529.44956,FALSE,694,Accepted,5,5,O,,"DISTRACTION, FAILED TO KEEP PROPER LANE",
29364425,0050000,BARREN COUNTY SHERIFF DEPT.,Accepted,BARREN,KY0090,,BURKESVILLE,RD,,,,,,,,36.92287237,-85.80106848,17.977,11/19/2021,1800,1,1,0,0,CLEAR,DRY,FALSE,COLLISION WITH ANIMAL NON INTERSECTION,SINGLE VEHICLE,STRAIGHT & LEVEL,DARK (UNKNOWN ROADWAY LIGHTING),,,44529.48384,FALSE,181,Accepted,5,5,O,ANIMALS ACTION,,
29364427,0050000,BARREN COUNTY SHERIFF DEPT.,Accepted,BARREN,,,OIL WELL,RD,,,,,,,,36.90147717,-85.94312559,1.229,11/15/2021,522,1,1,0,0,CLEAR,DRY,FALSE,COLLISION WITH ANIMAL NON INTERSECTION,SINGLE VEHICLE,STRAIGHT & HILLCREST,DARK-HWY NOT LIGHTED,,,44529.48394,FALSE,124,Accepted,5,5,O,,,
29364428,0050000,BARREN COUNTY SHERIFF DEPT.,Accepted,BARREN,KY0249,,ROSEVILLE,RD,,,,,,,,36.91294272,-85.91622208,10.614,11/10/2021,2249,1,1,0,0,CLEAR,DRY,FALSE,COLLISION WITH ANIMAL NON INTERSECTION,SINGLE VEHICLE,STRAIGHT & GRADE,DARK-HWY NOT LIGHTED,,,44529.48397,FALSE,154,Accepted,5,5,O,ANIMALS ACTION,,
29364429,0050000,BARREN COUNTY SHERIFF DEPT.,Accepted,BARREN,KY1297,,OLD BOWLING GREEN,RD,,,,,,,,36.98837433,-86.00583584,8.317,11/20/2021,1828,1,1,0,0,CLEAR,DRY,FALSE,COLLISION WITH ANIMAL NON INTERSECTION,SINGLE VEHICLE,STRAIGHT & LEVEL,DARK-HWY NOT LIGHTED,,,44529.48402,FALSE,181,Accepted,5,5,O,ANIMALS ACTION,,
29364431,0050000,BARREN COUNTY SHERIFF DEPT.,Accepted,BARREN,KY3600,,GLASGOW OUTER LOOP,,,,,,,,,36.99087719,-85.98103694,0.271,11/22/2021,1802,2,2,0,3,CLEAR,DRY,FALSE,1 VEHICLE ENTERING/LEAVING ENTRANCE,ANGLE,STRAIGHT & LEVEL,DARK-HWY LIGHTED/ON,,,44529.48409,FALSE,182,Accepted,3,3,B,,"INATTENTION, TURNING IMPROPERLY",
29364432,0050000,BARREN COUNTY SHERIFF DEPT.,Accepted,BARREN,US0031W,,LOUISVILLE,RD,,,,,,,,37.09224511,-86.02926327,2.237,11/22/2021,1815,1,1,0,0,CLEAR,DRY,FALSE,COLLISION WITH ANIMAL NON INTERSECTION,SINGLE VEHICLE,STRAIGHT & LEVEL,DARK-HWY NOT LIGHTED,,,44529.48413,FALSE,174,Accepted,5,5,O,ANIMALS ACTION,,
29364433,0050000,BARREN COUNTY SHERIFF DEPT.,Accepted,BARREN,KY0740,,CORAL HILL,RD,,,,,,,,37.03646982,-85.86490467,1.977,11/25/2021,1646,1,1,0,0,RAINING,WET,FALSE,COLLISION WITH ANIMAL NON INTERSECTION,SINGLE VEHICLE,STRAIGHT & GRADE,DARK-HWY NOT LIGHTED,,,44529.48416,FALSE,174,Accepted,5,5,O,ANIMALS ACTION,,
29364434,0050000,BARREN COUNTY SHERIFF DEPT.,Accepted,BARREN,US0031E,,SCOTTSVILLE,RD,,,,,,,,36.84936148,-86.06475447,0.536,11/27/2021,1948,1,1,0,0,CLEAR,DRY,FALSE,COLLISION WITH ANIMAL NON INTERSECTION,SINGLE VEHICLE,STRAIGHT & GRADE,DARK-HWY NOT LIGHTED,,,44529.4842,FALSE,174,Accepted,5,5,O,ANIMALS ACTION,,
29364435,0050000,BARREN COUNTY SHERIFF DEPT.,Accepted,BARREN,KY1297,8241,OLD BOWLING GREEN,RD,,,,,,,,36.98482259,-86.05180864,5.726,11/25/2021,1408,1,1,0,0,FOG WITH RAIN,WET,FALSE,RAN OFF ROADWAY (1 VEHICLE WITH/EARTH EMBANKMENT/DITCH),SINGLE VEHICLE,CURVE & GRADE,DAYLIGHT,,,44529.48425,FALSE,170,Accepted,5,5,O,,,
29364436,0050000,BARREN COUNTY SHERIFF DEPT.,Accepted,BARREN,US0031E,,SCOTTSVILLE,RD,,,,,,,,36.9475071,-85.97097567,9.537,11/24/2021,1627,1,1,0,0,CLEAR,DRY,FALSE,COLLISION WITH ANIMAL NON INTERSECTION,SINGLE VEHICLE,STRAIGHT & LEVEL,DUSK,,,44529.48429,FALSE,163,Accepted,5,5,O,ANIMALS ACTION,,
29364437,0050000,BARREN COUNTY SHERIFF DEPT.,Accepted,BARREN,KY0090,,BURKESVILLE,RD,,,,,,,,36.89807019,-85.74637749,21.78,11/28/2021,2203,1,1,0,0,CLOUDY,DRY,FALSE,COLLISION WITH ANIMAL NON INTERSECTION,SINGLE VEHICLE,CURVE & GRADE,DARK-HWY NOT LIGHTED,,,44529.48433,FALSE,154,Accepted,5,5,O,ANIMALS ACTION,,
29364438,0050000,BARREN COUNTY SHERIFF DEPT.,Accepted,BARREN,KY0087,,AUSTIN TRACY,RD,,,,,,,,36.83636115,-86.03980647,10.507,11/22/2021,2343,1,1,0,0,CLEAR,DRY,FALSE,COLLISION WITH ANIMAL NON INTERSECTION,SINGLE VEHICLE,STRAIGHT & LEVEL,DARK-HWY NOT LIGHTED,,,44529.48437,FALSE,163,Accepted,5,5,O,ANIMALS ACTION,,
29364441,0050000,BARREN COUNTY SHERIFF DEPT.,Accepted,BARREN,LN9008,,LN9008 E,,,,,,,,,37.02105406,-86.03717586,4.98,11/29/2021,541,1,1,0,0,CLEAR,DRY,FALSE,COLLISION WITH ANIMAL NON INTERSECTION,SINGLE VEHICLE,STRAIGHT & LEVEL,DARK-HWY NOT LIGHTED,,,44529.48443,FALSE,170,Accepted,5,5,O,ANIMALS ACTION,,
29365505,0050100,GLASGOW POLICE DEPARTMENT,Accepted,BARREN,,,LESLIE,AVE,,US0068X,MAIN,,,,,36.99846659,-85.91896644,0.006,11/23/2021,1302,2,2,0,0,CLEAR,DRY,FALSE,OTHER INTERSECTION COLLISIONS,REAR END,STRAIGHT & GRADE,DAYLIGHT,,,44529.62998,FALSE,2289,Accepted,5,5,O,,,BRAKES DEFECTIVE
29366703,0050100,GLASGOW POLICE DEPARTMENT,Accepted,BARREN,US0068X,1001,MAIN,ST,W,,,,,,,37.0030891,-85.92816391,1.568,11/29/2021,1014,2,2,0,1,CLEAR,DRY,FALSE,1 VEHICLE ENTERING/LEAVING ENTRANCE,ANGLE,STRAIGHT & LEVEL,DAYLIGHT,,,44529.86582,FALSE,2189,Accepted,4,4,C,,FAILED TO YIELD RIGHT OF WAY,
29371138,0050100,GLASGOW POLICE DEPARTMENT,Accepted,BARREN,US0068,,VETERANS OUTER,LOOP,,KY0090,HAPPY VALLEY,,,,,37.02444516,-85.93590892,11.33,11/20/2021,1731,2,2,0,0,CLEAR,DRY,FALSE,ANGLE COLLISION - OTHER,ANGLE,STRAIGHT & LEVEL,DARK-HWY LIGHTED/ON,,,44530.87323,FALSE,2246,Accepted,5,5,O,,"DISREGARD TRAFFIC CONTROL, INATTENTION",
29371141,0050100,GLASGOW POLICE DEPARTMENT,Accepted,BARREN,US0068X,,MAIN,ST,W,,,,HONEYSUCKLE,,INDIAN HILLS,37.00590932,-85.93263151,1.249,11/20/2021,1826,3,3,0,0,CLEAR,DRY,FALSE,1 VEHICLE PARKED POSITION (NOT PARKING LOT/DRIVEWAY),ANGLE,STRAIGHT & LEVEL,DARK-HWY LIGHTED/ON,,,44530.87335,FALSE,48,Accepted,5,5,O,ANIMALS ACTION,NOT UNDER PROPER CONTROL,
29371142,0050100,GLASGOW POLICE DEPARTMENT,Accepted,BARREN,US0031E,,JACKSON,HWY,N,,,,OLD JACKSON HWY LOOP,,STEEPLECHASE,37.04860902,-85.89740151,18.18,11/22/2021,437,1,1,0,0,CLEAR,WET,FALSE,COLLISION WITH ANIMAL NON INTERSECTION,SINGLE VEHICLE,CURVE & LEVEL,DARK-HWY LIGHTED/OFF,,,44530.87341,FALSE,48,Accepted,5,5,O,ANIMALS ACTION,,
29371144,0050100,GLASGOW POLICE DEPARTMENT,Accepted,BARREN,KY0090,,BURKESVILLE,RD,,LN9008,LN9008 W EXIT14 ON RAMP FROM KY90 W,,,,,36.98411309,-85.89545756,11.1,11/21/2021,1534,2,2,0,0,RAINING,WET,TRUE,OPPOSING LEFT TURN,OPPOSING LEFT TURN,STRAIGHT & LEVEL,DAYLIGHT,,,44530.87348,FALSE,2246,Accepted,5,5,O,,INATTENTION,
29371146,0050100,GLASGOW POLICE DEPARTMENT,Accepted,BARREN,US0031EX,,GREEN,ST,S,,LESLIE,,,,,36.99061393,-85.91589818,1.035,11/26/2021,1528,3,3,0,0,CLEAR,DRY,FALSE,OPPOSING LEFT TURN,OPPOSING LEFT TURN,STRAIGHT & LEVEL,DAYLIGHT,,,44530.87359,FALSE,2246,Accepted,5,5,O,,INATTENTION,
29371911,0050100,GLASGOW POLICE DEPARTMENT,Accepted,BARREN,US0031E,,SCOTTSVILLE,RD,,,TROJAN,,,,,36.97960015,-85.93308362,12.593,11/12/2021,1512,2,1,0,0,CLOUDY,DRY,FALSE,OTHER INTERSECTION COLLISIONS,REAR END,STRAIGHT & LEVEL,DAYLIGHT,,,44531.12632,FALSE,2225,Accepted,5,5,O,,INATTENTION,
29371916,0050100,GLASGOW POLICE DEPARTMENT,Accepted,BARREN,US0068,,VETERANS OUTER,LOOP,,US0031E,JACKSON,,,,,37.03295388,-85.90575007,13.272,11/12/2021,1901,2,1,0,0,RAINING,WET,FALSE,ANGLE COLLISION - OTHER,ANGLE,STRAIGHT & LEVEL,DARK-HWY NOT LIGHTED,,,44531.12635,FALSE,2225,Accepted,5,5,O,,FAILED TO YIELD RIGHT OF WAY,HEADLIGHTS DEFECTIVE
29372540,0050000,BARREN COUNTY SHERIFF DEPT.,Accepted,BARREN,US0031E,7084,SCOTTSVILLE,RD,,,,,,,,36.90044583,-86.00459872,5.613,11/28/2021,1214,2,2,0,0,CLEAR,DRY,FALSE,REAR END IN TRAFFIC LANES BOTH VEHICLES MOVING,REAR END,STRAIGHT & LEVEL,DAYLIGHT,,,44531.32623,FALSE,172,Accepted,5,5,O,,INATTENTION,
29372541,0050000,BARREN COUNTY SHERIFF DEPT.,Accepted,BARREN,US0031E,,SCOTTSVILLE,RD,,,,,,,,36.94562252,-85.97354091,9.346,11/26/2021,1658,2,2,0,1,CLEAR,DRY,FALSE,1 VEHICLE ENTERING/LEAVING ENTRANCE,ANGLE,STRAIGHT & LEVEL,DARK-HWY NOT LIGHTED,,,44531.32628,FALSE,182,Accepted,5,3,B,,"FAILED TO YIELD RIGHT OF WAY, INATTENTION",
29372543,0050000,BARREN COUNTY SHERIFF DEPT.,Accepted,BARREN,KY3600,,GLASGOW OUTER LOOP,,,,,,,,,36.99899586,-85.96877685,1.318,11/28/2021,1628,2,2,0,0,CLEAR,DRY,FALSE,SIDESWIPE COLLISION - SAME DIRECTION,SIDESWIPE-SAME DIRECTION,STRAIGHT & LEVEL,DUSK,,,44531.32636,FALSE,182,Accepted,5,5,O,,"FAILED TO YIELD RIGHT OF WAY, INATTENTION",
29372544,0050000,BARREN COUNTY SHERIFF DEPT.,Accepted,BARREN,,,MATTHEWS MILL,RD,,,,,,,,36.91863814,-85.96849654,2.208,11/29/2021,1721,1,1,0,0,CLEAR,DRY,FALSE,COLLISION WITH ANIMAL NON INTERSECTION,SINGLE VEHICLE,STRAIGHT & LEVEL,DARK-HWY NOT LIGHTED,,,44531.32641,FALSE,182,Accepted,5,5,O,ANIMALS ACTION,,
29372545,0050000,BARREN COUNTY SHERIFF DEPT.,Accepted,BARREN,KY2189,,PARK CITY GLASGOW,RD,,,,,,,,37.06941966,-86.02118755,4.361,11/3/2021,1748,2,2,0,0,CLEAR,DRY,FALSE,1 VEHICLE ENTERING/LEAVING ENTRANCE,ANGLE,STRAIGHT & LEVEL,DAYLIGHT,,,44531.32647,FALSE,163,Accepted,5,5,O,,INATTENTION,
29372549,0050000,BARREN COUNTY SHERIFF DEPT.,Accepted,BARREN,KY0255,,PARK CITY BON AYR,RD,,,,,,,,37.06410438,-86.06161042,9.414,11/29/2021,1432,1,1,0,1,CLEAR,DRY,FALSE,RAN OFF ROADWAY (1 VEHICLE WITH/EARTH EMBANKMENT/DITCH),SINGLE VEHICLE,CURVE & GRADE,DAYLIGHT,,,44531.32659,FALSE,157,Accepted,4,4,C,,INATTENTION,
29375452,0050100,GLASGOW POLICE DEPARTMENT,Accepted,BARREN,US0031E,,L ROGERS WELLS,BLVD,S,,GRANDVIEW,,,,,36.99603174,-85.93039456,13.746,11/16/2021,1536,2,2,0,0,CLEAR,DRY,TRUE,SIDESWIPE-SAME DIRECTION,SIDESWIPE-SAME DIRECTION,STRAIGHT & LEVEL,DAYLIGHT,,,44531.75011,FALSE,2277,Accepted,5,5,O,,"FAILED TO KEEP PROPER LANE, INATTENTION, NOT UNDER PROPER CONTROL",OTHER
29377243,0050000,BARREN COUNTY SHERIFF DEPT.,Accepted,BARREN,US0068,,EDMONTON,RD,,,,,,,,37.01568733,-85.82240492,18.871,11/29/2021,2019,1,1,0,0,CLEAR,DRY,FALSE,COLLISION WITH ANIMAL NON INTERSECTION,SINGLE VEHICLE,STRAIGHT & LEVEL,DARK-HWY NOT LIGHTED,,,44532.32694,FALSE,173,Accepted,5,5,O,ANIMALS ACTION,,
29377303,0050100,GLASGOW POLICE DEPARTMENT,Accepted,BARREN,US0068X,,MAIN,ST,W,,OIL CITY,,,,,37.0100474,-85.94367321,0.528,11/30/2021,1208,2,2,0,0,CLEAR,DRY,FALSE,ANGLE COLLISION - OTHER,ANGLE,STRAIGHT & LEVEL,DAYLIGHT,,,44532.34506,FALSE,2189,Accepted,5,5,O,,FAILED TO YIELD RIGHT OF WAY,
29377755,KSP0300,"KY STATE POLICE, POST 03",Accepted,BARREN,KY0255,,MAMMOTH CAVE,PKWY,,,,,,,,37.09523103,-86.0528763,11.665,12/1/2021,2017,1,1,0,0,CLEAR,DRY,FALSE,RAN OFF ROADWAY (1 VEHICLE WITH/EARTH EMBANKMENT/DITCH),SINGLE VEHICLE,STRAIGHT & LEVEL,DARK-HWY NOT LIGHTED,,,44532.43814,FALSE,497,Accepted,5,5,O,,LOST CONSCIOUSNESS/FAINTED,
29382450,0050100,GLASGOW POLICE DEPARTMENT,Accepted,BARREN,,,MCKENNA,ST,,,,,SIMMONS,,HUMBLE,36.99400053,-85.90249253,0.354,12/1/2021,1023,2,2,0,0,CLOUDY,DRY,FALSE,VEHICLE BACKING NON INTERSECTION,BACKING,STRAIGHT & LEVEL,DAYLIGHT,,,44533.42891,FALSE,50,Accepted,5,5,O,,INATTENTION,
29389319,0050100,GLASGOW POLICE DEPARTMENT,Accepted,BARREN,US0031E,,L ROGERS WELLS,BLVD,S,,COMMERCIAL AVE CONN,,,,,36.9985345,-85.92819873,13.996,12/4/2021,1059,2,2,0,0,CLOUDY,DRY,FALSE,OTHER INTERSECTION COLLISIONS,REAR END,STRAIGHT & LEVEL,DAYLIGHT,,,44535.76722,FALSE,2286,Accepted,5,5,O,,,BRAKES DEFECTIVE
29390499,0050100,GLASGOW POLICE DEPARTMENT,Accepted,BARREN,,,LEWIS,ST,S,KY0249,BUNCHE,,,,,36.98895052,-85.91347559,0.001,10/29/2021,1527,2,2,0,0,RAINING,WET,FALSE,ANGLE COLLISION - OTHER,ANGLE,STRAIGHT & LEVEL,DAYLIGHT,,,44536.20057,FALSE,2246,Accepted,5,5,O,,INATTENTION,
29390500,0050100,GLASGOW POLICE DEPARTMENT,Accepted,BARREN,US0068X,,COLUMBIA,AVE,,,CHERRY,,,,,36.99814838,-85.90602251,2.953,12/4/2021,1143,2,2,0,0,CLEAR,DRY,FALSE,ANGLE COLLISION - OTHER,ANGLE,STRAIGHT & LEVEL,DAYLIGHT,,,44536.20062,FALSE,2246,Accepted,5,5,O,,INATTENTION,
29391376,0050000,BARREN COUNTY SHERIFF DEPT.,Accepted,BARREN,KY0249,,ROSEVILLE,RD,,,,,,,,36.87806158,-85.92681057,8.038,11/28/2021,1746,1,1,0,1,CLEAR,DRY,FALSE,COLLISION WITH ANIMAL NON INTERSECTION,SINGLE VEHICLE,STRAIGHT & LEVEL,DARK-HWY NOT LIGHTED,,,44536.3855,FALSE,163,Accepted,5,3,B,ANIMALS ACTION,,
29391378,0050000,BARREN COUNTY SHERIFF DEPT.,Accepted,BARREN,KY0090,,HAPPY VALLEY,RD,,,,KY0685,STOVALL,,PADDOCK,37.09398085,-85.97323225,3.347,11/24/2021,1912,2,2,0,0,CLEAR,DRY,FALSE,1 VEHICLE ENTERING/LEAVING ENTRANCE,ANGLE,STRAIGHT & LEVEL,DARK-HWY NOT LIGHTED,,,44536.38556,FALSE,124,Accepted,5,5,O,,,OTHER
29395351,0050100,GLASGOW POLICE DEPARTMENT,Accepted,BARREN,,223,WALNUT,ST,,,,,CUMBERLAND,,PRESTON,37.00617763,-85.91535351,0.036,11/27/2021,1508,1,1,0,0,CLEAR,DRY,TRUE,1 VEHICLE PARKED POSITION (NOT PARKING LOT/DRIVEWAY),SINGLE VEHICLE,STRAIGHT & LEVEL,DAYLIGHT,,,44537.30102,FALSE,2270,Accepted,5,5,O,,,
29395352,0050100,GLASGOW POLICE DEPARTMENT,Accepted,BARREN,US0068,,VETERANS OUTER,LOOP,,,,US0068,NEW GLASGOW,,OIL CITY,37.0127759,-85.95259701,10.104,11/29/2021,639,2,2,0,0,CLEAR,DRY,FALSE,SIDESWIPE COLLISION - OPPOSITE DIRECTION,SIDESWIPE-OPPOSITE DIRECTION,STRAIGHT & LEVEL,DAYLIGHT,,,44537.30107,FALSE,2270,Accepted,5,5,O,,DISTRACTION,
29395353,0050100,GLASGOW POLICE DEPARTMENT,Accepted,BARREN,,,SHALIMAR,DR,,KY0090,HAPPY VALLEY,,,,,37.01066724,-85.92359914,0.005,11/28/2021,1214,2,2,0,0,CLEAR,DRY,FALSE,ANGLE COLLISION - OTHER,ANGLE,STRAIGHT & LEVEL,DAYLIGHT,,,44537.30112,FALSE,2270,Accepted,5,5,O,,INATTENTION,
29395361,0050100,GLASGOW POLICE DEPARTMENT,Accepted,BARREN,US0031E,,L ROGERS WELLS,BLVD,N,,SMITH,,,,,37.00585461,-85.9244851,14.439,12/2/2021,1240,3,3,0,1,CLEAR,DRY,FALSE,ANGLE COLLISION - OTHER,ANGLE,STRAIGHT & LEVEL,DAYLIGHT,,,44537.30138,FALSE,2270,Accepted,5,3,B,,FAILED TO YIELD RIGHT OF WAY,
29395959,0050000,BARREN COUNTY SHERIFF DEPT.,Accepted,BARREN,KY0249,,ROSEVILLE,RD,,,,,,,,36.96305101,-85.91316566,14.175,12/6/2021,2112,1,1,0,0,CLEAR,DRY,FALSE,COLLISION WITH ANIMAL NON INTERSECTION,SINGLE VEHICLE,STRAIGHT & LEVEL,DARK-HWY NOT LIGHTED,,,44537.41684,FALSE,173,Accepted,5,5,O,ANIMALS ACTION,,
29396019,KSP0300,"KY STATE POLICE, POST 03",Accepted,BARREN,,,OLD MUNFORDVILLE,RD,,,,,,,,37.13778897,-85.90667323,6.436,12/3/2021,1917,1,1,0,0,CLEAR,DRY,FALSE,OTHER ROADWAY OR MID-BLOCK COLLISION,SINGLE VEHICLE,STRAIGHT & LEVEL,DARK-HWY NOT LIGHTED,,,44537.42314,FALSE,389,Accepted,5,5,O,,INATTENTION,
29400364,0050000,BARREN COUNTY SHERIFF DEPT.,Accepted,BARREN,LN9008,,LN9008 E,,,,,,,,,36.9915681,-85.97289432,9.132,11/11/2021,1349,1,1,0,0,RAINING,WET,FALSE,RAN OFF ROADWAY (1 VEHICLE WITH/EARTH EMBANKMENT/DITCH),SINGLE VEHICLE,STRAIGHT & GRADE,DAYLIGHT,,,44538.37463,FALSE,125,Accepted,5,5,O,SLIPPERY SURFACE,,
29400365,0050000,BARREN COUNTY SHERIFF DEPT.,Accepted,BARREN,KY0090,,BURKESVILLE,RD,,,SILOAM,,,,,36.96459894,-85.87858778,12.731,11/11/2021,1507,2,2,0,2,RAINING,WET,FALSE,ANGLE COLLISION - OTHER,ANGLE,STRAIGHT & GRADE,DAYLIGHT,,,44538.37467,FALSE,125,Accepted,3,3,B,,INATTENTION,
29400366,0050000,BARREN COUNTY SHERIFF DEPT.,Accepted,BARREN,KY0249,,ROSEVILLE,RD,,,,,,,,36.95081116,-85.91910396,13.289,12/1/2021,806,2,2,0,0,CLOUDY,DRY,FALSE,SIDESWIPE COLLISION - OPPOSITE DIRECTION,SIDESWIPE-OPPOSITE DIRECTION,STRAIGHT & GRADE,DAYLIGHT,,,44538.37471,FALSE,125,Accepted,5,5,O,,,
29400367,0050000,BARREN COUNTY SHERIFF DEPT.,Accepted,BARREN,US0031E,,SCOTTSVILLE,RD,,,,,,,,36.89991417,-86.00500417,5.569,12/1/2021,1611,2,2,0,0,RAINING,WET,FALSE,SIDESWIPE COLLISION - OPPOSITE DIRECTION,SIDESWIPE-OPPOSITE DIRECTION,CURVE & LEVEL,DUSK,,,44538.37475,FALSE,174,Accepted,5,5,O,SLIPPERY SURFACE,NOT UNDER PROPER CONTROL,
29400373,0050100,GLASGOW POLICE DEPARTMENT,Accepted,BARREN,US0031E,,L ROGERS WELLS,BLVD,N,,,,SHANE,,SMITH,37.00549679,-85.92466108,14.424,12/3/2021,1700,2,2,0,0,CLEAR,DRY,FALSE,OTHER ROADWAY OR MID-BLOCK COLLISION,REAR END,STRAIGHT & LEVEL,DARK-HWY LIGHTED/ON,,,44538.37545,FALSE,2260,Accepted,5,5,O,,INATTENTION,
29402006,0050100,GLASGOW POLICE DEPARTMENT,Accepted,BARREN,,,GRAND,AVE,,US0068X,COLUMBIA,,,,,37.00160792,-85.89955014,,12/6/2021,744,2,2,0,0,RAINING,WET,FALSE,OTHER INTERSECTION COLLISIONS,REAR END,STRAIGHT & LEVEL,DAYLIGHT,,,44538.613,FALSE,2286,Accepted,5,5,O,,DISTRACTION,
29402973,0050100,GLASGOW POLICE DEPARTMENT,Accepted,BARREN,LN9008,,LN9008 E,,,,,,,,,36.97599907,-85.90439631,13.262,12/7/2021,1703,1,1,0,0,CLEAR,DRY,FALSE,COLLISION WITH ANIMAL NON INTERSECTION,SINGLE VEHICLE,STRAIGHT & LEVEL,DARK-HWY LIGHTED/OFF,,,44538.77759,FALSE,2279,Accepted,5,5,O,ANIMALS ACTION,,
29405048,0050100,GLASGOW POLICE DEPARTMENT,Accepted,BARREN,US0031EX,111,PUBLIC,SQ,N,,,,GREEN,US0031EX,US31E BUS TURN LANE,36.99593911,-85.91200144,1.469,11/23/2021,1416,2,2,0,0,CLEAR,DRY,FALSE,VEHICLE BACKING NON INTERSECTION,BACKING,CURVE & GRADE,DAYLIGHT,,,44539.36925,FALSE,2293,Accepted,5,5,O,GLARE (SUN),INATTENTION,
29407266,0050100,GLASGOW POLICE DEPARTMENT,Accepted,BARREN,US0031E,,SCOTTSVILLE,RD,,LN9008,LN9008 W EXIT11 CROSSOVER US31E,,,,,36.97875301,-85.93403864,12.518,11/21/2021,1736,1,1,0,0,RAINING,WET,FALSE,COLLISION WITH FIXED OBJECT IN INTERSECTION - FIRST EVENT COLLISION 09 - 32,SINGLE VEHICLE,STRAIGHT & LEVEL,DARK-HWY LIGHTED/ON,,,44539.71261,FALSE,2225,Accepted,5,5,O,"VIEW OBSTRUCTED, LIMITED DUE TO WEATHER CONDITIONS",DISTRACTION,
29407273,0050100,GLASGOW POLICE DEPARTMENT,Accepted,BARREN,,,OIL CITY,RD,,US0068,VETERANS OUTER,,,,,37.01544442,-85.94821075,0.481,12/6/2021,1225,2,2,0,0,CLEAR,DRY,FALSE,REAR END - ONE VEHICLE TURNING RIGHT,REAR END,STRAIGHT & LEVEL,DAYLIGHT,,,44539.71274,FALSE,2189,Accepted,5,5,O,,INATTENTION,
29407274,0050100,GLASGOW POLICE DEPARTMENT,Accepted,BARREN,KY3600,,GLASGOW OUTER LOOP,,,US0068,NEW GLASGOW,,,,,37.0120252,-85.95294802,2.495,12/2/2021,1739,2,2,0,0,CLEAR,DRY,FALSE,OPPOSING LEFT TURN,OPPOSING LEFT TURN,STRAIGHT & LEVEL,DARK-HWY LIGHTED/ON,,,44539.71278,FALSE,2207,Accepted,5,5,O,,FAILED TO YIELD RIGHT OF WAY,
29414039,0050100,GLASGOW POLICE DEPARTMENT,Accepted,BARREN,,,LEWIS,ST,S,,,,WAYNE,KY0063,COLLEGE,36.99319452,-85.91084329,0.328,12/6/2021,1804,2,2,0,0,CLEAR,DRY,TRUE,1 VEHICLE PARKED POSITION (NOT PARKING LOT/DRIVEWAY),SIDESWIPE-SAME DIRECTION,STRAIGHT & LEVEL,UNKNOWN,,,44541.94731,FALSE,2277,Accepted,5,5,O,,"FAILED TO KEEP PROPER LANE, MISJUDGE CLEARANCE, NOT UNDER PROPER CONTROL",
29414902,0050100,GLASGOW POLICE DEPARTMENT,Accepted,BARREN,US0068X,,MAIN,ST,W,,,,SHANE,US0031E,L ROGERS WELLS,37.00326058,-85.92842212,1.549,12/11/2021,1224,2,2,0,1,CLOUDY,DRY,FALSE,1 VEHICLE ENTERING/LEAVING ENTRANCE,ANGLE,STRAIGHT & LEVEL,DAYLIGHT,,,44542.29806,FALSE,2288,Accepted,3,3,B,,INATTENTION,
29416006,0050100,GLASGOW POLICE DEPARTMENT,Accepted,BARREN,US0031E,,SCOTTSVILLE,RD,,,,,FORK,,FORK,36.97309999,-85.93957367,12.02,12/2/2021,1724,2,2,0,0,CLEAR,DRY,FALSE,OTHER ROADWAY OR MID-BLOCK COLLISION,REAR END,STRAIGHT & GRADE,DARK (UNKNOWN ROADWAY LIGHTING),,,44542.81831,FALSE,2270,Accepted,5,5,O,,INATTENTION,
29466968,0050100,GLASGOW POLICE DEPARTMENT,Accepted,BARREN,,,GARMON,AVE,,,CHERRY,,,,,37.00211716,-85.91057268,,11/21/2021,1717,2,2,0,0,CLEAR,DRY,FALSE,ANGLE COLLISION - OTHER,ANGLE,STRAIGHT & LEVEL,DARK-HWY NOT LIGHTED,,,44545.36378,FALSE,2285,Accepted,5,5,O,,FAILED TO YIELD RIGHT OF WAY,