IncidentID,AgencyORI,AgencyName,IncidentStatusDesc,County,RdwyNumber,Street,RoadwayName,StreetSfx,StreetDir,IntersectionRdwy,IntersectionRdwyName,BetweenStRdwy1,BetweenStRdwyName1,BetweenStRdwy2,BetweenStRdwyName2,Latitude,Longitude,Milepoint,CollisionDate,CollisionTime,UnitsInvolved,MotorVehiclesInvolved,NumberKilled,NumberInjured,Weather,RdwyConditionCode,HitandRun,DirAnalysisCode,MannerofCollision,RdwyCharacter,LightCondition,RampFromRdwyId,RampToRdwyId,AcceptedDate,IsSecondaryCollision,OwnerBadge,IncidentStatus,InjurySeverityCde,KABCO_Code,KABCO,Environmental_Factors,Human_Factors,Vehicular_Factors
29466969,0050100,GLASGOW POLICE DEPARTMENT,Accepted,BARREN,US0068,,VETERANS OUTER,LOOP,,,,KY0090,HAPPY VALLEY,,BEAVER,37.02342279,-85.93675176,11.249,12/14/2021,606,1,1,0,0,CLEAR,DRY,FALSE,COLLISION WITH ANIMAL NON INTERSECTION,SINGLE VEHICLE,STRAIGHT & LEVEL,DARK-HWY NOT LIGHTED,,,44545.36385,FALSE,2285,Accepted,5,5,O,,,
29466970,0050100,GLASGOW POLICE DEPARTMENT,Accepted,BARREN,KY0090,,BURKESVILLE,RD,,LN9008,LN9008 E EXIT14 OFF RAMP TO KY90 W,,,,,36.98265278,-85.89417463,11.22,12/14/2021,733,2,2,0,1,CLEAR,DRY,FALSE,ANGLE COLLISION - OTHER,ANGLE,STRAIGHT & LEVEL,DAYLIGHT,,,44545.36389,FALSE,2285,Accepted,3,3,B,,FAILED TO YIELD RIGHT OF WAY,
29466971,0050100,GLASGOW POLICE DEPARTMENT,Accepted,BARREN,US0031EX,615,RACE,ST,N,,,,,,,37.003194,-85.90896269,2.025,12/14/2021,928,1,1,0,0,CLEAR,DRY,FALSE,OTHER ROADWAY OR MID-BLOCK COLLISION,SINGLE VEHICLE,STRAIGHT & LEVEL,DAYLIGHT,,,44545.36395,FALSE,2286,Accepted,5,5,O,,,OTHER
29467009,0050000,BARREN COUNTY SHERIFF DEPT.,Accepted,BARREN,KY1307,,NEW SALEM,RD,,,,,,,,36.99131851,-85.85859905,5.777,12/10/2021,504,1,1,0,0,CLOUDY,DRY,FALSE,COLLISION WITH ANIMAL NON INTERSECTION,SINGLE VEHICLE,STRAIGHT & GRADE,DARK-HWY LIGHTED/OFF,,,44545.37475,FALSE,157,Accepted,5,5,O,,,
29467010,0050000,BARREN COUNTY SHERIFF DEPT.,Accepted,BARREN,KY0087,,AUSTIN TRACY,RD,,,,,,,,36.76700924,-85.95100258,2.523,12/10/2021,1736,1,1,0,0,CLOUDY,WET,FALSE,COLLISION WITH ANIMAL NON INTERSECTION,SINGLE VEHICLE,STRAIGHT & LEVEL,DARK-HWY LIGHTED/OFF,,,44545.37481,FALSE,181,Accepted,5,5,O,ANIMALS ACTION,,
29467012,0050000,BARREN COUNTY SHERIFF DEPT.,Accepted,BARREN,KY0740,,CORAL HILL,RD,,,,,,,,37.09655247,-85.81904966,7.079,12/6/2021,1138,2,2,0,1,CLEAR,DRY,FALSE,SIDESWIPE COLLISION - SAME DIRECTION,SIDESWIPE-SAME DIRECTION,STRAIGHT & LEVEL,DAYLIGHT,,,44545.37487,FALSE,182,Accepted,5,3,B,,INATTENTION,
29467013,0050000,BARREN COUNTY SHERIFF DEPT.,Accepted,BARREN,,,MAMMOTH CAVE,AVE,,,,,,,,37.09380611,-86.04887345,0.334,12/10/2021,1532,2,2,0,0,CLOUDY,WET,FALSE,1 VEHICLE PARKED POSITION (NOT PARKING LOT/DRIVEWAY),REAR END,STRAIGHT & GRADE,DAYLIGHT,,,44545.37494,FALSE,182,Accepted,5,5,O,SLIPPERY SURFACE,,
29467014,0050000,BARREN COUNTY SHERIFF DEPT.,Accepted,BARREN,KY0740,,CORAL HILL,RD,,,,,,,,37.03693177,-85.86465855,2.013,12/8/2021,1807,1,1,0,0,CLEAR,DRY,FALSE,COLLISION WITH ANIMAL NON INTERSECTION,SINGLE VEHICLE,STRAIGHT & GRADE,DARK-HWY NOT LIGHTED,,,44545.37499,FALSE,174,Accepted,5,5,O,ANIMALS ACTION,,
29467015,0050000,BARREN COUNTY SHERIFF DEPT.,Accepted,BARREN,US0031E,,SCOTTSVILLE,RD,,,,,,,,36.90086882,-86.00413924,5.651,12/13/2021,1555,2,2,0,0,CLEAR,DRY,FALSE,SIDESWIPE COLLISION - SAME DIRECTION,SIDESWIPE-SAME DIRECTION,STRAIGHT & LEVEL,DAYLIGHT,,,44545.37507,FALSE,181,Accepted,5,5,O,,INATTENTION,
29470955,0050000,BARREN COUNTY SHERIFF DEPT.,Accepted,BARREN,KY0087,8900,AUSTIN TRACY,RD,,,,,,,,36.77533014,-85.95357115,3.14,12/13/2021,1410,1,1,0,0,CLEAR,DRY,FALSE,COLLISION WITH ANIMAL NON INTERSECTION,SINGLE VEHICLE,STRAIGHT & HILLCREST,DAYLIGHT,,,44546.37214,FALSE,170,Accepted,5,5,O,ANIMALS ACTION,,
29470956,0050000,BARREN COUNTY SHERIFF DEPT.,Accepted,BARREN,US0031E,,SCOTTSVILLE,RD,,,,,,,,36.85103837,-86.05982194,0.827,12/5/2021,1709,1,1,0,0,CLEAR,DRY,FALSE,COLLISION WITH ANIMAL NON INTERSECTION,SINGLE VEHICLE,STRAIGHT & GRADE,DAYLIGHT,,,44546.37219,FALSE,163,Accepted,5,5,O,ANIMALS ACTION,,
29471147,0050100,GLASGOW POLICE DEPARTMENT,Accepted,BARREN,,,SHANE,DR,,,,,,,,37.00530396,-85.92482985,0.005,12/12/2021,1328,2,2,0,0,CLEAR,DRY,FALSE,REAR END IN TRAFFIC LANES BOTH VEHICLES MOVING,REAR END,STRAIGHT & LEVEL,DAYLIGHT,,,44546.39204,FALSE,2279,Accepted,5,5,O,,INATTENTION,
29471152,0050100,GLASGOW POLICE DEPARTMENT,Accepted,BARREN,KY0090,,MAIN,ST,E,,CARNATION,,,,,36.99136398,-85.90319825,10.435,12/13/2021,1730,2,2,0,0,CLEAR,DRY,FALSE,OTHER INTERSECTION COLLISIONS,REAR END,STRAIGHT & LEVEL,DARK-HWY NOT LIGHTED,,,44546.39218,FALSE,2260,Accepted,5,5,O,,DISTRACTION,
29471185,0050100,GLASGOW POLICE DEPARTMENT,Accepted,BARREN,US0031E,,L ROGERS WELLS,BLVD,N,US0068X,MAIN,,,,,37.00210158,-85.92636231,14.261,12/15/2021,1504,2,2,0,0,CLEAR,DRY,FALSE,SIDESWIPE-SAME DIRECTION,SIDESWIPE-SAME DIRECTION,STRAIGHT & LEVEL,DAYLIGHT,,,44546.40024,FALSE,2285,Accepted,5,5,O,,FAILED TO YIELD RIGHT OF WAY,
29475100,0050100,GLASGOW POLICE DEPARTMENT,Accepted,BARREN,US0031E,,L ROGERS WELLS,BLVD,N,,,,CHERRY,,HAPPY VALLEY,37.00896632,-85.92211139,14.774,12/11/2021,1525,2,2,0,0,CLOUDY,DRY,FALSE,OTHER ROADWAY OR MID-BLOCK COLLISION,REAR END,STRAIGHT & LEVEL,DAYLIGHT,,,44547.39324,FALSE,2240,Accepted,5,5,O,,INATTENTION,
29475103,0050100,GLASGOW POLICE DEPARTMENT,Accepted,BARREN,KY0063,,WOODLAWN,ST,,,,,LENNA,,TEMPLE TRACE,36.98141486,-85.90217733,13.409,12/11/2021,1714,1,1,0,1,CLEAR,DRY,FALSE,COLLISION WITH FIXED OBJECT NON - INTERSECTION - FIRST EVENT COLLISION 09 - 32 EXCLUDING 16,SINGLE VEHICLE,STRAIGHT & LEVEL,DARK-HWY NOT LIGHTED,,,44547.39332,FALSE,2237,Accepted,5,3,B,,ALCOHOL INVOLVEMENT,
29475104,0050100,GLASGOW POLICE DEPARTMENT,Accepted,BARREN,,,SMITH,RD,,,,US0031E,L ROGERS WELLS,,WALL,37.00588163,-85.92418014,0.018,12/13/2021,1042,2,2,0,0,CLEAR,DRY,FALSE,SIDESWIPE COLLISION - SAME DIRECTION,SIDESWIPE-SAME DIRECTION,STRAIGHT & LEVEL,DAYLIGHT,,,44547.39336,FALSE,50,Accepted,5,5,O,,INATTENTION,
29475107,0050100,GLASGOW POLICE DEPARTMENT,Accepted,BARREN,KY0090,,HAPPY VALLEY,RD,,,,,BEAVER,,AIRPORT,37.03060931,-85.94161866,8.075,12/15/2021,1032,2,2,0,0,CLEAR,DRY,FALSE,REAR END IN TRAFFIC LANES BOTH VEHICLES MOVING,REAR END,STRAIGHT & GRADE,DAYLIGHT,,,44547.39346,FALSE,2237,Accepted,5,5,O,,OTHER,
29475109,0050100,GLASGOW POLICE DEPARTMENT,Accepted,BARREN,KY0063,,MILL,ST,,,FRANKLIN,,,,,36.98991695,-85.91034351,14.167,12/15/2021,1806,2,2,0,0,CLEAR,DRY,FALSE,ANGLE COLLISION - OTHER,ANGLE,CURVE & HILLCREST,DARK-HWY LIGHTED/ON,,,44547.3935,FALSE,2196,Accepted,5,5,O,,INATTENTION,
29475332,0050000,BARREN COUNTY SHERIFF DEPT.,Accepted,BARREN,KY0249,1818,ROSEVILLE,RD,,,,,,,,36.96334281,-85.91302936,14.225,12/15/2021,651,2,2,0,0,CLOUDY,WET,FALSE,REAR END IN TRAFFIC LANES BOTH VEHICLES MOVING,REAR END,STRAIGHT & LEVEL,DAWN,,,44547.43819,FALSE,170,Accepted,5,5,O,,OTHER,
29475369,0050000,BARREN COUNTY SHERIFF DEPT.,Accepted,BARREN,US0031E,,SCOTTSVILLE,RD,,,,,,,,36.91927363,-85.99748948,6.985,12/17/2021,535,1,1,0,0,RAINING,WET,FALSE,COLLISION WITH ANIMAL NON INTERSECTION,SINGLE VEHICLE,STRAIGHT & LEVEL,DARK-HWY LIGHTED/OFF,,,44547.43991,FALSE,157,Accepted,5,5,O,,,
29476987,0050100,GLASGOW POLICE DEPARTMENT,Accepted,BARREN,US0068X,,MAIN,ST,W,,SAMSON,,,,,36.9986591,-85.91929384,2.143,12/16/2021,1643,2,2,0,0,RAINING,WET,FALSE,SIDESWIPE-SAME DIRECTION,SIDESWIPE-SAME DIRECTION,STRAIGHT & LEVEL,DARK-HWY LIGHTED/ON,,,44547.79299,FALSE,2288,Accepted,5,5,O,,INATTENTION,
29483306,0050000,BARREN COUNTY SHERIFF DEPT.,Accepted,BARREN,US0031E,,SCOTTSVILLE,RD,,,,,,,,36.94096272,-85.97979988,8.873,12/17/2021,1627,1,1,0,0,RAINING,WET,FALSE,COLLISION WITH FIXED OBJECT NON - INTERSECTION - FIRST EVENT COLLISION 09 - 32 EXCLUDING 16,SINGLE VEHICLE,STRAIGHT & LEVEL,DAYLIGHT,,,44550.36083,FALSE,181,Accepted,5,5,O,SLIPPERY SURFACE,,
29483308,0050000,BARREN COUNTY SHERIFF DEPT.,Accepted,BARREN,KY0070,,HISEVILLE MAIN,ST,W,KY0740,CORAL HILL,,,,,37.10067017,-85.81414914,15.111,12/17/2021,1917,2,2,0,0,CLEAR,WET,FALSE,ANGLE COLLISION - OTHER,ANGLE,STRAIGHT & LEVEL,DARK-HWY LIGHTED/ON,,,44550.3609,FALSE,181,Accepted,5,5,O,,DISREGARD TRAFFIC CONTROL,
29483309,0050000,BARREN COUNTY SHERIFF DEPT.,Accepted,BARREN,US0031E,,SCOTTSVILLE,RD,,,,,,,,36.86021793,-86.0463074,1.84,12/17/2021,2015,1,1,0,1,CLOUDY,WET,FALSE,RAN OFF ROADWAY (1 VEHICLE WITH/EARTH EMBANKMENT/DITCH),SINGLE VEHICLE,STRAIGHT & LEVEL,DARK-HWY NOT LIGHTED,,,44550.36099,FALSE,181,Accepted,4,4,C,SLIPPERY SURFACE,,
29483311,0050000,BARREN COUNTY SHERIFF DEPT.,Accepted,BARREN,,,BIG MEADOW,RD,,,,,,,,37.07216615,-85.78756673,0.041,12/13/2021,1600,1,1,0,0,CLOUDY,DRY,FALSE,OTHER COLLISIONS ON SHOULDER,SINGLE VEHICLE,STRAIGHT & LEVEL,DAYLIGHT,,,44550.36108,FALSE,163,Accepted,5,5,O,,"INATTENTION, NOT UNDER PROPER CONTROL",
29483313,0050000,BARREN COUNTY SHERIFF DEPT.,Accepted,BARREN,,,TROJAN,TRL,,,,,,,,36.97656852,-85.92437097,,12/15/2021,1511,2,2,0,0,CLEAR,DRY,FALSE,SIDESWIPE COLLISION - SAME DIRECTION,SIDESWIPE-SAME DIRECTION,CURVE & GRADE,DAYLIGHT,,,44550.36114,FALSE,167,Accepted,5,5,O,,FAILED TO YIELD RIGHT OF WAY,
29485015,0050000,BARREN COUNTY SHERIFF DEPT.,Accepted,BARREN,,536,SILOAM,RD,,,,,EASTERN VALLEY,KY0063,TOMPKINSVILLE,36.95916296,-85.8827023,0.339,12/19/2021,1141,2,2,0,0,CLEAR,DRY,FALSE,COLLISION WITH FIXED OBJECT NON - INTERSECTION - FIRST EVENT COLLISION 09 - 32 EXCLUDING 16,SIDESWIPE-SAME DIRECTION,STRAIGHT & LEVEL,DAYLIGHT,,,44550.6581,FALSE,172,Accepted,5,5,O,,INATTENTION,
29488079,0050100,GLASGOW POLICE DEPARTMENT,Accepted,BARREN,US0031EX,,GREEN,ST,S,,NORRIS,,,,,36.98765526,-85.91983627,0.74,12/2/2021,750,2,2,0,0,CLEAR,DRY,FALSE,ANGLE COLLISION - OTHER,ANGLE,STRAIGHT & LEVEL,DAYLIGHT,,,44551.42457,FALSE,2293,Accepted,5,5,O,,FAILED TO YIELD RIGHT OF WAY,
29488763,0050100,GLASGOW POLICE DEPARTMENT,Accepted,BARREN,KY0090,,MAIN,ST,E,,,,ELM HILL,,LAKEVIEW,36.98955421,-85.90083436,10.615,12/20/2021,1840,2,2,0,0,CLEAR,DRY,FALSE,REAR END IN TRAFFIC LANES BOTH VEHICLES MOVING,REAR END,STRAIGHT & GRADE,DARK-HWY NOT LIGHTED,,,44551.56491,FALSE,2277,Accepted,5,5,O,,INATTENTION,
29491463,0050100,GLASGOW POLICE DEPARTMENT,Accepted,BARREN,US0068,,VETERANS OUTER,LOOP,,,BEAVER,,,,,37.02254292,-85.93850482,11.134,12/17/2021,1556,2,2,0,0,CLOUDY,WET,FALSE,ANGLE COLLISION - OTHER,ANGLE,STRAIGHT & LEVEL,DUSK,,,44552.29705,FALSE,2279,Accepted,5,5,O,,"INATTENTION, MISJUDGE CLEARANCE",
29491891,0050000,BARREN COUNTY SHERIFF DEPT.,Accepted,BARREN,KY0087,4558,AUSTIN TRACY,RD,,,,,,,,36.8189272,-86.00741161,7.742,12/18/2021,1953,2,2,0,0,CLEAR,WET,FALSE,SIDESWIPE COLLISION - OPPOSITE DIRECTION,SIDESWIPE-OPPOSITE DIRECTION,STRAIGHT & LEVEL,DARK-HWY NOT LIGHTED,,,44552.39123,FALSE,173,Accepted,5,5,O,,,
29491892,0050000,BARREN COUNTY SHERIFF DEPT.,Accepted,BARREN,KY0090,,BURKESVILLE,RD,,,,,,,,36.95146495,-85.85048496,14.536,12/19/2021,18,2,2,0,0,CLEAR,WET,TRUE,SIDESWIPE COLLISION - OPPOSITE DIRECTION,SIDESWIPE-OPPOSITE DIRECTION,STRAIGHT & LEVEL,DARK-HWY NOT LIGHTED,,,44552.3913,FALSE,181,Accepted,5,5,O,,"ALCOHOL INVOLVEMENT, FAILED TO KEEP PROPER LANE, NOT UNDER PROPER CONTROL",
29491896,0050000,BARREN COUNTY SHERIFF DEPT.,Accepted,BARREN,KY0839,,NOBOB,RD,,,,,,,,36.85581529,-85.77247821,1.434,12/21/2021,630,1,1,0,0,CLEAR,DRY,FALSE,COLLISION WITH ANIMAL NON INTERSECTION,SINGLE VEHICLE,STRAIGHT & GRADE,DAWN,,,44552.39161,FALSE,170,Accepted,5,5,O,ANIMALS ACTION,,
29491897,0050000,BARREN COUNTY SHERIFF DEPT.,Accepted,BARREN,,,MT PLEASANT,RD,,,,,,,,36.8525724,-85.89868911,1.213,12/14/2021,643,1,1,0,0,CLEAR,DRY,FALSE,COLLISION WITH ANIMAL NON INTERSECTION,SINGLE VEHICLE,STRAIGHT & LEVEL,DAWN,,,44552.39167,FALSE,182,Accepted,5,5,O,ANIMALS ACTION,,
29491898,0050000,BARREN COUNTY SHERIFF DEPT.,Accepted,BARREN,KY0070,,HISEVILLE MAIN,ST,W,KY0740,PARK,,,,,37.10068655,-85.81415955,15.11,12/14/2021,714,2,2,0,0,CLEAR,DRY,FALSE,ANGLE COLLISION - OTHER,ANGLE,STRAIGHT & LEVEL,DAYLIGHT,,,44552.39174,FALSE,182,Accepted,5,5,O,,INATTENTION,
29495270,0050100,GLASGOW POLICE DEPARTMENT,Accepted,BARREN,US0031E,,L ROGERS WELLS,BLVD,S,,,,,,,36.99348653,-85.93202913,13.587,12/2/2021,1741,2,2,0,0,CLEAR,DRY,FALSE,SIDESWIPE COLLISION - SAME DIRECTION,SIDESWIPE-SAME DIRECTION,STRAIGHT & LEVEL,DARK-HWY LIGHTED/ON,,,44553.29822,FALSE,2410,Accepted,5,5,O,,MISJUDGE CLEARANCE,
29495272,0050100,GLASGOW POLICE DEPARTMENT,Accepted,BARREN,US0031E,,L ROGERS WELLS,BLVD,S,,,,COMMERCIAL AVE CONN,,CROSS,36.99933179,-85.92774804,14.057,12/8/2021,1832,2,2,0,0,CLEAR,DRY,FALSE,1 VEHICLE ENTERING/LEAVING ENTRANCE,ANGLE,STRAIGHT & LEVEL,DARK-HWY LIGHTED/ON,,,44553.29829,FALSE,2410,Accepted,5,5,O,,MISJUDGE CLEARANCE,
29495725,0050000,BARREN COUNTY SHERIFF DEPT.,Accepted,BARREN,KY1307,1560,NEW SALEM,RD,,,,,,,,36.990929,-85.87908428,6.94,10/30/2021,1043,1,1,0,0,RAINING,WET,TRUE,RAN OFF ROADWAY (1 VEHICLE WITH/EARTH EMBANKMENT/DITCH),SINGLE VEHICLE,CURVE & GRADE,DAYLIGHT,,,44553.41787,FALSE,125,Accepted,5,5,O,,,
29495726,0050000,BARREN COUNTY SHERIFF DEPT.,Accepted,BARREN,KY1297,8050,OLD BOWLING GREEN,RD,,,,,,,,36.9852363,-86.04658646,6.023,12/4/2021,1520,1,1,0,0,CLEAR,DRY,FALSE,RAN OFF ROADWAY (1 VEHICLE WITH/EARTH EMBANKMENT/DITCH),SINGLE VEHICLE,CURVE & GRADE,DAYLIGHT,,,44553.41792,FALSE,125,Accepted,5,5,O,,,
29495728,0050000,BARREN COUNTY SHERIFF DEPT.,Accepted,BARREN,KY0063,,TOMPKINSVILLE,RD,,,QUARTER,,,,,36.88147021,-85.84713923,5.349,12/14/2021,702,1,1,0,0,CLEAR,DRY,FALSE,COLLISION WITH ANIMAL IN INTERSECTION,SINGLE VEHICLE,STRAIGHT & GRADE,DAWN,,,44553.418,FALSE,125,Accepted,5,5,O,ANIMALS ACTION,,
29495730,0050000,BARREN COUNTY SHERIFF DEPT.,Accepted,BARREN,,,BIG MEADOW,RD,,,BLACK DOT,,,,,37.05689819,-85.77348064,1.38,12/14/2021,1544,2,2,0,0,CLEAR,DRY,FALSE,OPPOSITE DIRECTION - BOTH VEHICLES GOING STRAIGHT AHEAD,SIDESWIPE-OPPOSITE DIRECTION,STRAIGHT & LEVEL,DAYLIGHT,,,44553.41809,FALSE,125,Accepted,5,5,O,,,
29495731,0050000,BARREN COUNTY SHERIFF DEPT.,Accepted,BARREN,LN9008,,LN9008 W,,,,,,,,,37.01450099,-86.02748417,5.676,12/15/2021,1335,1,1,0,1,CLEAR,DRY,FALSE,COLLISION WITH FIXED OBJECT NON - INTERSECTION - FIRST EVENT COLLISION 09 - 32 EXCLUDING 16,SINGLE VEHICLE,STRAIGHT & GRADE,DAYLIGHT,,,44553.41816,FALSE,125,Accepted,3,3,B,,,
29495732,0050000,BARREN COUNTY SHERIFF DEPT.,Accepted,BARREN,KY2198,,LICK BRANCH,RD,,KY1307,NEW SALEM,,,,,36.96987072,-85.82961712,2.63,12/16/2021,1429,1,1,0,0,RAINING,WET,FALSE,COLLISION WITH FIXED OBJECT IN INTERSECTION - FIRST EVENT COLLISION 09 - 32,SINGLE VEHICLE,CURVE & GRADE,DAYLIGHT,,,44553.41826,FALSE,125,Accepted,5,5,O,SLIPPERY SURFACE,,OTHER
29495734,0050000,BARREN COUNTY SHERIFF DEPT.,Accepted,BARREN,KY0090,,BURKESVILLE,RD,,,WHITES CHAPEL,,,,,36.94798295,-85.84131436,15.093,12/18/2021,1140,1,1,0,0,RAINING,WET,FALSE,COLLISION WITH FIXED OBJECT IN INTERSECTION - FIRST EVENT COLLISION 09 - 32,SINGLE VEHICLE,CURVE & GRADE,DAYLIGHT,,,44553.41838,FALSE,125,Accepted,5,5,O,SLIPPERY SURFACE,,
29495735,0050000,BARREN COUNTY SHERIFF DEPT.,Accepted,BARREN,KY0087,149,AUSTIN TRACY,RD,,,,,,,,36.85297164,-86.05192001,12.153,12/22/2021,1038,1,1,0,1,CLEAR,DRY,FALSE,RAN OFF ROADWAY (1 VEHICLE WITH/EARTH EMBANKMENT/DITCH),SINGLE VEHICLE,CURVE & GRADE,DAYLIGHT,,,44553.41842,FALSE,125,Accepted,2,2,A,,,
29498785,0370200,"KY STATE POLICE, CVE",Accepted,BARREN,KY0839,,NOBOB,RD,,,,,,,,36.90023256,-85.79130791,5,12/21/2021,903,1,1,0,0,CLEAR,DRY,FALSE,COLLISION WITH FIXED OBJECT NON - INTERSECTION - FIRST EVENT COLLISION 09 - 32 EXCLUDING 16,SINGLE VEHICLE,STRAIGHT & LEVEL,DAYLIGHT,,,44554.52532,FALSE,C-327,Accepted,5,5,O,,OTHER,
29502421,0050100,GLASGOW POLICE DEPARTMENT,Accepted,BARREN,US0031E,,L ROGERS WELLS,BLVD,S,,,US0031EX,GREEN,,CAVALRY,36.98471794,-85.93161355,12.976,12/25/2021,1858,2,2,0,0,CLEAR,DRY,FALSE,SIDESWIPE COLLISION - SAME DIRECTION,SIDESWIPE-SAME DIRECTION,STRAIGHT & LEVEL,DARK-HWY LIGHTED/ON,,,44556.78883,FALSE,2288,Accepted,5,5,O,,INATTENTION,
29502422,0050100,GLASGOW POLICE DEPARTMENT,Accepted,BARREN,KY0090,,MAIN,ST,E,,,,BROADWAY,,LEWIS,36.99543145,-85.91075923,9.924,12/25/2021,2137,2,2,0,0,CLEAR,DRY,FALSE,OTHER ROADWAY OR MID-BLOCK COLLISION,REAR TO REAR,STRAIGHT & LEVEL,DARK-HWY LIGHTED/ON,,,44556.78889,FALSE,2288,Accepted,5,5,O,,NOT UNDER PROPER CONTROL,
29504434,0050000,BARREN COUNTY SHERIFF DEPT.,Accepted,BARREN,US0031E,,SCOTTSVILLE,RD,,,WINDY HILL,,,,,36.94148908,-85.97909813,8.923,12/20/2021,854,3,3,0,0,CLEAR,DRY,FALSE,OTHER INTERSECTION COLLISIONS,REAR END,STRAIGHT & LEVEL,DAYLIGHT,,,44557.38954,FALSE,172,Accepted,5,5,O,,,OTHER LIGHTING DEFECTIVE
29504443,0050000,BARREN COUNTY SHERIFF DEPT.,Accepted,BARREN,LN9008,,LN9008 E,,,,,,BISHOP,LN9008,LN9008 E EXIT8 OFF RAMP TO KY3600,37.0000207,-85.99696483,7.643,12/20/2021,847,1,1,0,0,CLEAR,DRY,FALSE,OTHER ROADWAY OR MID-BLOCK COLLISION,SINGLE VEHICLE,STRAIGHT & GRADE,DAYLIGHT,,,44557.38979,FALSE,167,Accepted,5,5,O,,FAILED TO YIELD RIGHT OF WAY,
29504445,0050000,BARREN COUNTY SHERIFF DEPT.,Accepted,BARREN,US0031E,,JACKSON,HWY,N,,,,,,,37.11251907,-85.87047343,23.02,12/25/2021,1727,1,1,0,0,CLEAR,DRY,TRUE,COLLISION WITH FIXED OBJECT NON - INTERSECTION - FIRST EVENT COLLISION 09 - 32 EXCLUDING 16,SINGLE VEHICLE,STRAIGHT & LEVEL,DARK-HWY NOT LIGHTED,,,44557.38987,FALSE,181,Accepted,5,5,O,,INATTENTION,
29504447,0050000,BARREN COUNTY SHERIFF DEPT.,Accepted,BARREN,KY0063,13299,TOMPKINSVILLE,RD,,,,,,,,36.81674728,-85.82670316,0.434,12/23/2021,1411,2,2,0,2,CLEAR,DRY,FALSE,REAR END IN TRAFFIC LANES BOTH VEHICLES MOVING,REAR END,STRAIGHT & LEVEL,DAYLIGHT,,,44557.38993,FALSE,172,Accepted,5,3,B,,INATTENTION,
29504449,0050000,BARREN COUNTY SHERIFF DEPT.,Accepted,BARREN,US0068,7662,EDMONTON,RD,,,,,,,,37.01383844,-85.78233419,21.237,12/26/2021,1604,1,1,0,0,CLEAR,DRY,FALSE,COLLISION WITH FIXED OBJECT NON - INTERSECTION - FIRST EVENT COLLISION 09 - 32 EXCLUDING 16,SINGLE VEHICLE,STRAIGHT & LEVEL,DAYLIGHT,,,44557.39005,FALSE,182,Accepted,5,5,O,,"ALCOHOL INVOLVEMENT, INATTENTION, NOT UNDER PROPER CONTROL",
29504451,0050000,BARREN COUNTY SHERIFF DEPT.,Accepted,BARREN,LN9008,,LN9008 E,,,,,,,,,37.00909593,-86.01493629,6.463,12/27/2021,635,2,2,0,0,CLOUDY,WET,FALSE,REAR END IN TRAFFIC LANES BOTH VEHICLES MOVING,REAR END,STRAIGHT & GRADE,DAWN,,,44557.3901,FALSE,170,Accepted,5,5,O,,INATTENTION,
29505072,0050200,CAVE CITY POLICE DEPARTMENT,Accepted,BARREN,KY0070,,MAMMOTH CAVE,RD,,,,,,,,37.13464413,-85.97485882,5.321,11/14/2021,1123,2,2,0,0,CLOUDY,DRY,FALSE,COLLISION WITH FIXED OBJECT NON - INTERSECTION - FIRST EVENT COLLISION 09 - 32 EXCLUDING 16,REAR END,STRAIGHT & GRADE,DAYLIGHT,,,44557.45316,FALSE,608,Accepted,5,5,O,,"FAILED TO YIELD RIGHT OF WAY, FOLLOWING TOO CLOSE",
29505077,0050200,CAVE CITY POLICE DEPARTMENT,Accepted,BARREN,US0031W,,DIXIE,HWY,N,,,,,,,37.14399977,-85.94623727,8.161,11/28/2021,2030,1,1,0,0,CLEAR,DRY,FALSE,COLLISION WITH ANIMAL NON INTERSECTION,SINGLE VEHICLE,STRAIGHT & LEVEL,DARK-HWY LIGHTED/ON,,,44557.4533,FALSE,607,Accepted,5,5,O,ANIMALS ACTION,,
29505078,0050200,CAVE CITY POLICE DEPARTMENT,Accepted,BARREN,US0031W,,DIXIE,HWY,N,,,,,,,37.14313209,-85.94753103,8.067,11/24/2021,1849,2,2,0,0,CLEAR,DRY,FALSE,OTHER ROADWAY OR MID-BLOCK COLLISION,OPPOSING LEFT TURN,STRAIGHT & LEVEL,DARK-HWY LIGHTED/ON,,,44557.45337,FALSE,607,Accepted,5,5,O,,INATTENTION,
29505082,0050200,CAVE CITY POLICE DEPARTMENT,Accepted,BARREN,US0031W,,DIXIE,HWY,S,,,,,,,37.13573657,-85.95591057,7.398,12/4/2021,2139,2,2,0,0,CLEAR,DRY,FALSE,1 VEHICLE ENTERING/LEAVING ENTRANCE,ANGLE,STRAIGHT & LEVEL,DARK-HWY LIGHTED/ON,,,44557.45351,FALSE,607,Accepted,5,5,O,,"DISREGARD TRAFFIC CONTROL, INATTENTION",
29505084,0050200,CAVE CITY POLICE DEPARTMENT,Accepted,BARREN,KY0090,,HAPPY VALLEY,ST,,,,,,,,37.12958045,-85.96494846,0.67,11/25/2021,1120,2,2,0,0,RAINING,WET,FALSE,COLLISION WITH FIXED OBJECT NON - INTERSECTION - FIRST EVENT COLLISION 09 - 32 EXCLUDING 16,REAR END,STRAIGHT & HILLCREST,DAYLIGHT,,,44557.45359,FALSE,608,Accepted,5,5,O,SLIPPERY SURFACE,FOLLOWING TOO CLOSE,OTHER