IncidentID,AgencyORI,AgencyName,IncidentStatusDesc,County,RdwyNumber,Street,RoadwayName,StreetSfx,StreetDir,IntersectionRdwy,IntersectionRdwyName,BetweenStRdwy1,BetweenStRdwyName1,BetweenStRdwy2,BetweenStRdwyName2,Latitude,Longitude,Milepoint,CollisionDate,CollisionTime,UnitsInvolved,MotorVehiclesInvolved,NumberKilled,NumberInjured,Weather,RdwyConditionCode,HitandRun,DirAnalysisCode,MannerofCollision,RdwyCharacter,LightCondition,RampFromRdwyId,RampToRdwyId,AcceptedDate,IsSecondaryCollision,OwnerBadge,IncidentStatus,InjurySeverityCde,KABCO_Code,KABCO,Environmental_Factors,Human_Factors,Vehicular_Factors
29505086,0050200,CAVE CITY POLICE DEPARTMENT,Accepted,BARREN,US0031W,,DIXIE,HWY,S,,,,,,,37.13546349,-85.95612296,7.378,12/6/2021,1630,2,2,0,0,CLEAR,DRY,FALSE,REAR END IN TRAFFIC LANES BOTH VEHICLES MOVING,REAR END,STRAIGHT & LEVEL,DARK-HWY LIGHTED/ON,,,44557.45367,FALSE,607,Accepted,5,5,O,,INATTENTION,
29505088,0050200,CAVE CITY POLICE DEPARTMENT,Accepted,BARREN,KY0090,,HAPPY VALLEY,ST,E,,,,,,,37.12374283,-85.96166504,1.145,12/10/2021,1733,1,1,0,0,CLOUDY,WET,FALSE,COLLISION WITH ANIMAL NON INTERSECTION,SINGLE VEHICLE,STRAIGHT & LEVEL,DARK-HWY LIGHTED/ON,,,44557.45378,FALSE,610,Accepted,5,5,O,ANIMALS ACTION,,
29505089,0050200,CAVE CITY POLICE DEPARTMENT,Accepted,BARREN,KY0090,,HAPPY VALLEY,ST,E,,,,,,,37.1233309,-85.96174102,1.174,12/10/2021,1733,1,1,0,0,CLOUDY,WET,FALSE,COLLISION WITH ANIMAL NON INTERSECTION,SINGLE VEHICLE,STRAIGHT & LEVEL,DARK-HWY LIGHTED/ON,,,44557.45383,FALSE,610,Accepted,5,5,O,ANIMALS ACTION,,
29505105,0050200,CAVE CITY POLICE DEPARTMENT,Accepted,BARREN,KY0090,,HAPPY VALLEY,ST,,KY0090,HAPPY VALLEY,,,,,37.12819207,-85.96308707,0.811,12/17/2021,1640,2,2,0,0,CLOUDY,WET,FALSE,ANGLE COLLISION - OTHER,ANGLE,STRAIGHT & LEVEL,DARK-HWY LIGHTED/ON,,,44557.4542,FALSE,610,Accepted,5,5,O,SLIPPERY SURFACE,INATTENTION,
29505107,0050200,CAVE CITY POLICE DEPARTMENT,Accepted,BARREN,KY0070,,MAMMOTH CAVE,RD,,,,,,,,37.13564942,-85.98628532,4.675,12/20/2021,1658,1,1,0,0,CLEAR,DRY,FALSE,COLLISION WITH ANIMAL NON INTERSECTION,SINGLE VEHICLE,STRAIGHT & LEVEL,DARK-HWY LIGHTED/ON,,,44557.45426,FALSE,607,Accepted,5,5,O,ANIMALS ACTION,,
29505111,0050200,CAVE CITY POLICE DEPARTMENT,Accepted,BARREN,US0031W,,DIXIE,HWY,S,,,,,,,37.13349651,-85.95866599,7.189,12/25/2021,248,2,2,0,0,CLEAR,DRY,TRUE,1 VEHICLE PARKED POSITION (NOT PARKING LOT/DRIVEWAY),ANGLE,STRAIGHT & LEVEL,DARK-HWY LIGHTED/ON,,,44557.4544,TRUE,610,Accepted,5,5,O,,,
29509306,0050100,GLASGOW POLICE DEPARTMENT,Accepted,BARREN,,,BEAVER,TRL,,KY0090,HAPPY VALLEY,,,,,37.02650795,-85.93801225,0.001,12/9/2021,1958,2,2,0,0,CLEAR,DRY,TRUE,REAR END - ONE VEHICLE TURNING LEFT,REAR END,STRAIGHT & LEVEL,DARK-HWY LIGHTED/ON,,,44558.48265,FALSE,2289,Accepted,5,5,O,,,
29509307,0050100,GLASGOW POLICE DEPARTMENT,Accepted,BARREN,US0031E,,L ROGERS WELLS,BLVD,N,,HAPPY VALLEY,,,,,37.00965738,-85.92136669,14.843,12/15/2021,1929,3,3,0,0,CLEAR,DRY,FALSE,OTHER INTERSECTION COLLISIONS,REAR END,STRAIGHT & LEVEL,DARK-HWY LIGHTED/ON,,,44558.48272,TRUE,2289,Accepted,5,5,O,,INATTENTION,
29509308,0050100,GLASGOW POLICE DEPARTMENT,Accepted,BARREN,US0031E,,L ROGERS WELLS,BLVD,N,,ROGERS,,,,,37.00382252,-85.92552937,14.339,12/19/2021,1201,2,2,0,0,CLEAR,DRY,FALSE,OPPOSING LEFT TURN,OPPOSING LEFT TURN,STRAIGHT & LEVEL,DAYLIGHT,,,44558.48279,FALSE,2246,Accepted,5,5,O,,INATTENTION,
29509311,0050100,GLASGOW POLICE DEPARTMENT,Accepted,BARREN,US0031EX,,PUBLIC,SQ,N,,,US0031EX,RACE,US0068X,MAIN,36.99612136,-85.91237821,1.49,12/20/2021,1052,2,2,0,0,CLEAR,DRY,FALSE,VEHICLE BACKING NON INTERSECTION,BACKING,STRAIGHT & LEVEL,DAYLIGHT,,,44558.48288,FALSE,2246,Accepted,5,5,O,,INATTENTION,
29509312,0050100,GLASGOW POLICE DEPARTMENT,Accepted,BARREN,KY0090,1399,HAPPY VALLEY,RD,,,,,WESTERN HILLS,,MAX WAGNER,37.01735725,-85.93098032,8.985,12/19/2021,1830,1,1,0,2,CLEAR,DRY,FALSE,OTHER ROADWAY OR MID-BLOCK COLLISION,SINGLE VEHICLE,STRAIGHT & LEVEL,DARK-HWY LIGHTED/ON,,,44558.48297,FALSE,2289,Accepted,3,3,B,,"CELL PHONE, DISTRACTION, INATTENTION",STEERING FAILURE
29509319,0050100,GLASGOW POLICE DEPARTMENT,Accepted,BARREN,,813,COUNTRY CLUB,EST,,,,,COUNTRY CLUB,,FAIRWAY,37.04659039,-85.91208396,0.63,12/27/2021,1009,2,2,0,0,CLOUDY,DRY,FALSE,1 VEHICLE PARKED POSITION (NOT PARKING LOT/DRIVEWAY),BACKING,STRAIGHT & LEVEL,DAYLIGHT,,,44558.48325,FALSE,2289,Accepted,5,5,O,,INATTENTION,
29515918,0050000,BARREN COUNTY SHERIFF DEPT.,Accepted,BARREN,KY0090,,BURKESVILLE,RD,,,,,,,,36.92370785,-85.80382218,17.833,12/29/2021,544,2,2,0,0,CLOUDY,WET,TRUE,COLLISION WITH NON-FIXED OBJECT ,SIDESWIPE-OPPOSITE DIRECTION,CURVE & LEVEL,DARK-HWY NOT LIGHTED,,,44560.38467,FALSE,170,Accepted,5,5,O,,,LOAD SECUREMENT
29517530,0050100,GLASGOW POLICE DEPARTMENT,Accepted,BARREN,US0031E,,L ROGERS WELLS,BLVD,N,,HAPPY VALLEY,,,,,37.00952775,-85.92142465,14.844,12/28/2021,1455,2,2,0,0,RAINING,WET,FALSE,SIDESWIPE-SAME DIRECTION,SIDESWIPE-SAME DIRECTION,STRAIGHT & LEVEL,DAYLIGHT,,,44560.87349,FALSE,2286,Accepted,5,5,O,,FAILED TO KEEP PROPER LANE,
29523084,0050100,GLASGOW POLICE DEPARTMENT,Accepted,BARREN,,,H MILLER,RD,,,,,,,,36.98763331,-85.87569287,0.274,12/27/2021,706,1,1,0,0,CLOUDY,DRY,FALSE,COLLISION WITH FIXED OBJECT NON - INTERSECTION - FIRST EVENT COLLISION 09 - 32 EXCLUDING 16,SINGLE VEHICLE,STRAIGHT & HILLCREST,DAYLIGHT,,,44563.13369,FALSE,2279,Accepted,5,5,O,,TOO FAST FOR CONDITIONS,
29523086,0050100,GLASGOW POLICE DEPARTMENT,Accepted,BARREN,,,CHERRY,ST,W,,WALL,,,,,37.0081237,-85.92140427,0.069,12/27/2021,1650,2,2,0,0,CLOUDY,DRY,FALSE,OPPOSING LEFT TURN,OPPOSING LEFT TURN,STRAIGHT & GRADE,DARK-HWY LIGHTED/ON,,,44563.13375,FALSE,2260,Accepted,5,5,O,,"DISREGARD TRAFFIC CONTROL, FAILED TO YIELD RIGHT OF WAY, INATTENTION",
29523088,0050100,GLASGOW POLICE DEPARTMENT,Accepted,BARREN,KY2207,,FORK,RD,S,US0031E,SCOTTSVILLE,,,,,36.97193782,-85.94064455,4.477,12/28/2021,1600,2,2,0,0,RAINING,WET,FALSE,OTHER INTERSECTION COLLISIONS,REAR END,STRAIGHT & GRADE,DAYLIGHT,,,44563.13381,FALSE,2260,Accepted,5,5,O,SLIPPERY SURFACE,FOLLOWING TOO CLOSE,
29523090,0050100,GLASGOW POLICE DEPARTMENT,Accepted,BARREN,,,HAPPY VALLEY,RD,,,,US0031E,L ROGERS WELLS,,WALL,37.00929453,-85.92062779,0.048,12/31/2021,1210,2,2,0,2,CLOUDY,WET,FALSE,OTHER ROADWAY OR MID-BLOCK COLLISION,OPPOSING LEFT TURN,STRAIGHT & GRADE,DAYLIGHT,,,44563.13389,FALSE,2260,Accepted,5,3,B,SLIPPERY SURFACE,FAILED TO YIELD RIGHT OF WAY,
29523092,0050100,GLASGOW POLICE DEPARTMENT,Accepted,BARREN,,,LEXINGTON,DR,,US0031E,L ROGERS WELLS,,,,,37.01425991,-85.91545076,0.704,12/31/2021,1740,2,2,0,0,CLOUDY,WET,FALSE,OTHER INTERSECTION COLLISIONS,REAR END,STRAIGHT & GRADE,DARK-HWY NOT LIGHTED,,,44563.13396,FALSE,2260,Accepted,5,5,O,SLIPPERY SURFACE,INATTENTION,
29533439,0050100,GLASGOW POLICE DEPARTMENT,Accepted,BARREN,,,SMITH,RD,,,WALL,,,,,37.00741119,-85.92324707,0.134,12/27/2021,1425,2,2,0,0,CLEAR,DRY,FALSE,ANGLE COLLISION - ONE VEHICLE TURNING RIGHT,ANGLE,STRAIGHT & LEVEL,DAYLIGHT,,,44565.69124,FALSE,2294,Accepted,5,5,O,,INATTENTION,
29537454,0050100,GLASGOW POLICE DEPARTMENT,Accepted,BARREN,US0031EX,,RACE,ST,N,,LEECH,,,,,37.00314565,-85.90868631,2.044,1/1/2022,2033,2,2,0,0,RAINING,WET,FALSE,REAR END - ONE VEHICLE TURNING LEFT,REAR END,STRAIGHT & LEVEL,DARK-HWY NOT LIGHTED,,,44566.64955,FALSE,2277,Accepted,5,5,O,SLIPPERY SURFACE,TOO FAST FOR CONDITIONS,
29538273,0050100,GLASGOW POLICE DEPARTMENT,Accepted,BARREN,,,BEAVER,TRL,,,,,SOFTBALL,,FACTORY ENTRANCE,37.0309903,-85.92761945,0.67,1/4/2022,731,2,2,0,0,CLEAR,DRY,FALSE,1 VEHICLE ENTERING/LEAVING ENTRANCE,ANGLE,CURVE & LEVEL,DAYLIGHT,,,44566.80384,FALSE,2410,Accepted,5,5,O,,MISJUDGE CLEARANCE,
29538284,0050100,GLASGOW POLICE DEPARTMENT,Accepted,BARREN,,,HAPPY VALLEY,RD,,,CUMBERLAND,,,,,37.00718243,-85.91543015,0.368,12/30/2021,1356,2,2,0,0,CLOUDY,DRY,FALSE,ANGLE COLLISION - OTHER,ANGLE,STRAIGHT & LEVEL,DAYLIGHT,,,44566.80838,FALSE,2279,Accepted,5,5,O,,INATTENTION,
29539778,0050100,GLASGOW POLICE DEPARTMENT,Accepted,BARREN,US0031EX,,RACE,ST,N,,HAPPY VALLEY,,,,,37.00425301,-85.90806602,2.109,1/5/2022,1615,2,2,0,0,CLEAR,DRY,FALSE,OTHER INTERSECTION COLLISIONS,REAR END,STRAIGHT & LEVEL,DAYLIGHT,,,44567.28292,FALSE,2260,Accepted,5,5,O,GLARE (SUN),INATTENTION,
29539937,0050100,GLASGOW POLICE DEPARTMENT,Accepted,BARREN,KY0090,,MAIN,ST,E,,FRANKLIN,,,,,36.99414886,-85.90761854,10.118,1/4/2022,1902,2,2,0,0,CLEAR,DRY,FALSE,OTHER INTERSECTION COLLISIONS,REAR END,STRAIGHT & LEVEL,DARK-HWY LIGHTED/ON,,,44567.31732,FALSE,2270,Accepted,5,5,O,,FAILED TO YIELD RIGHT OF WAY,
29540770,0050000,BARREN COUNTY SHERIFF DEPT.,Accepted,BARREN,US0068,,NEW BOWLING GREEN,RD,,,,,,,,37.02904361,-86.12159806,0.293,12/16/2021,1810,1,1,0,1,RAINING,WET,FALSE,OTHER COLLISIONS ON SHOULDER,SINGLE VEHICLE,STRAIGHT & LEVEL,DARK-HWY NOT LIGHTED,,,44567.47456,FALSE,163,Accepted,5,4,C,SLIPPERY SURFACE,NOT UNDER PROPER CONTROL,
29540771,0050000,BARREN COUNTY SHERIFF DEPT.,Accepted,BARREN,KY0249,,ROSEVILLE,RD,,,MT PLEASANT,,,,,36.90653877,-85.91791501,10.155,12/25/2021,2019,2,2,0,2,CLEAR,DRY,FALSE,OTHER INTERSECTION COLLISIONS,REAR END,STRAIGHT & LEVEL,DARK-HWY NOT LIGHTED,,,44567.47468,FALSE,124,Accepted,3,3,B,,INATTENTION,
29540772,0050000,BARREN COUNTY SHERIFF DEPT.,Accepted,BARREN,KY0090,,HAPPY VALLEY,RD,,,HARLOW CEMETERY,,,,,37.08059471,-85.96776647,4.323,12/31/2021,1115,2,2,0,0,CLOUDY,WET,FALSE,ANGLE COLLISION - ONE VEHICLE TURNING RIGHT,ANGLE,STRAIGHT & GRADE,DAYLIGHT,,,44567.47472,FALSE,167,Accepted,5,5,O,,FAILED TO YIELD RIGHT OF WAY,
29540775,0050000,BARREN COUNTY SHERIFF DEPT.,Accepted,BARREN,KY0252,,FINNEY,RD,,,,,,,,36.94186003,-86.05649559,5.492,12/28/2021,1809,1,1,0,0,RAINING,WET,FALSE,COLLISION WITH ANIMAL NON INTERSECTION,SINGLE VEHICLE,STRAIGHT & LEVEL,DARK-HWY NOT LIGHTED,,,44567.47479,FALSE,174,Accepted,5,5,O,ANIMALS ACTION,,
29540782,0050000,BARREN COUNTY SHERIFF DEPT.,Accepted,BARREN,KY0063,,TOMPKINSVILLE,RD,,,SILOAM,,,,,36.95484135,-85.88536822,11.296,12/30/2021,459,1,1,0,0,CLEAR,WET,FALSE,COLLISION WITH FIXED OBJECT IN INTERSECTION - FIRST EVENT COLLISION 09 - 32,SINGLE VEHICLE,STRAIGHT & LEVEL,DARK-HWY NOT LIGHTED,,,44567.47497,FALSE,124,Accepted,5,5,O,ANIMALS ACTION,,
29542509,0050100,GLASGOW POLICE DEPARTMENT,Accepted,BARREN,,,WASHINGTON,ST,E,,BROADWAY,,,,,36.99458212,-85.91141298,0.064,1/6/2022,1618,2,2,0,0,SNOWING,SNOW/SLUSH,FALSE,OTHER INTERSECTION COLLISIONS,REAR END,STRAIGHT & GRADE,DAYLIGHT,,,44568.26938,FALSE,2277,Accepted,5,5,O,SLIPPERY SURFACE,TOO FAST FOR CONDITIONS,
29546187,0050100,GLASGOW POLICE DEPARTMENT,Accepted,BARREN,,,MAX WAGNER,DR,,KY0090,HAPPY VALLEY,,,,,37.02294687,-85.93468639,0.004,1/6/2022,1129,2,2,0,0,SNOWING,SNOW/SLUSH,FALSE,SIDESWIPE-SAME DIRECTION,SIDESWIPE-SAME DIRECTION,STRAIGHT & LEVEL,DAYLIGHT,,,44569.81493,FALSE,2288,Accepted,5,5,O,SLIPPERY SURFACE,TOO FAST FOR CONDITIONS,
29546188,0050100,GLASGOW POLICE DEPARTMENT,Accepted,BARREN,KY0090,,MAIN,ST,E,,BROADWAY,,,,,36.99544324,-85.91076661,9.923,1/6/2021,1409,2,2,0,0,SNOWING,SNOW/SLUSH,FALSE,ANGLE COLLISION - OTHER,ANGLE,STRAIGHT & LEVEL,DAYLIGHT,,,44569.81498,FALSE,2288,Accepted,5,5,O,SLIPPERY SURFACE,TOO FAST FOR CONDITIONS,
29547277,0050000,BARREN COUNTY SHERIFF DEPT.,Accepted,BARREN,LN9008,,LN9008 W,,,,,,,,,36.99814679,-85.99353144,7.882,12/23/2021,1400,2,2,0,1,CLEAR,DRY,FALSE,REAR END IN TRAFFIC LANES BOTH VEHICLES MOVING,REAR END,STRAIGHT & LEVEL,DAYLIGHT,,,44570.31857,FALSE,178,Accepted,5,4,C,,"DISTRACTION, TURNING IMPROPERLY",TIRES
29547278,0050000,BARREN COUNTY SHERIFF DEPT.,Accepted,BARREN,US0068,,EDMONTON,RD,,,,,,,,37.01665495,-85.82027483,19.033,1/6/2022,1220,2,2,0,0,SNOWING,SNOW/SLUSH,FALSE,REAR END IN TRAFFIC LANES BOTH VEHICLES MOVING,REAR END,CURVE & HILLCREST,DAYLIGHT,,,44570.31865,FALSE,178,Accepted,5,5,O,SLIPPERY SURFACE,"INATTENTION, MISJUDGE CLEARANCE",
29547279,0050000,BARREN COUNTY SHERIFF DEPT.,Accepted,BARREN,KY0090,,BURKESVILLE,RD,,,,,,,,36.90767668,-85.7643419,20.542,1/6/2022,1220,1,1,0,0,SNOWING,SNOW/SLUSH,FALSE,RAN OFF ROADWAY (1 VEHICLE WITH/EARTH EMBANKMENT/DITCH),SINGLE VEHICLE,STRAIGHT & HILLCREST,DAYLIGHT,,,44570.3187,FALSE,178,Accepted,5,5,O,SLIPPERY SURFACE,TOO FAST FOR CONDITIONS,
29547280,0050000,BARREN COUNTY SHERIFF DEPT.,Accepted,BARREN,KY0685,,STOVALL,RD,,,,,,,,37.01598078,-86.02383972,2.405,1/6/2022,1140,1,1,0,0,SNOWING,SNOW/SLUSH,FALSE,OTHER COLLISIONS ON SHOULDER,SINGLE VEHICLE,STRAIGHT & GRADE,DAYLIGHT,,,44570.31875,FALSE,146,Accepted,5,5,O,SLIPPERY SURFACE,,
29547282,0050000,BARREN COUNTY SHERIFF DEPT.,Accepted,BARREN,KY0063,,TOMPKINSVILLE,RD,,,,,,,,36.96358816,-85.88953566,11.948,1/5/2022,1701,1,1,0,0,CLEAR,DRY,FALSE,COLLISION WITH ANIMAL NON INTERSECTION,SINGLE VEHICLE,STRAIGHT & LEVEL,DARK-HWY NOT LIGHTED,,,44570.31883,FALSE,174,Accepted,5,5,O,ANIMALS ACTION,,
29547283,0050000,BARREN COUNTY SHERIFF DEPT.,Accepted,BARREN,KY0087,,AUSTIN TRACY,RD,,,,,,,,36.83746153,-86.04362768,10.745,1/6/2022,1652,1,1,0,0,SNOWING,SNOW/SLUSH,FALSE,COLLISION WITH FIXED OBJECT NON - INTERSECTION - FIRST EVENT COLLISION 09 - 32 EXCLUDING 16,SINGLE VEHICLE,CURVE & LEVEL,DARK-HWY NOT LIGHTED,,,44570.31887,FALSE,174,Accepted,5,5,O,SLIPPERY SURFACE,,
29547359,0050000,BARREN COUNTY SHERIFF DEPT.,Accepted,BARREN,LN9008,,LN9008 W,,,,,,,,,36.99646255,-85.82032025,18.437,1/6/2022,1200,1,1,0,0,SNOWING,SNOW/SLUSH,FALSE,RAN OFF ROADWAY (1 VEHICLE WITH/EARTH EMBANKMENT/DITCH),SINGLE VEHICLE,STRAIGHT & GRADE,DAYLIGHT,,,44570.39889,FALSE,170,Accepted,5,5,O,SLIPPERY SURFACE,,
29547360,0050000,BARREN COUNTY SHERIFF DEPT.,Accepted,BARREN,LN9008,,,,,,,,,,,36.99486442,-85.87020349,0.291,1/6/2022,1214,1,1,0,0,SNOWING,SNOW/SLUSH,FALSE,COLLISION WITH FIXED OBJECT NOT IN GORE ,SINGLE VEHICLE,STRAIGHT & LEVEL,DAYLIGHT,KY1519,LN9008,44570.39893,FALSE,170,Accepted,5,5,O,SLIPPERY SURFACE,,
29549645,KSP0300,"KY STATE POLICE, POST 03",Accepted,BARREN,US0031E,,JACKSON,HWY,N,,,,,,,37.1127836,-85.87033014,23.039,8/18/2021,1626,2,2,0,2,CLOUDY,WET,FALSE,1 VEHICLE ENTERING/LEAVING ENTRANCE,ANGLE,STRAIGHT & LEVEL,DAYLIGHT,,,44571.37781,FALSE,411,Accepted,5,3,B,,"CELL PHONE, DISREGARD TRAFFIC CONTROL, DISTRACTION",
29560703,0050100,GLASGOW POLICE DEPARTMENT,Accepted,BARREN,,,GRANDVIEW,AVE,,,,,,,,36.9981722,-85.94047743,0.123,1/6/2022,1233,1,1,0,0,SNOWING,SNOW/SLUSH,FALSE,COLLISION WITH FIXED OBJECT NON - INTERSECTION - FIRST EVENT COLLISION 09 - 32 EXCLUDING 16,SINGLE VEHICLE,CURVE & HILLCREST,DAYLIGHT,,,44571.70645,FALSE,2101,Accepted,5,5,O,SLIPPERY SURFACE,"NOT UNDER PROPER CONTROL, OTHER",
29560707,0050100,GLASGOW POLICE DEPARTMENT,Accepted,BARREN,US0068X,,MAIN,ST,W,,SHANE,,,,,37.00363875,-85.92897899,1.457,1/6/2022,1146,2,2,0,0,SNOWING,SNOW/SLUSH,FALSE,ANGLE COLLISION - OTHER,ANGLE,STRAIGHT & LEVEL,DAYLIGHT,,,44571.7065,FALSE,2101,Accepted,5,5,O,SLIPPERY SURFACE,OTHER,
29561129,0050100,GLASGOW POLICE DEPARTMENT,Accepted,BARREN,US0068X,,EDMONTON,RD,,,SCOTTIE,,,,,37.00878024,-85.88550998,4.301,1/5/2021,730,2,2,0,0,CLOUDY,DRY,FALSE,OTHER INTERSECTION COLLISIONS,REAR END,STRAIGHT & LEVEL,DAYLIGHT,,,44571.71361,FALSE,2264,Accepted,5,5,O,,INATTENTION,
29561132,0050100,GLASGOW POLICE DEPARTMENT,Accepted,BARREN,,,CHERRY,ST,W,,CUMBERLAND,,,,,37.00512255,-85.9168055,0.4,1/8/2022,1129,2,2,0,2,CLOUDY,WET,TRUE,ANGLE COLLISION - ONE VEHICLE TURNING LEFT,ANGLE,STRAIGHT & HILLCREST,DAYLIGHT,,,44571.71367,FALSE,2264,Accepted,5,4,C,,FAILED TO YIELD RIGHT OF WAY,
29572026,0050100,GLASGOW POLICE DEPARTMENT,Accepted,BARREN,US0068X,,COLUMBIA,AVE,,,,,GRAND,,SHELLEY,37.00151793,-85.90033538,3.329,12/30/2021,1138,2,2,0,0,CLOUDY,DRY,FALSE,SIDESWIPE COLLISION - SAME DIRECTION,SIDESWIPE-SAME DIRECTION,STRAIGHT & LEVEL,DAYLIGHT,,,44572.3129,FALSE,2289,Accepted,5,5,O,,INATTENTION,
29572027,0050100,GLASGOW POLICE DEPARTMENT,Accepted,BARREN,US0031E,,L ROGERS WELLS,BLVD,N,,,,HAPPY VALLEY,,CHERRY,37.0094239,-85.92158766,14.83,12/30/2021,1359,2,2,0,0,CLEAR,DRY,FALSE,SIDESWIPE COLLISION - SAME DIRECTION,SIDESWIPE-SAME DIRECTION,STRAIGHT & LEVEL,DAYLIGHT,,,44572.31294,FALSE,2289,Accepted,5,5,O,,INATTENTION,
29572030,0050100,GLASGOW POLICE DEPARTMENT,Accepted,BARREN,US0031E,,L ROGERS WELLS,BLVD,N,,ROGERS,,,,,37.00378492,-85.92538783,14.337,1/5/2022,1428,3,3,0,2,CLEAR,DRY,FALSE,ANGLE COLLISION - OTHER,ANGLE,STRAIGHT & LEVEL,DAYLIGHT,,,44572.31303,FALSE,2289,Accepted,2,2,A,,"INATTENTION, MISJUDGE CLEARANCE",
29572031,0050100,GLASGOW POLICE DEPARTMENT,Accepted,BARREN,,505,LEXINGTON,DR,,,,US0031E,L ROGERS WELLS,,ST CHARLES,37.01444754,-85.91576526,0.694,1/6/2022,1121,1,1,0,0,SNOWING,SNOW/SLUSH,FALSE,COLLISION WITH FIXED OBJECT NON - INTERSECTION - FIRST EVENT COLLISION 09 - 32 EXCLUDING 16,SINGLE VEHICLE,STRAIGHT & LEVEL,DAYLIGHT,,,44572.31308,FALSE,2289,Accepted,5,5,O,SLIPPERY SURFACE,NOT UNDER PROPER CONTROL,
29572379,0050100,GLASGOW POLICE DEPARTMENT,Accepted,BARREN,KY0090,,HAPPY VALLEY,RD,,,LONGHUNTERS,,,,,37.02191492,-85.93376636,8.818,1/6/2022,1050,1,1,0,0,SNOWING,SNOW/SLUSH,FALSE,OTHER INTERSECTION COLLISIONS,SINGLE VEHICLE,STRAIGHT & HILLCREST,DAYLIGHT,,,44572.39202,FALSE,2294,Accepted,5,5,O,SLIPPERY SURFACE,,
29576226,0050100,GLASGOW POLICE DEPARTMENT,Accepted,BARREN,US0068,,VETERANS OUTER,LOOP,,,,,SOFTBALL,KY0090,HAPPY VALLEY,37.02747003,-85.93042894,11.68,1/11/2022,1426,1,1,0,0,CLEAR,DRY,FALSE,COLLISION WITH ANIMAL NON INTERSECTION,SINGLE VEHICLE,STRAIGHT & LEVEL,DAYLIGHT,,,44573.25799,FALSE,2277,Accepted,5,5,O,ANIMALS ACTION,,
29576227,0050100,GLASGOW POLICE DEPARTMENT,Accepted,BARREN,US0068X,,MAIN,ST,W,US0031E,L ROGERS WELLS,,,,,37.00212109,-85.92661993,1.678,1/11/2022,1508,2,2,0,0,CLEAR,DRY,FALSE,VEHICLE BACKING IN INTERSECTION,BACKING,STRAIGHT & GRADE,DAYLIGHT,,,44573.25804,FALSE,2277,Accepted,5,5,O,OTHER,IMPROPER BACKING,
29577699,0050100,GLASGOW POLICE DEPARTMENT,Accepted,BARREN,KY0090,,HAPPY VALLEY,RD,,US0068,VETERANS OUTER,,,,,37.02440881,-85.93594492,8.572,12/20/2021,949,2,2,0,0,CLEAR,DRY,FALSE,OTHER INTERSECTION COLLISIONS,REAR END,STRAIGHT & LEVEL,DAYLIGHT,,,44573.57619,FALSE,50,Accepted,5,5,O,,INATTENTION,
29577700,0050100,GLASGOW POLICE DEPARTMENT,Accepted,BARREN,KY0249,,ROSEVILLE,RD,,,,,TROJAN,,HILLTOPPER,36.98106933,-85.91328258,15.503,12/20/2021,1839,2,2,0,0,CLEAR,DRY,FALSE,SIDESWIPE COLLISION - OPPOSITE DIRECTION,SIDESWIPE-OPPOSITE DIRECTION,CURVE & HILLCREST,DARK-HWY NOT LIGHTED,,,44573.57624,FALSE,2196,Accepted,5,5,O,,FAILED TO KEEP PROPER LANE,
29577703,0050100,GLASGOW POLICE DEPARTMENT,Accepted,BARREN,,408,HUMBLE,AVE,,,EASTVIEW,,,,,36.99528948,-85.89942299,0.335,12/25/2021,1100,1,1,0,0,CLOUDY,DRY,FALSE,COLLISION WITH FIXED OBJECT IN INTERSECTION - FIRST EVENT COLLISION 09 - 32,SINGLE VEHICLE,STRAIGHT & GRADE,DAYLIGHT,,,44573.57631,FALSE,2240,Accepted,5,5,O,,INATTENTION,
29577707,0050100,GLASGOW POLICE DEPARTMENT,Accepted,BARREN,KY1307,507,NEW SALEM,RD,,,,,MCFARLAND,,RAINBOW,36.99900901,-85.89564994,8.322,1/1/2022,1130,1,1,0,0,RAINING,WET,TRUE,COLLISION WITH FIXED OBJECT NON - INTERSECTION - FIRST EVENT COLLISION 09 - 32 EXCLUDING 16,SINGLE VEHICLE,STRAIGHT & GRADE,DAYLIGHT,,,44573.57642,FALSE,2240,Accepted,5,5,O,,"DRUG INVOLVEMENT, INATTENTION",
29577712,0050100,GLASGOW POLICE DEPARTMENT,Accepted,BARREN,KY2207,556,FORK,RD,S,,,,,,,36.97302775,-85.95186281,3.832,12/18/2021,1142,1,1,0,0,CLOUDY,DRY,FALSE,COLLISION WITH NON-FIXED OBJECT ,SINGLE VEHICLE,STRAIGHT & GRADE,DAYLIGHT,,,44573.57649,FALSE,2278,Accepted,5,5,O,,,
29577715,0050100,GLASGOW POLICE DEPARTMENT,Accepted,BARREN,,315,CLEVELAND,AVE,,,,,,,,36.99311304,-85.92001956,0.73,1/5/2022,1247,1,1,0,0,CLEAR,DRY,FALSE,COLLISION WITH FIXED OBJECT NON - INTERSECTION - FIRST EVENT COLLISION 09 - 32 EXCLUDING 16,SINGLE VEHICLE,CURVE & LEVEL,DAYLIGHT,,,44573.57654,FALSE,2189,Accepted,5,5,O,,INATTENTION,