IncidentID,AgencyORI,AgencyName,IncidentStatusDesc,County,RdwyNumber,Street,RoadwayName,StreetSfx,StreetDir,IntersectionRdwy,IntersectionRdwyName,BetweenStRdwy1,BetweenStRdwyName1,BetweenStRdwy2,BetweenStRdwyName2,Latitude,Longitude,Milepoint,CollisionDate,CollisionTime,UnitsInvolved,MotorVehiclesInvolved,NumberKilled,NumberInjured,Weather,RdwyConditionCode,HitandRun,DirAnalysisCode,MannerofCollision,RdwyCharacter,LightCondition,RampFromRdwyId,RampToRdwyId,AcceptedDate,IsSecondaryCollision,OwnerBadge,IncidentStatus,InjurySeverityCde,KABCO_Code,KABCO,Environmental_Factors,Human_Factors,Vehicular_Factors
29577716,0050100,GLASGOW POLICE DEPARTMENT,Accepted,BARREN,US0031E,,L ROGERS WELLS,BLVD,S,,CAVALRY,,,,,36.98477798,-85.93161414,12.98,1/5/2022,1221,2,2,0,0,CLEAR,DRY,FALSE,OPPOSING LEFT TURN,OPPOSING LEFT TURN,STRAIGHT & LEVEL,DAYLIGHT,,,44573.57658,FALSE,50,Accepted,5,5,O,,INATTENTION,
29577719,0050100,GLASGOW POLICE DEPARTMENT,Accepted,BARREN,KY0090,,HAPPY VALLEY,RD,,US0068,VETERANS OUTER,,,,,37.02405455,-85.93556871,8.555,1/6/2022,1110,1,1,0,0,SNOWING,SNOW/SLUSH,FALSE,OTHER INTERSECTION COLLISIONS,SINGLE VEHICLE,STRAIGHT & GRADE,DAYLIGHT,,,44573.57666,FALSE,2189,Accepted,5,5,O,SLIPPERY SURFACE,,
29577721,0050100,GLASGOW POLICE DEPARTMENT,Accepted,BARREN,US0031E,,L ROGERS WELLS,BLVD,S,,CLEVELAND,,,,,36.98991162,-85.93223419,13.338,1/6/2022,1230,2,2,0,0,SNOWING,SNOW/SLUSH,FALSE,ANGLE COLLISION - OTHER,ANGLE,STRAIGHT & LEVEL,DAYLIGHT,,,44573.5767,FALSE,2189,Accepted,5,5,O,SLIPPERY SURFACE,TOO FAST FOR CONDITIONS,
29579279,0050100,GLASGOW POLICE DEPARTMENT,Accepted,BARREN,US0068X,,MAIN,ST,W,US0031E,L ROGERS WELLS,,,,,37.00204582,-85.92637608,1.691,1/6/2022,1329,2,2,0,0,SNOWING,SNOW/SLUSH,FALSE,ANGLE COLLISION - OTHER,ANGLE,STRAIGHT & LEVEL,DAYLIGHT,,,44573.8694,FALSE,2273,Accepted,5,5,O,SLIPPERY SURFACE,,
29591812,0050100,GLASGOW POLICE DEPARTMENT,Accepted,BARREN,US0031E,,L ROGERS WELLS,BLVD,S,,COMMERCIAL AVE CONN,,,,,36.99852195,-85.9281926,13.997,1/15/2022,1807,2,2,0,0,CLEAR,DRY,FALSE,OTHER INTERSECTION COLLISIONS,REAR END,STRAIGHT & LEVEL,DARK-HWY LIGHTED/ON,,,44577.23617,FALSE,2285,Accepted,5,5,O,,"ALCOHOL INVOLVEMENT, NOT UNDER PROPER CONTROL",
29593670,0050100,GLASGOW POLICE DEPARTMENT,Accepted,BARREN,US0031E,,JACKSON,HWY,N,,,,WATER PLANT,US0068,VETERANS OUTER,37.03070294,-85.90777783,16.768,1/16/2022,1356,1,1,0,0,SNOWING,SNOW/SLUSH,FALSE,COLLISION WITH FIXED OBJECT NON - INTERSECTION - FIRST EVENT COLLISION 09 - 32 EXCLUDING 16,SINGLE VEHICLE,CURVE & GRADE,DAYLIGHT,,,44578.1863,FALSE,2277,Accepted,5,5,O,SLIPPERY SURFACE,,
29594372,0050000,BARREN COUNTY SHERIFF DEPT.,Accepted,BARREN,KY0070,,HISEVILLE,RD,,,,,WILLIS,US0031E,JACKSON,37.10998993,-85.85110842,12.928,1/6/2022,1034,1,1,0,1,SNOWING,SNOW/SLUSH,FALSE,RAN OFF ROADWAY (1 VEHICLE WITH/EARTH EMBANKMENT/DITCH),SINGLE VEHICLE,STRAIGHT & HILLCREST,DAYLIGHT,,,44578.45729,FALSE,172,Accepted,4,4,C,SLIPPERY SURFACE,TOO FAST FOR CONDITIONS,
29594374,0050000,BARREN COUNTY SHERIFF DEPT.,Accepted,BARREN,KY0740,,CORAL HILL,RD,,,,,,,,37.03163228,-85.87088926,1.512,1/6/2022,1223,1,1,0,0,SNOWING,SNOW/SLUSH,FALSE,RAN OFF ROADWAY (1 VEHICLE WITH/EARTH EMBANKMENT/DITCH),SINGLE VEHICLE,STRAIGHT & HILLCREST,DAYLIGHT,,,44578.45734,FALSE,157,Accepted,5,5,O,SLIPPERY SURFACE,,
29594381,0050000,BARREN COUNTY SHERIFF DEPT.,Accepted,BARREN,US0068,7560,EDMONTON,RD,,,,,,,,37.01457883,-85.78294797,21.178,1/11/2022,1838,1,1,0,2,CLEAR,DRY,FALSE,COLLISION WITH FIXED OBJECT NON - INTERSECTION - FIRST EVENT COLLISION 09 - 32 EXCLUDING 16,SINGLE VEHICLE,STRAIGHT & LEVEL,DARK-HWY NOT LIGHTED,,,44578.45742,FALSE,181,Accepted,5,2,A,,ALCOHOL INVOLVEMENT,STEERING FAILURE
29594395,0050000,BARREN COUNTY SHERIFF DEPT.,Accepted,BARREN,KY0087,3329,AUSTIN TRACY,RD,,,,,,,,36.82634994,-86.0157899,8.744,1/6/2022,1012,1,1,0,0,SNOWING,SNOW/SLUSH,FALSE,COLLISION WITH FIXED OBJECT NON - INTERSECTION - FIRST EVENT COLLISION 09 - 32 EXCLUDING 16,SINGLE VEHICLE,CURVE & LEVEL,DAYLIGHT,,,44578.45756,FALSE,125,Accepted,5,5,O,SLIPPERY SURFACE,,
29594399,0050000,BARREN COUNTY SHERIFF DEPT.,Accepted,BARREN,US0031E,,L ROGERS WELLS,BLVD,S,US0031EX,GREEN,,,,,36.98271605,-85.93136602,12.844,1/6/2022,1128,3,3,0,0,SNOWING,SNOW/SLUSH,FALSE,SIDESWIPE-SAME DIRECTION,SIDESWIPE-SAME DIRECTION,CURVE & GRADE,DAYLIGHT,,,44578.45761,FALSE,125,Accepted,5,5,O,SLIPPERY SURFACE,,
29594402,0050000,BARREN COUNTY SHERIFF DEPT.,Accepted,BARREN,KY0063,,TOMPKINSVILLE,RD,,,SILOAM,,,,,36.95508312,-85.88542496,11.281,1/8/2022,1522,2,2,0,0,CLEAR,DRY,TRUE,OPPOSITE DIRECTION - BOTH VEHICLES GOING STRAIGHT AHEAD,SIDESWIPE-OPPOSITE DIRECTION,STRAIGHT & GRADE,DAYLIGHT,,,44578.45765,FALSE,125,Accepted,5,5,O,,,
29594404,0050000,BARREN COUNTY SHERIFF DEPT.,Accepted,BARREN,KY0249,,ROSEVILLE,RD,,,,,T SPILLMAN,,SMITH CEMETERY,36.80693506,-85.91884573,2.972,1/8/2022,1142,1,1,0,0,CLEAR,DRY,FALSE,RAN OFF ROADWAY (1 VEHICLE WITH/EARTH EMBANKMENT/DITCH),SINGLE VEHICLE,CURVE & LEVEL,DAYLIGHT,,,44578.4577,FALSE,125,Accepted,5,5,O,,,
29594413,0050000,BARREN COUNTY SHERIFF DEPT.,Accepted,BARREN,,,FRANKS MILL,RD,,,OLD FRANKS MILL,,,,,37.0222363,-85.8822347,0.461,1/11/2022,1520,2,2,0,0,CLEAR,DRY,TRUE,OPPOSITE DIRECTION - BOTH VEHICLES GOING STRAIGHT AHEAD,SIDESWIPE-OPPOSITE DIRECTION,STRAIGHT & GRADE,DAYLIGHT,,,44578.45777,FALSE,125,Accepted,5,5,O,,,
29594417,0050000,BARREN COUNTY SHERIFF DEPT.,Accepted,BARREN,,238,OLD FRANKS MILL,RD,,,,,,,,37.02125867,-85.88125763,0.226,1/3/2022,841,1,1,0,0,CLEAR,DRY,TRUE,COLLISION WITH FIXED OBJECT NON - INTERSECTION - FIRST EVENT COLLISION 09 - 32 EXCLUDING 16,SINGLE VEHICLE,STRAIGHT & LEVEL,DAYLIGHT,,,44578.45783,FALSE,125,Accepted,5,5,O,,INATTENTION,
29594422,0050000,BARREN COUNTY SHERIFF DEPT.,Accepted,BARREN,US0031W,2851,LOUISVILLE,RD,,,,,,,,37.11682295,-85.97901072,5.646,11/3/2021,1425,1,1,1,0,CLEAR,DRY,FALSE,OTHER COLLISIONS ON SHOULDER,SINGLE VEHICLE,STRAIGHT & LEVEL,DAYLIGHT,,,44578.45789,FALSE,146,Accepted,5,1,K,,INATTENTION,
29594435,0050000,BARREN COUNTY SHERIFF DEPT.,Accepted,BARREN,,,LECTA KINO,RD,,,,,,,,37.00252061,-85.84864849,0.595,1/16/2022,1400,1,1,0,0,SNOWING,SNOW/SLUSH,FALSE,COLLISION WITH FIXED OBJECT NON - INTERSECTION - FIRST EVENT COLLISION 09 - 32 EXCLUDING 16,SINGLE VEHICLE,CURVE & GRADE,DAYLIGHT,,,44578.45801,FALSE,182,Accepted,5,5,O,SLIPPERY SURFACE,TOO FAST FOR CONDITIONS,
29594440,0050000,BARREN COUNTY SHERIFF DEPT.,Accepted,BARREN,,,DRIPPING SPRINGS,RD,,,,,,,,37.04143524,-85.94618764,7.158,1/9/2022,1809,1,1,0,0,CLEAR,DRY,FALSE,COLLISION WITH FIXED OBJECT NON - INTERSECTION - FIRST EVENT COLLISION 09 - 32 EXCLUDING 16,SINGLE VEHICLE,STRAIGHT & LEVEL,DARK-HWY NOT LIGHTED,,,44578.45806,FALSE,163,Accepted,5,5,O,,MISJUDGE CLEARANCE,
29594448,0050000,BARREN COUNTY SHERIFF DEPT.,Accepted,BARREN,US0031E,,SCOTTSVILLE,RD,,,,,,,,36.91759254,-85.99798508,6.865,1/12/2022,1820,1,1,0,0,CLEAR,DRY,FALSE,COLLISION WITH ANIMAL NON INTERSECTION,SINGLE VEHICLE,STRAIGHT & GRADE,DARK-HWY NOT LIGHTED,,,44578.4581,FALSE,163,Accepted,5,5,O,ANIMALS ACTION,,
29597526,0050000,BARREN COUNTY SHERIFF DEPT.,Accepted,BARREN,KY0090,,HAPPY VALLEY,RD,,,,,,,,37.09649702,-85.97387433,3.159,1/17/2022,933,1,1,0,0,CLOUDY,SNOW/SLUSH,FALSE,COLLISION WITH FIXED OBJECT NON - INTERSECTION - FIRST EVENT COLLISION 09 - 32 EXCLUDING 16,SINGLE VEHICLE,CURVE & LEVEL,DAYLIGHT,,,44579.37632,FALSE,170,Accepted,5,5,O,SLIPPERY SURFACE,,
29597528,0050000,BARREN COUNTY SHERIFF DEPT.,Accepted,BARREN,,,BAYLES,RD,,KY2207,FORK,,,,,36.9737458,-85.96063458,0.003,1/17/2022,1031,2,2,0,1,CLOUDY,SNOW/SLUSH,FALSE,ANGLE COLLISION - OTHER,ANGLE,STRAIGHT & HILLCREST,DAYLIGHT,,,44579.37636,FALSE,170,Accepted,4,4,C,SLIPPERY SURFACE,,
29598943,0050200,CAVE CITY POLICE DEPARTMENT,Accepted,BARREN,KY0070,,MAMMOTH CAVE,ST,,,,,HUBBARD,,GAUNCE,37.13760774,-85.97338916,5.545,12/31/2021,1807,2,2,0,0,CLOUDY,DRY,FALSE,HEAD-ON COLLISION,HEAD ON,STRAIGHT & LEVEL,DARK-HWY LIGHTED/ON,,,44579.60607,FALSE,610,Accepted,5,5,O,,INATTENTION,
29598945,0050200,CAVE CITY POLICE DEPARTMENT,Accepted,BARREN,KY0070,,BROADWAY,ST,,,,,,,,37.13507935,-85.95516001,6.803,12/23/2021,1056,2,2,0,0,CLOUDY,DRY,TRUE,COLLISION WITH FIXED OBJECT NON - INTERSECTION - FIRST EVENT COLLISION 09 - 32 EXCLUDING 16,HEAD ON,STRAIGHT & LEVEL,DAYLIGHT,,,44579.60619,FALSE,608,Accepted,5,5,O,,ALCOHOL INVOLVEMENT,
29598948,0050200,CAVE CITY POLICE DEPARTMENT,Accepted,BARREN,,,EDWIN P TERRY,EST,,,,,,,,37.13084921,-85.9616196,0.056,1/10/2022,730,2,2,0,1,CLEAR,DRY,FALSE,OTHER ROADWAY OR MID-BLOCK COLLISION,REAR END,STRAIGHT & LEVEL,DAYLIGHT,,,44579.60633,FALSE,601,Accepted,4,4,C,GLARE (SUN),INATTENTION,
29599269,0050200,CAVE CITY POLICE DEPARTMENT,Accepted,BARREN,KY0070,,BROADWAY,ST,,US0031W,DIXIE,,,,,37.13576021,-85.955895,6.74,1/4/2022,1600,3,3,0,1,CLEAR,DRY,FALSE,ANGLE COLLISION - OTHER,ANGLE,STRAIGHT & LEVEL,DAYLIGHT,,,44579.64865,TRUE,610,Accepted,5,3,B,,"DISREGARD TRAFFIC CONTROL, INATTENTION",
29599277,0050200,CAVE CITY POLICE DEPARTMENT,Accepted,BARREN,,,OLD BARDSTOWN,RD,,,,,,,,37.13688877,-85.95183578,0.132,12/14/2021,1349,2,2,0,0,CLEAR,DRY,FALSE,SIDESWIPE COLLISION - OPPOSITE DIRECTION,SIDESWIPE-OPPOSITE DIRECTION,STRAIGHT & GRADE,DAYLIGHT,,,44579.64901,FALSE,602,Accepted,5,5,O,,NOT UNDER PROPER CONTROL,
29599279,0050200,CAVE CITY POLICE DEPARTMENT,Accepted,BARREN,KY0070,,MAMMOTH CAVE,RD,,,,,,,,37.13465996,-85.97488973,5.319,1/11/2022,1233,2,2,0,0,CLEAR,DRY,FALSE,REAR END IN TRAFFIC LANES BOTH VEHICLES MOVING,REAR END,STRAIGHT & LEVEL,DAYLIGHT,,,44579.6491,FALSE,610,Accepted,5,5,O,,INATTENTION,
29599281,0050200,CAVE CITY POLICE DEPARTMENT,Accepted,BARREN,US0031W,,DIXIE,HWY,N,,,,,,,37.14151043,-85.94979196,7.908,1/13/2022,2216,1,1,0,0,CLEAR,DRY,FALSE,COLLISION WITH ANIMAL NON INTERSECTION,SINGLE VEHICLE,STRAIGHT & LEVEL,DARK-HWY LIGHTED/ON,,,44579.64918,FALSE,607,Accepted,5,5,O,ANIMALS ACTION,,
29602002,0050000,BARREN COUNTY SHERIFF DEPT.,Accepted,BARREN,,,CERTAIN,LN,,,OLD SCOTTSVILLE LOOP 2,,,,,36.92626076,-85.99872839,0.717,1/17/2022,756,2,2,0,0,CLEAR,ICE,FALSE,ANGLE COLLISION - OTHER,ANGLE,STRAIGHT & LEVEL,DAYLIGHT,,,44580.37626,TRUE,172,Accepted,5,5,O,SLIPPERY SURFACE,,
29602003,0050000,BARREN COUNTY SHERIFF DEPT.,Accepted,BARREN,US0068,,EDMONTON,RD,,,,,,,,37.01036567,-85.87806044,15.677,1/17/2022,1807,2,2,0,1,SNOWING,DRY,FALSE,REAR END IN TRAFFIC LANES BOTH VEHICLES MOVING,REAR END,STRAIGHT & LEVEL,DARK-HWY LIGHTED/ON,,,44580.37632,FALSE,181,Accepted,5,4,C,,INATTENTION,
29612623,0050100,GLASGOW POLICE DEPARTMENT,Accepted,BARREN,US0068X,,MAIN,ST,W,,REYNOLDS,,,,,37.00850011,-85.93676472,0.954,1/6/2022,1116,2,1,0,0,SNOWING,SNOW/SLUSH,FALSE,OTHER INTERSECTION COLLISIONS,REAR END,STRAIGHT & LEVEL,DAYLIGHT,,,44583.12632,FALSE,48,Accepted,5,5,O,SLIPPERY SURFACE,,
29618245,0050000,BARREN COUNTY SHERIFF DEPT.,Accepted,BARREN,KY0255,,BON AYR,RD,,,,,,,,37.02183185,-86.0596051,6.223,1/22/2022,1722,1,1,0,0,CLEAR,DRY,FALSE,OTHER ROADWAY OR MID-BLOCK COLLISION,SINGLE VEHICLE,STRAIGHT & LEVEL,DUSK,,,44585.3511,FALSE,181,Accepted,5,5,O,DEBRIS IN ROADWAY,,
29618246,0050000,BARREN COUNTY SHERIFF DEPT.,Accepted,BARREN,US0031E,,JACKSON,HWY,N,,,,,,,37.03512883,-85.90320151,17.171,1/21/2022,137,1,1,0,0,CLEAR,DRY,FALSE,OTHER COLLISIONS ON SHOULDER,SINGLE VEHICLE,CURVE & LEVEL,DARK-HWY NOT LIGHTED,,,44585.35115,FALSE,173,Accepted,5,5,O,,CELL PHONE,
29618248,0050000,BARREN COUNTY SHERIFF DEPT.,Accepted,BARREN,US0031E,,SCOTTSVILLE,RD,,KY0252,FINNEY,,,,,36.95187019,-85.96510598,9.977,1/23/2022,2118,2,2,0,0,CLEAR,DRY,FALSE,ANGLE COLLISION - OTHER,ANGLE,STRAIGHT & LEVEL,DARK-HWY NOT LIGHTED,,,44585.35121,FALSE,154,Accepted,5,5,O,,INATTENTION,
29618249,0050000,BARREN COUNTY SHERIFF DEPT.,Accepted,BARREN,,,MILBURN TAYLOR,RD,,,,,,,,36.76426059,-85.92742179,1.653,1/2/2022,17,1,1,0,0,CLOUDY,WET,TRUE,COLLISION WITH FIXED OBJECT NON - INTERSECTION - FIRST EVENT COLLISION 09 - 32 EXCLUDING 16,SINGLE VEHICLE,CURVE & GRADE,DARK-HWY NOT LIGHTED,,,44585.35125,FALSE,154,Accepted,5,5,O,SLIPPERY SURFACE,"DRUG INVOLVEMENT, NOT UNDER PROPER CONTROL, TOO FAST FOR CONDITIONS",
29618250,0050000,BARREN COUNTY SHERIFF DEPT.,Accepted,BARREN,,180,OLD SCOTTSVILLE LOOP 1,RD,,,,,,,,36.94048142,-85.98181462,0.191,1/23/2022,1712,1,1,0,0,CLEAR,DRY,FALSE,COLLISION WITH FIXED OBJECT NON - INTERSECTION - FIRST EVENT COLLISION 09 - 32 EXCLUDING 16,SINGLE VEHICLE,STRAIGHT & LEVEL,DUSK,,,44585.35128,FALSE,181,Accepted,5,5,O,,NOT UNDER PROPER CONTROL,
29622258,0050000,BARREN COUNTY SHERIFF DEPT.,Accepted,BARREN,LN9008,,LN9008 E,,,,,,,,,36.9915357,-85.97615126,8.95,1/23/2022,1345,2,2,0,0,CLOUDY,DRY,FALSE,SIDESWIPE COLLISION - SAME DIRECTION,SIDESWIPE-SAME DIRECTION,STRAIGHT & GRADE,DAYLIGHT,,,44586.3329,FALSE,170,Accepted,5,5,O,,,
29623647,0050000,BARREN COUNTY SHERIFF DEPT.,Accepted,BARREN,KY0740,,CORAL HILL,RD,,,,,,,,37.03255769,-85.86895738,1.619,1/6/2022,1223,2,1,0,0,SNOWING,SNOW/SLUSH,FALSE,OTHER ROADWAY OR MID-BLOCK COLLISION,REAR END,STRAIGHT & HILLCREST,DAYLIGHT,,,44586.58362,FALSE,157,Accepted,5,5,O,SLIPPERY SURFACE,,
29626936,0050100,GLASGOW POLICE DEPARTMENT,Accepted,BARREN,US0031E,,SCOTTSVILLE,RD,,,,,BEVERLY HILLS,,BISHOP,36.9703658,-85.94209197,11.786,1/21/2022,1924,1,1,0,0,CLEAR,DRY,FALSE,COLLISION WITH FIXED OBJECT NON - INTERSECTION - FIRST EVENT COLLISION 09 - 32 EXCLUDING 16,SINGLE VEHICLE,STRAIGHT & LEVEL,DARK-HWY NOT LIGHTED,,,44587.33031,FALSE,2285,Accepted,5,5,O,,OVERCORRECTING/OVERSTEERING,
29626940,0050000,BARREN COUNTY SHERIFF DEPT.,Accepted,BARREN,,,OIL CITY,RD,,US0068,VETERANS OUTER,,,,,37.0153499,-85.94805094,0.47,1/25/2022,1113,2,2,0,0,CLEAR,DRY,FALSE,OTHER INTERSECTION COLLISIONS,REAR END,STRAIGHT & LEVEL,DAYLIGHT,,,44587.33291,FALSE,170,Accepted,5,5,O,,,
29627266,0050100,GLASGOW POLICE DEPARTMENT,Accepted,BARREN,,,ROGERS,RD,,US0031E,L ROGERS WELLS,,,,,37.00385067,-85.92567089,0.364,1/19/2022,1610,2,2,0,0,RAINING,WET,FALSE,OTHER INTERSECTION COLLISIONS,REAR END,STRAIGHT & GRADE,DAYLIGHT,,,44587.40809,FALSE,2240,Accepted,5,5,O,,INATTENTION,
29627270,0050100,GLASGOW POLICE DEPARTMENT,Accepted,BARREN,US0031E,,L ROGERS WELLS,BLVD,S,,GRANDVIEW,,,,,36.99581763,-85.93066781,13.764,1/21/2022,1510,2,2,0,0,CLEAR,DRY,FALSE,ANGLE COLLISION - ONE VEHICLE TURNING LEFT,ANGLE,STRAIGHT & GRADE,DAYLIGHT,,,44587.40818,FALSE,2240,Accepted,5,5,O,"GLARE (SUN), OTHER",INATTENTION,
29627274,0050100,GLASGOW POLICE DEPARTMENT,Accepted,BARREN,US0031E,,L ROGERS WELLS,BLVD,S,,CAVALRY,,,,,36.98479164,-85.93161873,12.979,1/21/2022,1323,2,2,0,0,CLEAR,DRY,FALSE,OPPOSING LEFT TURN,OPPOSING LEFT TURN,STRAIGHT & LEVEL,DAYLIGHT,,,44587.40844,FALSE,50,Accepted,5,5,O,,INATTENTION,
29627275,0050100,GLASGOW POLICE DEPARTMENT,Accepted,BARREN,US0068X,,COLUMBIA,AVE,,,PACE,,,,,36.99758169,-85.90791665,2.845,1/24/2022,1316,2,2,0,0,CLEAR,DRY,FALSE,VEHICLE BACKING IN INTERSECTION,BACKING,STRAIGHT & LEVEL,DAYLIGHT,,,44587.4085,FALSE,2189,Accepted,5,5,O,,IMPROPER BACKING,
29637287,0050100,GLASGOW POLICE DEPARTMENT,Accepted,BARREN,US0031E,,L ROGERS WELLS,BLVD,S,,COMMERCIAL,,,,,36.99715004,-85.9293479,13.882,1/23/2022,1440,2,2,0,0,CLOUDY,DRY,FALSE,ANGLE COLLISION - OTHER,ANGLE,STRAIGHT & LEVEL,DAYLIGHT,,,44589.68791,FALSE,2264,Accepted,5,5,O,,INATTENTION,
29638623,0050100,GLASGOW POLICE DEPARTMENT,Accepted,BARREN,,,COUNTRY CLUB,EST,,,,,,,,37.03982429,-85.91253853,0.05,1/19/2022,2241,1,1,0,0,SNOWING,SNOW/SLUSH,FALSE,COLLISION WITH FIXED OBJECT NON - INTERSECTION - FIRST EVENT COLLISION 09 - 32 EXCLUDING 16,SINGLE VEHICLE,STRAIGHT & LEVEL,DARK-HWY NOT LIGHTED,,,44590.23943,FALSE,2279,Accepted,5,5,O,SLIPPERY SURFACE,,
29638624,0050100,GLASGOW POLICE DEPARTMENT,Accepted,BARREN,,,WAYNE,ST,E,,,,,,,36.99266579,-85.90920351,0.034,1/22/2022,1859,2,2,0,0,CLEAR,DRY,TRUE,1 VEHICLE PARKED POSITION (NOT PARKING LOT/DRIVEWAY),BACKING,STRAIGHT & LEVEL,DARK (UNKNOWN ROADWAY LIGHTING),,,44590.23948,FALSE,2279,Accepted,5,5,O,,INATTENTION,
29638625,0050100,GLASGOW POLICE DEPARTMENT,Accepted,BARREN,US0031E,,L ROGERS WELLS,BLVD,N,,SMITH,,,,,37.00583439,-85.92448826,14.44,1/28/2022,1350,2,2,0,0,SNOWING,SNOW/SLUSH,FALSE,OPPOSING LEFT TURN,OPPOSING LEFT TURN,STRAIGHT & LEVEL,DAYLIGHT,,,44590.23952,FALSE,2260,Accepted,5,5,O,SLIPPERY SURFACE,FAILED TO YIELD RIGHT OF WAY,
29638626,0050100,GLASGOW POLICE DEPARTMENT,Accepted,BARREN,,,CLEVELAND,AVE,,,,,,,,36.99332533,-85.91782392,0.874,1/28/2022,2330,2,2,0,0,CLOUDY,ICE,FALSE,REAR END IN TRAFFIC LANES BOTH VEHICLES MOVING,REAR END,STRAIGHT & LEVEL,DARK-HWY LIGHTED/ON,,,44590.23957,FALSE,2279,Accepted,5,5,O,SLIPPERY SURFACE,,
29641094,0050100,GLASGOW POLICE DEPARTMENT,Accepted,BARREN,US0031E,,SCOTTSVILLE,RD,,,TROJAN,,,,,36.97976423,-85.93262878,12.62,1/10/2022,1740,2,2,0,0,CLEAR,DRY,FALSE,ANGLE COLLISION - ONE VEHICLE TURNING LEFT,ANGLE,STRAIGHT & LEVEL,DARK-HWY LIGHTED/ON,,,44591.41431,FALSE,2289,Accepted,5,5,O,,INATTENTION,
29641103,0050100,GLASGOW POLICE DEPARTMENT,Accepted,BARREN,US0031E,,L ROGERS WELLS,BLVD,S,,CLEVELAND,,,,,36.98937057,-85.93217897,13.302,1/22/2022,1013,2,2,0,0,CLEAR,DRY,FALSE,ANGLE COLLISION - OTHER,ANGLE,STRAIGHT & LEVEL,DAYLIGHT,,,44591.41454,FALSE,2289,Accepted,5,5,O,,"DISREGARD TRAFFIC CONTROL, INATTENTION",
29641108,0050100,GLASGOW POLICE DEPARTMENT,Accepted,BARREN,US0031E,,SCOTTSVILLE,RD,,,,KY2207,FORK,,FORK,36.97299708,-85.93969528,12.011,1/27/2022,1722,2,2,0,0,CLEAR,DRY,FALSE,REAR END IN TRAFFIC LANES BOTH VEHICLES MOVING,REAR END,STRAIGHT & LEVEL,DARK-HWY LIGHTED/ON,,,44591.41467,FALSE,2289,Accepted,5,5,O,,INATTENTION,
29641109,0050100,GLASGOW POLICE DEPARTMENT,Accepted,BARREN,,,ROGERS,RD,,US0031E,L ROGERS WELLS,,,,,37.00378477,-85.92548213,0.372,1/27/2022,1128,2,2,0,0,CLEAR,DRY,FALSE,ANGLE COLLISION - OTHER,ANGLE,STRAIGHT & LEVEL,DAYLIGHT,,,44591.41471,FALSE,2289,Accepted,5,5,O,,"FAILED TO YIELD RIGHT OF WAY, INATTENTION",
29641110,0050100,GLASGOW POLICE DEPARTMENT,Accepted,BARREN,US0068X,,MAIN,ST,W,,ROGERS,,,,,36.99978019,-85.92257643,1.914,1/28/2022,1418,2,2,0,0,SNOWING,WET,FALSE,SIDESWIPE-SAME DIRECTION,SIDESWIPE-SAME DIRECTION,STRAIGHT & LEVEL,DAYLIGHT,,,44591.41475,FALSE,2289,Accepted,5,5,O,,"FAILED TO YIELD RIGHT OF WAY, INATTENTION",
29643906,0050000,BARREN COUNTY SHERIFF DEPT.,Accepted,BARREN,KY0090,,BURKESVILLE,RD,,,,,,,,36.97900377,-85.8909007,11.528,1/28/2022,1047,2,2,0,0,CLOUDY,DRY,FALSE,SIDESWIPE COLLISION - SAME DIRECTION,SIDESWIPE-SAME DIRECTION,STRAIGHT & LEVEL,DAYLIGHT,,,44592.33768,FALSE,157,Accepted,5,5,O,,INATTENTION,
29643908,0050000,BARREN COUNTY SHERIFF DEPT.,Accepted,BARREN,KY0839,,NOBOB,RD,,,,,,,,36.90546901,-85.79677367,5.471,1/27/2022,2114,1,1,0,1,CLEAR,DRY,FALSE,OTHER COLLISIONS ON SHOULDER,SINGLE VEHICLE,CURVE & LEVEL,DARK (UNKNOWN ROADWAY LIGHTING),,,44592.33774,FALSE,181,Accepted,5,3,B,,NOT UNDER PROPER CONTROL,
29643909,0050000,BARREN COUNTY SHERIFF DEPT.,Accepted,BARREN,KY0090,,BURKESVILLE,RD,,,,,,,,36.90906257,-85.77581805,19.89,1/26/2022,2252,2,2,0,3,CLEAR,DRY,FALSE,HEAD-ON COLLISION,HEAD ON,STRAIGHT & HILLCREST,DARK-HWY NOT LIGHTED,,,44592.33779,FALSE,173,Accepted,5,2,A,,"FAILED TO KEEP PROPER LANE, INATTENTION",
29643910,0050000,BARREN COUNTY SHERIFF DEPT.,Accepted,BARREN,,,BIG MEADOW,RD,,,,,,,,37.07068984,-85.78673967,0.155,1/23/2022,232,1,1,0,1,CLEAR,DRY,FALSE,COLLISION WITH FIXED OBJECT NON - INTERSECTION - FIRST EVENT COLLISION 09 - 32 EXCLUDING 16,SINGLE VEHICLE,STRAIGHT & LEVEL,DARK-HWY NOT LIGHTED,,,44592.33784,FALSE,124,Accepted,5,4,C,ANIMALS ACTION,DRUG INVOLVEMENT,
29646828,0050100,GLASGOW POLICE DEPARTMENT,Accepted,BARREN,US0068X,,MAIN,ST,W,,,,LESLIE,,TRABUE,36.99825411,-85.91798648,2.22,1/31/2022,656,2,2,0,0,CLEAR,DRY,FALSE,OTHER ROADWAY OR MID-BLOCK COLLISION,OPPOSING LEFT TURN,STRAIGHT & LEVEL,DAWN,,,44592.80217,FALSE,2273,Accepted,5,5,O,,FAILED TO YIELD RIGHT OF WAY,