IncidentID,AgencyORI,AgencyName,IncidentStatusDesc,County,RdwyNumber,Street,RoadwayName,StreetSfx,StreetDir,IntersectionRdwy,IntersectionRdwyName,BetweenStRdwy1,BetweenStRdwyName1,BetweenStRdwy2,BetweenStRdwyName2,Latitude,Longitude,Milepoint,CollisionDate,CollisionTime,UnitsInvolved,MotorVehiclesInvolved,NumberKilled,NumberInjured,Weather,RdwyConditionCode,HitandRun,DirAnalysisCode,MannerofCollision,RdwyCharacter,LightCondition,RampFromRdwyId,RampToRdwyId,AcceptedDate,IsSecondaryCollision,OwnerBadge,IncidentStatus,InjurySeverityCde,KABCO_Code,KABCO,Environmental_Factors,Human_Factors,Vehicular_Factors
29648561,0050000,BARREN COUNTY SHERIFF DEPT.,Accepted,BARREN,LN9008,,LN9008 W,,,,,,,,,36.99275541,-85.98136543,8.658,1/31/2022,551,2,2,0,0,CLEAR,DRY,FALSE,OTHER ROADWAY OR MID-BLOCK COLLISION,REAR TO REAR,CURVE & LEVEL,DARK-HWY LIGHTED/ON,,,44593.34592,FALSE,170,Accepted,5,5,O,,DISTRACTION,
29648564,0050000,BARREN COUNTY SHERIFF DEPT.,Accepted,BARREN,US0068,,NEW BOWLING GREEN,RD,,,,,,,,37.02427016,-86.09331228,2.013,1/30/2022,1641,1,1,0,0,CLEAR,DRY,FALSE,COLLISION WITH ANIMAL NON INTERSECTION,SINGLE VEHICLE,STRAIGHT & LEVEL,DAYLIGHT,,,44593.34611,FALSE,181,Accepted,5,5,O,,,
29648565,0050000,BARREN COUNTY SHERIFF DEPT.,Accepted,BARREN,KY0740,,CORAL HILL,RD,,,,,,,,37.02386439,-85.8745887,0.928,1/30/2022,1804,1,1,0,0,CLEAR,DRY,FALSE,COLLISION WITH ANIMAL NON INTERSECTION,SINGLE VEHICLE,STRAIGHT & LEVEL,DARK (UNKNOWN ROADWAY LIGHTING),,,44593.34615,FALSE,181,Accepted,5,5,O,,,
29653198,0050000,BARREN COUNTY SHERIFF DEPT.,Accepted,BARREN,US0068,8312,EDMONTON,RD,,,,,,,,37.0116806,-85.77894325,21.382,1/23/2022,1727,1,1,0,0,CLEAR,DRY,FALSE,COLLISION WITH ANIMAL NON INTERSECTION,SINGLE VEHICLE,STRAIGHT & LEVEL,DARK-HWY NOT LIGHTED,,,44594.33858,FALSE,163,Accepted,5,5,O,ANIMALS ACTION,,
29653201,0050000,BARREN COUNTY SHERIFF DEPT.,Accepted,BARREN,KY0249,,ROSEVILLE,RD,,,,,,,,36.85461027,-85.91783611,6.311,1/24/2022,1648,2,2,0,0,CLEAR,DRY,FALSE,VEHICLE BACKING NON INTERSECTION,BACKING,STRAIGHT & LEVEL,DAYLIGHT,,,44594.33863,FALSE,163,Accepted,5,5,O,,INATTENTION,
29653202,0050000,BARREN COUNTY SHERIFF DEPT.,Accepted,BARREN,US0031E,,SCOTTSVILLE,RD,,,,,,,,36.96307368,-85.95001517,11.116,1/26/2022,1714,1,1,0,0,CLEAR,DRY,FALSE,COLLISION WITH ANIMAL NON INTERSECTION,SINGLE VEHICLE,STRAIGHT & LEVEL,DARK-HWY NOT LIGHTED,,,44594.3387,FALSE,163,Accepted,5,5,O,ANIMALS ACTION,,
29653203,0050000,BARREN COUNTY SHERIFF DEPT.,Accepted,BARREN,KY0685,,STOVALL,RD,,,,,,,,37.06612476,-86.00733895,6.08,1/27/2022,1718,1,1,0,2,CLEAR,WATER (STANDING OR MOVING),FALSE,OTHER ROADWAY OR MID-BLOCK COLLISION,SINGLE VEHICLE,CURVE & LEVEL,DARK-HWY NOT LIGHTED,,,44594.33877,FALSE,163,Accepted,5,4,C,"OTHER, WATER POOLING",,
29653204,0050000,BARREN COUNTY SHERIFF DEPT.,Accepted,BARREN,KY1318,,LUCAS,RD,,,,,,,,36.88569998,-86.02219172,3.232,1/30/2022,243,1,1,0,0,CLEAR,DRY,FALSE,OTHER COLLISIONS ON SHOULDER,SINGLE VEHICLE,STRAIGHT & LEVEL,DARK-HWY NOT LIGHTED,,,44594.33884,FALSE,173,Accepted,5,5,O,,"DRUG INVOLVEMENT, TURNING IMPROPERLY",
29655492,0050100,GLASGOW POLICE DEPARTMENT,Accepted,BARREN,US0031E,,SCOTTSVILLE,RD,,,,LN9008,LN9008 W EXIT11 OFF RAMP TO US31E S,LN9008,LN9008 W EXIT11 OFF RAMP TO US31E N,36.97875455,-85.93402285,12.519,2/1/2022,720,2,2,0,0,CLEAR,DRY,FALSE,1 VEHICLE ENTERING/LEAVING ENTRANCE,ANGLE,STRAIGHT & LEVEL,DAYLIGHT,,,44594.79976,FALSE,2268,Accepted,5,5,O,,"FAILED TO YIELD RIGHT OF WAY, INATTENTION",
29656725,0050100,GLASGOW POLICE DEPARTMENT,Accepted,BARREN,US0031E,,L ROGERS WELLS,BLVD,N,,SMITH,,,,,37.00583386,-85.92449455,14.44,2/1/2022,1749,2,2,0,3,CLEAR,DRY,FALSE,ANGLE COLLISION - ONE VEHICLE TURNING LEFT,ANGLE,STRAIGHT & LEVEL,DARK-HWY LIGHTED/ON,,,44595.267,FALSE,2288,Accepted,5,2,A,,DISREGARD TRAFFIC CONTROL,
29658221,0050000,BARREN COUNTY SHERIFF DEPT.,Accepted,BARREN,,507,TROJAN,TRL,,,,,,,,36.97654055,-85.92944576,1.016,1/28/2022,740,2,2,0,0,CLOUDY,WET,FALSE,VEHICLE BACKING NON INTERSECTION,BACKING,STRAIGHT & LEVEL,DAYLIGHT,,,44595.61525,FALSE,178,Accepted,5,5,O,,IMPROPER BACKING,
29658224,0050000,BARREN COUNTY SHERIFF DEPT.,Accepted,BARREN,KY0090,,HAPPY VALLEY,RD,,,,,,,,37.08065048,-85.96779723,4.318,1/27/2022,1438,2,2,0,0,CLEAR,DRY,FALSE,REAR END IN TRAFFIC LANES BOTH VEHICLES MOVING,REAR END,STRAIGHT & LEVEL,DAYLIGHT,,,44595.61534,FALSE,182,Accepted,5,5,O,,INATTENTION,
29658226,0050000,BARREN COUNTY SHERIFF DEPT.,Accepted,BARREN,LN9008,,LN9008 E,,,,,,,,,36.99603671,-85.99012889,8.11,2/3/2022,1040,1,1,0,0,RAINING,WET,FALSE,COLLISION WITH FIXED OBJECT NON - INTERSECTION - FIRST EVENT COLLISION 09 - 32 EXCLUDING 16,SINGLE VEHICLE,STRAIGHT & GRADE,DAYLIGHT,,,44595.6154,FALSE,170,Accepted,5,5,O,SLIPPERY SURFACE,,
29660047,0050100,GLASGOW POLICE DEPARTMENT,Accepted,BARREN,,101,CLEMENTS,AVE,,,,,,,,37.0060541,-85.90715102,0.025,1/29/2022,1336,1,1,0,0,CLEAR,DRY,FALSE,COLLISION WITH FIXED OBJECT NON - INTERSECTION - FIRST EVENT COLLISION 09 - 32 EXCLUDING 16,SINGLE VEHICLE,STRAIGHT & LEVEL,DAYLIGHT,,,44596.37027,FALSE,48,Accepted,5,5,O,,INATTENTION,
29660049,0050100,GLASGOW POLICE DEPARTMENT,Accepted,BARREN,,,TROJAN,TRL,,US0031E,SCOTTSVILLE,,,,,36.97959338,-85.93307106,1.326,1/28/2022,1514,2,2,0,1,SNOWING,WET,FALSE,REAR END - ONE VEHICLE TURNING RIGHT,REAR END,STRAIGHT & LEVEL,DAYLIGHT,,,44596.37039,FALSE,2289,Accepted,3,3,B,,INATTENTION,
29660256,0050200,CAVE CITY POLICE DEPARTMENT,Accepted,BARREN,KY0090,,HAPPY VALLEY,RD,,,ESTES,,,,,37.12054453,-85.96224959,1.363,1/27/2022,1321,2,2,0,1,CLOUDY,DRY,FALSE,COLLISION WITH FIXED OBJECT IN INTERSECTION - FIRST EVENT COLLISION 09 - 32,HEAD ON,STRAIGHT & LEVEL,DAYLIGHT,,,44596.43596,FALSE,608,Accepted,5,3,B,,"FAILED TO YIELD RIGHT OF WAY, INATTENTION",
29660257,0050200,CAVE CITY POLICE DEPARTMENT,Accepted,BARREN,KY0070,,MAMMOTH CAVE,RD,,I 0065,I65 S EXIT53 OFF RAMP TO KY70,,,,,37.13581144,-85.97904357,5.075,1/23/2022,1132,2,2,0,0,CLOUDY,DRY,FALSE,COLLISION WITH FIXED OBJECT IN INTERSECTION - FIRST EVENT COLLISION 09 - 32,ANGLE,STRAIGHT & HILLCREST,DAYLIGHT,,,44596.43601,FALSE,608,Accepted,5,5,O,,FAILED TO YIELD RIGHT OF WAY,
29662560,0050100,GLASGOW POLICE DEPARTMENT,Accepted,BARREN,US0031E,,L ROGERS WELLS,BLVD,S,US0068X,MAIN,,,,,37.00192885,-85.92632715,14.25,2/4/2022,1543,3,3,0,0,CLOUDY,DRY,FALSE,ANGLE COLLISION - OTHER,ANGLE,STRAIGHT & LEVEL,DAYLIGHT,,,44597.17329,FALSE,2277,Accepted,5,5,O,BACKUP DUE TO REGULAR CONGESTION,DISREGARD TRAFFIC CONTROL,
29663039,0050100,GLASGOW POLICE DEPARTMENT,Accepted,BARREN,US0031E,2002,JACKSON,HWY,N,,,,,,,37.02009488,-85.90543085,16.027,1/28/2022,1707,2,2,0,0,CLEAR,DRY,FALSE,1 VEHICLE ENTERING/LEAVING ENTRANCE,ANGLE,STRAIGHT & LEVEL,DUSK,,,44597.57875,FALSE,2264,Accepted,5,5,O,,MISJUDGE CLEARANCE,
29667667,0050000,BARREN COUNTY SHERIFF DEPT.,Accepted,BARREN,,,ESTES,RD,,,WHITNEY WOODS,,,,,37.12091306,-85.9583681,0.017,2/4/2022,729,1,1,0,0,CLEAR,ICE,FALSE,COLLISION WITH FIXED OBJECT IN INTERSECTION - FIRST EVENT COLLISION 09 - 32,SINGLE VEHICLE,STRAIGHT & GRADE,DAYLIGHT,,,44599.34046,FALSE,172,Accepted,5,5,O,SLIPPERY SURFACE,,
29667668,0050000,BARREN COUNTY SHERIFF DEPT.,Accepted,BARREN,KY2195,590,OLD LEXINGTON,RD,,,,,,,,37.14775726,-85.87310849,4.459,2/3/2022,1144,1,1,0,0,"SLEET, HAIL, FREEZING RAIN",SNOW/SLUSH,FALSE,OTHER ROADWAY OR MID-BLOCK COLLISION,SINGLE VEHICLE,STRAIGHT & LEVEL,DAYLIGHT,,,44599.3405,FALSE,172,Accepted,5,5,O,SLIPPERY SURFACE,,
29667669,0050000,BARREN COUNTY SHERIFF DEPT.,Accepted,BARREN,US0031E,,SCOTTSVILLE,RD,,,,,OLD SCOTTSVILLE LOOP 2,,ELLIS BEND,36.92056573,-85.99713021,7.076,1/31/2022,1018,2,2,0,0,CLEAR,DRY,TRUE,SIDESWIPE COLLISION - SAME DIRECTION,SIDESWIPE-SAME DIRECTION,STRAIGHT & LEVEL,DAYLIGHT,,,44599.34054,FALSE,172,Accepted,5,5,O,,NOT UNDER PROPER CONTROL,
29668075,KSP0300,"KY STATE POLICE, POST 03",Accepted,BARREN,US0031E,,SCOTTSVILLE,RD,,,,,,,,36.94571986,-85.97338171,9.357,2/4/2022,1751,1,1,0,0,CLEAR,DRY,FALSE,COLLISION WITH ANIMAL NON INTERSECTION,SINGLE VEHICLE,STRAIGHT & LEVEL,DARK-HWY NOT LIGHTED,,,44599.40227,FALSE,694,Accepted,5,5,O,ANIMALS ACTION,,
29672340,0050100,GLASGOW POLICE DEPARTMENT,Accepted,BARREN,,,GREEN ACRES,DR,,,,,LEXINGTON,,GREEN HILLS,37.00958558,-85.91211022,0.298,2/7/2022,1810,2,2,0,0,CLEAR,DRY,FALSE,VEHICLE BACKING NON INTERSECTION,BACKING,STRAIGHT & LEVEL,DARK-HWY NOT LIGHTED,,,44600.37257,FALSE,2288,Accepted,5,5,O,,INATTENTION,
29672759,KSP0300,"KY STATE POLICE, POST 03",Accepted,BARREN,KY0070,3791,HISEVILLE MAIN,ST,E,,,,,,,37.0962982,-85.80459379,15.73,7/26/2021,2125,2,1,1,0,CLEAR,DRY,FALSE,COLLISION WITH PEDESTRIAN NON - INTERSECTION,SINGLE VEHICLE,STRAIGHT & GRADE,DARK-HWY NOT LIGHTED,,,44600.43815,TRUE,772,Accepted,5,1,K,"DEBRIS IN ROADWAY, GLARE (OTHER)",,
29673274,0050100,GLASGOW POLICE DEPARTMENT,Accepted,BARREN,,,LEXINGTON,DR,,US0031E,L ROGERS WELLS,,,,,37.01413715,-85.91540373,0.696,1/25/2022,1327,2,2,0,0,CLOUDY,DRY,FALSE,ANGLE COLLISION - OTHER,ANGLE,STRAIGHT & GRADE,DAYLIGHT,,,44600.51294,FALSE,50,Accepted,5,5,O,,NOT UNDER PROPER CONTROL,OTHER
29673276,0050100,GLASGOW POLICE DEPARTMENT,Accepted,BARREN,US0068X,,NEW BOWLING GREEN,RD,,,,,DONNELLEY,,MANSFIELD,37.01078614,-85.94851253,0.26,1/26/2022,940,1,1,0,0,CLEAR,DRY,FALSE,COLLISION WITH FIXED OBJECT NON - INTERSECTION - FIRST EVENT COLLISION 09 - 32 EXCLUDING 16,SINGLE VEHICLE,STRAIGHT & LEVEL,DAYLIGHT,,,44600.51301,FALSE,2240,Accepted,5,5,O,,INATTENTION,OTHER
29673278,0050100,GLASGOW POLICE DEPARTMENT,Accepted,BARREN,US0031E,,L ROGERS WELLS,BLVD,N,US0068X,MAIN,,,,,37.002334,-85.92626728,14.272,1/27/2022,1332,2,2,0,0,CLEAR,DRY,FALSE,OTHER INTERSECTION COLLISIONS,REAR END,STRAIGHT & LEVEL,DAYLIGHT,,,44600.51313,FALSE,50,Accepted,5,5,O,,INATTENTION,
29673279,0050100,GLASGOW POLICE DEPARTMENT,Accepted,BARREN,,,SCOTTIE,DR,,,,,ASHWOOD,US0068X,COLUMBIA,37.01322193,-85.89115502,0.442,1/28/2022,1440,1,1,0,1,SNOWING,WET,FALSE,RAN OFF ROADWAY (1 VEHICLE WITH/EARTH EMBANKMENT/DITCH),SINGLE VEHICLE,CURVE & GRADE,DAYLIGHT,,,44600.5132,FALSE,2240,Accepted,5,4,C,,INATTENTION,
29673281,0050100,GLASGOW POLICE DEPARTMENT,Accepted,BARREN,US0068X,,MAIN,ST,W,,,US0031E,L ROGERS WELLS,,SHANE,37.00263772,-85.9275033,1.617,1/29/2022,1210,2,2,0,0,CLEAR,DRY,FALSE,SIDESWIPE COLLISION - SAME DIRECTION,SIDESWIPE-SAME DIRECTION,STRAIGHT & GRADE,DAYLIGHT,,,44600.51323,FALSE,2240,Accepted,5,5,O,,INATTENTION,
29673283,0050100,GLASGOW POLICE DEPARTMENT,Accepted,BARREN,US0031E,,L ROGERS WELLS,BLVD,N,,WALL,,,,,37.00752432,-85.92353158,14.608,1/31/2022,915,2,2,0,0,CLEAR,DRY,FALSE,OTHER INTERSECTION COLLISIONS,REAR END,STRAIGHT & LEVEL,DAYLIGHT,,,44600.5133,FALSE,2189,Accepted,5,5,O,,INATTENTION,
29673287,0050100,GLASGOW POLICE DEPARTMENT,Accepted,BARREN,US0031E,,L ROGERS WELLS,BLVD,S,,CLEVELAND,,,,,36.98934848,-85.932194,13.3,2/1/2022,835,2,2,0,0,CLEAR,DRY,FALSE,ANGLE COLLISION - OTHER,ANGLE,STRAIGHT & LEVEL,DAYLIGHT,,,44600.51342,FALSE,50,Accepted,5,5,O,GLARE (SUN),INATTENTION,
29673288,0050100,GLASGOW POLICE DEPARTMENT,Accepted,BARREN,US0031E,,L ROGERS WELLS,BLVD,S,,CLEVELAND,,,,,36.98949257,-85.93222285,13.31,1/31/2022,2113,2,2,0,0,CLEAR,DRY,FALSE,OTHER INTERSECTION COLLISIONS,REAR END,STRAIGHT & LEVEL,DARK-HWY LIGHTED/ON,,,44600.51354,FALSE,2196,Accepted,5,5,O,,INATTENTION,
29673292,0050100,GLASGOW POLICE DEPARTMENT,Accepted,BARREN,US0031E,,L ROGERS WELLS,BLVD,N,US0068X,MAIN,,,,,37.00208203,-85.92639006,14.26,2/2/2022,142,2,2,0,1,RAINING,WET,FALSE,ANGLE COLLISION - OTHER,ANGLE,STRAIGHT & LEVEL,DAYLIGHT,,,44600.51372,FALSE,2240,Accepted,5,4,C,,"DISREGARD TRAFFIC CONTROL, INATTENTION",
29673293,0050100,GLASGOW POLICE DEPARTMENT,Accepted,BARREN,US0068,,VETERANS OUTER,LOOP,,,OIL CITY,,,,,37.01567111,-85.94830015,10.411,2/1/2022,1904,3,3,0,3,CLEAR,DRY,FALSE,ANGLE COLLISION - OTHER,ANGLE,STRAIGHT & LEVEL,DARK-HWY LIGHTED/OFF,,,44600.51379,FALSE,2196,Accepted,4,4,C,,INATTENTION,
29673295,0050100,GLASGOW POLICE DEPARTMENT,Accepted,BARREN,,,HAPPY VALLEY,RD,,US0031EX,RACE,,,,,37.0042909,-85.90854967,0.8,1/31/2022,1417,2,2,0,1,CLEAR,DRY,FALSE,OTHER INTERSECTION COLLISIONS,REAR END,STRAIGHT & GRADE,DAYLIGHT,,,44600.5139,FALSE,2225,Accepted,5,4,C,,INATTENTION,
29673298,0050100,GLASGOW POLICE DEPARTMENT,Accepted,BARREN,US0068X,,MAIN,ST,W,,ROGERS,,,,,36.9999902,-85.92285105,1.928,2/7/2022,840,2,2,0,0,CLEAR,DRY,FALSE,ANGLE COLLISION - ONE VEHICLE TURNING LEFT,ANGLE,STRAIGHT & LEVEL,DAYLIGHT,,,44600.51399,FALSE,2189,Accepted,5,5,O,,FAILED TO YIELD RIGHT OF WAY,
29673299,0050100,GLASGOW POLICE DEPARTMENT,Accepted,BARREN,,403,WASHINGTON,ST,W,,,,,,,36.99718647,-85.91764336,0.263,2/7/2022,1630,2,2,0,0,CLEAR,DRY,TRUE,1 VEHICLE PARKED POSITION (NOT PARKING LOT/DRIVEWAY),SIDESWIPE-SAME DIRECTION,STRAIGHT & LEVEL,DAYLIGHT,,,44600.51405,FALSE,2189,Accepted,5,5,O,,INATTENTION,
29673300,0050100,GLASGOW POLICE DEPARTMENT,Accepted,BARREN,US0031E,,L ROGERS WELLS,BLVD,S,,COMMERCIAL AVE CONN,,,,,36.99858675,-85.92815933,13.993,2/4/2022,1456,2,2,0,0,CLOUDY,DRY,FALSE,OTHER INTERSECTION COLLISIONS,REAR END,STRAIGHT & LEVEL,DAYLIGHT,,,44600.51412,FALSE,2225,Accepted,5,5,O,,INATTENTION,
29684255,0050100,GLASGOW POLICE DEPARTMENT,Accepted,BARREN,US0031E,,L ROGERS WELLS,BLVD,N,,WALL,,,,,37.00752537,-85.92353333,14.608,7/18/2021,1153,2,2,1,0,CLEAR,DRY,FALSE,ANGLE COLLISION - OTHER,ANGLE,STRAIGHT & LEVEL,DAYLIGHT,,,44602.8064,FALSE,2264,Accepted,5,1,K,,"MISJUDGE CLEARANCE, DRUG INVOLVEMENT",
29686237,0050000,BARREN COUNTY SHERIFF DEPT.,Accepted,BARREN,KY0252,,FINNEY,RD,,,,,,,,36.9385961,-86.07312296,4.521,2/6/2022,2035,1,1,0,0,CLEAR,DRY,FALSE,COLLISION WITH ANIMAL NON INTERSECTION,SINGLE VEHICLE,STRAIGHT & LEVEL,DARK-HWY NOT LIGHTED,,,44603.33595,FALSE,124,Accepted,5,5,O,,,
29686238,0050000,BARREN COUNTY SHERIFF DEPT.,Accepted,BARREN,KY0063,,TOMPKINSVILLE,RD,,,,,,,,36.94152878,-85.87977465,10.324,2/7/2022,247,1,1,0,0,CLEAR,DRY,FALSE,COLLISION WITH ANIMAL NON INTERSECTION,SINGLE VEHICLE,STRAIGHT & LEVEL,DARK-HWY NOT LIGHTED,,,44603.33599,FALSE,124,Accepted,5,5,O,,,
29687087,0050100,GLASGOW POLICE DEPARTMENT,Accepted,BARREN,KY0090,,HAPPY VALLEY,RD,,,BEAVER,,,,,37.02650926,-85.93802502,8.422,2/9/2022,1550,2,2,0,0,CLEAR,DRY,FALSE,OTHER INTERSECTION COLLISIONS,REAR END,STRAIGHT & LEVEL,DAYLIGHT,,,44603.49104,FALSE,2189,Accepted,5,5,O,,INATTENTION,
29687090,0050100,GLASGOW POLICE DEPARTMENT,Accepted,BARREN,KY0090,,BURKESVILLE,RD,,LN9008,LN9008 W EXIT14 ON RAMP FROM KY90 E,,,,,36.98395688,-85.89533222,11.114,2/9/2022,1545,2,2,0,0,CLEAR,DRY,FALSE,SIDESWIPE-SAME DIRECTION,SIDESWIPE-SAME DIRECTION,STRAIGHT & GRADE,DAYLIGHT,,,44603.49113,FALSE,2240,Accepted,5,5,O,,INATTENTION,
29687092,0050100,GLASGOW POLICE DEPARTMENT,Accepted,BARREN,,143,DAVIS,ST,,,,,,,,37.00068259,-85.90325414,0.063,2/10/2022,1320,1,1,0,0,CLEAR,DRY,FALSE,COLLISION WITH FIXED OBJECT NON - INTERSECTION - FIRST EVENT COLLISION 09 - 32 EXCLUDING 16,SINGLE VEHICLE,STRAIGHT & GRADE,DAYLIGHT,,,44603.49121,FALSE,2240,Accepted,5,5,O,,INATTENTION,
29690597,0050100,GLASGOW POLICE DEPARTMENT,Accepted,BARREN,US0031EX,128,PUBLIC,SQ,S,,,,,,,36.99525695,-85.91295778,1.43,2/7/2022,948,2,2,0,0,CLEAR,DRY,FALSE,1 VEHICLE PARKED POSITION (NOT PARKING LOT/DRIVEWAY),SIDESWIPE-SAME DIRECTION,STRAIGHT & LEVEL,DAYLIGHT,,,44604.43089,FALSE,2289,Accepted,5,5,O,,MISJUDGE CLEARANCE,
29690598,0050100,GLASGOW POLICE DEPARTMENT,Accepted,BARREN,,,SAMSON,ST,,US0068X,MAIN,,,,,36.99870103,-85.91934126,0.006,2/7/2022,1545,2,2,0,0,CLEAR,DRY,FALSE,SIDESWIPE-SAME DIRECTION,SIDESWIPE-SAME DIRECTION,STRAIGHT & LEVEL,DAYLIGHT,,,44604.43093,FALSE,2289,Accepted,5,5,O,,FAILED TO YIELD RIGHT OF WAY,
29690599,0050100,GLASGOW POLICE DEPARTMENT,Accepted,BARREN,,210,AUTUMN RIDGE,RD,,,,,,,,36.97597711,-85.94808513,0.168,2/10/2022,718,2,2,0,0,CLEAR,DRY,FALSE,1 VEHICLE ENTERING/LEAVING ENTRANCE,ANGLE,STRAIGHT & LEVEL,DAYLIGHT,,,44604.43098,FALSE,2289,Accepted,5,5,O,,INATTENTION,
29696409,0050000,BARREN COUNTY SHERIFF DEPT.,Accepted,BARREN,KY0090,,BURKESVILLE,RD,,,,,,,,36.92092812,-85.79396591,18.414,2/11/2022,2027,1,1,0,0,CLEAR,DRY,FALSE,OTHER ROADWAY OR MID-BLOCK COLLISION,SINGLE VEHICLE,STRAIGHT & LEVEL,DARK-HWY NOT LIGHTED,,,44606.34449,FALSE,173,Accepted,5,5,O,,ALCOHOL INVOLVEMENT,
29701138,0050000,BARREN COUNTY SHERIFF DEPT.,Accepted,BARREN,KY0063,,TOMPKINSVILLE,RD,,,,,,,,36.94333766,-85.88050082,10.456,2/14/2022,1803,1,1,0,0,CLEAR,DRY,FALSE,COLLISION WITH ANIMAL NON INTERSECTION,SINGLE VEHICLE,STRAIGHT & LEVEL,DARK-HWY NOT LIGHTED,,,44607.33696,FALSE,181,Accepted,5,5,O,,,
29701374,KSP0300,"KY STATE POLICE, POST 03",Accepted,BARREN,US0031E,6600,SCOTTSVILLE,RD,,,,,,,,36.92897833,-85.99557793,7.667,7/4/2021,0,1,1,1,0,CLEAR,DRY,FALSE,OTHER COLLISIONS ON SHOULDER,SINGLE VEHICLE,CURVE & LEVEL,DARK-HWY NOT LIGHTED,,,44607.37233,FALSE,411,Accepted,1,1,K,,"DISREGARD TRAFFIC CONTROL, EXCEEDED STATED SPEED LIMIT",
29705999,0050000,BARREN COUNTY SHERIFF DEPT.,Accepted,BARREN,,226,ONE TREE,LN,,,,,,,,36.95745253,-85.92791833,0.218,2/14/2022,1045,2,2,0,0,CLEAR,DRY,FALSE,VEHICLE BACKING NON INTERSECTION,BACKING,STRAIGHT & LEVEL,DAYLIGHT,,,44608.35131,FALSE,170,Accepted,5,5,O,,INATTENTION,
29709211,0050100,GLASGOW POLICE DEPARTMENT,Accepted,BARREN,US0031EX,,PUBLIC,SQ,S,,,US0031EX,US31E BUS TURN LANE,US0031EX,US31E BUS TURN LANE,36.99532838,-85.91313913,1.438,2/15/2022,909,2,2,0,0,CLEAR,DRY,FALSE,1 VEHICLE PARKED POSITION (NOT PARKING LOT/DRIVEWAY),SIDESWIPE-SAME DIRECTION,CURVE & LEVEL,DAYLIGHT,,,44608.80966,FALSE,2296,Accepted,5,5,O,,MISJUDGE CLEARANCE,
29709212,0050100,GLASGOW POLICE DEPARTMENT,Accepted,BARREN,US0031E,,L ROGERS WELLS,BLVD,N,,SMITH,,,,,37.00583523,-85.92448439,14.44,2/16/2022,934,2,2,0,1,CLEAR,DRY,FALSE,ANGLE COLLISION - ONE VEHICLE TURNING LEFT,ANGLE,STRAIGHT & LEVEL,DAYLIGHT,,,44608.80979,FALSE,2410,Accepted,5,3,B,,DISREGARD TRAFFIC CONTROL,
29711138,0050100,GLASGOW POLICE DEPARTMENT,Accepted,BARREN,US0031E,,L ROGERS WELLS,BLVD,S,,CLEVELAND,,,,,36.98934356,-85.93221402,13.299,2/13/2022,1212,2,2,0,1,CLEAR,DRY,FALSE,ANGLE COLLISION - OTHER,ANGLE,STRAIGHT & LEVEL,DAYLIGHT,,,44609.35371,FALSE,2273,Accepted,5,4,C,,DISREGARD TRAFFIC CONTROL,
29714916,0050000,BARREN COUNTY SHERIFF DEPT.,Accepted,BARREN,,3048,BERRY STORE,RD,,,,,,,,36.94450185,-86.13077821,2.974,2/15/2022,1538,2,2,0,0,CLEAR,DRY,FALSE,SIDESWIPE COLLISION - OPPOSITE DIRECTION,SIDESWIPE-OPPOSITE DIRECTION,STRAIGHT & LEVEL,DAYLIGHT,,,44610.33427,FALSE,170,Accepted,5,5,O,,,
29714917,0050000,BARREN COUNTY SHERIFF DEPT.,Accepted,BARREN,,,BRISTLETOWN,RD,,,,,,,,36.93076556,-85.9173613,3.508,1/30/2022,1723,1,1,0,0,CLEAR,DRY,FALSE,OTHER COLLISIONS ON SHOULDER,SINGLE VEHICLE,STRAIGHT & GRADE,DARK-HWY NOT LIGHTED,,,44610.33432,FALSE,163,Accepted,5,5,O,,NOT UNDER PROPER CONTROL,
29714918,0050000,BARREN COUNTY SHERIFF DEPT.,Accepted,BARREN,KY0740,,PARK,ST,,KY0070,HISEVILLE MAIN,,,,,37.10068326,-85.81415574,7.47,1/31/2022,1720,2,2,0,0,CLEAR,DRY,FALSE,ANGLE COLLISION - OTHER,ANGLE,STRAIGHT & LEVEL,DARK-HWY LIGHTED/ON,,,44610.33436,FALSE,163,Accepted,5,5,O,,MISJUDGE CLEARANCE,
29714921,0050000,BARREN COUNTY SHERIFF DEPT.,Accepted,BARREN,,1994,SIDDENS,RD,,,,,,,,36.96537252,-86.01443714,1.96,2/17/2022,1121,1,1,0,0,RAINING,WET,FALSE,OTHER COLLISIONS ON SHOULDER,SINGLE VEHICLE,CURVE & LEVEL,DAYLIGHT,,,44610.33444,FALSE,170,Accepted,5,5,O,,,
29720516,0050100,GLASGOW POLICE DEPARTMENT,Accepted,BARREN,KY0090,,HAPPY VALLEY,RD,,,MAX WAGNER,,,,,37.02296618,-85.93463559,8.711,2/10/2022,1811,2,2,0,0,CLEAR,DRY,FALSE,VEHICLE BACKING IN INTERSECTION,BACKING,STRAIGHT & LEVEL,DARK-HWY LIGHTED/ON,,,44611.81349,FALSE,2288,Accepted,5,5,O,,INATTENTION,
29720522,0050100,GLASGOW POLICE DEPARTMENT,Accepted,BARREN,KY0090,,HAPPY VALLEY,RD,,,,,VALLEY VIEW,,REYNOLDS,37.01389882,-85.92672689,9.494,2/16/2022,1752,3,3,0,0,CLEAR,DRY,FALSE,OTHER ROADWAY OR MID-BLOCK COLLISION,REAR END,STRAIGHT & LEVEL,DARK-HWY LIGHTED/ON,,,44611.81369,FALSE,2288,Accepted,5,5,O,,INATTENTION,