IncidentID,AgencyORI,AgencyName,IncidentStatusDesc,County,RdwyNumber,Street,RoadwayName,StreetSfx,StreetDir,IntersectionRdwy,IntersectionRdwyName,BetweenStRdwy1,BetweenStRdwyName1,BetweenStRdwy2,BetweenStRdwyName2,Latitude,Longitude,Milepoint,CollisionDate,CollisionTime,UnitsInvolved,MotorVehiclesInvolved,NumberKilled,NumberInjured,Weather,RdwyConditionCode,HitandRun,DirAnalysisCode,MannerofCollision,RdwyCharacter,LightCondition,RampFromRdwyId,RampToRdwyId,AcceptedDate,IsSecondaryCollision,OwnerBadge,IncidentStatus,InjurySeverityCde,KABCO_Code,KABCO,Environmental_Factors,Human_Factors,Vehicular_Factors
29720551,0050100,GLASGOW POLICE DEPARTMENT,Accepted,BARREN,LN9008,,LN9008 E,,,,,KY0249,ROSEVILLE,LN9008,LN9008 E EXIT11 ON RAMP FROM US31E,36.97541174,-85.92969507,11.808,2/15/2022,753,2,2,0,0,CLEAR,DRY,FALSE,SIDESWIPE COLLISION - SAME DIRECTION,SIDESWIPE-SAME DIRECTION,STRAIGHT & LEVEL,DAYLIGHT,,,44611.8292,FALSE,2268,Accepted,5,5,O,,INATTENTION,
29720553,0050100,GLASGOW POLICE DEPARTMENT,Accepted,BARREN,US0031E,,L ROGERS WELLS,BLVD,S,,,,GRANDVIEW,,GRANDVIEW,36.99581715,-85.93067775,13.765,2/15/2022,1637,2,2,0,0,CLEAR,DRY,FALSE,REAR END IN TRAFFIC LANES BOTH VEHICLES MOVING,REAR END,STRAIGHT & LEVEL,DAYLIGHT,,,44611.82929,FALSE,2268,Accepted,5,5,O,,INATTENTION,
29723469,0050100,GLASGOW POLICE DEPARTMENT,Accepted,BARREN,US0068X,,COLUMBIA,AVE,,,,,SHELLEY,,PARK,37.0011722,-85.90038869,3.323,2/5/2022,2327,2,2,0,0,CLEAR,DRY,FALSE,1 VEHICLE ENTERING/LEAVING ENTRANCE,ANGLE,STRAIGHT & LEVEL,DARK-HWY LIGHTED/ON,,,44612.82754,FALSE,2279,Accepted,5,5,O,,,
29725444,0050000,BARREN COUNTY SHERIFF DEPT.,Accepted,BARREN,KY0063,,TOMPKINSVILLE,RD,,,,,,,,36.94279589,-85.88025141,10.416,2/18/2022,1523,1,1,0,1,CLEAR,DRY,FALSE,OTHER ROADWAY OR MID-BLOCK COLLISION,SINGLE VEHICLE,STRAIGHT & GRADE,DAYLIGHT,,,44613.34098,FALSE,182,Accepted,3,3,B,,INATTENTION,
29725445,0050000,BARREN COUNTY SHERIFF DEPT.,Accepted,BARREN,KY1297,,OLD BOWLING GREEN,RD,,,,,,,,36.98838578,-86.00202864,8.531,2/20/2022,1812,1,1,0,0,CLEAR,DRY,FALSE,COLLISION WITH ANIMAL NON INTERSECTION,SINGLE VEHICLE,STRAIGHT & LEVEL,DARK (UNKNOWN ROADWAY LIGHTING),,,44613.34103,FALSE,181,Accepted,5,5,O,,,
29728757,0050100,GLASGOW POLICE DEPARTMENT,Accepted,BARREN,US0068,,EDMONTON,RD,,,,US0068,VETERANS OUTER,US0068,VETERANS OUTER,37.01008836,-85.88023936,15.554,2/21/2022,716,2,2,0,0,CLOUDY,DRY,FALSE,OTHER ROADWAY OR MID-BLOCK COLLISION,OPPOSING LEFT TURN,STRAIGHT & LEVEL,DAYLIGHT,,,44613.81039,FALSE,2296,Accepted,5,5,O,,MISJUDGE CLEARANCE,
29730320,0050100,GLASGOW POLICE DEPARTMENT,Accepted,BARREN,,,CLEVELAND,AVE,,US0031E,L ROGERS WELLS,,,,,36.98934041,-85.93221355,,2/21/2022,1915,2,2,0,0,CLOUDY,DRY,FALSE,OPPOSING LEFT TURN,OPPOSING LEFT TURN,STRAIGHT & LEVEL,DARK (UNKNOWN ROADWAY LIGHTING),,,44614.29706,FALSE,2260,Accepted,5,5,O,,FAILED TO YIELD RIGHT OF WAY,
29730420,0050000,BARREN COUNTY SHERIFF DEPT.,Accepted,BARREN,KY0252,,FINNEY,RD,,,,,,,,36.94604653,-85.98908836,9.521,2/19/2022,1516,2,2,0,0,CLEAR,DRY,FALSE,SIDESWIPE COLLISION - OPPOSITE DIRECTION,SIDESWIPE-OPPOSITE DIRECTION,CURVE & GRADE,DAYLIGHT,,,44614.33651,FALSE,167,Accepted,5,5,O,,,
29730813,0050100,GLASGOW POLICE DEPARTMENT,Accepted,BARREN,,,HIGHLAND,AVE,,,,,GARNETT,,COMBS,36.99448876,-85.9242749,0.013,2/9/2022,1554,2,2,0,0,CLEAR,DRY,FALSE,1 VEHICLE PARKED POSITION (NOT PARKING LOT/DRIVEWAY),BACKING,STRAIGHT & GRADE,DAYLIGHT,,,44614.40823,FALSE,48,Accepted,5,5,O,,INATTENTION,
29730814,0050100,GLASGOW POLICE DEPARTMENT,Accepted,BARREN,US0031EX,,GREEN,ST,S,,,US0031E,SCOTTSVILLE,,JAMES T ROGERS,36.98299531,-85.93027533,0.063,2/9/2022,1617,2,2,0,1,CLEAR,DRY,FALSE,1 VEHICLE ENTERING/LEAVING ENTRANCE,ANGLE,STRAIGHT & LEVEL,DAYLIGHT,,,44614.40829,FALSE,48,Accepted,5,3,B,BACKUP DUE TO REGULAR CONGESTION,INATTENTION,
29730816,0050100,GLASGOW POLICE DEPARTMENT,Accepted,BARREN,US0068X,211,BROADWAY,ST,N,,,,,,,36.99709389,-85.90972127,2.74,2/11/2022,1056,2,2,0,1,CLEAR,DRY,FALSE,1 VEHICLE ENTERING/LEAVING ENTRANCE,ANGLE,STRAIGHT & LEVEL,DAYLIGHT,,,44614.40841,FALSE,2289,Accepted,3,3,B,,INATTENTION,
29730824,0050100,GLASGOW POLICE DEPARTMENT,Accepted,BARREN,US0031EX,,GREEN,ST,S,,LESLIE,,,,,36.99059628,-85.91591631,1.035,2/17/2022,1555,2,2,0,0,RAINING,WET,FALSE,ANGLE COLLISION - OTHER,ANGLE,STRAIGHT & LEVEL,DAYLIGHT,,,44614.40876,FALSE,2289,Accepted,5,5,O,SLIPPERY SURFACE,INATTENTION,
29730825,0050100,GLASGOW POLICE DEPARTMENT,Accepted,BARREN,US0031E,,L ROGERS WELLS,BLVD,S,,COMMERCIAL AVE CONN,,,,,36.99852676,-85.92819464,13.997,2/14/2022,1101,2,2,0,0,CLEAR,DRY,FALSE,OTHER INTERSECTION COLLISIONS,REAR END,STRAIGHT & LEVEL,DAYLIGHT,,,44614.40886,FALSE,48,Accepted,5,5,O,,INATTENTION,
29730826,0050100,GLASGOW POLICE DEPARTMENT,Accepted,BARREN,,,REYNOLDS,RD,,,,,YMCA,,COMMERCE,37.01280661,-85.93315117,0.362,2/17/2022,1755,1,1,0,0,RAINING,WET,FALSE,COLLISION WITH ANIMAL NON INTERSECTION,SINGLE VEHICLE,STRAIGHT & LEVEL,DARK-HWY NOT LIGHTED,,,44614.40895,FALSE,2289,Accepted,5,5,O,ANIMALS ACTION,,
29731071,0050100,GLASGOW POLICE DEPARTMENT,Accepted,BARREN,US0068X,,MAIN,ST,W,,,,SHANE,US0031E,L ROGERS WELLS,37.00347474,-85.92873822,1.526,2/14/2022,1720,2,1,0,0,CLEAR,DRY,FALSE,REAR END IN TRAFFIC LANES BOTH VEHICLES MOVING,REAR END,STRAIGHT & LEVEL,DAYLIGHT,,,44614.40863,FALSE,2246,Accepted,5,5,O,,"INATTENTION, TURNING IMPROPERLY",
29736604,0050000,BARREN COUNTY SHERIFF DEPT.,Accepted,BARREN,LN9008,,LN9008 E,,,,,,,,,37.05162475,-86.09925607,0.877,2/21/2022,2238,1,1,0,0,RAINING,WET,FALSE,OTHER ROADWAY OR MID-BLOCK COLLISION,SINGLE VEHICLE,STRAIGHT & LEVEL,DARK-HWY NOT LIGHTED,,,44615.64296,FALSE,173,Accepted,5,5,O,"SLIPPERY SURFACE, WATER POOLING",,
29739354,0050000,BARREN COUNTY SHERIFF DEPT.,Accepted,BARREN,LN9008,,LN9008 E,,,,,,,,,37.03269764,-86.05337014,3.775,2/18/2022,1903,2,2,0,2,CLEAR,DRY,FALSE,REAR END IN TRAFFIC LANES BOTH VEHICLES MOVING,REAR END,STRAIGHT & LEVEL,DARK-HWY NOT LIGHTED,,,44616.34384,FALSE,174,Accepted,3,3,B,,"CELL PHONE, NOT UNDER PROPER CONTROL",
29739355,0050000,BARREN COUNTY SHERIFF DEPT.,Accepted,BARREN,LN9008,,LN9008 E,,,,,,,,,36.99604438,-85.99034655,8.1,2/10/2022,2146,1,1,0,0,CLEAR,DRY,FALSE,COLLISION WITH ANIMAL NON INTERSECTION,SINGLE VEHICLE,STRAIGHT & GRADE,DARK-HWY NOT LIGHTED,,,44616.34404,FALSE,154,Accepted,5,5,O,ANIMALS ACTION,,
29739356,0050000,BARREN COUNTY SHERIFF DEPT.,Accepted,BARREN,US0031E,,SCOTTSVILLE,RD,,,,,,,,36.94868869,-85.96939968,9.656,2/23/2022,2113,1,1,0,0,CLOUDY,WET,FALSE,COLLISION WITH ANIMAL NON INTERSECTION,SINGLE VEHICLE,STRAIGHT & LEVEL,DARK-HWY NOT LIGHTED,,,44616.34412,FALSE,154,Accepted,5,5,O,DEBRIS IN ROADWAY,INATTENTION,
29739357,0050000,BARREN COUNTY SHERIFF DEPT.,Accepted,BARREN,KY0090,,BURKESVILLE,RD,,,,,,,,36.92648985,-85.80745658,17.558,2/20/2022,1839,1,1,0,0,CLEAR,DRY,FALSE,COLLISION WITH ANIMAL NON INTERSECTION,SINGLE VEHICLE,STRAIGHT & LEVEL,DARK-HWY NOT LIGHTED,,,44616.34419,FALSE,174,Accepted,5,5,O,ANIMALS ACTION,,
29743164,0050000,BARREN COUNTY SHERIFF DEPT.,Accepted,BARREN,,1795,MT PLEASANT,RD,,,,,,,,36.88869439,-85.90738613,3.897,1/19/2022,1023,2,2,0,0,RAINING,WET,FALSE,SIDESWIPE COLLISION - OPPOSITE DIRECTION,SIDESWIPE-OPPOSITE DIRECTION,CURVE & GRADE,DAYLIGHT,,,44617.33935,FALSE,125,Accepted,5,5,O,,,
29743166,0050000,BARREN COUNTY SHERIFF DEPT.,Accepted,BARREN,US0031E,3520,SCOTTSVILLE,RD,,,PRITCHARDSVILLE,,,,,36.95915526,-85.95533692,10.71,1/29/2022,609,1,1,0,0,CLEAR,DRY,FALSE,COLLISION WITH FIXED OBJECT IN INTERSECTION - FIRST EVENT COLLISION 09 - 32,SINGLE VEHICLE,STRAIGHT & LEVEL,DAYLIGHT,,,44617.33941,FALSE,125,Accepted,5,5,O,,,BRAKES DEFECTIVE
29743167,0050000,BARREN COUNTY SHERIFF DEPT.,Accepted,BARREN,KY1330,4255,KINO,RD,,,,,,,,36.94363821,-85.74850334,4.381,1/27/2022,1247,1,1,0,0,CLEAR,DRY,FALSE,OTHER ROADWAY OR MID-BLOCK COLLISION,SINGLE VEHICLE,STRAIGHT & LEVEL,DAYLIGHT,,,44617.33945,FALSE,125,Accepted,5,5,O,,MISJUDGE CLEARANCE,
29743170,0050000,BARREN COUNTY SHERIFF DEPT.,Accepted,BARREN,,,OLD NARROWS,RD,,,,,,,,36.89182459,-86.04185226,0.417,2/4/2022,551,1,1,0,0,"SLEET, HAIL, FREEZING RAIN",ICE,FALSE,COLLISION WITH FIXED OBJECT NON - INTERSECTION - FIRST EVENT COLLISION 09 - 32 EXCLUDING 16,SINGLE VEHICLE,CURVE & LEVEL,DUSK,,,44617.33952,FALSE,125,Accepted,5,5,O,SLIPPERY SURFACE,,
29743171,0050000,BARREN COUNTY SHERIFF DEPT.,Accepted,BARREN,,,WINDY HILL,RD,,US0031E,SCOTTSVILLE,,,,,36.94167863,-85.97940197,0.176,2/8/2022,745,2,2,0,0,CLEAR,DRY,FALSE,VEHICLE BACKING IN INTERSECTION,BACKING,STRAIGHT & GRADE,DAYLIGHT,,,44617.33957,FALSE,125,Accepted,5,5,O,,MISJUDGE CLEARANCE,
29743174,0050000,BARREN COUNTY SHERIFF DEPT.,Accepted,BARREN,LN9008,,LN9008 E,,,,,,,,,36.99728942,-85.85228917,16.673,2/17/2022,910,1,1,0,0,RAINING,WET,FALSE,COLLISION WITH FIXED OBJECT NON - INTERSECTION - FIRST EVENT COLLISION 09 - 32 EXCLUDING 16,SINGLE VEHICLE,STRAIGHT & LEVEL,DAYLIGHT,,,44617.33965,FALSE,125,Accepted,5,5,O,,,
29743176,0050000,BARREN COUNTY SHERIFF DEPT.,Accepted,BARREN,US0031E,,JACKSON,HWY,N,US0031EX,RACE,,,,,37.01808306,-85.90721167,15.864,2/24/2022,718,2,2,0,0,RAINING,WET,FALSE,OPPOSITE DIRECTION - BOTH VEHICLES GOING STRAIGHT AHEAD,SIDESWIPE-OPPOSITE DIRECTION,STRAIGHT & LEVEL,DAYLIGHT,,,44617.33974,FALSE,157,Accepted,5,5,O,,INATTENTION,
29743177,0050000,BARREN COUNTY SHERIFF DEPT.,Accepted,BARREN,US0068,,EDMONTON,RD,,,,,,,,37.01073946,-85.86705935,16.315,2/21/2022,800,1,1,0,0,CLOUDY,DRY,FALSE,COLLISION WITH ANIMAL NON INTERSECTION,SINGLE VEHICLE,STRAIGHT & LEVEL,DAYLIGHT,,,44617.33979,FALSE,146,Accepted,5,5,O,,,
29743178,0050000,BARREN COUNTY SHERIFF DEPT.,Accepted,BARREN,US0031E,,SCOTTSVILLE,RD,,,,,,,,36.96935741,-85.94300026,11.7,2/24/2022,742,2,2,0,0,RAINING,WET,FALSE,REAR END IN TRAFFIC LANES BOTH VEHICLES MOVING,REAR END,STRAIGHT & GRADE,DAYLIGHT,,,44617.33983,FALSE,170,Accepted,5,5,O,,,
29743179,0050000,BARREN COUNTY SHERIFF DEPT.,Accepted,BARREN,US0031E,,SCOTTSVILLE,RD,,,,,,,,36.94052786,-85.98037884,8.816,2/24/2022,646,2,2,0,0,RAINING,WET,FALSE,REAR END IN TRAFFIC LANES BOTH VEHICLES MOVING,REAR END,STRAIGHT & GRADE,DAYLIGHT,,,44617.33987,FALSE,170,Accepted,5,5,O,,,
29743180,0050000,BARREN COUNTY SHERIFF DEPT.,Accepted,BARREN,KY0249,,ROSEVILLE,RD,,,,,,,,36.9562707,-85.91569562,13.712,2/24/2022,1754,2,2,0,0,RAINING,WET,FALSE,REAR END IN TRAFFIC LANES BOTH VEHICLES MOVING,REAR END,STRAIGHT & LEVEL,DARK-HWY NOT LIGHTED,,,44617.33991,FALSE,181,Accepted,5,5,O,,INATTENTION,
29749966,0050100,GLASGOW POLICE DEPARTMENT,Accepted,BARREN,US0068,,VETERANS OUTER,LOOP,,,BEAVER,,,,,37.03027478,-85.92298737,12.155,2/22/2022,1453,2,2,0,2,RAINING,WET,FALSE,ANGLE COLLISION - OTHER,ANGLE,STRAIGHT & HILLCREST,DAYLIGHT,,,44619.37826,FALSE,48,Accepted,5,3,B,SLIPPERY SURFACE,"FAILED TO YIELD RIGHT OF WAY, INATTENTION",
29750778,0050100,GLASGOW POLICE DEPARTMENT,Accepted,BARREN,KY0090,,BURKESVILLE,RD,,LN9008,LN9008 E EXIT14 CROSSOVER KY90,,,,,36.98270867,-85.89412155,11.215,2/25/2022,2103,2,2,0,0,CLEAR,DRY,FALSE,ANGLE COLLISION - ONE VEHICLE TURNING LEFT,ANGLE,STRAIGHT & LEVEL,DARK-HWY NOT LIGHTED,,,44619.7451,FALSE,2285,Accepted,5,5,O,,"FAILED TO YIELD RIGHT OF WAY, INATTENTION",
29753415,0050000,BARREN COUNTY SHERIFF DEPT.,Accepted,BARREN,,,J BIRGE,RD,,,,,,,,36.96288527,-85.86509984,0.056,2/23/2022,1507,1,1,0,1,RAINING,WET,FALSE,RAN OFF ROADWAY (1 VEHICLE WITH/EARTH EMBANKMENT/DITCH),SINGLE VEHICLE,CURVE & GRADE,DAYLIGHT,,,44620.35459,FALSE,125,Accepted,2,2,A,,LOST CONSCIOUSNESS/FAINTED,
29753421,0050000,BARREN COUNTY SHERIFF DEPT.,Accepted,BARREN,,258,WHITNEY WOODS,RD,,,,,,,,37.06337217,-85.89915906,6.184,2/13/2022,1827,1,1,0,0,CLEAR,DRY,FALSE,OTHER ROADWAY OR MID-BLOCK COLLISION,SINGLE VEHICLE,STRAIGHT & LEVEL,DARK-HWY NOT LIGHTED,,,44620.35471,FALSE,163,Accepted,5,5,O,ANIMALS ACTION,NOT UNDER PROPER CONTROL,
29753422,0050000,BARREN COUNTY SHERIFF DEPT.,Accepted,BARREN,US0031E,,SCOTTSVILLE,RD,,,,,,,,36.92548996,-85.99621597,7.422,2/24/2022,1821,2,2,0,0,RAINING,WET,FALSE,OTHER ROADWAY OR MID-BLOCK COLLISION,REAR END,STRAIGHT & LEVEL,DARK-HWY NOT LIGHTED,,,44620.35477,FALSE,163,Accepted,5,5,O,SLIPPERY SURFACE,INATTENTION,
29753932,0050100,GLASGOW POLICE DEPARTMENT,Accepted,BARREN,LN9008,,LN9008 E,,,,,LN9008,LN9008 E EXIT11 ON RAMP FROM US31E,LN9008,LN9008 E EXIT14 OFF RAMP TO KY90,36.97644787,-85.90296262,13.347,2/23/2022,1333,1,1,0,2,RAINING,WET,FALSE,OTHER COLLISIONS ON SHOULDER,SINGLE VEHICLE,STRAIGHT & LEVEL,DAYLIGHT,,,44620.40918,FALSE,2273,Accepted,4,4,C,,OTHER,
29760423,0050100,GLASGOW POLICE DEPARTMENT,Accepted,BARREN,,111,WATERFORD,LN,,,,,,,,36.98848557,-85.94825091,0.175,2/21/2022,1842,2,2,0,0,CLEAR,DRY,FALSE,1 VEHICLE PARKED POSITION (NOT PARKING LOT/DRIVEWAY),BACKING,STRAIGHT & LEVEL,OTHER,,,44621.64551,FALSE,2237,Accepted,5,5,O,OTHER,IMPROPER BACKING,
29760427,0050100,GLASGOW POLICE DEPARTMENT,Accepted,BARREN,US0031E,,L ROGERS WELLS,BLVD,N,,ROGERS,,,,,37.00377289,-85.92552336,14.341,2/24/2022,1208,2,2,0,2,RAINING,WET,FALSE,ANGLE COLLISION - OTHER,ANGLE,STRAIGHT & LEVEL,DAYLIGHT,,,44621.64568,FALSE,2264,Accepted,5,4,C,OTHER,"INATTENTION, MISJUDGE CLEARANCE",
29763405,0050000,BARREN COUNTY SHERIFF DEPT.,Accepted,BARREN,KY0090,,BURKESVILLE,RD,,,,,,,,36.94837034,-85.84222042,15.027,2/25/2022,1313,2,2,0,0,CLOUDY,DRY,FALSE,REAR END IN TRAFFIC LANES BOTH VEHICLES MOVING,REAR END,STRAIGHT & GRADE,DAYLIGHT,,,44622.34007,FALSE,157,Accepted,5,5,O,,INATTENTION,
29763407,0050000,BARREN COUNTY SHERIFF DEPT.,Accepted,BARREN,,,BALE,AVE,,,,,,,,37.13572913,-85.94361987,0.095,2/27/2022,300,1,1,0,0,CLOUDY,DRY,FALSE,COLLISION WITH FIXED OBJECT NON - INTERSECTION - FIRST EVENT COLLISION 09 - 32 EXCLUDING 16,SINGLE VEHICLE,STRAIGHT & LEVEL,DARK-HWY LIGHTED/OFF,,,44622.34014,FALSE,157,Accepted,5,5,O,,INATTENTION,
29764310,KSP0300,"KY STATE POLICE, POST 03",Accepted,BARREN,US0031E,,SCOTTSVILLE,RD,,,,,,,,36.90239032,-86.00329288,5.769,7/11/2021,1544,2,2,1,1,RAINING,WET,FALSE,HEAD-ON COLLISION,HEAD ON,CURVE & GRADE,DAYLIGHT,,,44622.49475,FALSE,772,Accepted,5,1,K,"SLIPPERY SURFACE, WATER POOLING","DRUG INVOLVEMENT, NOT UNDER PROPER CONTROL, OVERCORRECTING/OVERSTEERING",
29764317,KSP0300,"KY STATE POLICE, POST 03",Accepted,BARREN,KY2195,,OLD LEXINGTON,RD,,,,,,,,37.13599027,-85.90639312,2.43,3/1/2022,1644,2,2,0,0,CLEAR,DRY,FALSE,1 VEHICLE ENTERING/LEAVING ENTRANCE,ANGLE,STRAIGHT & LEVEL,DAYLIGHT,,,44622.49522,FALSE,549,Accepted,5,5,O,,"FAILED TO KEEP PROPER LANE, INATTENTION, NOT UNDER PROPER CONTROL",
29768171,0050100,GLASGOW POLICE DEPARTMENT,Accepted,BARREN,,,DONNELLEY,DR,,US0068X,NEW BOWLING GREEN,,,,,37.01123845,-85.95013328,1.276,2/25/2022,2317,1,1,0,0,CLEAR,DRY,TRUE,OTHER INTERSECTION COLLISIONS,SINGLE VEHICLE,STRAIGHT & LEVEL,DARK-HWY LIGHTED/ON,,,44623.31423,FALSE,2270,Accepted,5,5,O,,,
29770374,0050100,GLASGOW POLICE DEPARTMENT,Accepted,BARREN,US0031E,,SCOTTSVILLE,RD,,,FORK,,,,,36.97196278,-85.94066404,11.919,2/11/2022,1552,2,2,0,0,CLOUDY,DRY,FALSE,OTHER INTERSECTION COLLISIONS,REAR END,STRAIGHT & LEVEL,DAYLIGHT,,,44623.68967,FALSE,2240,Accepted,5,5,O,,INATTENTION,
29770381,0050100,GLASGOW POLICE DEPARTMENT,Accepted,BARREN,,,GREEN,ST,N,,,US0031EX,PUBLIC,,WATER,36.99594717,-85.91177687,0.006,2/25/2022,1245,2,2,0,0,CLOUDY,DRY,FALSE,VEHICLE BACKING NON INTERSECTION,BACKING,STRAIGHT & GRADE,DAYLIGHT,,,44623.68982,FALSE,2240,Accepted,5,5,O,,INATTENTION,
29770383,0050100,GLASGOW POLICE DEPARTMENT,Accepted,BARREN,,,SMITH,RD,,,WALL,,,,,37.00742478,-85.92331114,0.138,2/28/2022,1535,2,2,0,0,CLEAR,DRY,FALSE,ANGLE COLLISION - OTHER,ANGLE,STRAIGHT & LEVEL,DAYLIGHT,,,44623.68987,FALSE,2189,Accepted,5,5,O,,FAILED TO YIELD RIGHT OF WAY,
29770384,0050100,GLASGOW POLICE DEPARTMENT,Accepted,BARREN,,,FRONT,ST,W,US0031EX,RACE,,,,,36.99800287,-85.91180883,0.141,3/2/2022,1725,2,2,0,0,CLEAR,DRY,FALSE,OTHER INTERSECTION COLLISIONS,REAR END,STRAIGHT & LEVEL,DAYLIGHT,,,44623.68991,FALSE,2189,Accepted,5,5,O,,INATTENTION,
29770385,0050100,GLASGOW POLICE DEPARTMENT,Accepted,BARREN,US0068,,VETERANS OUTER,LOOP,,US0031E,JACKSON,,,,,37.0329524,-85.90568605,13.261,3/3/2022,805,2,2,0,0,CLEAR,DRY,FALSE,SIDESWIPE-SAME DIRECTION,SIDESWIPE-SAME DIRECTION,STRAIGHT & LEVEL,DAYLIGHT,,,44623.68994,FALSE,2189,Accepted,5,5,O,,MISJUDGE CLEARANCE,
29772681,0050100,GLASGOW POLICE DEPARTMENT,Accepted,BARREN,,,TRABUE,ST,,,WATER,,,,,36.99873032,-85.91625843,0.072,3/3/2022,1452,2,2,0,0,CLEAR,DRY,FALSE,ANGLE COLLISION - OTHER,ANGLE,STRAIGHT & GRADE,DAYLIGHT,,,44624.21015,FALSE,2277,Accepted,5,5,O,,DISREGARD TRAFFIC CONTROL,
29773567,0050000,BARREN COUNTY SHERIFF DEPT.,Accepted,BARREN,KY0090,,BURKESVILLE,RD,,,,,,,,36.90980791,-85.78184589,19.547,2/27/2022,20,1,1,0,0,CLEAR,DRY,FALSE,COLLISION WITH FIXED OBJECT NON - INTERSECTION - FIRST EVENT COLLISION 09 - 32 EXCLUDING 16,SINGLE VEHICLE,STRAIGHT & LEVEL,DARK-HWY NOT LIGHTED,,,44624.38494,FALSE,181,Accepted,5,5,O,,OVERCORRECTING/OVERSTEERING,
29773571,0050000,BARREN COUNTY SHERIFF DEPT.,Accepted,BARREN,,,TRACY CHURCH,RD,,,,KY3179,OIL WELL,KY0087,AUSTIN TRACY,36.80064349,-85.97267513,0.05,3/1/2022,756,2,2,0,0,CLEAR,DRY,FALSE,VEHICLE BACKING NON INTERSECTION,BACKING,STRAIGHT & LEVEL,DAYLIGHT,,,44624.38503,FALSE,172,Accepted,5,5,O,,OTHER,
29773572,0050000,BARREN COUNTY SHERIFF DEPT.,Accepted,BARREN,KY0252,,FINNEY,RD,,,,,,,,36.93842543,-86.0705652,4.665,3/3/2022,1853,1,1,0,0,CLEAR,DRY,FALSE,COLLISION WITH ANIMAL NON INTERSECTION,SINGLE VEHICLE,STRAIGHT & LEVEL,DARK-HWY NOT LIGHTED,,,44624.38506,FALSE,181,Accepted,5,5,O,,,
29775974,0050100,GLASGOW POLICE DEPARTMENT,Accepted,BARREN,KY1297,,OLD BOWLING GREEN,RD,,,,,FORRESTER,,BRITTHAVEN,36.99029801,-85.94379332,12.107,3/3/2022,1207,2,2,0,0,CLEAR,DRY,FALSE,HEAD-ON COLLISION,HEAD ON,CURVE & HILLCREST,DAYLIGHT,,,44624.88809,FALSE,2273,Accepted,5,5,O,,MISJUDGE CLEARANCE,
29777365,0050100,GLASGOW POLICE DEPARTMENT,Accepted,BARREN,US0031E,,L ROGERS WELLS,BLVD,N,,,,ROGERS,US0068X,MAIN,37.00276161,-85.92606496,14.292,3/4/2022,1421,2,2,0,0,CLEAR,DRY,FALSE,REAR END IN TRAFFIC LANES BOTH VEHICLES MOVING,REAR END,STRAIGHT & LEVEL,DAYLIGHT,,,44625.28386,FALSE,2277,Accepted,5,5,O,BACKUP DUE TO REGULAR CONGESTION,NOT UNDER PROPER CONTROL,
29777498,0050100,GLASGOW POLICE DEPARTMENT,Accepted,BARREN,US0031E,,L ROGERS WELLS,BLVD,S,,,,,,,36.99850158,-85.9281756,13.995,3/1/2022,1353,2,2,0,0,CLEAR,DRY,FALSE,1 VEHICLE ENTERING/LEAVING ENTRANCE,ANGLE,STRAIGHT & LEVEL,DAYLIGHT,,,44625.33924,FALSE,2410,Accepted,5,5,O,,DISREGARD TRAFFIC CONTROL,
29780696,0050100,GLASGOW POLICE DEPARTMENT,Accepted,BARREN,,317,LEXINGTON,DR,,,,,MOSS,,CASTLERIDGE,37.01149499,-85.91236847,0.442,2/24/2022,1105,2,2,0,0,CLOUDY,DRY,FALSE,SIDESWIPE COLLISION - SAME DIRECTION,SIDESWIPE-SAME DIRECTION,STRAIGHT & LEVEL,DAYLIGHT,,,44626.48443,FALSE,2264,Accepted,5,5,O,,IMPROPER PASSING,
29788258,0050100,GLASGOW POLICE DEPARTMENT,Accepted,BARREN,,,LONGHUNTERS,TRL,,,,,,,,37.02252965,-85.93228201,0.093,3/8/2022,107,1,1,0,0,CLEAR,DRY,FALSE,COLLISION WITH ANIMAL NON INTERSECTION,SINGLE VEHICLE,STRAIGHT & LEVEL,DARK-HWY NOT LIGHTED,,,44628.28837,FALSE,2288,Accepted,5,5,O,,,
29788404,0050000,BARREN COUNTY SHERIFF DEPT.,Accepted,BARREN,KY1342,1246,BEAVER CREEK BOAT RAMP,RD,,,,,,,,36.93317708,-86.01067191,1.031,3/4/2022,803,2,2,0,0,CLEAR,DRY,FALSE,1 VEHICLE ENTERING/LEAVING ENTRANCE,ANGLE,STRAIGHT & LEVEL,DAYLIGHT,,,44628.32293,FALSE,172,Accepted,5,5,O,,INATTENTION,
29788405,0050000,BARREN COUNTY SHERIFF DEPT.,Accepted,BARREN,KY0090,,BURKESVILLE,RD,,LN9008,LN9008 E EXIT14 CROSSOVER KY90,,,,,36.98245755,-85.89411324,11.21,3/3/2022,1429,2,2,0,0,CLEAR,DRY,FALSE,SIDESWIPE-SAME DIRECTION,SIDESWIPE-SAME DIRECTION,STRAIGHT & LEVEL,DAYLIGHT,,,44628.32297,FALSE,172,Accepted,5,5,O,,INATTENTION,
29788429,0050100,GLASGOW POLICE DEPARTMENT,Accepted,BARREN,,,REYNOLDS,RD,,,COMMERCE,,,,,37.01457861,-85.92904691,0.621,3/7/2022,1240,2,2,0,1,CLOUDY,DRY,FALSE,ANGLE COLLISION - OTHER,ANGLE,STRAIGHT & LEVEL,DAYLIGHT,,,44628.32826,FALSE,2189,Accepted,5,4,C,,FAILED TO YIELD RIGHT OF WAY,