IncidentID,AgencyORI,AgencyName,IncidentStatusDesc,County,RdwyNumber,Street,RoadwayName,StreetSfx,StreetDir,IntersectionRdwy,IntersectionRdwyName,BetweenStRdwy1,BetweenStRdwyName1,BetweenStRdwy2,BetweenStRdwyName2,Latitude,Longitude,Milepoint,CollisionDate,CollisionTime,UnitsInvolved,MotorVehiclesInvolved,NumberKilled,NumberInjured,Weather,RdwyConditionCode,HitandRun,DirAnalysisCode,MannerofCollision,RdwyCharacter,LightCondition,RampFromRdwyId,RampToRdwyId,AcceptedDate,IsSecondaryCollision,OwnerBadge,IncidentStatus,InjurySeverityCde,KABCO_Code,KABCO,Environmental_Factors,Human_Factors,Vehicular_Factors
29789722,0050200,CAVE CITY POLICE DEPARTMENT,Accepted,BARREN,US0031W,,DIXIE,HWY,N,,OWENS,,,,,37.13744636,-85.95422351,7.543,2/23/2022,1730,2,2,0,0,CLOUDY,DRY,FALSE,ANGLE COLLISION - OTHER,ANGLE,STRAIGHT & LEVEL,DARK-HWY LIGHTED/ON,,,44628.58583,FALSE,610,Accepted,5,5,O,,,
29790559,0050100,GLASGOW POLICE DEPARTMENT,Accepted,BARREN,US0031E,,L ROGERS WELLS,BLVD,N,,SHANE,,,,,37.00530035,-85.92475429,14.414,3/3/2022,1129,2,2,0,0,CLEAR,DRY,FALSE,ANGLE COLLISION - OTHER,ANGLE,STRAIGHT & LEVEL,DAYLIGHT,,,44628.68794,FALSE,2225,Accepted,5,5,O,,"FAILED TO KEEP PROPER LANE, MISJUDGE CLEARANCE",
29794349,0370200,"KY STATE POLICE, CVE",Accepted,BARREN,LN9008,,LN9008 E,,,,,,,,,37.04436375,-86.07222694,2.451,3/7/2022,716,1,1,0,0,RAINING,WATER (STANDING OR MOVING),FALSE,RAN OFF ROADWAY (1 VEHICLE WITH/EARTH EMBANKMENT/DITCH),SINGLE VEHICLE,STRAIGHT & LEVEL,DARK-HWY NOT LIGHTED,,,44629.56417,FALSE,C-327,Accepted,5,5,O,WATER POOLING,TOO FAST FOR CONDITIONS,
29797671,0050100,GLASGOW POLICE DEPARTMENT,Accepted,BARREN,,104,WALL,ST,,,,,,,,37.13002521,-85.96450753,0.05,3/9/2022,1908,2,2,0,0,CLEAR,DRY,FALSE,VEHICLE BACKING NON INTERSECTION,BACKING,STRAIGHT & GRADE,DARK-HWY LIGHTED/ON,,,44630.30779,FALSE,2287,Accepted,5,5,O,,"IMPROPER BACKING, INATTENTION",
29797721,0050000,BARREN COUNTY SHERIFF DEPT.,Accepted,BARREN,LN9008,,LN9008 W,,,,,,,,,36.99894902,-85.99485357,7.79,3/3/2022,2034,1,1,0,0,CLEAR,DRY,FALSE,COLLISION WITH ANIMAL NON INTERSECTION,SINGLE VEHICLE,STRAIGHT & LEVEL,DARK-HWY NOT LIGHTED,,,44630.33021,FALSE,124,Accepted,5,5,O,ANIMALS ACTION,,
29802349,0050100,GLASGOW POLICE DEPARTMENT,Accepted,BARREN,US0068,,VETERANS OUTER,LOOP,,,,,BEAVER,KY0090,HAPPY VALLEY,37.02406737,-85.93655581,11.361,3/10/2022,1837,2,2,0,0,CLEAR,DRY,FALSE,REAR END IN TRAFFIC LANES BOTH VEHICLES MOVING,REAR END,STRAIGHT & LEVEL,DARK-HWY LIGHTED/ON,,,44631.31192,FALSE,2666,Accepted,5,5,O,,"INATTENTION, MISJUDGE CLEARANCE",
29802447,0050000,BARREN COUNTY SHERIFF DEPT.,Accepted,BARREN,US0068,,VETERANS OUTER,LOOP,,,,,,,,37.00999802,-85.88041461,15.542,3/8/2022,1836,2,2,0,0,CLOUDY,DRY,FALSE,1 VEHICLE ENTERING/LEAVING ENTRANCE,ANGLE,STRAIGHT & GRADE,DARK-HWY NOT LIGHTED,,,44631.34033,FALSE,174,Accepted,5,5,O,,"DISREGARD TRAFFIC CONTROL, NOT UNDER PROPER CONTROL",BRAKES DEFECTIVE
29803339,0050100,GLASGOW POLICE DEPARTMENT,Accepted,BARREN,KY0090,980,HAPPY VALLEY,RD,,,,,,,,37.01235005,-85.92558347,9.619,3/10/2022,1324,2,2,0,0,CLEAR,DRY,FALSE,SIDESWIPE COLLISION - SAME DIRECTION,SIDESWIPE-SAME DIRECTION,STRAIGHT & GRADE,DAYLIGHT,,,44631.53029,FALSE,2189,Accepted,5,5,O,,FAILED TO YIELD RIGHT OF WAY,
29804267,0050100,GLASGOW POLICE DEPARTMENT,Accepted,BARREN,KY0090,,HAPPY VALLEY,RD,,US0031E,L ROGERS WELLS,,,,,37.00959729,-85.92145048,9.921,2/15/2022,837,2,2,0,0,CLEAR,DRY,FALSE,OTHER INTERSECTION COLLISIONS,REAR END,STRAIGHT & LEVEL,DAYLIGHT,,,44631.68305,FALSE,50,Accepted,5,5,O,,INATTENTION,
29804270,0050100,GLASGOW POLICE DEPARTMENT,Accepted,BARREN,US0068X,,COLUMBIA,AVE,,,DAVIS,,,,,36.99992289,-85.9026142,3.177,2/22/2022,1209,2,2,0,0,RAINING,WET,FALSE,ANGLE COLLISION - OTHER,ANGLE,STRAIGHT & LEVEL,DAYLIGHT,,,44631.68317,FALSE,50,Accepted,5,5,O,WATER POOLING,INATTENTION,
29804273,0050100,GLASGOW POLICE DEPARTMENT,Accepted,BARREN,US0031E,,L ROGERS WELLS,BLVD,S,US0068X,MAIN,,,,,37.00192822,-85.92644927,14.249,2/24/2022,1239,2,2,0,0,RAINING,WET,FALSE,SIDESWIPE-SAME DIRECTION,SIDESWIPE-SAME DIRECTION,STRAIGHT & LEVEL,DAYLIGHT,,,44631.68321,FALSE,50,Accepted,5,5,O,WATER POOLING,"FAILED TO YIELD RIGHT OF WAY, TURNING IMPROPERLY",
29804274,0050100,GLASGOW POLICE DEPARTMENT,Accepted,BARREN,,,HAPPY VALLEY,RD,,US0031E,L ROGERS WELLS,,,,,37.00956,-85.92136904,0.003,3/3/2022,1256,2,2,0,0,CLEAR,DRY,FALSE,ANGLE COLLISION - ONE VEHICLE TURNING LEFT,ANGLE,STRAIGHT & LEVEL,DAYLIGHT,,,44631.68324,FALSE,50,Accepted,5,5,O,,INATTENTION,
29805886,0050100,GLASGOW POLICE DEPARTMENT,Accepted,BARREN,KY0740,1099,CORAL HILL,RD,,,,,FRANKS MILL,,JIMESON,37.02640502,-85.87370667,1.113,3/11/2022,1847,1,1,0,0,BLOWING SAND/SOIL/DIRT/SNOW,WET,FALSE,COLLISION WITH ANIMAL NON INTERSECTION,SINGLE VEHICLE,STRAIGHT & GRADE,DARK-HWY NOT LIGHTED,,,44632.28201,FALSE,2666,Accepted,5,5,O,ANIMALS ACTION,,
29809532,0050100,GLASGOW POLICE DEPARTMENT,Accepted,BARREN,KY0090,,HAPPY VALLEY,RD,,,MAX WAGNER,,,,,37.02300963,-85.93463443,8.712,3/8/2022,1648,2,2,0,0,CLOUDY,DRY,FALSE,ANGLE COLLISION - OTHER,ANGLE,STRAIGHT & HILLCREST,DUSK,,,44633.76125,FALSE,2273,Accepted,5,5,O,,,
29809538,0050100,GLASGOW POLICE DEPARTMENT,Accepted,BARREN,LN9008,,,,,US0031E,SCOTTSVILLE,,,,,36.97891534,-85.93384733,0.319,3/8/2022,645,2,2,0,0,CLOUDY,DRY,FALSE,OTHER INTERSECTION COLLISIONS,REAR END,STRAIGHT & LEVEL,DAYLIGHT,,,44633.76165,FALSE,2286,Accepted,5,5,O,,INATTENTION,
29811631,0050100,GLASGOW POLICE DEPARTMENT,Accepted,BARREN,US0068X,,MAIN,ST,W,,OIL CITY,,,,,37.01003075,-85.94360888,0.532,3/11/2022,1620,2,2,0,1,CLOUDY,DRY,FALSE,ANGLE COLLISION - OTHER,ANGLE,STRAIGHT & LEVEL,DAYLIGHT,,,44634.34229,FALSE,2240,Accepted,4,4,C,,INATTENTION,
29811633,0050100,GLASGOW POLICE DEPARTMENT,Accepted,BARREN,KY1297,,OLD BOWLING GREEN,RD,,,WATERFORD,,,,,36.99096305,-85.94756139,11.89,3/12/2022,1921,1,1,0,0,CLEAR,DRY,FALSE,COLLISION WITH FIXED OBJECT IN INTERSECTION - FIRST EVENT COLLISION 09 - 32,SINGLE VEHICLE,CURVE & GRADE,DARK-HWY LIGHTED/ON,,,44634.34244,FALSE,2225,Accepted,5,5,O,SLIPPERY SURFACE,,
29811641,0050000,BARREN COUNTY SHERIFF DEPT.,Accepted,BARREN,KY1297,5994,OLD BOWLING GREEN,RD,,,,,DAVIDSON,,DAVIDSON,36.98814299,-86.00644536,8.279,3/6/2022,1303,1,1,0,0,CLEAR,DRY,FALSE,COLLISION WITH ANIMAL NON INTERSECTION,SINGLE VEHICLE,STRAIGHT & GRADE,DAYLIGHT,,,44634.34447,FALSE,172,Accepted,5,5,O,ANIMALS ACTION,,
29811644,0050000,BARREN COUNTY SHERIFF DEPT.,Accepted,BARREN,US0068,,VETERANS OUTER,LOOP,,,,,,,,37.02245934,-85.88573863,14.623,3/10/2022,1919,1,1,0,0,CLEAR,DRY,FALSE,COLLISION WITH ANIMAL NON INTERSECTION,SINGLE VEHICLE,STRAIGHT & LEVEL,DARK-HWY NOT LIGHTED,,,44634.34452,FALSE,182,Accepted,5,5,O,ANIMALS ACTION,,
29811645,0050000,BARREN COUNTY SHERIFF DEPT.,Accepted,BARREN,,,INDIAN MILL,RD,,,,,,,,37.09800888,-86.04672801,0.17,3/11/2022,1402,2,2,0,0,CLEAR,DRY,FALSE,1 VEHICLE ENTERING/LEAVING ENTRANCE,ANGLE,CURVE & LEVEL,DAYLIGHT,,,44634.3446,FALSE,182,Accepted,5,5,O,,FAILED TO YIELD RIGHT OF WAY,
29811646,0050000,BARREN COUNTY SHERIFF DEPT.,Accepted,BARREN,KY1297,,OLD BOWLING GREEN,RD,,,,,,,,36.9857089,-85.99474073,8.963,3/12/2022,1420,1,1,0,0,CLEAR,DRY,FALSE,COLLISION WITH FIXED OBJECT NON - INTERSECTION - FIRST EVENT COLLISION 09 - 32 EXCLUDING 16,SINGLE VEHICLE,STRAIGHT & LEVEL,DAYLIGHT,,,44634.34465,FALSE,182,Accepted,5,5,O,,ALCOHOL INVOLVEMENT,
29811648,0050000,BARREN COUNTY SHERIFF DEPT.,Accepted,BARREN,KY2207,2710,FORK,RD,S,,,,OLD DAVIDSON,,FORK TERRACE,36.96419932,-85.98486224,1.704,2/20/2022,1440,1,1,0,1,CLEAR,DRY,FALSE,COLLISION WITH FIXED OBJECT NON - INTERSECTION - FIRST EVENT COLLISION 09 - 32 EXCLUDING 16,SINGLE VEHICLE,CURVE & GRADE,DAYLIGHT,,,44634.34479,FALSE,172,Accepted,5,4,C,,OTHER,
29811650,0050000,BARREN COUNTY SHERIFF DEPT.,Accepted,BARREN,KY2189,,PARK CITY GLASGOW,RD,,,,,,,,37.03856469,-86.00788482,1.936,3/10/2022,113,1,1,0,0,CLEAR,DRY,FALSE,COLLISION WITH FIXED OBJECT NON - INTERSECTION - FIRST EVENT COLLISION 09 - 32 EXCLUDING 16,SINGLE VEHICLE,CURVE & LEVEL,DARK-HWY NOT LIGHTED,,,44634.3449,FALSE,124,Accepted,5,5,O,,"FATIGUE, INATTENTION",
29811651,0050000,BARREN COUNTY SHERIFF DEPT.,Accepted,BARREN,LN9008,,LN9008 W,,,,,,,,,36.99706614,-85.99172226,8.003,3/11/2022,2109,1,1,0,2,SNOWING,SNOW/SLUSH,FALSE,OTHER COLLISIONS ON SHOULDER,SINGLE VEHICLE,STRAIGHT & LEVEL,DARK-HWY NOT LIGHTED,,,44634.34494,FALSE,173,Accepted,4,4,C,SLIPPERY SURFACE,,
29811655,0050000,BARREN COUNTY SHERIFF DEPT.,Accepted,BARREN,,,DRIPPING SPRINGS,RD,,,,,,,,37.04218377,-85.96344938,6.181,3/9/2022,1858,1,1,0,0,CLEAR,DRY,FALSE,OTHER COLLISIONS ON SHOULDER,SINGLE VEHICLE,CURVE & LEVEL,DARK-HWY NOT LIGHTED,,,44634.34505,FALSE,163,Accepted,5,5,O,,"CELL PHONE, DISTRACTION",
29815931,0050100,GLASGOW POLICE DEPARTMENT,Accepted,BARREN,KY0090,,BURKESVILLE,RD,,,,KY0090,MAIN,,LENNA,36.98584199,-85.89686293,10.954,3/13/2022,1658,2,2,0,0,CLEAR,DRY,FALSE,SIDESWIPE COLLISION - SAME DIRECTION,SIDESWIPE-SAME DIRECTION,STRAIGHT & GRADE,DAYLIGHT,,,44635.18805,FALSE,2277,Accepted,5,5,O,,FAILED TO YIELD RIGHT OF WAY,
29831530,0050000,BARREN COUNTY SHERIFF DEPT.,Accepted,BARREN,KY0090,12170,BURKESVILLE,RD,,,,,,,,36.89747414,-85.74438086,21.898,3/13/2022,700,1,1,0,0,CLOUDY,DRY,FALSE,OTHER COLLISIONS ON SHOULDER,SINGLE VEHICLE,CURVE & GRADE,DAYLIGHT,,,44638.42194,FALSE,170,Accepted,5,5,O,,,
29831531,0050000,BARREN COUNTY SHERIFF DEPT.,Accepted,BARREN,KY0921,1322,THOMERSON PARK,RD,,,,,,,,36.80669951,-85.93303866,7.616,3/1/2022,624,2,2,0,0,CLEAR,DRY,FALSE,VEHICLE BACKING NON INTERSECTION,BACKING,CURVE & GRADE,DAYLIGHT,,,44638.42201,FALSE,125,Accepted,5,5,O,,,
29831532,0050000,BARREN COUNTY SHERIFF DEPT.,Accepted,BARREN,,,BERRY STORE,RD,,,,,,,,36.93299248,-86.13266401,2.272,3/1/2022,1050,1,1,0,0,CLEAR,DRY,FALSE,COLLISION WITH FIXED OBJECT NON - INTERSECTION - FIRST EVENT COLLISION 09 - 32 EXCLUDING 16,SINGLE VEHICLE,CURVE & GRADE,DAYLIGHT,,,44638.42207,FALSE,125,Accepted,5,5,O,,,TIRES
29831536,0050000,BARREN COUNTY SHERIFF DEPT.,Accepted,BARREN,KY1330,2979,KINO,RD,,,,,,,,36.9469697,-85.76793835,3.189,3/12/2022,720,1,1,0,1,SNOWING,ICE,FALSE,COLLISION WITH FIXED OBJECT NON - INTERSECTION - FIRST EVENT COLLISION 09 - 32 EXCLUDING 16,SINGLE VEHICLE,CURVE & GRADE,DARK-HWY NOT LIGHTED,,,44638.42217,FALSE,125,Accepted,5,3,B,SLIPPERY SURFACE,,
29831538,0050000,BARREN COUNTY SHERIFF DEPT.,Accepted,BARREN,KY0839,,NOBOB,RD,,,,,,,,36.90263467,-85.79348869,5.202,3/13/2022,1405,1,1,0,0,CLEAR,DRY,FALSE,RAN OFF ROADWAY (1 VEHICLE WITH/EARTH EMBANKMENT/DITCH),SINGLE VEHICLE,STRAIGHT & LEVEL,DAYLIGHT,,,44638.42222,FALSE,182,Accepted,5,5,O,,FELL ASLEEP,
29831843,0050200,CAVE CITY POLICE DEPARTMENT,Accepted,BARREN,US0031W,,DIXIE,HWY,S,,,,,,,37.12809293,-85.96303481,6.768,3/10/2022,1016,2,2,0,0,CLEAR,DRY,FALSE,COLLISION WITH FIXED OBJECT NON - INTERSECTION - FIRST EVENT COLLISION 09 - 32 EXCLUDING 16,REAR END,STRAIGHT & LEVEL,DAYLIGHT,,,44638.50225,FALSE,608,Accepted,5,5,O,,OTHER,
29833303,0050100,GLASGOW POLICE DEPARTMENT,Accepted,BARREN,KY0090,,HAPPY VALLEY,RD,,,,,PERKINS,,AIRPORT,37.03373924,-85.94292712,7.847,3/14/2022,1524,2,2,0,0,CLEAR,DRY,FALSE,SIDESWIPE COLLISION - SAME DIRECTION,SIDESWIPE-SAME DIRECTION,STRAIGHT & LEVEL,DAYLIGHT,,,44638.78421,FALSE,48,Accepted,5,5,O,,FAILED TO KEEP PROPER LANE,
29840421,0050100,GLASGOW POLICE DEPARTMENT,Accepted,BARREN,,,LONGHUNTERS,TRL,,,,,TANGLEWOOD,,TRAPPERS,37.02344625,-85.92756079,0.367,3/20/2022,1801,2,2,0,0,CLEAR,DRY,TRUE,SIDESWIPE COLLISION - OPPOSITE DIRECTION,SIDESWIPE-OPPOSITE DIRECTION,CURVE & HILLCREST,DAYLIGHT,,,44641.34311,FALSE,2237,Accepted,5,5,O,,NOT UNDER PROPER CONTROL,
29840569,0050100,GLASGOW POLICE DEPARTMENT,Accepted,BARREN,US0031E,,SCOTTSVILLE,RD,,KY2207,FORK,,,,,36.97214973,-85.94051539,11.909,3/18/2022,840,2,2,0,0,CLOUDY,DRY,FALSE,OTHER INTERSECTION COLLISIONS,REAR END,STRAIGHT & LEVEL,DAYLIGHT,,,44641.35866,FALSE,2240,Accepted,5,5,O,OTHER,,BRAKES DEFECTIVE
29840806,0050000,BARREN COUNTY SHERIFF DEPT.,Accepted,BARREN,KY0839,,NOBOB,RD,,,,,,,,36.90103375,-85.791951,5.064,3/18/2022,628,1,1,0,0,CLOUDY,DRY,FALSE,COLLISION WITH ANIMAL NON INTERSECTION,SINGLE VEHICLE,STRAIGHT & LEVEL,DAWN,,,44641.39156,FALSE,170,Accepted,5,5,O,ANIMALS ACTION,,
29840808,0050000,BARREN COUNTY SHERIFF DEPT.,Accepted,BARREN,US0068,,EDMONTON,RD,,US0068,VETERANS OUTER,,,,,37.01000835,-85.88038809,15.553,3/18/2022,1104,2,2,0,0,CLOUDY,WET,FALSE,ANGLE COLLISION - OTHER,ANGLE,STRAIGHT & LEVEL,DAYLIGHT,,,44641.39163,FALSE,170,Accepted,5,5,O,,"DISREGARD TRAFFIC CONTROL, DISTRACTION",
29840810,0050000,BARREN COUNTY SHERIFF DEPT.,Accepted,BARREN,,,GOODNIGHT HISEVILLE,RD,,US0031E,JACKSON,,,,,37.08653955,-85.8814527,0.006,3/18/2022,2246,1,1,0,0,RAINING,WET,FALSE,COLLISION WITH FIXED OBJECT IN INTERSECTION - FIRST EVENT COLLISION 09 - 32,SINGLE VEHICLE,STRAIGHT & LEVEL,DARK-HWY NOT LIGHTED,,,44641.39167,FALSE,181,Accepted,5,5,O,"SLIPPERY SURFACE, WATER POOLING",,
29841045,KSP0300,"KY STATE POLICE, POST 03",Accepted,BARREN,,170,SOWERS,RD,,,,,,,,37.04242546,-85.8016983,1.104,3/18/2022,1741,2,2,0,0,CLOUDY,DRY,TRUE,1 VEHICLE PARKED POSITION (NOT PARKING LOT/DRIVEWAY),REAR END,CURVE & LEVEL,DAYLIGHT,,,44641.42777,FALSE,944,Accepted,5,5,O,,NOT UNDER PROPER CONTROL,
29842479,0050100,GLASGOW POLICE DEPARTMENT,Accepted,BARREN,US0068X,,MAIN,ST,W,,SHANE,,,,,37.00357876,-85.92897972,1.509,3/15/2022,1010,2,2,0,0,CLEAR,DRY,FALSE,ANGLE COLLISION - OTHER,ANGLE,STRAIGHT & LEVEL,DAYLIGHT,,,44641.63423,FALSE,50,Accepted,5,5,O,,INATTENTION,
29842480,0050100,GLASGOW POLICE DEPARTMENT,Accepted,BARREN,US0068X,,MAIN,ST,W,US0031E,L ROGERS WELLS,,,,,37.00201686,-85.92634143,1.689,3/15/2022,1113,2,2,0,0,CLEAR,DRY,FALSE,OTHER INTERSECTION COLLISIONS,REAR END,STRAIGHT & HILLCREST,DAYLIGHT,,,44641.63429,FALSE,50,Accepted,5,5,O,,NOT UNDER PROPER CONTROL,
29845911,0050100,GLASGOW POLICE DEPARTMENT,Accepted,BARREN,US0068X,,COLUMBIA,AVE,,,SCOTTIE,,,,,37.00860955,-85.88605377,4.269,3/14/2022,1611,2,2,0,0,CLEAR,DRY,FALSE,ANGLE COLLISION - ONE VEHICLE TURNING LEFT,ANGLE,STRAIGHT & LEVEL,DAYLIGHT,,,44642.32342,FALSE,2273,Accepted,5,5,O,,DISREGARD TRAFFIC CONTROL,
29846953,0050000,BARREN COUNTY SHERIFF DEPT.,Accepted,BARREN,KY1330,2001,KINO,RD,,,,,,,,36.94589236,-85.78943223,1.942,3/21/2022,821,1,1,0,0,CLEAR,DRY,FALSE,RAN OFF ROADWAY (1 VEHICLE WITH/EARTH EMBANKMENT/DITCH),SINGLE VEHICLE,STRAIGHT & GRADE,DAYLIGHT,,,44642.50234,FALSE,170,Accepted,5,5,O,,MISJUDGE CLEARANCE,
29846959,0050000,BARREN COUNTY SHERIFF DEPT.,Accepted,BARREN,KY0070,,HISEVILLE,RD,,,,,,,,37.11140123,-85.85667757,12.604,3/13/2022,2209,1,1,0,0,CLEAR,DRY,FALSE,COLLISION WITH ANIMAL NON INTERSECTION,SINGLE VEHICLE,STRAIGHT & LEVEL,DARK-HWY NOT LIGHTED,,,44642.50246,FALSE,163,Accepted,5,5,O,ANIMALS ACTION,,
29846960,0050000,BARREN COUNTY SHERIFF DEPT.,Accepted,BARREN,KY0063,,TOMPKINSVILLE,RD,,,,,,,,36.94697655,-85.88167925,10.716,3/20/2022,1953,1,1,0,0,CLEAR,DRY,FALSE,COLLISION WITH ANIMAL NON INTERSECTION,SINGLE VEHICLE,STRAIGHT & LEVEL,DARK-HWY NOT LIGHTED,,,44642.5025,FALSE,173,Accepted,5,5,O,ANIMALS ACTION,,
29850915,0050100,GLASGOW POLICE DEPARTMENT,Accepted,BARREN,KY0090,,HAPPY VALLEY,RD,,,,US0031E,L ROGERS WELLS,,ENSMINGER,37.00997147,-85.92227926,9.868,3/22/2022,1539,2,2,0,0,CLEAR,DRY,FALSE,1 VEHICLE ENTERING/LEAVING ENTRANCE,ANGLE,STRAIGHT & LEVEL,DAYLIGHT,,,44643.40734,FALSE,2277,Accepted,5,5,O,BACKUP DUE TO REGULAR CONGESTION,"FAILED TO YIELD RIGHT OF WAY, INATTENTION",
29857576,0050100,GLASGOW POLICE DEPARTMENT,Accepted,BARREN,KY0063,,WOODLAWN,ST,,,,,HILL,,TEMPLE TRACE,36.98576236,-85.90491308,13.727,3/21/2022,2245,1,1,0,1,CLEAR,DRY,FALSE,COLLISION WITH FIXED OBJECT NON - INTERSECTION - FIRST EVENT COLLISION 09 - 32 EXCLUDING 16,SINGLE VEHICLE,STRAIGHT & HILLCREST,DARK-HWY LIGHTED/OFF,,,44644.81166,FALSE,2288,Accepted,5,3,B,,"ALCOHOL INVOLVEMENT, NOT UNDER PROPER CONTROL",
29859424,0050100,GLASGOW POLICE DEPARTMENT,Accepted,BARREN,US0031E,,L ROGERS WELLS,BLVD,N,,SMITH,,,,,37.00583277,-85.92448754,14.44,3/23/2022,1405,2,2,0,0,CLEAR,DRY,FALSE,ANGLE COLLISION - ONE VEHICLE TURNING LEFT,ANGLE,STRAIGHT & LEVEL,DAYLIGHT,,,44645.34567,FALSE,2189,Accepted,5,5,O,,"DISTRACTION, FAILED TO YIELD RIGHT OF WAY",
29868889,0050100,GLASGOW POLICE DEPARTMENT,Accepted,BARREN,US0068X,,MAIN,ST,W,,LESLIE,,,,,36.99853676,-85.91886245,2.169,3/26/2022,1616,2,2,0,0,CLEAR,DRY,FALSE,VEHICLE BACKING IN INTERSECTION,BACKING,STRAIGHT & LEVEL,DAYLIGHT,,,44648.3035,FALSE,2277,Accepted,5,5,O,,IMPROPER BACKING,
29869525,0050000,BARREN COUNTY SHERIFF DEPT.,Accepted,BARREN,,,HAPPY HOLLOW,RD,,,,,,,,36.85805119,-85.87296843,2.772,3/21/2022,2040,2,2,0,0,CLEAR,DRY,FALSE,HEAD-ON COLLISION,HEAD ON,CURVE & GRADE,DARK-HWY NOT LIGHTED,,,44648.4297,FALSE,154,Accepted,5,5,O,,"ALCOHOL INVOLVEMENT, FAILED TO KEEP PROPER LANE",
29869526,0050000,BARREN COUNTY SHERIFF DEPT.,Accepted,BARREN,,,MAPLEWOOD,RD,,,,,,,,37.00645853,-85.95639583,0.15,3/23/2022,459,2,2,0,0,CLOUDY,DRY,FALSE,1 VEHICLE PARKED POSITION (NOT PARKING LOT/DRIVEWAY),BACKING,STRAIGHT & LEVEL,DARK-HWY NOT LIGHTED,,,44648.42976,FALSE,154,Accepted,5,5,O,VIEW OBSTRUCTED/LIMITED DUE TO RDWY,IMPROPER BACKING,
29869528,0050000,BARREN COUNTY SHERIFF DEPT.,Accepted,BARREN,,,WHITES CHAPEL,RD,,,,,,,,36.93642778,-85.84527436,0.855,3/23/2022,1037,1,1,0,0,CLOUDY,DRY,FALSE,COLLISION WITH FIXED OBJECT NON - INTERSECTION - FIRST EVENT COLLISION 09 - 32 EXCLUDING 16,SINGLE VEHICLE,CURVE & HILLCREST,DAYLIGHT,,,44648.42983,FALSE,170,Accepted,5,5,O,,OVERCORRECTING/OVERSTEERING,
29869531,0050000,BARREN COUNTY SHERIFF DEPT.,Accepted,BARREN,US0068,,NEW BOWLING GREEN,RD,,,,,,,,37.0225607,-86.05268534,4.307,3/19/2022,1106,1,1,0,0,CLOUDY,DRY,FALSE,OTHER COLLISIONS ON SHOULDER,SINGLE VEHICLE,STRAIGHT & LEVEL,DAYLIGHT,,,44648.42991,FALSE,167,Accepted,5,5,O,,"FATIGUE, FELL ASLEEP",
29869533,0050000,BARREN COUNTY SHERIFF DEPT.,Accepted,BARREN,KY1297,,OLD BOWLING GREEN,RD,,KY0255,BON AYR,,,,,36.98215763,-86.06680115,4.847,3/18/2022,1117,2,2,0,0,CLOUDY,WET,FALSE,ANGLE COLLISION - OTHER,ANGLE,STRAIGHT & LEVEL,DAYLIGHT,,,44648.42995,FALSE,125,Accepted,5,5,O,,INATTENTION,
29869536,0050000,BARREN COUNTY SHERIFF DEPT.,Accepted,BARREN,KY0087,,AUSTIN TRACY,RD,,,,,,,,36.76911785,-85.95071595,2.678,3/23/2022,1131,2,2,0,0,CLEAR,DRY,FALSE,1 VEHICLE ENTERING/LEAVING ENTRANCE,ANGLE,CURVE & LEVEL,DAYLIGHT,,,44648.43004,FALSE,125,Accepted,5,5,O,,"INATTENTION, TURNING IMPROPERLY",
29869631,0050000,BARREN COUNTY SHERIFF DEPT.,Accepted,BARREN,KY0070,,GRIDERVILLE,RD,,,,,EDWARDS,,OLD MUNFORDVILLE,37.11796075,-85.90399708,9.954,3/25/2022,536,1,1,0,0,CLEAR,DRY,FALSE,COLLISION WITH ANIMAL NON INTERSECTION,SINGLE VEHICLE,STRAIGHT & LEVEL,DARK-HWY NOT LIGHTED,,,44648.44052,FALSE,124,Accepted,5,5,O,ANIMALS ACTION,,
29873627,0050100,GLASGOW POLICE DEPARTMENT,Accepted,BARREN,US0031E,,L ROGERS WELLS,BLVD,S,,,,CROSS,US0068X,MAIN,37.00111197,-85.92687477,14.189,3/7/2022,1330,2,2,0,0,CLOUDY,DRY,FALSE,1 VEHICLE ENTERING/LEAVING ENTRANCE,ANGLE,STRAIGHT & LEVEL,DAYLIGHT,,,44649.32545,FALSE,2279,Accepted,5,5,O,,MISJUDGE CLEARANCE,
29873628,0050100,GLASGOW POLICE DEPARTMENT,Accepted,BARREN,KY0090,,HAPPY VALLEY,RD,,,MAX WAGNER,,,,,37.02299327,-85.93462056,8.712,3/10/2022,1544,2,2,0,0,CLEAR,DRY,FALSE,OTHER INTERSECTION COLLISIONS,REAR END,STRAIGHT & LEVEL,DAYLIGHT,,,44649.32551,FALSE,2279,Accepted,5,5,O,,DISTRACTION,
29873633,0050100,GLASGOW POLICE DEPARTMENT,Accepted,BARREN,US0031E,,L ROGERS WELLS,BLVD,S,,,US0068X,MAIN,,CROSS,37.00180454,-85.92656175,14.239,3/16/2022,1238,3,3,0,1,CLEAR,DRY,FALSE,REAR END IN TRAFFIC LANES BOTH VEHICLES MOVING,REAR END,STRAIGHT & LEVEL,DAYLIGHT,,,44649.32566,FALSE,2279,Accepted,4,4,C,,OTHER,
29873634,0050100,GLASGOW POLICE DEPARTMENT,Accepted,BARREN,KY0063,,WOODLAWN,ST,,,,,TEMPLE TRACE,,LENNA,36.98542095,-85.90469963,13.721,3/17/2022,1548,1,1,0,0,CLEAR,DRY,FALSE,RAN OFF ROADWAY (1 VEHICLE WITH/EARTH EMBANKMENT/DITCH),SINGLE VEHICLE,CURVE & GRADE,DAYLIGHT,,,44649.32571,FALSE,2279,Accepted,5,5,O,ANIMALS ACTION,,