IncidentID,AgencyORI,AgencyName,IncidentStatusDesc,County,RdwyNumber,Street,RoadwayName,StreetSfx,StreetDir,IntersectionRdwy,IntersectionRdwyName,BetweenStRdwy1,BetweenStRdwyName1,BetweenStRdwy2,BetweenStRdwyName2,Latitude,Longitude,Milepoint,CollisionDate,CollisionTime,UnitsInvolved,MotorVehiclesInvolved,NumberKilled,NumberInjured,Weather,RdwyConditionCode,HitandRun,DirAnalysisCode,MannerofCollision,RdwyCharacter,LightCondition,RampFromRdwyId,RampToRdwyId,AcceptedDate,IsSecondaryCollision,OwnerBadge,IncidentStatus,InjurySeverityCde,KABCO_Code,KABCO,Environmental_Factors,Human_Factors,Vehicular_Factors
29873637,0050100,GLASGOW POLICE DEPARTMENT,Accepted,BARREN,,,HAPPY VALLEY,RD,,US0031E,L ROGERS WELLS,,,,,37.00956856,-85.92136649,0.003,3/19/2022,1431,2,2,0,0,CLOUDY,DRY,FALSE,OTHER INTERSECTION COLLISIONS,REAR END,STRAIGHT & LEVEL,DAYLIGHT,,,44649.32584,FALSE,2279,Accepted,5,5,O,,,
29873638,0050100,GLASGOW POLICE DEPARTMENT,Accepted,BARREN,US0031E,,L ROGERS WELLS,BLVD,N,,LEXINGTON,,,,,37.01428044,-85.91553823,15.296,3/21/2022,655,2,2,0,0,CLEAR,DRY,FALSE,OTHER INTERSECTION COLLISIONS,REAR END,STRAIGHT & LEVEL,DAYLIGHT,,,44649.32589,FALSE,2279,Accepted,5,5,O,,INATTENTION,
29873678,0050000,BARREN COUNTY SHERIFF DEPT.,Accepted,BARREN,KY0090,,HAPPY VALLEY,RD,,,,,,,,37.08894563,-85.97148274,3.709,3/18/2022,1527,2,2,0,0,CLEAR,DRY,FALSE,SIDESWIPE COLLISION - SAME DIRECTION,SIDESWIPE-SAME DIRECTION,STRAIGHT & GRADE,DAYLIGHT,,,44649.33596,FALSE,163,Accepted,5,5,O,,INATTENTION,
29880646,0050100,GLASGOW POLICE DEPARTMENT,Accepted,BARREN,US0031E,,L ROGERS WELLS,BLVD,S,,,,CAVALRY,,CLEVELAND,36.98845171,-85.93209753,13.237,3/29/2022,1101,2,2,0,0,CLEAR,DRY,FALSE,SIDESWIPE COLLISION - SAME DIRECTION,SIDESWIPE-SAME DIRECTION,STRAIGHT & LEVEL,DAYLIGHT,,,44650.79901,FALSE,2410,Accepted,5,5,O,,"INATTENTION, MISJUDGE CLEARANCE",
29883112,0050100,GLASGOW POLICE DEPARTMENT,Accepted,BARREN,,,LENNA,DR,,KY0090,BURKESVILLE,,,,,36.98493852,-85.89619647,,3/30/2022,1310,2,2,0,0,CLEAR,DRY,FALSE,OPPOSITE DIRECTION - BOTH VEHICLES GOING STRAIGHT AHEAD,SIDESWIPE-OPPOSITE DIRECTION,STRAIGHT & LEVEL,DAYLIGHT,,,44651.48547,FALSE,2189,Accepted,5,5,O,,MISJUDGE CLEARANCE,
29885889,0050100,GLASGOW POLICE DEPARTMENT,Accepted,BARREN,US0068,,VETERANS OUTER,LOOP,,US0068,NEW GLASGOW,,,,,37.01212733,-85.95296437,10.056,3/31/2022,2002,2,2,0,1,RAINING,WET,FALSE,OPPOSING LEFT TURN,OPPOSING LEFT TURN,STRAIGHT & LEVEL,DARK-HWY LIGHTED/ON,,,44652.08241,FALSE,2289,Accepted,5,2,A,,INATTENTION,
29886088,0050100,GLASGOW POLICE DEPARTMENT,Accepted,BARREN,KY0090,,HAPPY VALLEY,RD,,,,US0031E,L ROGERS WELLS,,ENSMINGER,37.00981143,-85.92193946,9.89,3/27/2022,1045,2,2,0,0,CLEAR,DRY,FALSE,OTHER ROADWAY OR MID-BLOCK COLLISION,REAR END,STRAIGHT & LEVEL,DAYLIGHT,,,44652.14724,FALSE,48,Accepted,5,5,O,,NOT UNDER PROPER CONTROL,
29886855,0050000,BARREN COUNTY SHERIFF DEPT.,Accepted,BARREN,KY0314,,CENTER,RD,,,,,,,,37.09921349,-85.76161258,2.157,3/30/2022,633,1,1,0,0,CLEAR,DRY,FALSE,COLLISION WITH ANIMAL NON INTERSECTION,SINGLE VEHICLE,STRAIGHT & LEVEL,DAWN,,,44652.36935,FALSE,170,Accepted,5,5,O,ANIMALS ACTION,,
29886856,0050000,BARREN COUNTY SHERIFF DEPT.,Accepted,BARREN,,,GREEN VALLEY,RD,,,,,,,,36.96287671,-85.86789819,1.609,3/29/2022,520,2,2,0,0,CLEAR,DRY,FALSE,REAR END IN TRAFFIC LANES BOTH VEHICLES MOVING,REAR END,STRAIGHT & LEVEL,DARK-HWY LIGHTED/OFF,,,44652.36941,FALSE,157,Accepted,5,5,O,,,
29889177,0050100,GLASGOW POLICE DEPARTMENT,Accepted,BARREN,,,CHERRY,ST,W,,MYRTLE,,,,,37.00660095,-85.91968947,0.211,3/18/2022,1057,2,2,0,0,CLOUDY,WET,FALSE,OTHER INTERSECTION COLLISIONS,REAR END,STRAIGHT & LEVEL,DAYLIGHT,,,44652.81598,FALSE,2273,Accepted,5,5,O,,FOLLOWING TOO CLOSE,
29893291,0050100,GLASGOW POLICE DEPARTMENT,Accepted,BARREN,US0031E,,L ROGERS WELLS,BLVD,N,,HAPPY VALLEY,,,,,37.01007199,-85.92171149,14.824,4/1/2022,2117,2,2,0,0,CLEAR,DRY,FALSE,SIDESWIPE-SAME DIRECTION,SIDESWIPE-SAME DIRECTION,STRAIGHT & LEVEL,DARK-HWY LIGHTED/ON,,,44654.39016,FALSE,2289,Accepted,5,5,O,,INATTENTION,
29893670,0050100,GLASGOW POLICE DEPARTMENT,Accepted,BARREN,US0031E,,L ROGERS WELLS,BLVD,N,,SHANE,,,,,37.00526781,-85.92477316,14.412,3/29/2022,1254,2,2,0,0,CLOUDY,DRY,FALSE,SIDESWIPE-SAME DIRECTION,SIDESWIPE-SAME DIRECTION,STRAIGHT & LEVEL,DAYLIGHT,,,44654.6194,FALSE,2264,Accepted,5,5,O,,INATTENTION,
29894511,0050100,GLASGOW POLICE DEPARTMENT,Accepted,BARREN,KY0090,,BURKESVILLE,RD,,,,,SILOAM,,PENNY,36.96445957,-85.8783312,12.75,4/2/2022,1521,2,2,0,0,CLOUDY,DRY,FALSE,REAR END IN TRAFFIC LANES BOTH VEHICLES MOVING,REAR END,CURVE & GRADE,DAYLIGHT,,,44654.79931,FALSE,2410,Accepted,5,5,O,,,
29900677,0050100,GLASGOW POLICE DEPARTMENT,Accepted,BARREN,,,SMITH,RD,,,WALL,,,,,37.00876583,-85.9220311,0.253,3/30/2022,1902,3,3,0,0,CLOUDY,DRY,FALSE,ANGLE COLLISION - OTHER,ANGLE,STRAIGHT & LEVEL,DAYLIGHT,,,44656.24105,FALSE,2270,Accepted,5,5,O,,MISJUDGE CLEARANCE,
29901769,KSP0300,"KY STATE POLICE, POST 03",Accepted,BARREN,KY0685,,STOVALL,RD,,,,US0068,NEW BOWLING GREEN,,DRIPPING SPRINGS,37.02030515,-86.02456119,2.708,4/5/2022,730,1,1,0,1,CLOUDY,WET,FALSE,OTHER COLLISIONS ON SHOULDER,SINGLE VEHICLE,CURVE & GRADE,DAYLIGHT,,,44656.47424,FALSE,128,Accepted,5,3,B,,NOT UNDER PROPER CONTROL,
29905513,0050100,GLASGOW POLICE DEPARTMENT,Accepted,BARREN,US0031E,,L ROGERS WELLS,BLVD,N,,HAPPY VALLEY,,,,,37.00954619,-85.92147719,14.844,4/5/2022,1818,2,2,0,0,RAINING,WET,FALSE,OTHER INTERSECTION COLLISIONS,REAR END,STRAIGHT & LEVEL,DAYLIGHT,,,44657.34841,FALSE,2289,Accepted,5,5,O,,INATTENTION,
29910479,0050200,CAVE CITY POLICE DEPARTMENT,Accepted,BARREN,KY0070,,MAMMOTH CAVE,RD,,,,,,,,37.13497599,-85.97588424,5.26,3/23/2022,2015,2,2,0,0,CLOUDY,DRY,TRUE,SIDESWIPE COLLISION - OPPOSITE DIRECTION,SIDESWIPE-OPPOSITE DIRECTION,STRAIGHT & LEVEL,DARK-HWY LIGHTED/ON,,,44658.51846,FALSE,607,Accepted,5,5,O,,,"OTHER, TIRES"
29913746,0050100,GLASGOW POLICE DEPARTMENT,Accepted,BARREN,,,CHERRY,ST,W,,,US0031EX,RACE,,GARMON,37.00168471,-85.90951536,0.872,4/2/2022,1522,2,2,0,0,CLEAR,DRY,FALSE,1 VEHICLE ENTERING/LEAVING ENTRANCE,ANGLE,STRAIGHT & LEVEL,DAYLIGHT,,,44659.3029,FALSE,2268,Accepted,5,5,O,,INATTENTION,
29913747,0050100,GLASGOW POLICE DEPARTMENT,Accepted,BARREN,US0031E,,L ROGERS WELLS,BLVD,S,,,US0031E,L ROGERS WELLS,,CROSS,37.00198444,-85.92642458,14.253,3/30/2022,1524,2,2,0,0,CLEAR,DRY,FALSE,REAR END IN TRAFFIC LANES BOTH VEHICLES MOVING,REAR END,STRAIGHT & LEVEL,DAYLIGHT,,,44659.30298,FALSE,2268,Accepted,5,5,O,,INATTENTION,
29913748,0050100,GLASGOW POLICE DEPARTMENT,Accepted,BARREN,,,HUNTERS HIGH,RD,,,LONGHUNTERS,,,,,37.02302497,-85.93058371,0.003,4/4/2022,1248,2,2,0,0,CLOUDY,DRY,FALSE,ANGLE COLLISION - OTHER,ANGLE,CURVE & HILLCREST,DAYLIGHT,,,44659.30306,FALSE,2268,Accepted,5,5,O,,MISJUDGE CLEARANCE,
29916137,0050100,GLASGOW POLICE DEPARTMENT,Accepted,BARREN,US0031EX,,RACE,ST,N,,,,BRAVO,,HOMEWOOD,37.01649246,-85.90639687,3.118,4/7/2022,630,2,2,0,0,CLEAR,DRY,FALSE,1 VEHICLE ENTERING/LEAVING ENTRANCE,ANGLE,STRAIGHT & LEVEL,DAYLIGHT,,,44659.93866,FALSE,2279,Accepted,5,5,O,,INATTENTION,
29916141,0050100,GLASGOW POLICE DEPARTMENT,Accepted,BARREN,US0031E,,L ROGERS WELLS,BLVD,S,,,,COMMERCIAL,,GRANDVIEW,36.99715702,-85.92934896,13.882,4/8/2022,1600,2,2,0,1,RAINING,WET,FALSE,REAR END IN TRAFFIC LANES BOTH VEHICLES MOVING,REAR END,STRAIGHT & LEVEL,DAYLIGHT,,,44659.93874,FALSE,2268,Accepted,5,4,C,,MISJUDGE CLEARANCE,
29917152,0050100,GLASGOW POLICE DEPARTMENT,Accepted,BARREN,,,WALL,ST,,,CHERRY,,,,,37.00853739,-85.92107271,0.057,4/8/2022,1929,2,2,0,0,CLOUDY,WET,FALSE,ANGLE COLLISION - OTHER,ANGLE,STRAIGHT & LEVEL,DARK-HWY LIGHTED/ON,,,44660.32008,FALSE,2666,Accepted,5,5,O,,INATTENTION,
29917300,0050000,BARREN COUNTY SHERIFF DEPT.,Accepted,BARREN,LN9008,,LN9008 E,,,,,,,,,36.99560654,-85.9894928,8.156,3/30/2022,2238,1,1,0,1,RAINING,WET,FALSE,COLLISION WITH FIXED OBJECT NON - INTERSECTION - FIRST EVENT COLLISION 09 - 32 EXCLUDING 16,SINGLE VEHICLE,STRAIGHT & GRADE,DARK-HWY NOT LIGHTED,,,44660.42224,FALSE,174,Accepted,5,4,C,SLIPPERY SURFACE,NOT UNDER PROPER CONTROL,
29917305,0050000,BARREN COUNTY SHERIFF DEPT.,Accepted,BARREN,,,ESTES,RD,,,,,,,,37.12130622,-85.95894117,0.031,4/1/2022,2239,1,1,0,0,CLEAR,DRY,FALSE,COLLISION WITH FIXED OBJECT NON - INTERSECTION - FIRST EVENT COLLISION 09 - 32 EXCLUDING 16,SINGLE VEHICLE,STRAIGHT & LEVEL,DARK-HWY NOT LIGHTED,,,44660.42239,FALSE,182,Accepted,5,5,O,,ALCOHOL INVOLVEMENT,
29917307,0050000,BARREN COUNTY SHERIFF DEPT.,Accepted,BARREN,,3258,LECTA KINO,RD,,,,,,,,36.98961124,-85.80750631,3.26,4/4/2022,635,1,1,0,0,CLEAR,DRY,FALSE,RAN OFF ROADWAY (1 VEHICLE WITH/EARTH EMBANKMENT/DITCH),SINGLE VEHICLE,STRAIGHT & GRADE,DAWN,,,44660.42244,FALSE,170,Accepted,5,5,O,,,TIRES
29917308,0050000,BARREN COUNTY SHERIFF DEPT.,Accepted,BARREN,,,OLD MUNFORDVILLE,RD,,,,,,,,37.14256502,-85.90512819,6.779,4/4/2022,1141,1,1,0,0,CLOUDY,WET,FALSE,RAN OFF ROADWAY (1 VEHICLE WITH/EARTH EMBANKMENT/DITCH),SINGLE VEHICLE,CURVE & GRADE,DAYLIGHT,,,44660.42248,FALSE,170,Accepted,5,5,O,,,
29917309,0050000,BARREN COUNTY SHERIFF DEPT.,Accepted,BARREN,KY0090,,BURKESVILLE,RD,,,,,,,,36.92264651,-85.80014298,18.051,4/6/2022,910,2,2,0,2,CLOUDY,WET,FALSE,REAR END IN TRAFFIC LANES BOTH VEHICLES MOVING,REAR END,STRAIGHT & LEVEL,DAYLIGHT,,,44660.42253,FALSE,170,Accepted,3,3,B,,INATTENTION,
29917312,0050000,BARREN COUNTY SHERIFF DEPT.,Accepted,BARREN,KY0090,,HAPPY VALLEY,RD,,,,,,,,37.04507712,-85.9474547,7.023,4/7/2022,1630,2,2,0,0,CLEAR,DRY,FALSE,1 VEHICLE ENTERING/LEAVING ENTRANCE,ANGLE,STRAIGHT & LEVEL,DAYLIGHT,,,44660.4226,FALSE,181,Accepted,5,5,O,,FAILED TO YIELD RIGHT OF WAY,OTHER LIGHTING DEFECTIVE
29917314,0050000,BARREN COUNTY SHERIFF DEPT.,Accepted,BARREN,KY1297,,OLD BOWLING GREEN,RD,,,,,,,,36.98638523,-85.99653849,8.857,4/8/2022,635,1,1,0,0,RAINING,WET,FALSE,OTHER COLLISIONS ON SHOULDER,SINGLE VEHICLE,CURVE & GRADE,DAYLIGHT,,,44660.42266,FALSE,157,Accepted,5,5,O,,INATTENTION,
29917319,0050000,BARREN COUNTY SHERIFF DEPT.,Accepted,BARREN,KY0090,,HAPPY VALLEY,RD,,,,,,,,37.06967888,-85.96220841,5.135,4/7/2022,1215,2,2,0,0,CLEAR,DRY,TRUE,SIDESWIPE COLLISION - SAME DIRECTION,SIDESWIPE-SAME DIRECTION,STRAIGHT & GRADE,DAYLIGHT,,,44660.42274,FALSE,125,Accepted,5,5,O,,,
29923057,0050100,GLASGOW POLICE DEPARTMENT,Accepted,BARREN,KY0090,,HAPPY VALLEY,RD,,,,,MAX WAGNER,,LONGHUNTERS,37.02295303,-85.93456729,8.708,4/8/2022,1615,2,2,0,0,CLOUDY,WET,FALSE,OTHER ROADWAY OR MID-BLOCK COLLISION,REAR END,CURVE & GRADE,DAYLIGHT,,,44662.36025,FALSE,2240,Accepted,5,5,O,,INATTENTION,
29925530,0050100,GLASGOW POLICE DEPARTMENT,Accepted,BARREN,US0031E,,L ROGERS WELLS,BLVD,S,US0068X,MAIN,,,,,37.00204244,-85.92638781,14.258,4/11/2022,1110,2,2,0,0,RAINING,WET,FALSE,OTHER INTERSECTION COLLISIONS,REAR END,STRAIGHT & LEVEL,DAYLIGHT,,,44662.69702,FALSE,2189,Accepted,5,5,O,,CELL PHONE,
29926970,0050100,GLASGOW POLICE DEPARTMENT,Accepted,BARREN,,,HUMBLE,AVE,,,,,RACHEL,KY0090,MAIN,36.99239867,-85.90336214,0.04,4/1/2022,1106,2,1,0,0,CLOUDY,DRY,FALSE,1 VEHICLE PARKED POSITION (NOT PARKING LOT/DRIVEWAY),BACKING,STRAIGHT & LEVEL,DAYLIGHT,,,44663.12612,FALSE,48,Accepted,5,5,O,IMPROPERLY PARKED VEHICLE(S),INATTENTION,
29927148,0050100,GLASGOW POLICE DEPARTMENT,Accepted,BARREN,,,SCOTTIE,DR,,,,,ASHWOOD,US0068X,COLUMBIA,37.0117354,-85.8881366,0.249,4/6/2022,1647,1,1,0,0,CLEAR,DRY,FALSE,COLLISION WITH ANIMAL NON INTERSECTION,SINGLE VEHICLE,CURVE & GRADE,DUSK,,,44663.24882,FALSE,2277,Accepted,5,5,O,ANIMALS ACTION,,
29927150,0050100,GLASGOW POLICE DEPARTMENT,Accepted,BARREN,US0031E,,SCOTTSVILLE,RD,,,PRITCHARDSVILLE,,,,,36.97634707,-85.9363206,12.307,4/11/2022,2249,1,1,0,0,RAINING,WATER (STANDING OR MOVING),FALSE,COLLISION WITH FIXED OBJECT IN INTERSECTION - FIRST EVENT COLLISION 09 - 32,SINGLE VEHICLE,STRAIGHT & GRADE,DARK-HWY LIGHTED/ON,,,44663.24894,FALSE,2277,Accepted,5,5,O,SLIPPERY SURFACE,,TIRES
29929185,KSP0300,"KY STATE POLICE, POST 03",Accepted,BARREN,KY0070,,HISEVILLE MAIN,ST,E,,,,,,,37.09601244,-85.80413905,15.762,7/26/2021,2119,2,2,0,1,CLEAR,DRY,TRUE,SIDESWIPE COLLISION - SAME DIRECTION,SIDESWIPE-SAME DIRECTION,STRAIGHT & GRADE,DARK-HWY NOT LIGHTED,,,44663.58169,FALSE,772,Accepted,2,2,A,"DEBRIS IN ROADWAY, FIXED OBJECT(S)","FAILED TO KEEP PROPER LANE, IMPROPER PASSING, MISJUDGE CLEARANCE","OTHER, OTHER LIGHTING DEFECTIVE"
29930499,0050100,GLASGOW POLICE DEPARTMENT,Accepted,BARREN,KY0090,,HAPPY VALLEY,RD,,,SHALIMAR,,,,,37.01065486,-85.92366928,9.777,4/9/2022,1207,2,2,0,4,CLEAR,DRY,FALSE,ANGLE COLLISION - OTHER,ANGLE,STRAIGHT & LEVEL,DAYLIGHT,,,44663.76647,FALSE,48,Accepted,4,3,B,,FAILED TO YIELD RIGHT OF WAY,
29930501,0050100,GLASGOW POLICE DEPARTMENT,Accepted,BARREN,LN9008,,LN9008 E,,,,,LN9008,LN9008 E EXIT11 ON RAMP FROM US31E,LN9008,LN9008 E EXIT14 OFF RAMP TO KY90,36.97378092,-85.91026697,12.908,4/9/2022,1636,1,1,0,0,CLEAR,DRY,FALSE,COLLISION WITH ANIMAL NON INTERSECTION,SINGLE VEHICLE,STRAIGHT & LEVEL,DAYLIGHT,,,44663.76657,FALSE,48,Accepted,5,5,O,ANIMALS ACTION,,
29930777,0050100,GLASGOW POLICE DEPARTMENT,Accepted,BARREN,,,TRABUE,ST,,,,US0068X,MAIN,,WATER,36.99797871,-85.91666521,0.016,4/12/2022,1559,2,2,0,0,CLOUDY,DRY,FALSE,1 VEHICLE ENTERING/LEAVING ENTRANCE,ANGLE,STRAIGHT & GRADE,DAYLIGHT,,,44663.83272,FALSE,2237,Accepted,5,5,O,,MISJUDGE CLEARANCE,
29932645,0050000,BARREN COUNTY SHERIFF DEPT.,Accepted,BARREN,US0031E,,SCOTTSVILLE,RD,,,,,,,,36.85396534,-86.05316775,1.254,4/9/2022,1706,2,2,0,0,CLEAR,DRY,FALSE,SIDESWIPE COLLISION - SAME DIRECTION,SIDESWIPE-SAME DIRECTION,STRAIGHT & LEVEL,DAYLIGHT,,,44664.34817,FALSE,181,Accepted,5,5,O,,FAILED TO YIELD RIGHT OF WAY,
29932646,0050000,BARREN COUNTY SHERIFF DEPT.,Accepted,BARREN,KY0090,,BURKESVILLE,RD,,,,,,,,36.95393856,-85.85548048,14.214,4/11/2022,1140,1,1,0,1,RAINING,WET,FALSE,OTHER COLLISIONS ON SHOULDER,SINGLE VEHICLE,CURVE & GRADE,DAYLIGHT,,,44664.34822,FALSE,146,Accepted,5,4,C,SLIPPERY SURFACE,"ALCOHOL INVOLVEMENT, INATTENTION, TOO FAST FOR CONDITIONS",
29932647,0050000,BARREN COUNTY SHERIFF DEPT.,Accepted,BARREN,US0031E,,SCOTTSVILLE,RD,,,,,,,,36.85441636,-86.05279043,1.291,4/12/2022,1012,2,2,0,0,RAINING,WET,FALSE,REAR END IN TRAFFIC LANES BOTH VEHICLES MOVING,REAR END,STRAIGHT & LEVEL,DAYLIGHT,,,44664.34827,FALSE,157,Accepted,5,5,O,,INATTENTION,
29932648,0050000,BARREN COUNTY SHERIFF DEPT.,Accepted,BARREN,US0031E,,L ROGERS WELLS,BLVD,N,,,,,,,37.01403981,-85.91606302,15.264,4/12/2022,1511,2,2,0,0,CLEAR,WET,FALSE,REAR END IN TRAFFIC LANES BOTH VEHICLES MOVING,REAR END,STRAIGHT & LEVEL,DAYLIGHT,,,44664.34831,FALSE,181,Accepted,5,5,O,,INATTENTION,
29936320,0050100,GLASGOW POLICE DEPARTMENT,Accepted,BARREN,US0068X,,MAIN,ST,W,,,,,,,37.00237107,-85.9269189,1.654,4/12/2022,1549,2,2,0,0,CLOUDY,WET,FALSE,1 VEHICLE ENTERING/LEAVING ENTRANCE,ANGLE,STRAIGHT & LEVEL,DAYLIGHT,,,44665.25578,FALSE,2264,Accepted,5,5,O,,MISJUDGE CLEARANCE,
29936661,0050000,BARREN COUNTY SHERIFF DEPT.,Accepted,BARREN,KY0070,2580,GRIDERVILLE,RD,,,,,,,,37.12007823,-85.91645417,9.253,4/12/2022,1417,2,2,0,0,CLOUDY,DRY,FALSE,1 VEHICLE PARKED POSITION (NOT PARKING LOT/DRIVEWAY),REAR TO REAR,STRAIGHT & GRADE,DAYLIGHT,,,44665.35199,FALSE,170,Accepted,5,5,O,,MISJUDGE CLEARANCE,
29936663,0050000,BARREN COUNTY SHERIFF DEPT.,Accepted,BARREN,KY0063,,TOMPKINSVILLE,RD,,,,,GERALDS,,POPLAR SCHOOL,36.84141184,-85.83420989,2.349,4/9/2022,2055,1,1,0,0,CLEAR,DRY,FALSE,COLLISION WITH ANIMAL NON INTERSECTION,SINGLE VEHICLE,STRAIGHT & LEVEL,DARK-HWY LIGHTED/OFF,,,44665.35206,FALSE,124,Accepted,5,5,O,,,
29936745,0050100,GLASGOW POLICE DEPARTMENT,Accepted,BARREN,,,PARK,AVE,,,MCGRAH,,,,,36.99905432,-85.898503,0.179,4/13/2022,1500,2,2,0,0,CLOUDY,DRY,FALSE,OPPOSING LEFT TURN,OPPOSING LEFT TURN,STRAIGHT & LEVEL,DAYLIGHT,,,44665.36374,FALSE,2240,Accepted,5,5,O,,INATTENTION,
29936747,0050100,GLASGOW POLICE DEPARTMENT,Accepted,BARREN,,,GRANDVIEW,AVE,,,SORENSON,,,,,36.99767231,-85.93943487,0.188,4/14/2022,220,1,1,0,0,RAINING,WET,FALSE,COLLISION WITH FIXED OBJECT IN INTERSECTION - FIRST EVENT COLLISION 09 - 32,SINGLE VEHICLE,STRAIGHT & GRADE,DARK-HWY LIGHTED/ON,,,44665.36381,FALSE,2207,Accepted,5,5,O,DEBRIS IN ROADWAY,INATTENTION,
29936864,0050100,GLASGOW POLICE DEPARTMENT,Accepted,BARREN,US0068X,,MAIN,ST,W,,,,AMERICAN,,REYNOLDS,37.00957365,-85.94028029,0.722,4/11/2022,1002,2,2,0,1,CLOUDY,WET,FALSE,1 VEHICLE ENTERING/LEAVING ENTRANCE,ANGLE,STRAIGHT & LEVEL,DAYLIGHT,,,44665.37692,FALSE,2286,Accepted,5,3,B,,MISJUDGE CLEARANCE,
29944830,0050100,GLASGOW POLICE DEPARTMENT,Accepted,BARREN,,,BROADWAY,ST,S,KY0063,COLLEGE,,,,,36.99287,-85.91239426,0.196,4/15/2022,1718,2,2,0,0,CLEAR,DRY,FALSE,ANGLE COLLISION - OTHER,ANGLE,STRAIGHT & LEVEL,DAYLIGHT,,,44667.17152,FALSE,2277,Accepted,5,5,O,,FAILED TO YIELD RIGHT OF WAY,
29947902,0050100,GLASGOW POLICE DEPARTMENT,Accepted,BARREN,,,GRAND,AVE,,,,,3RD,,MARSHALL,37.00463076,-85.90212055,0.254,4/13/2022,1919,1,1,0,0,RAINING,WATER (STANDING OR MOVING),FALSE,COLLISION WITH FIXED OBJECT NON - INTERSECTION - FIRST EVENT COLLISION 09 - 32 EXCLUDING 16,SINGLE VEHICLE,STRAIGHT & LEVEL,DARK-HWY LIGHTED/ON,,,44668.35082,FALSE,2666,Accepted,5,5,O,"DEBRIS IN ROADWAY, VIEW OBSTRUCTED, LIMITED DUE TO WEATHER CONDITIONS",,
29948995,0050100,GLASGOW POLICE DEPARTMENT,Accepted,BARREN,US0031E,,L ROGERS WELLS,BLVD,S,,,KY1297,OLD BOWLING GREEN,,CLEVELAND,36.98937992,-85.93221487,13.302,4/12/2022,1533,2,2,0,0,CLEAR,WET,FALSE,REAR END IN TRAFFIC LANES BOTH VEHICLES MOVING,REAR END,STRAIGHT & LEVEL,DAYLIGHT,,,44668.81735,FALSE,2268,Accepted,5,5,O,,"INATTENTION, NOT UNDER PROPER CONTROL",
29948999,0050100,GLASGOW POLICE DEPARTMENT,Accepted,BARREN,US0068X,,MAIN,ST,W,,,US0031E,L ROGERS WELLS,,SHANE,37.00318109,-85.92824161,1.561,4/16/2022,1049,3,3,0,1,CLEAR,DRY,FALSE,1 VEHICLE ENTERING/LEAVING ENTRANCE,ANGLE,STRAIGHT & LEVEL,DAYLIGHT,,,44668.81778,FALSE,2410,Accepted,5,3,B,,"INATTENTION, MISJUDGE CLEARANCE",
29951314,0050100,GLASGOW POLICE DEPARTMENT,Accepted,BARREN,US0031E,,L ROGERS WELLS,BLVD,S,,,,COMMERCIAL,,GRANDVIEW,36.99670387,-85.92986677,13.84,4/13/2022,1620,2,2,0,0,CLOUDY,DRY,TRUE,SIDESWIPE COLLISION - SAME DIRECTION,SIDESWIPE-SAME DIRECTION,STRAIGHT & LEVEL,DAYLIGHT,,,44669.40961,FALSE,2240,Accepted,5,5,O,,INATTENTION,
29951316,0050100,GLASGOW POLICE DEPARTMENT,Accepted,BARREN,,,PARKVIEW,DR,,,,,CAVALRY,,BARLOW CEMETERY,36.98389889,-85.93573812,0.525,4/15/2022,1615,2,2,0,0,CLOUDY,DRY,FALSE,1 VEHICLE ENTERING/LEAVING ENTRANCE,ANGLE,STRAIGHT & GRADE,DAYLIGHT,,,44669.40968,FALSE,2240,Accepted,5,5,O,OTHER,INATTENTION,
29953924,0050100,GLASGOW POLICE DEPARTMENT,Accepted,BARREN,US0031E,2292,SCOTTSVILLE,RD,,,,KY2207,FORK,,FORK,36.9721284,-85.94047523,11.937,4/16/2022,1256,2,2,0,0,CLEAR,DRY,FALSE,1 VEHICLE PARKED POSITION (NOT PARKING LOT/DRIVEWAY),REAR END,STRAIGHT & LEVEL,DAYLIGHT,,,44669.81161,FALSE,2268,Accepted,5,5,O,,"INATTENTION, MISJUDGE CLEARANCE",
29953925,0050100,GLASGOW POLICE DEPARTMENT,Accepted,BARREN,,,INDUSTRIAL,DR,,US0068X,MAIN,,,,,37.007245,-85.93456566,0.001,4/18/2022,1630,2,2,0,0,CLOUDY,DRY,FALSE,ANGLE COLLISION - ONE VEHICLE TURNING LEFT,ANGLE,STRAIGHT & LEVEL,DAYLIGHT,,,44669.81166,FALSE,2410,Accepted,5,5,O,,DISREGARD TRAFFIC CONTROL,
29954159,0050100,GLASGOW POLICE DEPARTMENT,Accepted,BARREN,,,LEXINGTON,DR,,US0031E,L ROGERS WELLS,,,,,37.01389671,-85.91547756,0.681,4/16/2022,1530,2,2,0,0,CLOUDY,DRY,FALSE,COLLISION WITH PARKED VEHICLE,BACKING,STRAIGHT & LEVEL,DAYLIGHT,,,44669.88249,FALSE,2264,Accepted,5,5,O,,INATTENTION,
29955921,0050000,BARREN COUNTY SHERIFF DEPT.,Accepted,BARREN,,,GOSSOM,AVE,E,US0031W,LOUISVILLE,,,,,37.09443691,-86.04528661,0.065,9/21/2021,1246,2,2,0,0,CLOUDY,DRY,FALSE,ANGLE COLLISION - OTHER,ANGLE,STRAIGHT & LEVEL,DAYLIGHT,,,44670.37925,FALSE,170,Accepted,5,5,O,,"DISREGARD TRAFFIC CONTROL, FAILED TO YIELD RIGHT OF WAY, INATTENTION",