IncidentID,AgencyORI,AgencyName,IncidentStatusDesc,County,RdwyNumber,Street,RoadwayName,StreetSfx,StreetDir,IntersectionRdwy,IntersectionRdwyName,BetweenStRdwy1,BetweenStRdwyName1,BetweenStRdwy2,BetweenStRdwyName2,Latitude,Longitude,Milepoint,CollisionDate,CollisionTime,UnitsInvolved,MotorVehiclesInvolved,NumberKilled,NumberInjured,Weather,RdwyConditionCode,HitandRun,DirAnalysisCode,MannerofCollision,RdwyCharacter,LightCondition,RampFromRdwyId,RampToRdwyId,AcceptedDate,IsSecondaryCollision,OwnerBadge,IncidentStatus,InjurySeverityCde,KABCO_Code,KABCO,Environmental_Factors,Human_Factors,Vehicular_Factors
29955925,0050000,BARREN COUNTY SHERIFF DEPT.,Accepted,BARREN,US0031E,,SCOTTSVILLE,RD,,,,,,,,36.95797609,-85.95695011,10.594,4/11/2022,1625,2,2,0,0,RAINING,WET,FALSE,REAR END IN TRAFFIC LANES BOTH VEHICLES MOVING,REAR END,STRAIGHT & LEVEL,DAYLIGHT,,,44670.37933,FALSE,182,Accepted,5,5,O,SLIPPERY SURFACE,INATTENTION,
29955927,0050000,BARREN COUNTY SHERIFF DEPT.,Accepted,BARREN,US0031E,,SCOTTSVILLE,RD,,,,,,,,36.90117565,-86.00383192,5.681,4/16/2022,1937,1,1,0,0,CLEAR,DRY,FALSE,COLLISION WITH ANIMAL NON INTERSECTION,SINGLE VEHICLE,STRAIGHT & LEVEL,DARK-HWY NOT LIGHTED,,,44670.3794,FALSE,182,Accepted,5,5,O,ANIMALS ACTION,,
29955928,0050000,BARREN COUNTY SHERIFF DEPT.,Accepted,BARREN,US0031W,,LOUISVILLE,RD,,,,,,,,37.09245086,-86.02828446,2.317,4/17/2022,2051,1,1,0,0,CLEAR,DRY,FALSE,RAN OFF ROADWAY (1 VEHICLE WITH/EARTH EMBANKMENT/DITCH),SINGLE VEHICLE,STRAIGHT & LEVEL,DARK-HWY NOT LIGHTED,,,44670.37946,FALSE,182,Accepted,5,5,O,ANIMALS ACTION,,
29956631,0050100,GLASGOW POLICE DEPARTMENT,Accepted,BARREN,US0068,,NEW BOWLING GREEN,RD,,,,,,,,37.01367847,-85.95852063,9.733,1/6/2022,1100,2,2,0,0,SNOWING,SNOW/SLUSH,FALSE,1 VEHICLE ENTERING/LEAVING ENTRANCE,ANGLE,STRAIGHT & GRADE,DAYLIGHT,,,44670.49366,FALSE,2212,Accepted,5,5,O,SLIPPERY SURFACE,,
29956635,0050100,GLASGOW POLICE DEPARTMENT,Accepted,BARREN,,,GREEN,ST,N,,FRONT,,,,,36.9975594,-85.91074403,0.131,4/5/2022,1315,2,2,0,0,RAINING,WET,FALSE,SIDESWIPE-SAME DIRECTION,SIDESWIPE-SAME DIRECTION,STRAIGHT & LEVEL,DAYLIGHT,,,44670.49385,FALSE,2212,Accepted,5,5,O,,,
29960535,0050100,GLASGOW POLICE DEPARTMENT,Accepted,BARREN,US0031E,,L ROGERS WELLS,BLVD,S,,,,COMMERCIAL AVE CONN,,COMMERCIAL,36.99762901,-85.92879512,13.927,4/19/2022,1415,2,2,0,0,CLEAR,DRY,FALSE,SIDESWIPE COLLISION - SAME DIRECTION,SIDESWIPE-SAME DIRECTION,CURVE & LEVEL,DAYLIGHT,,,44671.34954,FALSE,2277,Accepted,5,5,O,,"FAILED TO KEEP PROPER LANE, MISJUDGE CLEARANCE",
29963647,0050100,GLASGOW POLICE DEPARTMENT,Accepted,BARREN,KY0090,,HAPPY VALLEY,RD,,,SHALIMAR,,,,,37.01066462,-85.92368876,9.776,4/19/2022,1552,2,2,0,0,CLEAR,DRY,FALSE,ANGLE COLLISION - OTHER,ANGLE,STRAIGHT & LEVEL,DAYLIGHT,,,44671.86735,FALSE,2273,Accepted,5,5,O,,"FAILED TO YIELD RIGHT OF WAY, MISJUDGE CLEARANCE",
29964286,0050100,GLASGOW POLICE DEPARTMENT,Accepted,BARREN,US0031E,,L ROGERS WELLS,BLVD,S,,CLEVELAND,,,,,36.98931605,-85.93223931,13.301,4/15/2022,1316,2,2,0,1,CLEAR,DRY,FALSE,SIDESWIPE-SAME DIRECTION,SIDESWIPE-SAME DIRECTION,STRAIGHT & LEVEL,DAYLIGHT,,,44672.03394,FALSE,48,Accepted,5,4,C,,FAILED TO KEEP PROPER LANE,
29965315,0050100,GLASGOW POLICE DEPARTMENT,Accepted,BARREN,KY0090,,HAPPY VALLEY,RD,,US0068,VETERANS OUTER,,,,,37.02439519,-85.93605978,8.568,4/20/2022,1841,2,2,0,0,CLOUDY,DRY,FALSE,REAR END - ONE VEHICLE TURNING RIGHT,REAR END,STRAIGHT & LEVEL,DAYLIGHT,,,44672.34536,FALSE,2289,Accepted,5,5,O,,INATTENTION,
29969917,0050100,GLASGOW POLICE DEPARTMENT,Accepted,BARREN,,,FRANKLIN,ST,S,,,,SCOTT,,MILL,36.98937132,-85.9106685,0.095,4/14/2022,210,2,2,0,0,CLOUDY,WET,TRUE,1 VEHICLE PARKED POSITION (NOT PARKING LOT/DRIVEWAY),SIDESWIPE-OPPOSITE DIRECTION,STRAIGHT & LEVEL,DARK-HWY LIGHTED/ON,,,44673.29101,FALSE,2666,Accepted,5,5,O,,"INATTENTION, MISJUDGE CLEARANCE",
29971083,0050100,GLASGOW POLICE DEPARTMENT,Accepted,BARREN,,,TROJAN,TRL,,,,US0031E,SCOTTSVILLE,,HILLTOPPER,36.977711,-85.92329661,0.67,4/21/2022,1500,2,2,0,0,CLOUDY,DRY,FALSE,OTHER ROADWAY OR MID-BLOCK COLLISION,REAR END,CURVE & LEVEL,DAYLIGHT,,,44673.57387,FALSE,2189,Accepted,5,5,O,,INATTENTION,
29971084,0050100,GLASGOW POLICE DEPARTMENT,Accepted,BARREN,US0031E,,L ROGERS WELLS,BLVD,S,,,,CLEVELAND,KY1297,OLD BOWLING GREEN,36.99236759,-85.9323441,13.471,4/22/2022,1015,2,2,0,0,CLEAR,DRY,FALSE,REAR END IN TRAFFIC LANES BOTH VEHICLES MOVING,REAR END,STRAIGHT & GRADE,DAYLIGHT,,,44673.57395,FALSE,2240,Accepted,5,5,O,,INATTENTION,
29971877,0050100,GLASGOW POLICE DEPARTMENT,Accepted,BARREN,,,COLLEGE,ST,W,US0031EX,GREEN,,,,,36.99334791,-85.91349426,0.001,4/22/2022,1310,2,2,0,0,CLEAR,DRY,FALSE,OTHER INTERSECTION COLLISIONS,REAR END,STRAIGHT & LEVEL,DAYLIGHT,,,44673.72374,FALSE,2240,Accepted,5,5,O,,INATTENTION,
29972237,0050100,GLASGOW POLICE DEPARTMENT,Accepted,BARREN,,,FRONT,ST,W,,,US0068X,COLUMBIA,US0031EX,RACE,36.99755402,-85.91073796,0.075,4/22/2022,1237,2,2,0,1,CLEAR,DRY,FALSE,1 VEHICLE ENTERING/LEAVING ENTRANCE,ANGLE,STRAIGHT & LEVEL,DAYLIGHT,,,44673.80348,FALSE,2268,Accepted,4,4,C,,INATTENTION,
29977118,0050100,GLASGOW POLICE DEPARTMENT,Accepted,BARREN,,,MORGAN,ST,S,,MILL,,,,,36.99032128,-85.91142205,0.33,4/23/2022,810,2,2,0,2,CLEAR,DRY,FALSE,ANGLE COLLISION - OTHER,ANGLE,STRAIGHT & LEVEL,DAYLIGHT,,,44675.65129,FALSE,2240,Accepted,4,4,C,,INATTENTION,
29980201,0050000,BARREN COUNTY SHERIFF DEPT.,Accepted,BARREN,LN9008,,LN9008 E,,,,,,,,,37.01828889,-86.03350151,5.256,4/19/2022,1906,1,1,0,0,CLOUDY,DRY,FALSE,COLLISION WITH ANIMAL NON INTERSECTION,SINGLE VEHICLE,STRAIGHT & LEVEL,DAYLIGHT,,,44676.40928,FALSE,174,Accepted,5,5,O,ANIMALS ACTION,,
29980202,0050000,BARREN COUNTY SHERIFF DEPT.,Accepted,BARREN,,,OIL WELL,RD,,,,,,,,36.90364051,-85.94211286,1.392,4/13/2022,720,1,1,0,0,CLOUDY,WET,FALSE,OTHER COLLISIONS ON SHOULDER,SINGLE VEHICLE,CURVE & GRADE,DAYLIGHT,,,44676.40936,FALSE,157,Accepted,5,5,O,,,
29980203,0050000,BARREN COUNTY SHERIFF DEPT.,Accepted,BARREN,KY0070,,GRIDERVILLE,RD,,,,,,,,37.12638989,-85.94148208,7.784,4/15/2022,430,1,1,0,0,CLOUDY,DRY,FALSE,COLLISION WITH ANIMAL NON INTERSECTION,SINGLE VEHICLE,STRAIGHT & LEVEL,DARK-HWY LIGHTED/OFF,,,44676.40944,FALSE,157,Accepted,5,5,O,,,
29980204,0050000,BARREN COUNTY SHERIFF DEPT.,Accepted,BARREN,US0031E,,JACKSON,HWY,N,,GOODNIGHT HISEVILLE,,,,,37.08640881,-85.88155825,21.078,4/19/2022,1235,2,2,0,0,CLEAR,DRY,FALSE,OTHER INTERSECTION COLLISIONS,REAR END,STRAIGHT & LEVEL,DAYLIGHT,,,44676.40948,FALSE,157,Accepted,5,5,O,,,
29980205,0050000,BARREN COUNTY SHERIFF DEPT.,Accepted,BARREN,US0031E,,JACKSON,HWY,N,,,,,,,37.08853018,-85.88101256,21.227,4/21/2022,535,1,1,0,0,CLEAR,DRY,FALSE,COLLISION WITH ANIMAL NON INTERSECTION,SINGLE VEHICLE,STRAIGHT & LEVEL,DARK-HWY LIGHTED/OFF,,,44676.40954,FALSE,157,Accepted,5,5,O,,,
29981948,0050200,CAVE CITY POLICE DEPARTMENT,Accepted,BARREN,KY0070,3255,GRIDERVILLE,RD,,,,,,,,37.12128778,-85.92687324,8.671,4/15/2022,422,1,1,0,0,CLEAR,DRY,FALSE,COLLISION WITH ANIMAL NON INTERSECTION,SINGLE VEHICLE,STRAIGHT & HILLCREST,DARK-HWY NOT LIGHTED,,,44676.679,FALSE,605,Accepted,5,5,O,ANIMALS ACTION,,
29981953,0050200,CAVE CITY POLICE DEPARTMENT,Accepted,BARREN,KY0070,,MAMMOTH CAVE,ST,,,,,,,,37.13605083,-85.97423413,5.427,4/12/2022,1400,2,2,0,0,CLEAR,DRY,FALSE,COLLISION WITH FIXED OBJECT NON - INTERSECTION - FIRST EVENT COLLISION 09 - 32 EXCLUDING 16,BACKING,STRAIGHT & LEVEL,DAYLIGHT,,,44676.67916,FALSE,608,Accepted,5,5,O,,IMPROPER BACKING,
29983924,0050100,GLASGOW POLICE DEPARTMENT,Accepted,BARREN,,,TROJAN,TRL,,,,US0031E,SCOTTSVILLE,,HILLTOPPER,36.97613881,-85.92729379,0.905,4/25/2022,1519,3,3,0,0,CLEAR,DRY,FALSE,REAR END IN TRAFFIC LANES BOTH VEHICLES MOVING,REAR END,CURVE & LEVEL,DAYLIGHT,,,44677.23204,FALSE,2277,Accepted,5,5,O,BACKUP DUE TO REGULAR CONGESTION,MISJUDGE CLEARANCE,
29984594,0050000,BARREN COUNTY SHERIFF DEPT.,Accepted,BARREN,,,LECTA KINO,RD,,,,,,,,36.99635464,-85.84035538,1.247,4/25/2022,416,1,1,0,0,CLEAR,DRY,FALSE,COLLISION WITH ANIMAL NON INTERSECTION,SINGLE VEHICLE,STRAIGHT & LEVEL,DARK-HWY NOT LIGHTED,,,44677.38152,FALSE,173,Accepted,5,5,O,ANIMALS ACTION,,
29986908,0050100,GLASGOW POLICE DEPARTMENT,Accepted,BARREN,US0031E,,L ROGERS WELLS,BLVD,S,,,,GRANDVIEW,,COMMERCIAL,36.99665449,-85.92991955,13.836,4/22/2022,1545,2,2,0,0,CLEAR,DRY,FALSE,OTHER ROADWAY OR MID-BLOCK COLLISION,REAR END,STRAIGHT & LEVEL,DAYLIGHT,,,44677.7747,FALSE,2260,Accepted,5,5,O,,FOLLOWING TOO CLOSE,
29986909,0050100,GLASGOW POLICE DEPARTMENT,Accepted,BARREN,US0031EX,,PUBLIC,SQ,W,,,US0031EX,US31E BUS TURN LANE,US0031EX,US31E BUS TURN LANE,36.99589806,-85.91311478,1.486,4/22/2022,1620,3,3,0,0,CLEAR,DRY,FALSE,1 VEHICLE PARKED POSITION (NOT PARKING LOT/DRIVEWAY),SIDESWIPE-SAME DIRECTION,STRAIGHT & GRADE,DAYLIGHT,,,44677.77483,FALSE,2260,Accepted,5,5,O,,"FAILED TO KEEP PROPER LANE, NOT UNDER PROPER CONTROL, PHYSICAL DISABILITY",
29987037,0050100,GLASGOW POLICE DEPARTMENT,Accepted,BARREN,,,HAPPY VALLEY,RD,,,,,WALL,,WEDGEWOOD,37.00883578,-85.91956704,0.114,4/21/2022,1723,2,2,0,0,CLEAR,DRY,FALSE,1 VEHICLE ENTERING/LEAVING ENTRANCE,ANGLE,STRAIGHT & LEVEL,DAYLIGHT,,,44677.81786,FALSE,2410,Accepted,5,5,O,,MISJUDGE CLEARANCE,
29988567,0050100,GLASGOW POLICE DEPARTMENT,Accepted,BARREN,,,GLENVIEW,DR,,,,US0031EX,RACE,,ADAIRLAND,37.01135267,-85.90309587,0.046,4/26/2022,1500,1,1,0,0,CLEAR,DRY,FALSE,COLLISION WITH FIXED OBJECT NON - INTERSECTION - FIRST EVENT COLLISION 09 - 32 EXCLUDING 16,SINGLE VEHICLE,CURVE & LEVEL,DAYLIGHT,,,44678.28053,FALSE,2260,Accepted,5,5,O,,,
29998710,0050100,GLASGOW POLICE DEPARTMENT,Accepted,BARREN,US0068X,320,COLUMBIA,AVE,,,BRYAN,,,,,36.99874728,-85.90425589,3.056,4/28/2022,747,1,1,0,1,CLEAR,DRY,FALSE,COLLISION WITH FIXED OBJECT IN INTERSECTION - FIRST EVENT COLLISION 09 - 32,SINGLE VEHICLE,CURVE & GRADE,DAYLIGHT,,,44680.61163,FALSE,2240,Accepted,5,2,A,,INATTENTION,OTHER
29999635,0050100,GLASGOW POLICE DEPARTMENT,Accepted,BARREN,US0031EX,,RACE,ST,N,,MORNINGSIDE,,,,,37.00805273,-85.90482818,2.459,4/28/2022,909,2,2,0,0,CLEAR,DRY,FALSE,ANGLE COLLISION - OTHER,ANGLE,CURVE & HILLCREST,DAYLIGHT,,,44680.77895,FALSE,2273,Accepted,5,5,O,,MISJUDGE CLEARANCE,
30001429,0050100,GLASGOW POLICE DEPARTMENT,Accepted,BARREN,US0031E,,L ROGERS WELLS,BLVD,N,,ROGERS,,,,,37.00375389,-85.92547493,14.339,4/28/2022,1902,2,2,0,0,CLOUDY,DRY,FALSE,ANGLE COLLISION - OTHER,ANGLE,STRAIGHT & LEVEL,DUSK,,,44681.27725,FALSE,2289,Accepted,5,5,O,,"INATTENTION, MISJUDGE CLEARANCE",
30001431,0050100,GLASGOW POLICE DEPARTMENT,Accepted,BARREN,US0068X,,COLUMBIA,AVE,,,GRAND,,,,,37.00162256,-85.89959171,3.375,4/28/2022,1649,2,2,0,0,CLEAR,DRY,FALSE,ANGLE COLLISION - OTHER,ANGLE,STRAIGHT & GRADE,DAYLIGHT,,,44681.27735,FALSE,2277,Accepted,5,5,O,,"DISREGARD TRAFFIC CONTROL, FAILED TO YIELD RIGHT OF WAY",
30004399,0050100,GLASGOW POLICE DEPARTMENT,Accepted,BARREN,KY0090,,HAPPY VALLEY,RD,,,PERKINS,,,,,37.03566714,-85.9436552,7.707,4/22/2022,1300,2,2,0,0,CLEAR,DRY,TRUE,SIDESWIPE-SAME DIRECTION,SIDESWIPE-SAME DIRECTION,STRAIGHT & LEVEL,DAYLIGHT,,,44682.57532,FALSE,2264,Accepted,5,5,O,,INATTENTION,
30005418,0050100,GLASGOW POLICE DEPARTMENT,Accepted,BARREN,KY0090,,HAPPY VALLEY,RD,,,,,LONGHUNTERS,US0068,VETERANS OUTER,37.02300961,-85.93464188,8.712,4/26/2022,921,2,2,0,0,CLEAR,DRY,FALSE,REAR END IN TRAFFIC LANES BOTH VEHICLES MOVING,REAR END,CURVE & HILLCREST,DAYLIGHT,,,44682.81534,FALSE,2268,Accepted,5,5,O,,INATTENTION,
30005420,0050100,GLASGOW POLICE DEPARTMENT,Accepted,BARREN,KY0090,,HAPPY VALLEY,RD,,,,,SHALIMAR,,PIN OAK,37.01079714,-85.92391662,9.76,4/28/2022,1259,2,2,0,0,CLEAR,DRY,FALSE,1 VEHICLE ENTERING/LEAVING ENTRANCE,ANGLE,STRAIGHT & LEVEL,DAYLIGHT,,,44682.81541,FALSE,2410,Accepted,5,5,O,,MISJUDGE CLEARANCE,
30005422,0050100,GLASGOW POLICE DEPARTMENT,Accepted,BARREN,US0031E,,L ROGERS WELLS,BLVD,N,,ROGERS,,,,,37.00377998,-85.92552927,14.341,4/29/2022,910,2,2,0,0,CLEAR,DRY,FALSE,ANGLE COLLISION - OTHER,ANGLE,STRAIGHT & LEVEL,DAYLIGHT,,,44682.81547,FALSE,2410,Accepted,5,5,O,,MISJUDGE CLEARANCE,
30005425,0050100,GLASGOW POLICE DEPARTMENT,Accepted,BARREN,KY0090,,HAPPY VALLEY,RD,,,SHALIMAR,,,,,37.01065883,-85.92367924,9.777,4/22/2022,1253,2,2,0,0,CLEAR,DRY,FALSE,ANGLE COLLISION - OTHER,ANGLE,STRAIGHT & LEVEL,DAYLIGHT,,,44682.81557,FALSE,2279,Accepted,5,5,O,,INATTENTION,
30005427,0050100,GLASGOW POLICE DEPARTMENT,Accepted,BARREN,KY0090,,HAPPY VALLEY,RD,,,,,SHALIMAR,,PIN OAK,37.01121922,-85.92445079,9.717,4/30/2022,1423,2,2,0,0,CLEAR,DRY,FALSE,1 VEHICLE ENTERING/LEAVING ENTRANCE,ANGLE,STRAIGHT & LEVEL,DAYLIGHT,,,44682.81567,FALSE,2279,Accepted,5,5,O,,INATTENTION,
30008926,0050000,BARREN COUNTY SHERIFF DEPT.,Accepted,BARREN,KY0090,,HAPPY VALLEY,RD,,,,,,,,37.09985768,-85.97326558,2.939,4/26/2022,12,1,1,0,0,RAINING,WET,FALSE,COLLISION WITH ANIMAL NON INTERSECTION,SINGLE VEHICLE,STRAIGHT & LEVEL,DARK-HWY NOT LIGHTED,,,44683.58972,FALSE,154,Accepted,5,5,O,ANIMALS ACTION,,
30008927,0050000,BARREN COUNTY SHERIFF DEPT.,Accepted,BARREN,KY0314,,CENTER,RD,,,,,,,,37.08996488,-85.78503038,0.671,4/27/2022,436,1,1,0,0,CLEAR,DRY,FALSE,COLLISION WITH ANIMAL NON INTERSECTION,SINGLE VEHICLE,STRAIGHT & LEVEL,DARK-HWY NOT LIGHTED,,,44683.58979,FALSE,154,Accepted,5,5,O,ANIMALS ACTION,,
30008928,0050000,BARREN COUNTY SHERIFF DEPT.,Accepted,BARREN,KY0063,,TOMPKINSVILLE,RD,,,,,,,,36.89089606,-85.85443993,6.292,4/27/2022,2114,1,1,0,0,CLEAR,DRY,FALSE,COLLISION WITH ANIMAL NON INTERSECTION,SINGLE VEHICLE,CURVE & LEVEL,DARK-HWY NOT LIGHTED,,,44683.58984,FALSE,154,Accepted,5,5,O,ANIMALS ACTION,,
30008930,0050000,BARREN COUNTY SHERIFF DEPT.,Accepted,BARREN,US0031E,,JACKSON,HWY,N,,,,,,,37.11290936,-85.8703294,23.044,4/26/2022,1730,2,2,0,1,CLEAR,DRY,FALSE,1 VEHICLE ENTERING/LEAVING ENTRANCE,ANGLE,STRAIGHT & LEVEL,DAYLIGHT,,,44683.58996,FALSE,174,Accepted,5,4,C,,"FAILED TO YIELD RIGHT OF WAY, INATTENTION",
30008931,0050000,BARREN COUNTY SHERIFF DEPT.,Accepted,BARREN,US0068,,NEW BOWLING GREEN,RD,,,,,,,,37.02326944,-86.10845281,1.147,4/28/2022,2110,1,1,0,0,CLEAR,DRY,FALSE,COLLISION WITH ANIMAL NON INTERSECTION,SINGLE VEHICLE,STRAIGHT & LEVEL,DARK-HWY NOT LIGHTED,,,44683.59009,FALSE,181,Accepted,5,5,O,ANIMALS ACTION,,
30008932,0050000,BARREN COUNTY SHERIFF DEPT.,Accepted,BARREN,US0068,,NEW BOWLING GREEN,RD,,,,,,,,37.02326944,-86.10845281,1.147,4/28/2022,2113,1,1,0,0,CLEAR,DRY,FALSE,COLLISION WITH ANIMAL NON INTERSECTION,SINGLE VEHICLE,STRAIGHT & LEVEL,DARK-HWY NOT LIGHTED,,,44683.59015,FALSE,181,Accepted,5,5,O,ANIMALS ACTION,,
30008934,0050000,BARREN COUNTY SHERIFF DEPT.,Accepted,BARREN,KY1297,,OLD BOWLING GREEN,RD,,,FRONTAGE,,,,,36.99093551,-85.97475985,10.242,4/26/2022,1553,2,2,0,0,CLEAR,DRY,FALSE,OPPOSITE DIRECTION - BOTH VEHICLES GOING STRAIGHT AHEAD,SIDESWIPE-OPPOSITE DIRECTION,STRAIGHT & LEVEL,DAYLIGHT,,,44683.59024,FALSE,181,Accepted,5,5,O,,,
30008938,0050000,BARREN COUNTY SHERIFF DEPT.,Accepted,BARREN,KY0090,,HAPPY VALLEY,RD,,,,,,,,37.07737703,-85.96610516,4.563,4/29/2022,1331,2,2,0,0,CLEAR,DRY,FALSE,1 VEHICLE ENTERING/LEAVING ENTRANCE,ANGLE,STRAIGHT & GRADE,DAYLIGHT,,,44683.59033,FALSE,157,Accepted,5,5,O,,,OTHER
30008942,0050000,BARREN COUNTY SHERIFF DEPT.,Accepted,BARREN,,,TROJAN,TRL,,,,,,,,36.97611349,-85.92690623,0.886,4/27/2022,1530,2,2,0,0,CLEAR,DRY,FALSE,OTHER ROADWAY OR MID-BLOCK COLLISION,REAR END,STRAIGHT & LEVEL,DAYLIGHT,,,44683.59045,FALSE,170,Accepted,5,5,O,BACKUP DUE TO REGULAR CONGESTION,INATTENTION,
30008952,0050000,BARREN COUNTY SHERIFF DEPT.,Accepted,BARREN,KY0090,,HAPPY VALLEY,RD,,,,,PIN OAK,,VALLEY VIEW,37.01363546,-85.92649833,9.517,4/28/2022,1536,2,2,0,0,CLEAR,DRY,FALSE,SIDESWIPE COLLISION - SAME DIRECTION,SIDESWIPE-SAME DIRECTION,STRAIGHT & LEVEL,DAYLIGHT,,,44683.59069,FALSE,172,Accepted,5,5,O,,INATTENTION,
30008954,0050000,BARREN COUNTY SHERIFF DEPT.,Accepted,BARREN,US0068,,NEW BOWLING GREEN,RD,,,,,GASSAWAY,,BEAVER VALLEY,37.01757314,-85.97468278,8.805,4/28/2022,708,1,1,0,1,CLEAR,DRY,FALSE,RAN OFF ROADWAY (1 VEHICLE WITH/EARTH EMBANKMENT/DITCH),SINGLE VEHICLE,CURVE & HILLCREST,DAYLIGHT,,,44683.59076,FALSE,172,Accepted,4,4,C,,"FATIGUE, FELL ASLEEP, MEDICATION",
30011735,0050000,BARREN COUNTY SHERIFF DEPT.,Accepted,BARREN,,,TICK RIDGE,RD,,,,,,,,37.05182543,-85.8866006,0.48,5/2/2022,1937,2,2,0,0,CLEAR,DRY,FALSE,1 VEHICLE PARKED POSITION (NOT PARKING LOT/DRIVEWAY),BACKING,STRAIGHT & LEVEL,DARK (UNKNOWN ROADWAY LIGHTING),,,44684.33634,FALSE,181,Accepted,5,5,O,IMPROPERLY PARKED VEHICLE(S),INATTENTION,
30011736,0050000,BARREN COUNTY SHERIFF DEPT.,Accepted,BARREN,KY0090,,BURKESVILLE,RD,,,,,,,,36.96570333,-85.8796731,12.643,4/22/2022,1503,2,2,0,0,CLEAR,DRY,FALSE,1 VEHICLE ENTERING/LEAVING ENTRANCE,ANGLE,STRAIGHT & LEVEL,DAYLIGHT,,,44684.33639,FALSE,182,Accepted,5,5,O,,INATTENTION,
30017558,0050000,BARREN COUNTY SHERIFF DEPT.,Accepted,BARREN,LN9008,,LN9008 W,,,,,,,,,36.9991654,-85.99530818,7.761,5/3/2022,754,2,2,0,0,CLEAR,DRY,FALSE,1 VEHICLE PARKED POSITION (NOT PARKING LOT/DRIVEWAY),SIDESWIPE-SAME DIRECTION,STRAIGHT & LEVEL,DAYLIGHT,,,44685.586,FALSE,170,Accepted,5,5,O,,,TIRE FAILURE
30017559,0050000,BARREN COUNTY SHERIFF DEPT.,Accepted,BARREN,KY2189,1426,PARK CITY GLASGOW,RD,,,,,,,,37.03380082,-86.00133713,1.43,4/21/2022,822,1,1,0,0,RAINING,WET,FALSE,RAN OFF ROADWAY (1 VEHICLE WITH/EARTH EMBANKMENT/DITCH),SINGLE VEHICLE,CURVE & GRADE,DAYLIGHT,,,44685.58609,TRUE,125,Accepted,5,5,O,,,TIRE FAILURE
30017561,0050000,BARREN COUNTY SHERIFF DEPT.,Accepted,BARREN,LN9008,,LN9008 W,,,,,,,,,37.03785399,-86.06016916,3.246,4/22/2022,1113,2,2,0,0,CLEAR,DRY,TRUE,1 VEHICLE PARKED POSITION (NOT PARKING LOT/DRIVEWAY),SIDESWIPE-SAME DIRECTION,STRAIGHT & LEVEL,DAYLIGHT,,,44685.58618,FALSE,125,Accepted,5,5,O,,,
30017562,0050000,BARREN COUNTY SHERIFF DEPT.,Accepted,BARREN,US0068,,VETERANS OUTER,LOOP,,US0068,EDMONTON,,,,,37.00966829,-85.88012667,15.525,4/27/2022,1528,2,2,0,1,CLEAR,DRY,FALSE,ANGLE COLLISION - OTHER,ANGLE,STRAIGHT & GRADE,DAYLIGHT,,,44685.58623,FALSE,125,Accepted,4,4,C,,INATTENTION,
30023107,0050100,GLASGOW POLICE DEPARTMENT,Accepted,BARREN,,125,HARWOOD,ST,,,,,,,,36.9907092,-85.89946147,0.108,5/1/2022,2002,1,1,0,0,CLEAR,DRY,TRUE,1 VEHICLE PARKED POSITION (NOT PARKING LOT/DRIVEWAY),SINGLE VEHICLE,STRAIGHT & LEVEL,DARK-HWY LIGHTED/ON,,,44686.81407,FALSE,2270,Accepted,5,5,O,,,
30024997,KSP0300,"KY STATE POLICE, POST 03",Accepted,BARREN,,708,LYON SCHOOL,RD,,,,,,,,36.85595826,-85.85330266,0.653,4/26/2022,1334,2,2,0,0,CLEAR,DRY,FALSE,1 VEHICLE ENTERING/LEAVING ENTRANCE,ANGLE,STRAIGHT & LEVEL,DAYLIGHT,,,44687.40006,FALSE,0239,Accepted,5,5,O,,INATTENTION,
30026018,0050000,BARREN COUNTY SHERIFF DEPT.,Accepted,BARREN,,,DRIPPING SPRINGS,RD,,,FLOWERS,,,,,37.0471583,-86.04849577,0.601,4/27/2022,509,2,2,0,1,CLEAR,DRY,FALSE,HEAD-ON COLLISION,HEAD ON,STRAIGHT & HILLCREST,DARK-HWY NOT LIGHTED,,,44687.5948,FALSE,173,Accepted,5,2,A,VIEW OBSTRUCTED/LIMITED DUE TO RDWY,FAILED TO KEEP PROPER LANE,
30026020,0050000,BARREN COUNTY SHERIFF DEPT.,Accepted,BARREN,,355,NEEDMORE SCHOOL,RD,,,,,,,,36.93584799,-86.00562722,0.13,5/5/2022,1849,1,1,0,0,RAINING,WET,FALSE,COLLISION WITH FIXED OBJECT NON - INTERSECTION - FIRST EVENT COLLISION 09 - 32 EXCLUDING 16,SINGLE VEHICLE,CURVE & GRADE,DAYLIGHT,,,44687.59486,FALSE,181,Accepted,5,5,O,SLIPPERY SURFACE,NOT UNDER PROPER CONTROL,
30026021,0050000,BARREN COUNTY SHERIFF DEPT.,Accepted,BARREN,US0031E,,SCOTTSVILLE,RD,,,,,,,,36.93877454,-85.98260905,8.656,5/3/2022,1624,2,2,0,0,CLOUDY,DRY,FALSE,OTHER ROADWAY OR MID-BLOCK COLLISION,REAR END,STRAIGHT & LEVEL,DAYLIGHT,,,44687.59493,FALSE,174,Accepted,5,5,O,,INATTENTION,
30026023,0050000,BARREN COUNTY SHERIFF DEPT.,Accepted,BARREN,,300,OWL SPRING,RD,,,,,MAYFIELD MILL,,SOWERS,37.05672146,-85.8075701,0.321,5/2/2022,546,1,1,0,0,CLEAR,DRY,FALSE,RAN OFF ROADWAY (1 VEHICLE WITH/EARTH EMBANKMENT/DITCH),SINGLE VEHICLE,CURVE & LEVEL,DAYLIGHT,,,44687.59499,FALSE,172,Accepted,5,5,O,ANIMALS ACTION,,