IncidentID,AgencyORI,AgencyName,IncidentStatusDesc,County,RdwyNumber,Street,RoadwayName,StreetSfx,StreetDir,IntersectionRdwy,IntersectionRdwyName,BetweenStRdwy1,BetweenStRdwyName1,BetweenStRdwy2,BetweenStRdwyName2,Latitude,Longitude,Milepoint,CollisionDate,CollisionTime,UnitsInvolved,MotorVehiclesInvolved,NumberKilled,NumberInjured,Weather,RdwyConditionCode,HitandRun,DirAnalysisCode,MannerofCollision,RdwyCharacter,LightCondition,RampFromRdwyId,RampToRdwyId,AcceptedDate,IsSecondaryCollision,OwnerBadge,IncidentStatus,InjurySeverityCde,KABCO_Code,KABCO,Environmental_Factors,Human_Factors,Vehicular_Factors
30026024,0050000,BARREN COUNTY SHERIFF DEPT.,Accepted,BARREN,,6183,OLD MUNFORDVILLE,RD,,,,,SALEM CHURCH,,CAP REDFORD,37.1007212,-85.90366445,3.833,5/2/2022,1329,2,2,0,0,CLEAR,DRY,FALSE,1 VEHICLE ENTERING OR LEAVING PARKED POSITION (NOT PARKING LOT),ANGLE,STRAIGHT & GRADE,DAYLIGHT,,,44687.59503,FALSE,172,Accepted,5,5,O,,OTHER,
30027084,0050100,GLASGOW POLICE DEPARTMENT,Accepted,BARREN,US0031E,,L ROGERS WELLS,BLVD,N,,HAPPY VALLEY,,,,,37.00958997,-85.92142522,14.848,5/5/2022,1659,2,2,0,0,RAINING,WET,FALSE,ANGLE COLLISION - ONE VEHICLE TURNING LEFT,ANGLE,STRAIGHT & LEVEL,DAYLIGHT,,,44687.82126,FALSE,2270,Accepted,5,5,O,,MISJUDGE CLEARANCE,
30027085,0050100,GLASGOW POLICE DEPARTMENT,Accepted,BARREN,US0068,,VETERANS OUTER,LOOP,,US0031E,JACKSON,,,,,37.03300846,-85.90584867,13.274,5/5/2022,1120,2,2,0,0,CLEAR,DRY,FALSE,ANGLE COLLISION - OTHER,ANGLE,STRAIGHT & LEVEL,DAYLIGHT,,,44687.82131,FALSE,2270,Accepted,5,5,O,,INATTENTION,
30027086,0050100,GLASGOW POLICE DEPARTMENT,Accepted,BARREN,KY0090,,HAPPY VALLEY,RD,,US0031E,L ROGERS WELLS,,,,,37.00970432,-85.92174597,9.903,5/5/2022,1544,2,2,0,0,CLOUDY,DRY,FALSE,OTHER INTERSECTION COLLISIONS,REAR END,STRAIGHT & LEVEL,DAYLIGHT,,,44687.82137,FALSE,2666,Accepted,5,5,O,,,"OVERSIZED LOAD ON VEHICLE, OVERWEIGHT"
30028367,0050100,GLASGOW POLICE DEPARTMENT,Accepted,BARREN,KY0090,,HAPPY VALLEY,RD,,US0031E,L ROGERS WELLS,,,,,37.00959763,-85.92143986,9.921,5/3/2022,1634,2,2,0,0,CLOUDY,DRY,TRUE,OTHER INTERSECTION COLLISIONS,REAR END,STRAIGHT & LEVEL,DAYLIGHT,,,44688.27623,FALSE,2285,Accepted,5,5,O,,FOLLOWING TOO CLOSE,
30031632,0050100,GLASGOW POLICE DEPARTMENT,Accepted,BARREN,,,LEXINGTON,DR,,,,,MEADOW,,CLARKSDALE,37.02289256,-85.91584776,1.309,4/24/2022,1711,1,1,0,0,CLEAR,DRY,FALSE,COLLISION WITH FIXED OBJECT NON - INTERSECTION - FIRST EVENT COLLISION 09 - 32 EXCLUDING 16,SINGLE VEHICLE,STRAIGHT & LEVEL,DAYLIGHT,,,44689.62999,FALSE,48,Accepted,5,5,O,,OTHER,
30031634,0050100,GLASGOW POLICE DEPARTMENT,Accepted,BARREN,US0031EX,,RACE,ST,N,,CHERRY,,,,,37.00167414,-85.9094932,1.931,5/3/2022,727,2,2,0,0,CLEAR,DRY,FALSE,ANGLE COLLISION - OTHER,ANGLE,STRAIGHT & LEVEL,DAYLIGHT,,,44689.63004,FALSE,2246,Accepted,5,5,O,,"DISREGARD TRAFFIC CONTROL, INATTENTION",
30035072,0050000,BARREN COUNTY SHERIFF DEPT.,Accepted,BARREN,KY0249,,ROSEVILLE,RD,,,,,,,,36.85011996,-85.91676283,5.992,5/5/2022,523,1,1,0,1,CLOUDY,DRY,FALSE,RAN OFF ROADWAY (1 VEHICLE WITH/EARTH EMBANKMENT/DITCH),SINGLE VEHICLE,STRAIGHT & HILLCREST,DARK-HWY LIGHTED/OFF,,,44690.48453,FALSE,157,Accepted,4,4,C,,,
30035074,0050000,BARREN COUNTY SHERIFF DEPT.,Accepted,BARREN,KY0255,,PARK CITY BON AYR,RD,,,,,,,,37.06384581,-86.06141908,9.393,5/7/2022,1640,2,2,0,1,CLEAR,DRY,FALSE,SIDESWIPE COLLISION - OPPOSITE DIRECTION,SIDESWIPE-OPPOSITE DIRECTION,CURVE & LEVEL,DAYLIGHT,,,44690.48462,FALSE,181,Accepted,5,3,B,,FAILED TO KEEP PROPER LANE,
30035075,0050000,BARREN COUNTY SHERIFF DEPT.,Accepted,BARREN,KY0063,,TOMPKINSVILLE,RD,,,,,,,,36.97512669,-85.89554964,12.827,5/5/2022,1911,1,1,0,0,RAINING,WET,FALSE,RAN OFF ROADWAY (1 VEHICLE WITH/EARTH EMBANKMENT/DITCH),SINGLE VEHICLE,CURVE & HILLCREST,DUSK,,,44690.48467,FALSE,174,Accepted,5,5,O,SLIPPERY SURFACE,NOT UNDER PROPER CONTROL,
30035080,0050000,BARREN COUNTY SHERIFF DEPT.,Accepted,BARREN,LN9008,,LN9008 E,,,,,,,,,36.99063428,-85.88664828,14.7,5/9/2022,416,1,1,0,1,CLEAR,DRY,FALSE,OTHER COLLISIONS ON SHOULDER,SINGLE VEHICLE,STRAIGHT & LEVEL,DARK-HWY LIGHTED/OFF,,,44690.48479,FALSE,157,Accepted,5,4,C,,INATTENTION,
30036424,KSP0400,"KY STATE POLICE, POST 04",Accepted,BARREN,KY0090,,HAPPY VALLEY,RD,,,,,,,,37.10492557,-85.97161545,2.579,5/7/2022,1740,1,1,0,0,CLOUDY,DRY,FALSE,COLLISION WITH ANIMAL NON INTERSECTION,SINGLE VEHICLE,STRAIGHT & LEVEL,DAYLIGHT,,,44690.70877,FALSE,409,Accepted,5,5,O,ANIMALS ACTION,,
30049570,0050100,GLASGOW POLICE DEPARTMENT,Accepted,BARREN,US0031E,,L ROGERS WELLS,BLVD,N,US0068X,MAIN,,,,,37.00200955,-85.92640379,14.26,5/10/2022,1140,2,2,0,0,CLEAR,DRY,FALSE,ANGLE COLLISION - OTHER,ANGLE,STRAIGHT & LEVEL,DAYLIGHT,,,44693.36268,FALSE,2279,Accepted,5,5,O,,OTHER,
30049661,0050000,BARREN COUNTY SHERIFF DEPT.,Accepted,BARREN,US0031E,,SCOTTSVILLE,RD,,,TROJAN,,,,,36.97961179,-85.9332092,12.588,5/10/2022,1206,2,2,0,0,CLEAR,DRY,FALSE,VEHICLE BACKING IN INTERSECTION,BACKING,STRAIGHT & LEVEL,DAYLIGHT,,,44693.37608,FALSE,170,Accepted,5,5,O,,INATTENTION,
30050374,0050200,CAVE CITY POLICE DEPARTMENT,Accepted,BARREN,US0031W,700,DIXIE,HWY,N,,,,,,,37.14492599,-85.94485321,8.257,4/7/2022,1913,1,1,0,0,RAINING,WET,FALSE,OTHER ROADWAY OR MID-BLOCK COLLISION,SINGLE VEHICLE,STRAIGHT & LEVEL,DARK-HWY NOT LIGHTED,,,44693.50434,FALSE,605,Accepted,5,5,O,DEBRIS IN ROADWAY,,
30050379,0050200,CAVE CITY POLICE DEPARTMENT,Accepted,BARREN,KY0090,,HAPPY VALLEY,ST,E,,,,,,,37.12622282,-85.9615761,0.972,4/10/2022,1539,2,2,0,0,CLEAR,DRY,FALSE,1 VEHICLE ENTERING/LEAVING ENTRANCE,ANGLE,STRAIGHT & LEVEL,DAYLIGHT,,,44693.50451,FALSE,611,Accepted,5,5,O,,INATTENTION,
30050380,0050200,CAVE CITY POLICE DEPARTMENT,Accepted,BARREN,KY0090,,HAPPY VALLEY,ST,E,,,,,,,37.12779164,-85.9626586,0.848,4/9/2022,1006,2,2,0,0,RAINING,WET,FALSE,COLLISION WITH FIXED OBJECT NON - INTERSECTION - FIRST EVENT COLLISION 09 - 32 EXCLUDING 16,REAR END,STRAIGHT & LEVEL,OTHER,,,44693.50456,FALSE,608,Accepted,5,5,O,,,
30050381,0050200,CAVE CITY POLICE DEPARTMENT,Accepted,BARREN,KY0070,,MAMMOTH CAVE,RD,,,,,,,,37.13551902,-85.98917204,4.512,4/25/2022,344,1,1,0,0,CLEAR,DRY,FALSE,COLLISION WITH ANIMAL NON INTERSECTION,SINGLE VEHICLE,STRAIGHT & GRADE,DARK-HWY NOT LIGHTED,,,44693.50464,FALSE,605,Accepted,5,5,O,ANIMALS ACTION,,
30050390,0050200,CAVE CITY POLICE DEPARTMENT,Accepted,BARREN,US0031W,,DIXIE,HWY,S,,,,,,,37.12808962,-85.96303592,6.768,4/30/2022,909,2,2,0,0,CLEAR,DRY,FALSE,COLLISION WITH FIXED OBJECT NON - INTERSECTION - FIRST EVENT COLLISION 09 - 32 EXCLUDING 16,OPPOSING LEFT TURN,STRAIGHT & LEVEL,DAYLIGHT,,,44693.50496,FALSE,608,Accepted,5,5,O,GLARE (SUN),"FAILED TO YIELD RIGHT OF WAY, FATIGUE",
30051312,0050100,GLASGOW POLICE DEPARTMENT,Accepted,BARREN,KY0090,,HAPPY VALLEY,RD,,,,,COMMERCE,,WESTERN HILLS,37.01706431,-85.9294712,9.228,4/26/2022,1224,2,2,0,0,CLEAR,DRY,FALSE,REAR END IN TRAFFIC LANES BOTH VEHICLES MOVING,REAR END,STRAIGHT & LEVEL,DAYLIGHT,,,44693.67197,FALSE,50,Accepted,5,5,O,,INATTENTION,
30051313,0050100,GLASGOW POLICE DEPARTMENT,Accepted,BARREN,US0031E,,L ROGERS WELLS,BLVD,N,,ROGERS,,,,,37.00376628,-85.92552907,14.341,4/27/2022,1141,2,2,0,0,CLEAR,DRY,FALSE,OPPOSING LEFT TURN,OPPOSING LEFT TURN,STRAIGHT & LEVEL,DAYLIGHT,,,44693.67204,FALSE,50,Accepted,5,5,O,,INATTENTION,
30051315,0050100,GLASGOW POLICE DEPARTMENT,Accepted,BARREN,US0068X,,COLUMBIA,AVE,,KY1307,NEW SALEM,,,,,37.00264463,-85.89747807,3.51,4/28/2022,1315,2,2,0,0,CLEAR,DRY,FALSE,REAR END - ONE VEHICLE TURNING RIGHT,REAR END,STRAIGHT & LEVEL,DAYLIGHT,,,44693.6721,FALSE,50,Accepted,5,5,O,,INATTENTION,
30051318,0050100,GLASGOW POLICE DEPARTMENT,Accepted,BARREN,US0068X,,MAIN,ST,W,,HONEYSUCKLE,,,,,37.00501794,-85.93135891,1.344,5/4/2022,1125,2,2,0,0,CLOUDY,DRY,FALSE,ANGLE COLLISION - ONE VEHICLE TURNING LEFT,ANGLE,STRAIGHT & GRADE,DAYLIGHT,,,44693.67216,FALSE,50,Accepted,5,5,O,,INATTENTION,
30063286,0050100,GLASGOW POLICE DEPARTMENT,Accepted,BARREN,US0031EX,,PUBLIC,SQ,E,,,US0031EX,PUBLIC,US0068X,MAIN,36.99553967,-85.91210817,1.438,5/14/2022,1405,1,1,0,0,CLEAR,DRY,TRUE,1 VEHICLE PARKED POSITION (NOT PARKING LOT/DRIVEWAY),SINGLE VEHICLE,STRAIGHT & LEVEL,DAYLIGHT,,,44697.29813,FALSE,2270,Accepted,5,5,O,,,
30064060,KSP0300,"KY STATE POLICE, POST 03",Accepted,BARREN,US0031E,,JACKSON,HWY,N,,,,,,,37.05272197,-85.89479855,18.514,5/8/2022,902,2,2,0,4,CLEAR,DRY,FALSE,1 VEHICLE ENTERING/LEAVING ENTRANCE,ANGLE,CURVE & LEVEL,DAYLIGHT,,,44697.40499,FALSE,694,Accepted,5,2,A,,"FAILED TO YIELD RIGHT OF WAY, MISJUDGE CLEARANCE, NOT UNDER PROPER CONTROL",
30068668,KSP0300,"KY STATE POLICE, POST 03",Accepted,BARREN,,2236,NARROWS,RD,,,,,,,,36.90501101,-86.07396823,0.057,5/15/2022,1519,2,2,0,0,CLEAR,DRY,FALSE,1 VEHICLE PARKED POSITION (NOT PARKING LOT/DRIVEWAY),BACKING,STRAIGHT & LEVEL,DAYLIGHT,,,44698.39169,FALSE,944,Accepted,5,5,O,,INATTENTION,
30068700,0050100,GLASGOW POLICE DEPARTMENT,Accepted,BARREN,,,TRABUE,ST,,,FRONT,,,,,36.99957618,-85.91566268,0.139,5/12/2022,1519,2,2,0,0,CLEAR,DRY,FALSE,HEAD-ON COLLISION,HEAD ON,STRAIGHT & HILLCREST,DAYLIGHT,,,44698.40144,FALSE,2225,Accepted,5,5,O,,"FAILED TO KEEP PROPER LANE, MISJUDGE CLEARANCE, TURNING IMPROPERLY",
30069965,0050100,GLASGOW POLICE DEPARTMENT,Accepted,BARREN,US0031E,,L ROGERS WELLS,BLVD,S,,GRANDVIEW,,,,,36.99582285,-85.93068054,13.765,5/17/2022,1000,2,2,0,3,CLEAR,DRY,FALSE,ANGLE COLLISION - OTHER,ANGLE,STRAIGHT & LEVEL,DAYLIGHT,,,44698.64832,FALSE,2189,Accepted,5,3,B,,"DISREGARD TRAFFIC CONTROL, FAILED TO YIELD RIGHT OF WAY",
30073213,0050100,GLASGOW POLICE DEPARTMENT,Accepted,BARREN,US0068,,NEW BOWLING GREEN,RD,,,,,,,,37.01396049,-85.96019368,9.609,5/13/2022,954,2,2,0,0,CLEAR,DRY,FALSE,HEAD-ON COLLISION,HEAD ON,STRAIGHT & LEVEL,DAYLIGHT,,,44699.37206,FALSE,2225,Accepted,5,5,O,,,LOAD SECUREMENT
30078001,0050100,GLASGOW POLICE DEPARTMENT,Accepted,BARREN,,,HAPPY VALLEY,RD,,,,US0031E,L ROGERS WELLS,,WALL,37.00936371,-85.92087531,0.034,5/17/2022,1305,2,2,0,0,CLEAR,DRY,FALSE,OTHER ROADWAY OR MID-BLOCK COLLISION,OPPOSING LEFT TURN,STRAIGHT & GRADE,DAYLIGHT,,,44700.44583,FALSE,50,Accepted,5,5,O,,FAILED TO YIELD RIGHT OF WAY,
30083900,0050100,GLASGOW POLICE DEPARTMENT,Accepted,BARREN,US0068X,,MAIN,ST,W,,,US0031E,L ROGERS WELLS,,SHANE,37.00289399,-85.9275873,1.602,5/20/2022,1439,2,2,0,0,CLEAR,DRY,FALSE,1 VEHICLE ENTERING/LEAVING ENTRANCE,ANGLE,STRAIGHT & LEVEL,DAYLIGHT,,,44701.79703,FALSE,2270,Accepted,5,5,O,,INATTENTION,
30083901,0050100,GLASGOW POLICE DEPARTMENT,Accepted,BARREN,US0031E,,L ROGERS WELLS,BLVD,S,,CROSS,,,,,37.00209322,-85.92636229,14.254,5/19/2022,726,2,2,0,0,CLEAR,DRY,FALSE,OTHER INTERSECTION COLLISIONS,REAR END,STRAIGHT & LEVEL,DAYLIGHT,,,44701.79709,FALSE,2270,Accepted,5,5,O,,INATTENTION,
30085321,0050100,GLASGOW POLICE DEPARTMENT,Accepted,BARREN,US0068X,,MAIN,ST,E,US0068X,BROADWAY,,,,,36.99589192,-85.91184913,2.529,5/19/2022,2129,2,2,0,0,CLEAR,DRY,FALSE,ANGLE COLLISION - OTHER,ANGLE,STRAIGHT & LEVEL,DARK-HWY LIGHTED/ON,,,44702.30227,FALSE,2410,Accepted,5,5,O,,"INATTENTION, MISJUDGE CLEARANCE",
30088676,0050100,GLASGOW POLICE DEPARTMENT,Accepted,BARREN,,,GREEN,ST,N,,FRONT,,,,,36.997554,-85.91075244,0.13,5/12/2022,1525,2,2,0,0,CLEAR,DRY,FALSE,OPPOSING LEFT TURN,OPPOSING LEFT TURN,STRAIGHT & GRADE,DAYLIGHT,,,44703.7535,FALSE,2287,Accepted,5,5,O,,FAILED TO YIELD RIGHT OF WAY,
30088680,0050100,GLASGOW POLICE DEPARTMENT,Accepted,BARREN,,,REYNOLDS,RD,,US0068X,MAIN,,,,,37.00851542,-85.93667609,0.005,5/12/2022,1414,3,3,0,1,CLOUDY,DRY,FALSE,OPPOSING LEFT TURN,OPPOSING LEFT TURN,STRAIGHT & LEVEL,DAYLIGHT,,,44703.75361,FALSE,2289,Accepted,5,2,A,,CELL PHONE,
30088681,0050100,GLASGOW POLICE DEPARTMENT,Accepted,BARREN,US0031E,,L ROGERS WELLS,BLVD,S,US0068X,MAIN,,,,,37.00201579,-85.9264119,14.256,5/13/2022,1546,2,2,0,0,CLEAR,DRY,FALSE,OPPOSING LEFT TURN,OPPOSING LEFT TURN,STRAIGHT & LEVEL,DAYLIGHT,,,44703.75367,FALSE,2289,Accepted,5,5,O,,MISJUDGE CLEARANCE,
30088686,0050100,GLASGOW POLICE DEPARTMENT,Accepted,BARREN,US0031E,,L ROGERS WELLS,BLVD,S,,COMMERCIAL,,,,,36.99713808,-85.92935864,13.881,5/18/2022,1523,2,2,0,0,CLEAR,DRY,FALSE,OTHER INTERSECTION COLLISIONS,REAR END,STRAIGHT & LEVEL,DAYLIGHT,,,44703.7539,FALSE,2285,Accepted,5,5,O,,NOT UNDER PROPER CONTROL,
30088687,0050100,GLASGOW POLICE DEPARTMENT,Accepted,BARREN,,,OIL CITY,RD,,US0068X,MAIN,,,,,37.01004467,-85.94366132,0.005,5/13/2022,1624,2,2,0,0,CLEAR,DRY,FALSE,ANGLE COLLISION - OTHER,ANGLE,STRAIGHT & LEVEL,DAYLIGHT,,,44703.75396,FALSE,2287,Accepted,5,5,O,,"FAILED TO YIELD RIGHT OF WAY, MISJUDGE CLEARANCE",
30088688,0050100,GLASGOW POLICE DEPARTMENT,Accepted,BARREN,US0031E,,L ROGERS WELLS,BLVD,S,US0031EX,GREEN,,,,,36.98278014,-85.9313035,12.844,5/13/2022,705,2,2,0,0,CLEAR,DRY,FALSE,OPPOSING LEFT TURN,OPPOSING LEFT TURN,STRAIGHT & LEVEL,DAYLIGHT,,,44703.75402,FALSE,2289,Accepted,5,5,O,OTHER,MISJUDGE CLEARANCE,
30088870,0050100,GLASGOW POLICE DEPARTMENT,Accepted,BARREN,US0031E,,L ROGERS WELLS,BLVD,N,,LEXINGTON,,,,,37.01428715,-85.91547842,15.299,5/21/2022,951,2,2,0,0,CLEAR,DRY,FALSE,ANGLE COLLISION - OTHER,ANGLE,STRAIGHT & LEVEL,DAYLIGHT,,,44703.81037,FALSE,2287,Accepted,5,5,O,,FAILED TO YIELD RIGHT OF WAY,
30090561,0050100,GLASGOW POLICE DEPARTMENT,Accepted,BARREN,US0031E,,L ROGERS WELLS,BLVD,N,,ROGERS,,,,,37.00377408,-85.92551747,14.341,5/17/2022,1849,3,3,0,3,CLEAR,DRY,FALSE,ANGLE COLLISION - OTHER,ANGLE,STRAIGHT & LEVEL,DUSK,,,44704.30589,FALSE,2273,Accepted,5,4,C,,"FAILED TO YIELD RIGHT OF WAY, MISJUDGE CLEARANCE",
30090564,0050100,GLASGOW POLICE DEPARTMENT,Accepted,BARREN,,,YMCA,WAY,,,,,G L COMER,,INDIAN HILLS,37.00958039,-85.93042177,0.277,5/21/2022,2110,2,2,0,0,RAINING,WET,FALSE,VEHICLE BACKING NON INTERSECTION,BACKING,STRAIGHT & LEVEL,DARK-HWY LIGHTED/ON,,,44704.30602,FALSE,2286,Accepted,5,5,O,,INATTENTION,
30091130,0050100,GLASGOW POLICE DEPARTMENT,Accepted,BARREN,,,BROADWAY,ST,S,KY0090,MAIN,,,,,36.99545504,-85.91076664,0.001,5/20/2022,1430,2,2,0,0,CLEAR,DRY,FALSE,ANGLE COLLISION - OTHER,ANGLE,STRAIGHT & GRADE,DAYLIGHT,,,44704.38249,FALSE,2240,Accepted,5,5,O,,"INATTENTION, OTHER",
30092431,0050000,BARREN COUNTY SHERIFF DEPT.,Accepted,BARREN,,638,OAK HILL SCHOOL,RD,,,,,,,,37.02493353,-86.03464032,0.482,5/4/2022,1534,1,1,0,0,CLEAR,DRY,FALSE,COLLISION WITH FIXED OBJECT NON - INTERSECTION - FIRST EVENT COLLISION 09 - 32 EXCLUDING 16,SINGLE VEHICLE,CURVE & LEVEL,DAYLIGHT,,,44704.55161,FALSE,125,Accepted,5,5,O,ANIMALS ACTION,,
30092434,0050000,BARREN COUNTY SHERIFF DEPT.,Accepted,BARREN,US0031E,,SCOTTSVILLE,RD,,,MATTHEWS MILL,,,,,36.94561661,-85.97351865,9.347,5/13/2022,1700,2,2,0,0,CLEAR,DRY,FALSE,ANGLE COLLISION - OTHER,ANGLE,STRAIGHT & LEVEL,DAYLIGHT,,,44704.55173,FALSE,181,Accepted,5,5,O,,DISTRACTION,
30092435,0050000,BARREN COUNTY SHERIFF DEPT.,Accepted,BARREN,,,HARRY KING,RD,,KY0685,STOVALL,,,,,37.07383683,-85.99696484,0.002,4/29/2022,244,1,1,0,1,CLEAR,DRY,FALSE,NON-COLLISION OBJECT COLLISION,SINGLE VEHICLE,STRAIGHT & LEVEL,UNKNOWN,,,44704.55178,FALSE,124,Accepted,5,2,A,,INATTENTION,
30092436,0050000,BARREN COUNTY SHERIFF DEPT.,Accepted,BARREN,LN9008,,LN9008 E,,,,,,,,,36.99632678,-85.82917349,17.947,5/7/2022,141,1,1,0,1,CLEAR,DRY,FALSE,COLLISION WITH FIXED OBJECT NON - INTERSECTION - FIRST EVENT COLLISION 09 - 32 EXCLUDING 16,SINGLE VEHICLE,STRAIGHT & LEVEL,DARK-HWY NOT LIGHTED,,,44704.55181,FALSE,124,Accepted,5,2,A,,,
30092437,0050000,BARREN COUNTY SHERIFF DEPT.,Accepted,BARREN,KY0070,,MAMMOTH CAVE,RD,,,,,,,,37.1322499,-86.03181471,2.112,5/11/2022,1919,2,2,0,0,CLEAR,DRY,FALSE,1 VEHICLE ENTERING/LEAVING ENTRANCE,ANGLE,STRAIGHT & LEVEL,DAYLIGHT,,,44704.55185,FALSE,182,Accepted,5,5,O,,IMPROPER PASSING,
30092439,0050000,BARREN COUNTY SHERIFF DEPT.,Accepted,BARREN,,,HARRY KING,RD,,,,,,,,37.05629749,-85.95384963,2.974,5/16/2022,1743,2,2,0,0,CLEAR,DRY,FALSE,1 VEHICLE PARKED POSITION (NOT PARKING LOT/DRIVEWAY),HEAD ON,STRAIGHT & LEVEL,DAYLIGHT,,,44704.55191,FALSE,181,Accepted,5,5,O,,"MISJUDGE CLEARANCE, TURNING IMPROPERLY",
30092440,0050000,BARREN COUNTY SHERIFF DEPT.,Accepted,BARREN,KY1307,,NEW SALEM,RD,,,HOLLIS THOMAS,,,,,36.98310262,-85.83257757,4.037,5/16/2022,1248,2,2,0,0,CLEAR,DRY,FALSE,ANGLE COLLISION - ONE VEHICLE TURNING LEFT,ANGLE,STRAIGHT & LEVEL,DAYLIGHT,,,44704.55197,FALSE,157,Accepted,5,5,O,,INATTENTION,
30092441,0050000,BARREN COUNTY SHERIFF DEPT.,Accepted,BARREN,KY1297,,OLD BOWLING GREEN,RD,,,,,,,,36.98019896,-86.10481604,2.63,5/15/2022,2102,2,2,0,0,CLEAR,DRY,FALSE,SIDESWIPE COLLISION - SAME DIRECTION,SIDESWIPE-SAME DIRECTION,STRAIGHT & LEVEL,DARK-HWY NOT LIGHTED,,,44704.55202,FALSE,173,Accepted,5,5,O,,,
30092447,0050000,BARREN COUNTY SHERIFF DEPT.,Accepted,BARREN,KY0740,1000,CORAL HILL,RD,,,,,,,,37.03225725,-85.87019673,1.568,5/14/2022,1343,1,1,0,0,CLEAR,DRY,FALSE,RAN OFF ROADWAY (1 VEHICLE WITH/EARTH EMBANKMENT/DITCH),SINGLE VEHICLE,CURVE & GRADE,DAYLIGHT,,,44704.55223,FALSE,125,Accepted,5,5,O,ANIMALS ACTION,,
30092449,0050000,BARREN COUNTY SHERIFF DEPT.,Accepted,BARREN,KY0090,,HAPPY VALLEY,RD,,,HARRY KING,,,,,37.05633119,-85.9536752,6.168,5/19/2022,2039,2,2,0,1,CLOUDY,DRY,FALSE,ANGLE COLLISION - ONE VEHICLE TURNING LEFT,ANGLE,STRAIGHT & LEVEL,DARK-HWY NOT LIGHTED,,,44704.55235,FALSE,154,Accepted,4,4,C,,"FAILED TO YIELD RIGHT OF WAY, TURNING IMPROPERLY",
30092450,0050000,BARREN COUNTY SHERIFF DEPT.,Accepted,BARREN,KY0063,1658,TOMPKINSVILLE,RD,,,,,,,,36.97627917,-85.89672276,12.931,5/17/2022,2118,1,1,0,1,CLEAR,DRY,FALSE,OTHER COLLISIONS ON SHOULDER,SINGLE VEHICLE,CURVE & HILLCREST,DARK-HWY NOT LIGHTED,,,44704.55241,FALSE,173,Accepted,5,4,C,,"EXCEEDED STATED SPEED LIMIT, INATTENTION",
30092452,0050000,BARREN COUNTY SHERIFF DEPT.,Accepted,BARREN,,,HOLLOW,RD,,,,,,,,36.97642068,-85.88541269,0.124,5/20/2022,514,1,1,0,0,CLEAR,DRY,TRUE,RAN OFF ROADWAY (1 VEHICLE WITH/EARTH EMBANKMENT/DITCH),SINGLE VEHICLE,CURVE & GRADE,DAYLIGHT,,,44704.55249,FALSE,154,Accepted,5,5,O,,OTHER,
30092454,0050000,BARREN COUNTY SHERIFF DEPT.,Accepted,BARREN,US0031W,,LOUISVILLE,RD,,,,,,,,37.09407856,-86.01590609,3.016,5/18/2022,38,1,1,0,0,CLEAR,DRY,FALSE,COLLISION WITH FIXED OBJECT NON - INTERSECTION - FIRST EVENT COLLISION 09 - 32 EXCLUDING 16,SINGLE VEHICLE,STRAIGHT & LEVEL,DARK-HWY NOT LIGHTED,,,44704.5526,FALSE,174,Accepted,5,5,O,,"FATIGUE, FELL ASLEEP",
30092455,0050000,BARREN COUNTY SHERIFF DEPT.,Accepted,BARREN,KY0090,,BURKESVILLE,RD,,,,,,,,36.96297123,-85.87606129,12.887,5/19/2022,2051,1,1,0,0,CLEAR,DRY,FALSE,COLLISION WITH ANIMAL NON INTERSECTION,SINGLE VEHICLE,STRAIGHT & LEVEL,DARK-HWY NOT LIGHTED,,,44704.55265,FALSE,173,Accepted,5,5,O,ANIMALS ACTION,,
30095882,0050100,GLASGOW POLICE DEPARTMENT,Accepted,BARREN,KY3600,,GLASGOW OUTER LOOP,,,,,,,,,36.9978224,-85.97293763,0.956,5/22/2022,953,2,2,0,0,CLOUDY,WET,FALSE,SIDESWIPE COLLISION - SAME DIRECTION,SIDESWIPE-SAME DIRECTION,STRAIGHT & LEVEL,DAYLIGHT,,,44705.34937,FALSE,2289,Accepted,5,5,O,,"EMOTIONAL, FAILED TO KEEP PROPER LANE",
30096976,0050200,CAVE CITY POLICE DEPARTMENT,Accepted,BARREN,,,GRINSTEAD MILL,RD,,,,,,,,37.13901318,-85.95979681,,4/24/2022,1354,2,2,0,0,CLEAR,DRY,FALSE,COLLISION WITH FIXED OBJECT NON - INTERSECTION - FIRST EVENT COLLISION 09 - 32 EXCLUDING 16,OPPOSING LEFT TURN,STRAIGHT & HILLCREST,DAYLIGHT,,,44705.5569,FALSE,608,Accepted,5,5,O,,FAILED TO YIELD RIGHT OF WAY,
30100887,0050000,BARREN COUNTY SHERIFF DEPT.,Accepted,BARREN,KY2189,,PARK CITY GLASGOW,RD,,,,,,,,37.06235838,-86.01736881,3.778,5/19/2022,2018,1,1,0,0,CLEAR,DRY,FALSE,COLLISION WITH ANIMAL NON INTERSECTION,SINGLE VEHICLE,STRAIGHT & LEVEL,DARK-HWY NOT LIGHTED,,,44706.39634,FALSE,124,Accepted,5,5,O,,,
30100888,0050000,BARREN COUNTY SHERIFF DEPT.,Accepted,BARREN,LN9008,,LN9008 E,,,,,,,,,37.01235888,-86.02382558,5.924,5/24/2022,1946,1,1,0,0,RAINING,WET,FALSE,RAN OFF ROADWAY (1 VEHICLE WITH/EARTH EMBANKMENT/DITCH),SINGLE VEHICLE,STRAIGHT & LEVEL,DARK-HWY NOT LIGHTED,,,44706.39643,FALSE,124,Accepted,5,5,O,"SLIPPERY SURFACE, WATER POOLING",,