IncidentID,AgencyORI,AgencyName,IncidentStatusDesc,County,RdwyNumber,Street,RoadwayName,StreetSfx,StreetDir,IntersectionRdwy,IntersectionRdwyName,BetweenStRdwy1,BetweenStRdwyName1,BetweenStRdwy2,BetweenStRdwyName2,Latitude,Longitude,Milepoint,CollisionDate,CollisionTime,UnitsInvolved,MotorVehiclesInvolved,NumberKilled,NumberInjured,Weather,RdwyConditionCode,HitandRun,DirAnalysisCode,MannerofCollision,RdwyCharacter,LightCondition,RampFromRdwyId,RampToRdwyId,AcceptedDate,IsSecondaryCollision,OwnerBadge,IncidentStatus,InjurySeverityCde,KABCO_Code,KABCO,Environmental_Factors,Human_Factors,Vehicular_Factors
30105387,0050000,BARREN COUNTY SHERIFF DEPT.,Accepted,BARREN,,,HAPPY HOLLOW,RD,,,,,,,,36.88110559,-85.86330642,0.964,5/24/2022,659,2,2,0,0,CLEAR,DRY,TRUE,HEAD-ON COLLISION,HEAD ON,CURVE & GRADE,DAYLIGHT,,,44707.38101,FALSE,157,Accepted,5,5,O,,INATTENTION,
30105389,0050000,BARREN COUNTY SHERIFF DEPT.,Accepted,BARREN,,,BETHEL CHURCH,RD,,,,,,,,36.95691149,-85.8488408,0.576,5/16/2022,1536,2,2,0,0,CLEAR,DRY,FALSE,SIDESWIPE COLLISION - OPPOSITE DIRECTION,SIDESWIPE-OPPOSITE DIRECTION,CURVE & LEVEL,DAYLIGHT,,,44707.38111,FALSE,182,Accepted,5,5,O,,INATTENTION,
30105390,0050000,BARREN COUNTY SHERIFF DEPT.,Accepted,BARREN,,,PRITCHARDSVILLE,RD,,,,,,,,36.97108409,-85.93718129,0.366,5/19/2022,2058,2,2,0,0,CLEAR,DRY,TRUE,SIDESWIPE COLLISION - OPPOSITE DIRECTION,SIDESWIPE-OPPOSITE DIRECTION,STRAIGHT & LEVEL,DARK-HWY NOT LIGHTED,,,44707.38116,FALSE,182,Accepted,5,5,O,,"FAILED TO KEEP PROPER LANE, INATTENTION",
30105391,0050000,BARREN COUNTY SHERIFF DEPT.,Accepted,BARREN,,,CORAL HILL LECTA,RD,,,,,,,,37.0435639,-85.85132567,2.704,5/21/2022,1755,1,1,0,1,CLOUDY,DRY,FALSE,COLLISION WITH FIXED OBJECT NON - INTERSECTION - FIRST EVENT COLLISION 09 - 32 EXCLUDING 16,SINGLE VEHICLE,STRAIGHT & LEVEL,DAYLIGHT,,,44707.38121,FALSE,182,Accepted,3,3,B,,"INATTENTION, NOT UNDER PROPER CONTROL",
30109776,0050100,GLASGOW POLICE DEPARTMENT,Accepted,BARREN,,212,HALL,ST,,,,,WILDERNESS,,FLORAL,36.98188055,-85.92683914,0.261,5/24/2022,1054,2,2,0,0,CLEAR,DRY,FALSE,SIDESWIPE COLLISION - OPPOSITE DIRECTION,SIDESWIPE-OPPOSITE DIRECTION,CURVE & LEVEL,DAYLIGHT,,,44708.47735,FALSE,2296,Accepted,5,5,O,,INATTENTION,
30122616,0050000,BARREN COUNTY SHERIFF DEPT.,Accepted,BARREN,KY1297,,OLD BOWLING GREEN,RD,,,,,,,,36.98317894,-86.06419692,5.013,5/23/2022,1510,2,2,0,1,CLEAR,DRY,FALSE,REAR END IN TRAFFIC LANES BOTH VEHICLES MOVING,REAR END,CURVE & LEVEL,DAYLIGHT,,,44712.34608,FALSE,182,Accepted,4,4,C,,"EXCEEDED STATED SPEED LIMIT, INATTENTION",
30122617,0050000,BARREN COUNTY SHERIFF DEPT.,Accepted,BARREN,US0031E,,JACKSON,HWY,N,,,,,,,37.06265771,-85.89656054,19.212,5/27/2022,1719,2,2,0,0,CLEAR,DRY,FALSE,REAR END IN TRAFFIC LANES BOTH VEHICLES MOVING,REAR END,STRAIGHT & LEVEL,DAYLIGHT,,,44712.34612,FALSE,181,Accepted,5,5,O,,INATTENTION,
30122618,0050000,BARREN COUNTY SHERIFF DEPT.,Accepted,BARREN,,9400,OLD MUNFORDVILLE,RD,,,,,,,,37.14293205,-85.90496233,6.804,5/26/2022,608,1,1,0,0,RAINING,WET,FALSE,OTHER COLLISIONS ON SHOULDER,SINGLE VEHICLE,CURVE & GRADE,DAYLIGHT,,,44712.34616,FALSE,170,Accepted,5,5,O,SLIPPERY SURFACE,,
30122622,0050000,BARREN COUNTY SHERIFF DEPT.,Accepted,BARREN,,,LECTA KINO,RD,,,,,,,,36.98807919,-85.79901401,3.78,5/30/2022,1530,1,1,0,0,CLEAR,DRY,FALSE,OTHER COLLISIONS ON SHOULDER,SINGLE VEHICLE,CURVE & GRADE,DAYLIGHT,,,44712.34626,FALSE,170,Accepted,5,5,O,,ALCOHOL INVOLVEMENT,
30126242,0050100,GLASGOW POLICE DEPARTMENT,Accepted,BARREN,,,WALL,ST,,,,,CHERRY,,HAPPY VALLEY,37.00885754,-85.92074735,0.029,5/26/2022,1619,1,1,0,0,CLEAR,DRY,FALSE,OTHER COLLISIONS ON SHOULDER,SINGLE VEHICLE,STRAIGHT & GRADE,DAYLIGHT,,,44712.77346,FALSE,2277,Accepted,5,5,O,,DISTRACTION,
30126245,0050100,GLASGOW POLICE DEPARTMENT,Accepted,BARREN,KY0090,,HAPPY VALLEY,RD,,,MAX WAGNER,,,,,37.02293058,-85.93460818,8.719,5/27/2022,2112,2,2,0,2,RAINING,WET,FALSE,HEAD-ON COLLISION,HEAD ON,STRAIGHT & GRADE,DARK-HWY LIGHTED/ON,,,44712.77353,FALSE,2277,Accepted,5,4,C,,"INATTENTION, TURNING IMPROPERLY",
30126246,0050100,GLASGOW POLICE DEPARTMENT,Accepted,BARREN,,,CHERRY,ST,W,,,,WALL,,MYRTLE,37.0072797,-85.92058875,0.143,5/27/2022,2159,2,2,0,0,CLEAR,WET,FALSE,REAR END IN TRAFFIC LANES BOTH VEHICLES MOVING,REAR END,STRAIGHT & HILLCREST,DARK-HWY LIGHTED/ON,,,44712.77359,FALSE,2277,Accepted,5,5,O,SLIPPERY SURFACE,MISJUDGE CLEARANCE,
30128343,0050000,BARREN COUNTY SHERIFF DEPT.,Accepted,BARREN,US0031E,,JACKSON,HWY,N,,,,,,,37.05483446,-85.89530888,18.663,5/19/2022,2220,1,1,0,0,CLEAR,DRY,FALSE,OTHER COLLISIONS ON SHOULDER,SINGLE VEHICLE,STRAIGHT & LEVEL,DARK-HWY NOT LIGHTED,,,44713.31863,FALSE,163,Accepted,5,5,O,,"NOT UNDER PROPER CONTROL, OVERCORRECTING/OVERSTEERING",
30131742,0050100,GLASGOW POLICE DEPARTMENT,Accepted,BARREN,,42141,CHERRY,ST,E,US0068X,COLUMBIA,,,,,36.99817377,-85.90602256,0.318,6/1/2022,1146,2,2,0,2,CLEAR,DRY,FALSE,ANGLE COLLISION - OTHER,ANGLE,STRAIGHT & GRADE,DAYLIGHT,,,44713.95782,FALSE,2287,Accepted,5,4,C,,"FAILED TO YIELD RIGHT OF WAY, INATTENTION, MISJUDGE CLEARANCE",
30131744,0050100,GLASGOW POLICE DEPARTMENT,Accepted,BARREN,US0031E,,L ROGERS WELLS,BLVD,N,,LEXINGTON,,,,,37.01430301,-85.91547541,15.3,6/1/2022,1212,2,2,0,0,CLEAR,DRY,FALSE,OPPOSING LEFT TURN,OPPOSING LEFT TURN,STRAIGHT & LEVEL,DAYLIGHT,,,44713.95791,FALSE,2285,Accepted,5,5,O,,FAILED TO YIELD RIGHT OF WAY,
30137966,0050100,GLASGOW POLICE DEPARTMENT,Accepted,BARREN,,,CHERRY,ST,W,,,,MYRTLE,,WALL,37.00712464,-85.92038683,0.158,5/27/2022,2155,2,2,0,0,CLEAR,DRY,FALSE,OTHER ROADWAY OR MID-BLOCK COLLISION,REAR END,STRAIGHT & GRADE,DARK-HWY LIGHTED/ON,,,44715.25257,FALSE,2264,Accepted,5,5,O,,INATTENTION,
30138671,0050000,BARREN COUNTY SHERIFF DEPT.,Accepted,BARREN,KY0740,6000,HISEVILLE PARK,RD,,,,,,,,37.16846794,-85.74766739,13.694,5/31/2022,828,1,1,0,1,CLEAR,DRY,FALSE,OTHER COLLISIONS ON SHOULDER,SINGLE VEHICLE,CURVE & GRADE,DAYLIGHT,,,44715.4006,FALSE,170,Accepted,5,4,C,,,TIRE FAILURE
30138675,0050000,BARREN COUNTY SHERIFF DEPT.,Accepted,BARREN,KY0063,4877,TOMPKINSVILLE,RD,,,,,,,,36.9328134,-85.87686975,9.667,5/19/2022,1311,1,1,0,0,CLOUDY,DRY,FALSE,COLLISION WITH FIXED OBJECT NON - INTERSECTION - FIRST EVENT COLLISION 09 - 32 EXCLUDING 16,SINGLE VEHICLE,STRAIGHT & LEVEL,DAYLIGHT,,,44715.40071,FALSE,125,Accepted,5,5,O,,,
30138677,0050000,BARREN COUNTY SHERIFF DEPT.,Accepted,BARREN,US0068,,NEW BOWLING GREEN,RD,,,MILLSTOWN,,,,,37.02373308,-86.09537718,1.884,5/18/2022,1403,1,1,0,0,CLOUDY,DRY,FALSE,COLLISION WITH FIXED OBJECT IN INTERSECTION - FIRST EVENT COLLISION 09 - 32,SINGLE VEHICLE,STRAIGHT & LEVEL,DAYLIGHT,,,44715.40078,FALSE,125,Accepted,5,5,O,,,
30138681,0050000,BARREN COUNTY SHERIFF DEPT.,Accepted,BARREN,US0068,6151,NEW BOWLING GREEN,RD,,,,,,,,37.01651091,-86.01541424,6.501,5/19/2022,1210,1,1,0,1,CLEAR,DRY,FALSE,COLLISION WITH FIXED OBJECT NON - INTERSECTION - FIRST EVENT COLLISION 09 - 32 EXCLUDING 16,SINGLE VEHICLE,CURVE & GRADE,DAYLIGHT,,,44715.40084,FALSE,125,Accepted,3,3,B,,,
30138683,0050000,BARREN COUNTY SHERIFF DEPT.,Accepted,BARREN,KY0090,,BURKESVILLE,RD,,,GREEN VALLEY,,,,,36.97652426,-85.88895552,11.728,5/31/2022,1449,2,2,0,0,CLEAR,DRY,FALSE,SIDESWIPE-SAME DIRECTION,SIDESWIPE-SAME DIRECTION,STRAIGHT & GRADE,DAYLIGHT,,,44715.40089,FALSE,125,Accepted,5,5,O,,INATTENTION,
30138690,0050000,BARREN COUNTY SHERIFF DEPT.,Accepted,BARREN,KY0090,8512,BURKESVILLE,RD,,,,,,,,36.92130339,-85.79439786,18.383,6/1/2022,1159,2,2,0,0,CLEAR,DRY,FALSE,REAR END IN TRAFFIC LANES BOTH VEHICLES MOVING,REAR END,STRAIGHT & LEVEL,DAYLIGHT,,,44715.40106,FALSE,170,Accepted,5,5,O,,INATTENTION,
30138694,0050000,BARREN COUNTY SHERIFF DEPT.,Accepted,BARREN,KY0070,3000,MAMMOTH CAVE,RD,,,,,,,,37.13421535,-86.00707963,3.523,5/14/2022,608,1,1,0,0,RAINING,WET,FALSE,RAN OFF ROADWAY (1 VEHICLE WITH/EARTH EMBANKMENT/DITCH),SINGLE VEHICLE,CURVE & GRADE,DARK-HWY LIGHTED/OFF,,,44715.40115,FALSE,172,Accepted,5,5,O,"SLIPPERY SURFACE, WATER POOLING",,
30138697,0050000,BARREN COUNTY SHERIFF DEPT.,Accepted,BARREN,KY2195,,OLD LEXINGTON,RD,,,,,WHITE ACRES,,WILSON CHILDRESS,37.13378555,-85.92811565,1.184,5/16/2022,1217,2,2,0,0,CLEAR,DRY,TRUE,SIDESWIPE COLLISION - SAME DIRECTION,SIDESWIPE-SAME DIRECTION,STRAIGHT & LEVEL,DAYLIGHT,,,44715.40124,FALSE,172,Accepted,5,5,O,,"DRUG INVOLVEMENT, INATTENTION",
30138698,0050000,BARREN COUNTY SHERIFF DEPT.,Accepted,BARREN,KY1297,6400,OLD BOWLING GREEN,RD,,,,,,,,36.98797435,-86.00118758,8.579,5/20/2022,1338,2,2,0,3,CLEAR,DRY,FALSE,SIDESWIPE COLLISION - OPPOSITE DIRECTION,SIDESWIPE-OPPOSITE DIRECTION,STRAIGHT & HILLCREST,DAYLIGHT,,,44715.40128,FALSE,172,Accepted,5,4,C,,INATTENTION,
30138699,0050000,BARREN COUNTY SHERIFF DEPT.,Accepted,BARREN,US0068,,EDMONTON,RD,,,,,,,,37.01211477,-85.83619358,18.061,5/30/2022,2052,1,1,0,0,CLEAR,DRY,FALSE,COLLISION WITH ANIMAL NON INTERSECTION,SINGLE VEHICLE,STRAIGHT & LEVEL,DARK-HWY NOT LIGHTED,,,44715.40133,FALSE,173,Accepted,5,5,O,ANIMALS ACTION,,
30138703,0050000,BARREN COUNTY SHERIFF DEPT.,Accepted,BARREN,US0031W,,LOUISVILLE,RD,,,,,,,,37.09257288,-86.02718696,2.379,5/20/2022,508,1,1,0,1,CLEAR,DRY,FALSE,OTHER COLLISIONS ON SHOULDER,SINGLE VEHICLE,STRAIGHT & LEVEL,DAWN,,,44715.40145,FALSE,157,Accepted,5,2,A,OTHER,,
30139396,0050100,GLASGOW POLICE DEPARTMENT,Accepted,BARREN,US0031E,,L ROGERS WELLS,BLVD,S,,CLEVELAND,,,,,36.98934216,-85.93221216,13.299,6/2/2022,2219,2,2,0,0,CLEAR,DRY,FALSE,ANGLE COLLISION - OTHER,ANGLE,STRAIGHT & LEVEL,DARK-HWY LIGHTED/ON,,,44715.54698,FALSE,2410,Accepted,5,5,O,,MISJUDGE CLEARANCE,
30148919,0050100,GLASGOW POLICE DEPARTMENT,Accepted,BARREN,US0031EX,,GREEN,ST,S,,,,COLLEGE,,BROWN,36.9931697,-85.91361957,1.256,5/27/2022,1535,2,2,0,1,CLOUDY,DRY,FALSE,1 VEHICLE ENTERING/LEAVING ENTRANCE,ANGLE,STRAIGHT & LEVEL,DAYLIGHT,,,44718.38377,FALSE,2240,Accepted,5,4,C,,"INATTENTION, OTHER, PHYSICAL DISABILITY",
30149124,0050000,BARREN COUNTY SHERIFF DEPT.,Accepted,BARREN,,,FRANKS MILL,RD,,,,,,,,37.02148704,-85.87889057,0.651,6/3/2022,1157,1,1,0,2,CLEAR,DRY,FALSE,OTHER COLLISIONS ON SHOULDER,SINGLE VEHICLE,CURVE & GRADE,DAYLIGHT,,,44718.41358,FALSE,154,Accepted,5,4,C,,"NOT UNDER PROPER CONTROL, OVERCORRECTING/OVERSTEERING, TOO FAST FOR CONDITIONS",
30149126,0050000,BARREN COUNTY SHERIFF DEPT.,Accepted,BARREN,,2713,CARDEN,RD,,,,,,,,37.04097201,-85.99937943,0.594,6/3/2022,959,1,1,0,0,CLEAR,DRY,FALSE,COLLISION WITH FIXED OBJECT NON - INTERSECTION - FIRST EVENT COLLISION 09 - 32 EXCLUDING 16,SINGLE VEHICLE,STRAIGHT & LEVEL,DAYLIGHT,,,44718.41365,FALSE,154,Accepted,5,5,O,,INATTENTION,
30149129,0050000,BARREN COUNTY SHERIFF DEPT.,Accepted,BARREN,KY2198,,LICK BRANCH,RD,,KY2198,GREEN VALLEY,,,,,36.96218344,-85.86614429,0.403,6/4/2022,1026,2,2,0,0,CLEAR,DRY,FALSE,ANGLE COLLISION - OTHER,ANGLE,STRAIGHT & GRADE,DAYLIGHT,,,44718.41379,FALSE,154,Accepted,5,5,O,,"MISJUDGE CLEARANCE, NOT UNDER PROPER CONTROL",
30149130,0050000,BARREN COUNTY SHERIFF DEPT.,Accepted,BARREN,LN9008,,LN9008 E,,,,,,,,,37.03907739,-86.06223039,3.113,6/5/2022,24,1,1,0,0,CLEAR,DRY,FALSE,COLLISION WITH ANIMAL NON INTERSECTION,SINGLE VEHICLE,STRAIGHT & LEVEL,DARK-HWY NOT LIGHTED,,,44718.41387,FALSE,182,Accepted,5,5,O,ANIMALS ACTION,,
30149166,0050100,GLASGOW POLICE DEPARTMENT,Accepted,BARREN,,212,NEWMAN,ST,,,,,,,,36.99479526,-85.90196603,0.051,6/5/2022,1001,2,2,0,0,CLEAR,DRY,FALSE,VEHICLE BACKING NON INTERSECTION,BACKING,STRAIGHT & LEVEL,DAYLIGHT,,,44718.41928,FALSE,2289,Accepted,5,5,O,,INATTENTION,
30149167,0050100,GLASGOW POLICE DEPARTMENT,Accepted,BARREN,US0031E,,SCOTTSVILLE,RD,,,TROJAN,,,,,36.97961925,-85.93314198,12.591,6/4/2022,2034,2,2,0,0,CLEAR,DRY,FALSE,OPPOSING LEFT TURN,OPPOSING LEFT TURN,STRAIGHT & LEVEL,DARK-HWY LIGHTED/ON,,,44718.41934,FALSE,2289,Accepted,5,5,O,,MISJUDGE CLEARANCE,
30150144,0050100,GLASGOW POLICE DEPARTMENT,Accepted,BARREN,,,TROJAN,TRL,,,,US0031E,SCOTTSVILLE,,HILLTOPPER,36.97649624,-85.92943949,1.014,6/2/2022,811,1,1,0,0,RAINING,WET,FALSE,COLLISION WITH FIXED OBJECT NON - INTERSECTION - FIRST EVENT COLLISION 09 - 32 EXCLUDING 16,SINGLE VEHICLE,CURVE & GRADE,DAYLIGHT,,,44718.6165,FALSE,50,Accepted,5,5,O,SLIPPERY SURFACE,NOT UNDER PROPER CONTROL,
30153421,0050100,GLASGOW POLICE DEPARTMENT,Accepted,BARREN,US0068,,VETERANS OUTER,LOOP,,,BEAVER,,,,,37.02252092,-85.93849076,11.135,6/1/2022,1406,2,2,0,0,CLEAR,DRY,FALSE,OPPOSING LEFT TURN,OPPOSING LEFT TURN,STRAIGHT & LEVEL,DAYLIGHT,,,44719.36484,FALSE,2296,Accepted,5,5,O,,,
30159862,0050000,BARREN COUNTY SHERIFF DEPT.,Accepted,BARREN,US0031E,,SCOTTSVILLE,RD,,,,,,,,36.88591213,-86.02195455,4.135,6/4/2022,2217,1,1,0,0,CLEAR,DRY,FALSE,COLLISION WITH ANIMAL NON INTERSECTION,SINGLE VEHICLE,STRAIGHT & GRADE,DARK-HWY NOT LIGHTED,,,44720.65986,FALSE,167,Accepted,5,5,O,ANIMALS ACTION,,
30159865,0050000,BARREN COUNTY SHERIFF DEPT.,Accepted,BARREN,KY0070,,HISEVILLE MAIN,ST,W,KY0740,PARK,,,,,37.10075801,-85.81421969,15.104,6/6/2022,846,2,2,0,0,CLEAR,DRY,FALSE,ANGLE COLLISION - OTHER,ANGLE,STRAIGHT & LEVEL,DAYLIGHT,,,44720.66008,FALSE,157,Accepted,5,5,O,,INATTENTION,
30159867,0050000,BARREN COUNTY SHERIFF DEPT.,Accepted,BARREN,US0068,,EDMONTON,RD,,,,,LECTA KINO,,OLD MAYFIELD MILL,37.01006533,-85.85290621,17.124,6/7/2022,31,2,2,0,0,CLEAR,DRY,FALSE,REAR END IN TRAFFIC LANES BOTH VEHICLES MOVING,REAR END,STRAIGHT & LEVEL,DARK-HWY NOT LIGHTED,,,44720.66018,FALSE,124,Accepted,5,5,O,,INATTENTION,
30160004,KSP0300,"KY STATE POLICE, POST 03",Accepted,BARREN,KY0685,,STOVALL,RD,,,,,,,,37.02679667,-86.02103252,3.187,3/5/2022,2156,1,1,1,0,CLEAR,DRY,FALSE,OTHER COLLISIONS ON SHOULDER,SINGLE VEHICLE,STRAIGHT & LEVEL,DARK-HWY NOT LIGHTED,,,44720.68119,FALSE,411,Accepted,5,1,K,,NOT UNDER PROPER CONTROL,
30162510,0050100,GLASGOW POLICE DEPARTMENT,Accepted,BARREN,,,BRYAN,ST,,,,,CLAYBURN,US0068X,COLUMBIA,36.99877257,-85.90420878,0.004,6/7/2022,1952,2,2,0,0,CLOUDY,DRY,FALSE,HEAD-ON COLLISION,HEAD ON,STRAIGHT & HILLCREST,DUSK,,,44721.31839,FALSE,2268,Accepted,5,5,O,,"INATTENTION, MISJUDGE CLEARANCE",
30162632,0050000,BARREN COUNTY SHERIFF DEPT.,Accepted,BARREN,KY1318,677,NARROWS,RD,,,,,,,,36.89282129,-86.05262281,0.96,5/31/2022,1738,1,1,0,0,CLEAR,DRY,TRUE,OTHER ROADWAY OR MID-BLOCK COLLISION,SINGLE VEHICLE,CURVE & LEVEL,DAYLIGHT,,,44721.35331,FALSE,163,Accepted,5,5,O,,ALCOHOL INVOLVEMENT,
30162633,0050000,BARREN COUNTY SHERIFF DEPT.,Accepted,BARREN,US0068,,NEW BOWLING GREEN,RD,,,,,,,,37.018919,-86.0315056,5.544,6/3/2022,1815,2,2,0,0,CLEAR,DRY,FALSE,REAR END IN TRAFFIC LANES BOTH VEHICLES MOVING,REAR END,STRAIGHT & LEVEL,DAYLIGHT,,,44721.35342,FALSE,163,Accepted,5,5,O,,INATTENTION,
30166723,0050100,GLASGOW POLICE DEPARTMENT,Accepted,BARREN,US0031E,,L ROGERS WELLS,BLVD,N,,LEXINGTON,,,,,37.01432711,-85.91549008,15.298,6/6/2022,2054,2,2,0,1,RAINING,WET,FALSE,ANGLE COLLISION - OTHER,ANGLE,STRAIGHT & LEVEL,DARK-HWY LIGHTED/ON,,,44722.29857,FALSE,2286,Accepted,5,3,B,,INATTENTION,
30166724,0050100,GLASGOW POLICE DEPARTMENT,Accepted,BARREN,US0031E,,L ROGERS WELLS,BLVD,N,,HAPPY VALLEY,,,,,37.00958865,-85.92141586,14.849,6/6/2022,1736,2,2,0,0,CLOUDY,WET,FALSE,OTHER INTERSECTION COLLISIONS,REAR END,STRAIGHT & LEVEL,DAYLIGHT,,,44722.29863,FALSE,2273,Accepted,5,5,O,,INATTENTION,
30168923,0050100,GLASGOW POLICE DEPARTMENT,Accepted,BARREN,US0031EX,,RACE,ST,N,,CHERRY,,,,,37.00168047,-85.90949928,1.932,6/6/2022,900,1,1,0,0,CLEAR,DRY,FALSE,COLLISION WITH FIXED OBJECT IN INTERSECTION - FIRST EVENT COLLISION 09 - 32,SINGLE VEHICLE,STRAIGHT & LEVEL,DAYLIGHT,,,44722.72775,FALSE,2285,Accepted,5,5,O,,"CELL PHONE, DISTRACTION",
30168925,0050100,GLASGOW POLICE DEPARTMENT,Accepted,BARREN,US0031E,,L ROGERS WELLS,BLVD,N,,ROGERS,,,,,37.00369997,-85.92529332,14.333,6/6/2022,1717,2,2,0,0,CLOUDY,WET,FALSE,ANGLE COLLISION - OTHER,ANGLE,STRAIGHT & LEVEL,DAYLIGHT,,,44722.72783,FALSE,2287,Accepted,5,5,O,,,
30177553,KSP0300,"KY STATE POLICE, POST 03",Accepted,BARREN,,,OLD MUNFORDVILLE,RD,,,,,,,,37.11261902,-85.90334656,4.657,3/8/2022,2023,1,1,0,1,CLEAR,DRY,FALSE,1 VEHICLE ENTERING OR LEAVING PARKED POSITION (NOT PARKING LOT),SINGLE VEHICLE,STRAIGHT & HILLCREST,DARK-HWY NOT LIGHTED,,,44725.55363,FALSE,694,Accepted,4,4,C,,NOT UNDER PROPER CONTROL,
30186673,0050100,GLASGOW POLICE DEPARTMENT,Accepted,BARREN,US0031E,,L ROGERS WELLS,BLVD,S,,,,CAVALRY,US0031EX,GREEN,36.98462564,-85.9316764,12.969,6/14/2022,1556,2,2,0,0,CLEAR,DRY,FALSE,SIDESWIPE COLLISION - SAME DIRECTION,SIDESWIPE-SAME DIRECTION,STRAIGHT & LEVEL,DAYLIGHT,,,44727.54859,FALSE,2277,Accepted,5,5,O,CONSTRUCTION WORK ZONE,"FOLLOWING TOO CLOSE, INATTENTION",
30189924,0050100,GLASGOW POLICE DEPARTMENT,Accepted,BARREN,,,HAPPY VALLEY,RD,,,GREEN ACRES,,,,,37.0069079,-85.91484465,0.398,6/7/2022,1406,2,2,0,1,CLOUDY,DRY,FALSE,OTHER INTERSECTION COLLISIONS,REAR END,STRAIGHT & LEVEL,DAYLIGHT,,,44728.28536,FALSE,2666,Accepted,5,3,B,,INATTENTION,
30189925,0050100,GLASGOW POLICE DEPARTMENT,Accepted,BARREN,,118,DORIS,AVE,,,,,LEXINGTON,,MILTON,37.00880696,-85.91015048,0.119,6/11/2022,1455,1,1,0,0,CLEAR,DRY,FALSE,COLLISION WITH FIXED OBJECT NON - INTERSECTION - FIRST EVENT COLLISION 09 - 32 EXCLUDING 16,SINGLE VEHICLE,STRAIGHT & LEVEL,DAYLIGHT,,,44728.2854,FALSE,2270,Accepted,5,5,O,,INATTENTION,
30189927,0050100,GLASGOW POLICE DEPARTMENT,Accepted,BARREN,US0068X,,COLUMBIA,AVE,,KY1307,NEW SALEM,,,,,37.00260111,-85.89758766,3.503,6/11/2022,1524,2,2,0,0,CLEAR,DRY,FALSE,SIDESWIPE-SAME DIRECTION,SIDESWIPE-SAME DIRECTION,STRAIGHT & LEVEL,DAYLIGHT,,,44728.28546,FALSE,2666,Accepted,5,5,O,,"INATTENTION, MISJUDGE CLEARANCE",
30199674,0050100,GLASGOW POLICE DEPARTMENT,Accepted,BARREN,US0031E,,JACKSON,HWY,N,,,,STEEPLECHASE,,CHEVY,37.04749699,-85.89867075,18.076,6/7/2022,1228,2,2,0,0,CLEAR,DRY,FALSE,REAR END IN TRAFFIC LANES BOTH VEHICLES MOVING,REAR END,STRAIGHT & LEVEL,DAYLIGHT,,,44731.02267,FALSE,50,Accepted,5,5,O,,INATTENTION,
30199701,0050100,GLASGOW POLICE DEPARTMENT,Accepted,BARREN,,,MYRTLE,ST,,,KENTUCKY,,,,,37.00367473,-85.92086753,,6/15/2022,857,2,2,0,0,CLEAR,DRY,FALSE,ANGLE COLLISION - OTHER,ANGLE,STRAIGHT & GRADE,DAYLIGHT,,,44731.02594,FALSE,50,Accepted,5,5,O,,INATTENTION,
30205245,0050100,GLASGOW POLICE DEPARTMENT,Accepted,BARREN,,,SORENSON,AVE,,,GRANDVIEW,,,,,36.99728746,-85.9372491,0.644,6/16/2022,1241,2,2,0,0,CLEAR,DRY,FALSE,VEHICLE BACKING IN INTERSECTION,BACKING,STRAIGHT & LEVEL,DAYLIGHT,,,44732.63365,FALSE,2297,Accepted,5,5,O,,INATTENTION,
30207012,0050100,GLASGOW POLICE DEPARTMENT,Accepted,BARREN,US0031E,,L ROGERS WELLS,BLVD,N,,,,SHANE,,SMITH,37.0059654,-85.92452061,14.436,6/18/2022,2040,2,2,0,0,CLEAR,DRY,TRUE,SIDESWIPE COLLISION - SAME DIRECTION,SIDESWIPE-SAME DIRECTION,STRAIGHT & LEVEL,DARK-HWY LIGHTED/ON,,,44733.03481,FALSE,2277,Accepted,5,5,O,,"MISJUDGE CLEARANCE, NOT UNDER PROPER CONTROL, WEAVING IN TRAFFIC",
30207694,0050100,GLASGOW POLICE DEPARTMENT,Accepted,BARREN,,1002,RAINBOW,DR,,,,,,,,36.99877393,-85.89316766,0.124,6/18/2022,2305,2,2,0,0,CLEAR,DRY,TRUE,1 VEHICLE PARKED POSITION (NOT PARKING LOT/DRIVEWAY),ANGLE,STRAIGHT & LEVEL,DARK-HWY LIGHTED/ON,,,44733.26912,FALSE,2286,Accepted,5,5,O,,EMOTIONAL,
30207911,0050100,GLASGOW POLICE DEPARTMENT,Accepted,BARREN,KY0090,,HAPPY VALLEY,RD,,US0031E,L ROGERS WELLS,,,,,37.0097797,-85.92160702,9.906,6/17/2022,1558,2,2,0,0,CLEAR,DRY,FALSE,SIDESWIPE-SAME DIRECTION,SIDESWIPE-SAME DIRECTION,STRAIGHT & LEVEL,DAYLIGHT,,,44733.31237,FALSE,2666,Accepted,5,5,O,,"FAILED TO KEEP PROPER LANE, INATTENTION",
30213457,0050100,GLASGOW POLICE DEPARTMENT,Accepted,BARREN,KY0090,,HAPPY VALLEY,RD,,,PERKINS,,,,,37.03581821,-85.94375496,7.697,6/15/2022,1128,2,2,0,0,CLEAR,DRY,FALSE,ANGLE COLLISION - OTHER,ANGLE,STRAIGHT & LEVEL,DAYLIGHT,,,44734.48046,FALSE,50,Accepted,5,5,O,,IMPROPER PASSING,
30213484,0050200,CAVE CITY POLICE DEPARTMENT,Accepted,BARREN,US0031W,,DIXIE,HWY,N,,,,,,,37.14830046,-85.94003246,8.6,5/25/2022,1412,2,2,0,0,CLOUDY,DRY,FALSE,SIDESWIPE COLLISION - OPPOSITE DIRECTION,SIDESWIPE-OPPOSITE DIRECTION,STRAIGHT & LEVEL,DAYLIGHT,,,44734.49248,FALSE,607,Accepted,5,5,O,ANIMALS ACTION,INATTENTION,