IncidentID,AgencyORI,AgencyName,IncidentStatusDesc,County,RdwyNumber,Street,RoadwayName,StreetSfx,StreetDir,IntersectionRdwy,IntersectionRdwyName,BetweenStRdwy1,BetweenStRdwyName1,BetweenStRdwy2,BetweenStRdwyName2,Latitude,Longitude,Milepoint,CollisionDate,CollisionTime,UnitsInvolved,MotorVehiclesInvolved,NumberKilled,NumberInjured,Weather,RdwyConditionCode,HitandRun,DirAnalysisCode,MannerofCollision,RdwyCharacter,LightCondition,RampFromRdwyId,RampToRdwyId,AcceptedDate,IsSecondaryCollision,OwnerBadge,IncidentStatus,InjurySeverityCde,KABCO_Code,KABCO,Environmental_Factors,Human_Factors,Vehicular_Factors
30213485,0050200,CAVE CITY POLICE DEPARTMENT,Accepted,BARREN,KY0090,,HAPPY VALLEY,ST,,,,,,,,37.12808922,-85.963034,0.819,5/23/2022,1148,2,2,0,0,CLOUDY,DRY,FALSE,COLLISION WITH FIXED OBJECT NON - INTERSECTION - FIRST EVENT COLLISION 09 - 32 EXCLUDING 16,SIDESWIPE-OPPOSITE DIRECTION,STRAIGHT & GRADE,DAYLIGHT,,,44734.49255,FALSE,608,Accepted,5,5,O,,INATTENTION,
30213488,0050200,CAVE CITY POLICE DEPARTMENT,Accepted,BARREN,,,EASTLAND,CT,,,,,,,,37.13850637,-85.95000172,0.088,5/28/2022,1535,2,2,0,0,CLEAR,DRY,FALSE,SIDESWIPE COLLISION - SAME DIRECTION,SIDESWIPE-SAME DIRECTION,STRAIGHT & GRADE,DAYLIGHT,,,44734.49268,FALSE,611,Accepted,5,5,O,,"IMPROPER PASSING, INATTENTION",
30213490,0050200,CAVE CITY POLICE DEPARTMENT,Accepted,BARREN,KY0070,,MAMMOTH CAVE,RD,,,HUCKLEBERRY KNOB,,,,,37.13587506,-85.98306191,4.853,5/30/2022,1634,3,3,0,1,CLEAR,DRY,FALSE,OTHER INTERSECTION COLLISIONS,REAR END,STRAIGHT & LEVEL,DAYLIGHT,,,44734.49279,FALSE,611,Accepted,5,4,C,,INATTENTION,
30213493,0050200,CAVE CITY POLICE DEPARTMENT,Accepted,BARREN,KY0685,,WILSON,RD,,,,,,,,37.11847936,-85.93044368,12.737,6/3/2022,2030,1,1,0,0,CLEAR,DRY,FALSE,COLLISION WITH ANIMAL NON INTERSECTION,SINGLE VEHICLE,CURVE & LEVEL,DARK-HWY LIGHTED/OFF,,,44734.49302,FALSE,607,Accepted,5,5,O,ANIMALS ACTION,"ALCOHOL INVOLVEMENT, INATTENTION",
30213495,0050200,CAVE CITY POLICE DEPARTMENT,Accepted,BARREN,US0031W,,DIXIE,HWY,N,,,,,,,37.14228309,-85.94874731,7.984,5/19/2022,1010,2,2,0,0,CLEAR,DRY,FALSE,COLLISION WITH FIXED OBJECT NON - INTERSECTION - FIRST EVENT COLLISION 09 - 32 EXCLUDING 16,BACKING,STRAIGHT & LEVEL,DAYLIGHT,,,44734.49313,FALSE,608,Accepted,5,5,O,,"DRUG INVOLVEMENT, IMPROPER BACKING",
30213501,0050200,CAVE CITY POLICE DEPARTMENT,Accepted,BARREN,US0031W,,DIXIE,HWY,N,,NORTHSIDE,,,,,37.14312335,-85.94758391,8.066,6/12/2022,1355,2,2,0,1,CLEAR,DRY,FALSE,ANGLE COLLISION - OTHER,ANGLE,STRAIGHT & LEVEL,DAYLIGHT,,,44734.49347,FALSE,611,Accepted,5,3,B,,INATTENTION,
30213502,0050200,CAVE CITY POLICE DEPARTMENT,Accepted,BARREN,KY0090,,HAPPY VALLEY,ST,E,,GLENWOOD,,,,,37.12148625,-85.96208195,1.298,6/13/2022,1328,3,3,0,2,CLEAR,DRY,FALSE,OTHER INTERSECTION COLLISIONS,REAR END,STRAIGHT & LEVEL,DAYLIGHT,,,44734.49353,FALSE,611,Accepted,5,3,B,,INATTENTION,
30213504,0050200,CAVE CITY POLICE DEPARTMENT,Accepted,BARREN,KY0090,,HAPPY VALLEY,ST,E,,,,,,,37.12176581,-85.96206002,1.306,6/15/2022,1528,4,4,0,2,CLEAR,DRY,FALSE,1 VEHICLE ENTERING/LEAVING ENTRANCE,ANGLE,STRAIGHT & LEVEL,DAYLIGHT,,,44734.49363,TRUE,607,Accepted,5,3,B,,INATTENTION,
30215658,KSP0300,"KY STATE POLICE, POST 03",Accepted,BARREN,KY0063,,TOMPKINSVILLE,RD,,,,,,,,36.91697043,-85.86736886,8.411,6/20/2022,1755,2,2,0,0,CLEAR,DRY,FALSE,REAR END IN TRAFFIC LANES BOTH VEHICLES MOVING,REAR END,STRAIGHT & GRADE,DAYLIGHT,,,44734.80938,FALSE,549,Accepted,5,5,O,,INATTENTION,
30224403,0050100,GLASGOW POLICE DEPARTMENT,Accepted,BARREN,,,WASHINGTON,ST,E,,BROADWAY,,,,,36.99457686,-85.91133464,0.068,6/24/2022,1144,2,2,0,0,CLEAR,DRY,FALSE,SIDESWIPE-SAME DIRECTION,SIDESWIPE-SAME DIRECTION,STRAIGHT & LEVEL,DAYLIGHT,,,44736.79391,FALSE,2285,Accepted,5,5,O,,MISJUDGE CLEARANCE,
30226074,0050100,GLASGOW POLICE DEPARTMENT,Accepted,BARREN,,,FRONT,ST,W,,GREEN,,,,,36.99755861,-85.91073967,0.075,6/22/2022,1057,2,2,0,0,CLEAR,DRY,FALSE,ANGLE COLLISION - OTHER,ANGLE,STRAIGHT & HILLCREST,DAYLIGHT,,,44737.37207,FALSE,2237,Accepted,5,5,O,,OTHER,
30231858,0050000,BARREN COUNTY SHERIFF DEPT.,Accepted,BARREN,,,PRITCHARDSVILLE,RD,,,,,,,,36.9633493,-85.94470446,1.139,6/10/2022,903,1,1,0,0,CLOUDY,DRY,FALSE,COLLISION WITH FIXED OBJECT NON - INTERSECTION - FIRST EVENT COLLISION 09 - 32 EXCLUDING 16,SINGLE VEHICLE,CURVE & LEVEL,DAYLIGHT,,,44739.36957,FALSE,154,Accepted,5,5,O,,FAILED TO KEEP PROPER LANE,
30231859,0050000,BARREN COUNTY SHERIFF DEPT.,Accepted,BARREN,,,JAMES,RD,,,,,,,,36.99212572,-86.05717964,1.959,6/7/2022,1900,1,1,0,0,CLEAR,DRY,FALSE,RAN OFF ROADWAY (1 VEHICLE WITH/EARTH EMBANKMENT/DITCH),SINGLE VEHICLE,CURVE & LEVEL,DUSK,,,44739.36961,FALSE,167,Accepted,5,5,O,,"INATTENTION, TOO FAST FOR CONDITIONS",
30231860,0050000,BARREN COUNTY SHERIFF DEPT.,Accepted,BARREN,KY0090,,HAPPY VALLEY,RD,,,,,,,,37.08055309,-85.96772803,4.32,6/9/2022,1339,2,2,0,0,CLEAR,DRY,FALSE,SIDESWIPE COLLISION - OPPOSITE DIRECTION,SIDESWIPE-OPPOSITE DIRECTION,STRAIGHT & GRADE,DAYLIGHT,,,44739.36966,FALSE,167,Accepted,5,5,O,OTHER,FOLLOWING TOO CLOSE,
30231862,0050000,BARREN COUNTY SHERIFF DEPT.,Accepted,BARREN,KY0070,,HISEVILLE,RD,,,,,,,,37.10840911,-85.84597256,13.215,6/13/2022,2028,2,2,0,0,CLEAR,DRY,TRUE,SIDESWIPE COLLISION - OPPOSITE DIRECTION,SIDESWIPE-OPPOSITE DIRECTION,STRAIGHT & LEVEL,DARK-HWY NOT LIGHTED,,,44739.36972,FALSE,124,Accepted,5,5,O,,,
30231863,0050000,BARREN COUNTY SHERIFF DEPT.,Accepted,BARREN,US0031E,,SCOTTSVILLE,RD,,,,,,,,36.88506079,-86.02277871,4.09,6/12/2022,1620,2,2,0,1,CLEAR,DRY,FALSE,REAR END IN TRAFFIC LANES BOTH VEHICLES MOVING,REAR END,STRAIGHT & LEVEL,DAYLIGHT,,,44739.36976,FALSE,181,Accepted,5,4,C,,INATTENTION,
30231864,0050000,BARREN COUNTY SHERIFF DEPT.,Accepted,BARREN,,,PATTON,RD,,,GLOVER HILLS,,,,,36.93144481,-85.86480898,0.718,6/13/2022,1935,2,2,0,0,CLEAR,DRY,FALSE,HEAD-ON COLLISION,HEAD ON,STRAIGHT & LEVEL,DUSK,,,44739.36981,FALSE,181,Accepted,5,5,O,"NON-HIGHWAY WORK: WORK ZONE (Utility, Tree, etc.)",FAILED TO KEEP PROPER LANE,
30231884,0050000,BARREN COUNTY SHERIFF DEPT.,Accepted,BARREN,,286,JENNY,RD,,,,,,,,37.13280368,-86.02476832,0.112,6/18/2022,1552,2,2,0,0,CLEAR,DRY,TRUE,SIDESWIPE COLLISION - OPPOSITE DIRECTION,SIDESWIPE-OPPOSITE DIRECTION,CURVE & GRADE,DAYLIGHT,,,44739.37026,FALSE,167,Accepted,5,5,O,VIEW OBSTRUCTED/LIMITED DUE TO RDWY,ALCOHOL INVOLVEMENT,
30231885,0050000,BARREN COUNTY SHERIFF DEPT.,Accepted,BARREN,KY0314,,CENTER,RD,,,,,,,,37.09935049,-85.76139496,2.171,6/16/2022,2038,1,1,0,0,CLEAR,DRY,FALSE,COLLISION WITH ANIMAL NON INTERSECTION,SINGLE VEHICLE,STRAIGHT & GRADE,DAYLIGHT,,,44739.3703,FALSE,163,Accepted,5,5,O,ANIMALS ACTION,,
30231887,0050000,BARREN COUNTY SHERIFF DEPT.,Accepted,BARREN,KY1324,2483,TEMPLE HILL,RD,,,,,GARRETT,,RITTERS MILL,36.86551369,-85.81338214,4.292,6/19/2022,1415,2,1,0,1,CLEAR,DRY,FALSE,COLLISION WITH ANIMAL NON INTERSECTION,SINGLE VEHICLE,STRAIGHT & GRADE,DAYLIGHT,,,44739.37039,FALSE,172,Accepted,2,2,A,ANIMALS ACTION,,
30231894,0050000,BARREN COUNTY SHERIFF DEPT.,Accepted,BARREN,LN9008,,LN9008 E,,,,,,,,,37.02256074,-86.039287,4.824,6/18/2022,2002,2,2,0,0,CLEAR,DRY,TRUE,REAR END IN TRAFFIC LANES BOTH VEHICLES MOVING,REAR END,STRAIGHT & LEVEL,DAYLIGHT,,,44739.37047,FALSE,182,Accepted,5,5,O,,TURNING IMPROPERLY,
30231901,0050000,BARREN COUNTY SHERIFF DEPT.,Accepted,BARREN,KY0255,,MAMMOTH CAVE,PKWY,,US0031W,LOUISVILLE,,,,,37.09282288,-86.0520426,11.474,6/22/2022,1613,2,2,0,0,CLEAR,DRY,FALSE,OTHER INTERSECTION COLLISIONS,REAR END,STRAIGHT & LEVEL,DAYLIGHT,,,44739.3706,FALSE,181,Accepted,5,5,O,,OTHER,
30231904,0050000,BARREN COUNTY SHERIFF DEPT.,Accepted,BARREN,US0031E,,SCOTTSVILLE,RD,,,,,,,,36.87665943,-86.02869613,3.415,6/22/2022,2146,1,1,0,0,CLEAR,DRY,FALSE,COLLISION WITH ANIMAL NON INTERSECTION,SINGLE VEHICLE,STRAIGHT & LEVEL,DARK-HWY NOT LIGHTED,,,44739.37066,FALSE,181,Accepted,5,5,O,ANIMALS ACTION,,
30231906,0050000,BARREN COUNTY SHERIFF DEPT.,Accepted,BARREN,LN9008,,LN9008 W,,,,,,,,,37.0229039,-86.03933532,4.805,6/22/2022,2140,1,1,0,0,CLEAR,DRY,FALSE,COLLISION WITH ANIMAL NON INTERSECTION,SINGLE VEHICLE,STRAIGHT & LEVEL,DARK-HWY NOT LIGHTED,,,44739.37069,FALSE,182,Accepted,5,5,O,ANIMALS ACTION,,
30231908,0050000,BARREN COUNTY SHERIFF DEPT.,Accepted,BARREN,LN9008,,LN9008 E,,,,,,,,,36.98539921,-85.9486758,10.548,6/22/2022,2142,1,1,0,0,CLEAR,DRY,FALSE,COLLISION WITH ANIMAL NON INTERSECTION,SINGLE VEHICLE,STRAIGHT & LEVEL,DARK-HWY NOT LIGHTED,,,44739.37073,FALSE,124,Accepted,5,5,O,ANIMALS ACTION,,
30231911,0050000,BARREN COUNTY SHERIFF DEPT.,Accepted,BARREN,KY0090,,HAPPY VALLEY,RD,,,,,,,,37.09524764,-85.97346516,3.259,6/11/2022,1420,2,2,0,0,CLEAR,DRY,FALSE,OCCUPANT FELL FROM MOVING VEHICLE,HEAD ON,STRAIGHT & LEVEL,DAYLIGHT,,,44739.37079,FALSE,154,Accepted,5,5,O,,,
30231915,0050000,BARREN COUNTY SHERIFF DEPT.,Accepted,BARREN,,,NEW CUT,RD,,,,,,,,37.07919674,-85.81187978,1.286,6/17/2022,1628,2,2,0,0,CLEAR,DRY,FALSE,SIDESWIPE COLLISION - OPPOSITE DIRECTION,SIDESWIPE-OPPOSITE DIRECTION,STRAIGHT & HILLCREST,DAYLIGHT,,,44739.37087,FALSE,163,Accepted,5,5,O,,"FAILED TO YIELD RIGHT OF WAY, OTHER",
30231918,0050000,BARREN COUNTY SHERIFF DEPT.,Accepted,BARREN,,1280,OIL WELL,RD,,,,,,,,36.93896264,-85.93926618,4.092,6/20/2022,1,1,1,0,0,CLEAR,DRY,FALSE,OTHER ROADWAY OR MID-BLOCK COLLISION,SINGLE VEHICLE,CURVE & GRADE,DARK-HWY NOT LIGHTED,,,44739.37092,FALSE,163,Accepted,5,5,O,ANIMALS ACTION,,
30236096,0050000,BARREN COUNTY SHERIFF DEPT.,Accepted,BARREN,US0068,,EDMONTON,RD,,US0068,VETERANS OUTER,,,,,37.010068,-85.88035893,15.55,6/23/2022,1007,3,3,0,0,CLEAR,DRY,FALSE,ANGLE COLLISION - OTHER,ANGLE,STRAIGHT & LEVEL,DAYLIGHT,,,44740.33039,FALSE,157,Accepted,5,5,O,,,
30237896,0050100,GLASGOW POLICE DEPARTMENT,Accepted,BARREN,US0031E,,L ROGERS WELLS,BLVD,S,,,,,,,36.98322806,-85.93144542,12.872,6/16/2022,1130,2,2,0,0,CLEAR,DRY,FALSE,OTHER ROADWAY OR MID-BLOCK COLLISION,REAR END,STRAIGHT & HILLCREST,DAYLIGHT,,,44740.65717,FALSE,2298,Accepted,5,5,O,,INATTENTION,
30240659,0050000,BARREN COUNTY SHERIFF DEPT.,Accepted,BARREN,,,HOLLIS THOMAS,RD,,,LECTA KINO,,,,,36.9936952,-85.8341815,0.759,6/28/2022,650,2,2,0,0,CLEAR,DRY,FALSE,ANGLE COLLISION - ONE VEHICLE TURNING LEFT,ANGLE,STRAIGHT & HILLCREST,DAYLIGHT,,,44741.31037,FALSE,170,Accepted,5,5,O,GLARE (SUN),INATTENTION,
30240662,0050000,BARREN COUNTY SHERIFF DEPT.,Accepted,BARREN,US0068,,NEW BOWLING GREEN,RD,,,,,,,,37.01474499,-86.0050581,7.086,6/27/2022,1616,2,2,0,0,CLEAR,DRY,FALSE,REAR END IN TRAFFIC LANES BOTH VEHICLES MOVING,REAR END,STRAIGHT & LEVEL,DAYLIGHT,,,44741.31048,FALSE,181,Accepted,5,5,O,GLARE (SUN),INATTENTION,
30240665,0050000,BARREN COUNTY SHERIFF DEPT.,Accepted,BARREN,KY0255,,PARK CITY BON AYR,RD,,,,,,,,37.06773505,-86.06256988,9.674,6/25/2022,1633,1,1,0,0,CLEAR,DRY,FALSE,OTHER ROADWAY OR MID-BLOCK COLLISION,SINGLE VEHICLE,STRAIGHT & LEVEL,DAYLIGHT,,,44741.31054,FALSE,174,Accepted,5,5,O,DEBRIS IN ROADWAY,,
30246853,0050000,BARREN COUNTY SHERIFF DEPT.,Accepted,BARREN,KY3179,8500,OIL WELL,RD,,,,,,,,36.85104997,-85.95942168,3.549,6/29/2022,1453,2,2,0,0,CLEAR,DRY,FALSE,SIDESWIPE COLLISION - OPPOSITE DIRECTION,SIDESWIPE-OPPOSITE DIRECTION,CURVE & HILLCREST,DAYLIGHT,,,44742.58283,FALSE,170,Accepted,5,5,O,,FAILED TO KEEP PROPER LANE,
30250443,0050100,GLASGOW POLICE DEPARTMENT,Accepted,BARREN,,400,GLEN GARRY,RD,,,,,,,,36.98639831,-85.95984454,0.427,6/23/2022,1430,2,2,0,0,CLEAR,DRY,FALSE,1 VEHICLE PARKED POSITION (NOT PARKING LOT/DRIVEWAY),BACKING,STRAIGHT & GRADE,DAYLIGHT,,,44743.37162,FALSE,2240,Accepted,5,5,O,OTHER,INATTENTION,
30251581,0050100,GLASGOW POLICE DEPARTMENT,Accepted,BARREN,,,REYNOLDS,RD,,KY0090,HAPPY VALLEY,,,,,37.01510667,-85.92769808,0.704,6/27/2022,804,2,2,0,0,CLEAR,DRY,FALSE,ANGLE COLLISION - OTHER,ANGLE,STRAIGHT & LEVEL,DAYLIGHT,,,44743.6377,FALSE,2293,Accepted,5,5,O,,,LOAD SECUREMENT
30251582,0050100,GLASGOW POLICE DEPARTMENT,Accepted,BARREN,KY0090,,HAPPY VALLEY,RD,,,,,VALLEY VIEW,,REYNOLDS,37.01467534,-85.9273616,9.43,6/27/2022,927,2,2,0,1,CLOUDY,DRY,FALSE,REAR END IN TRAFFIC LANES BOTH VEHICLES MOVING,REAR END,STRAIGHT & LEVEL,DAYLIGHT,,,44743.63781,FALSE,2666,Accepted,5,3,B,GLARE (SUN),,OTHER
30255029,0050100,GLASGOW POLICE DEPARTMENT,Accepted,BARREN,US0031E,,SCOTTSVILLE,RD,,,FORK,,,,,36.97209009,-85.94063479,11.912,7/2/2022,1122,2,2,0,0,CLOUDY,DRY,FALSE,OTHER INTERSECTION COLLISIONS,REAR END,STRAIGHT & LEVEL,DAYLIGHT,,,44744.81076,FALSE,2287,Accepted,5,5,O,,INATTENTION,
30257365,KSP0300,"KY STATE POLICE, POST 03",Accepted,BARREN,US0031E,,JACKSON,HWY,N,,,,,,,37.14390919,-85.86239737,25.266,6/30/2022,2331,1,1,0,0,CLEAR,DRY,FALSE,COLLISION WITH ANIMAL NON INTERSECTION,SINGLE VEHICLE,STRAIGHT & LEVEL,DARK-HWY NOT LIGHTED,,,44745.69419,FALSE,944,Accepted,5,5,O,DEBRIS IN ROADWAY,,
30257763,0050100,GLASGOW POLICE DEPARTMENT,Accepted,BARREN,US0068X,,MAIN,ST,W,US0031E,L ROGERS WELLS,,,,,37.00204855,-85.92641778,1.69,7/3/2022,1445,2,2,0,1,CLOUDY,DRY,FALSE,ANGLE COLLISION - OTHER,ANGLE,STRAIGHT & LEVEL,DAYLIGHT,,,44745.79812,FALSE,2289,Accepted,4,4,C,,"INATTENTION, MISJUDGE CLEARANCE",
30262633,0050100,GLASGOW POLICE DEPARTMENT,Accepted,BARREN,KY0090,,MAIN,ST,E,,,,CARNATION,,LAKEVIEW,36.99063371,-85.90223788,10.508,6/23/2022,1839,2,2,0,0,CLEAR,DRY,FALSE,REAR END IN TRAFFIC LANES BOTH VEHICLES MOVING,REAR END,STRAIGHT & LEVEL,DAYLIGHT,,,44747.27354,FALSE,2288,Accepted,5,5,O,,INATTENTION,
30262634,0050100,GLASGOW POLICE DEPARTMENT,Accepted,BARREN,US0031E,,L ROGERS WELLS,BLVD,N,KY0090,HAPPY VALLEY,,,,,37.00966545,-85.92131063,14.841,6/24/2022,2018,2,2,0,0,CLEAR,DRY,FALSE,OTHER INTERSECTION COLLISIONS,REAR END,STRAIGHT & LEVEL,DUSK,,,44747.27359,FALSE,2288,Accepted,5,5,O,,INATTENTION,
30262638,0050100,GLASGOW POLICE DEPARTMENT,Accepted,BARREN,KY1297,,OLD BOWLING GREEN,RD,,,,,,,,36.99112989,-85.94877021,11.821,6/24/2022,2149,1,1,0,0,CLEAR,DRY,FALSE,RAN OFF ROADWAY (1 VEHICLE WITH/EARTH EMBANKMENT/DITCH),SINGLE VEHICLE,STRAIGHT & HILLCREST,DARK-HWY NOT LIGHTED,,,44747.27374,FALSE,2273,Accepted,5,5,O,,MISJUDGE CLEARANCE,
30262639,0050100,GLASGOW POLICE DEPARTMENT,Accepted,BARREN,US0068X,,NEW BOWLING GREEN,RD,,,,,,,,37.01107824,-85.94970677,0.192,6/27/2022,1620,2,2,0,0,CLEAR,DRY,FALSE,1 VEHICLE ENTERING/LEAVING ENTRANCE,ANGLE,STRAIGHT & LEVEL,DAYLIGHT,,,44747.27378,FALSE,2288,Accepted,5,5,O,,"FAILED TO YIELD RIGHT OF WAY, INATTENTION",
30262690,0050100,GLASGOW POLICE DEPARTMENT,Accepted,BARREN,,,DONNELLEY,DR,,,,,,,,37.00919601,-85.95136046,1.123,7/4/2022,2037,1,1,0,0,CLEAR,DRY,FALSE,COLLISION WITH ANIMAL NON INTERSECTION,SINGLE VEHICLE,STRAIGHT & HILLCREST,DARK-HWY LIGHTED/ON,,,44747.29115,FALSE,2273,Accepted,5,5,O,,,
30263122,0050100,GLASGOW POLICE DEPARTMENT,Accepted,BARREN,US0031E,,L ROGERS WELLS,BLVD,N,,,,ENSMINGER,,CHERRY,37.00785486,-85.92324567,14.644,7/1/2022,1000,2,2,0,0,CLEAR,DRY,FALSE,SIDESWIPE COLLISION - SAME DIRECTION,SIDESWIPE-SAME DIRECTION,STRAIGHT & LEVEL,DAYLIGHT,,,44747.34729,FALSE,2240,Accepted,5,5,O,,INATTENTION,
30263130,0050100,GLASGOW POLICE DEPARTMENT,Accepted,BARREN,KY1297,,OLD BOWLING GREEN,RD,,,,,LOVERS,,LAKEVIEW,36.98883235,-85.94094896,12.282,7/1/2022,1055,2,2,0,0,CLEAR,DRY,FALSE,OTHER ROADWAY OR MID-BLOCK COLLISION,REAR END,STRAIGHT & GRADE,DAYLIGHT,,,44747.34744,FALSE,2240,Accepted,5,5,O,,INATTENTION,
30263732,0050000,BARREN COUNTY SHERIFF DEPT.,Accepted,BARREN,LN9008,,LN9008 W,,,,,,,,,37.05035274,-86.09335634,1.211,6/29/2022,1616,1,1,0,0,CLEAR,DRY,FALSE,COLLISION WITH ANIMAL NON INTERSECTION,SINGLE VEHICLE,STRAIGHT & LEVEL,DAYLIGHT,,,44747.42519,FALSE,174,Accepted,5,5,O,ANIMALS ACTION,,
30263736,0050000,BARREN COUNTY SHERIFF DEPT.,Accepted,BARREN,,,PERKINS,RD,,,,,,,,37.0373822,-85.93690861,0.429,7/3/2022,1813,2,2,0,0,CLEAR,DRY,FALSE,HEAD-ON COLLISION,HEAD ON,CURVE & LEVEL,DAYLIGHT,,,44747.42533,FALSE,181,Accepted,5,5,O,OTHER,,
30268086,0050000,BARREN COUNTY SHERIFF DEPT.,Accepted,BARREN,KY0839,,NOBOB,RD,,,,,,,,36.89392861,-85.78950205,4.551,7/5/2022,638,1,1,0,0,CLEAR,DRY,FALSE,OTHER COLLISIONS ON SHOULDER,SINGLE VEHICLE,STRAIGHT & GRADE,DAWN,,,44748.33762,FALSE,167,Accepted,5,5,O,,"INATTENTION, MISJUDGE CLEARANCE, OVERCORRECTING/OVERSTEERING",
30268088,0050000,BARREN COUNTY SHERIFF DEPT.,Accepted,BARREN,LN9008,,LN9008 W,,,,,,,,,37.0268718,-86.04486108,4.396,7/5/2022,1717,1,1,0,1,CLEAR,DRY,FALSE,RAN OFF ROADWAY (1 VEHICLE WITH/EARTH EMBANKMENT/DITCH),SINGLE VEHICLE,STRAIGHT & LEVEL,DAYLIGHT,,,44748.33773,FALSE,181,Accepted,3,3,B,,,
30271342,0050100,GLASGOW POLICE DEPARTMENT,Accepted,BARREN,US0031E,,L ROGERS WELLS,BLVD,S,,,,CAVALRY,US0031EX,GREEN,36.98477956,-85.9316156,12.98,6/27/2022,1536,2,2,0,1,CLEAR,DRY,FALSE,1 VEHICLE ENTERING/LEAVING ENTRANCE,ANGLE,STRAIGHT & LEVEL,DAYLIGHT,,,44748.78992,FALSE,2237,Accepted,5,4,C,,DISREGARD TRAFFIC CONTROL,
30281699,0050100,GLASGOW POLICE DEPARTMENT,Accepted,BARREN,US0031E,,L ROGERS WELLS,BLVD,S,US0068X,MAIN,,,,,37.00204281,-85.92638778,14.258,7/5/2022,1244,2,2,0,1,CLEAR,DRY,FALSE,OTHER INTERSECTION COLLISIONS,REAR END,STRAIGHT & LEVEL,DAYLIGHT,,,44751.4707,FALSE,2293,Accepted,5,2,A,,OTHER,
30281701,0050100,GLASGOW POLICE DEPARTMENT,Accepted,BARREN,,109,HUMBLE,AVE,,,,,,,,36.99268618,-85.90323958,0.059,7/6/2022,930,2,2,0,0,CLEAR,DRY,FALSE,SIDESWIPE COLLISION - SAME DIRECTION,SIDESWIPE-SAME DIRECTION,STRAIGHT & LEVEL,DAYLIGHT,,,44751.4708,FALSE,2293,Accepted,5,5,O,,OTHER,
30287480,0050100,GLASGOW POLICE DEPARTMENT,Accepted,BARREN,US0068,,VETERANS OUTER,LOOP,,,,,,,,37.01752281,-85.94502935,10.634,7/8/2022,745,1,1,0,0,CLEAR,DRY,FALSE,COLLISION WITH ANIMAL NON INTERSECTION,SINGLE VEHICLE,STRAIGHT & GRADE,DAYLIGHT,,,44753.35753,FALSE,2240,Accepted,5,5,O,ANIMALS ACTION,,
30288575,0050000,BARREN COUNTY SHERIFF DEPT.,Accepted,BARREN,US0031W,27474,LOUISVILLE,RD,,,,,,,,37.10830826,-85.99743638,4.463,6/1/2022,1142,2,2,0,0,CLEAR,DRY,FALSE,SIDESWIPE COLLISION - SAME DIRECTION,SIDESWIPE-SAME DIRECTION,STRAIGHT & LEVEL,DAYLIGHT,,,44753.55484,FALSE,125,Accepted,5,5,O,,,
30288579,0050000,BARREN COUNTY SHERIFF DEPT.,Accepted,BARREN,US0031E,,SCOTTSVILLE,RD,,,OLD SCOTTSVILLE LOOP 2,,,,,36.92882874,-85.99565664,7.655,6/7/2022,830,1,1,0,0,CLOUDY,WET,FALSE,COLLISION WITH FIXED OBJECT IN INTERSECTION - FIRST EVENT COLLISION 09 - 32,SINGLE VEHICLE,CURVE & GRADE,DAYLIGHT,,,44753.55496,FALSE,125,Accepted,5,5,O,,,STEERING FAILURE
30288581,0050000,BARREN COUNTY SHERIFF DEPT.,Accepted,BARREN,,5000,OIL WELL,RD,,,,,,,,36.90651937,-85.93894011,1.642,6/11/2022,909,1,1,0,1,CLEAR,DRY,FALSE,COLLISION WITH FIXED OBJECT NON - INTERSECTION - FIRST EVENT COLLISION 09 - 32 EXCLUDING 16,SINGLE VEHICLE,CURVE & GRADE,DAYLIGHT,,,44753.55507,FALSE,125,Accepted,4,4,C,,,
30288585,0050000,BARREN COUNTY SHERIFF DEPT.,Accepted,BARREN,,4100,OIL WELL,RD,,,,,,,,36.906044,-85.93905383,1.607,6/30/2022,1259,1,1,0,1,CLEAR,DRY,FALSE,RAN OFF ROADWAY (1 VEHICLE WITH/EARTH EMBANKMENT/DITCH),SINGLE VEHICLE,CURVE & GRADE,DAYLIGHT,,,44753.55524,FALSE,125,Accepted,4,4,C,ANIMALS ACTION,,
30290132,0050100,GLASGOW POLICE DEPARTMENT,Accepted,BARREN,,,CHERRY,ST,W,,,,SAMSON,,CUMBERLAND,37.00499811,-85.91664405,0.413,7/6/2022,1043,2,2,0,0,CLEAR,DRY,TRUE,SIDESWIPE COLLISION - OPPOSITE DIRECTION,SIDESWIPE-OPPOSITE DIRECTION,CURVE & HILLCREST,DAYLIGHT,,,44753.8003,FALSE,2666,Accepted,5,5,O,,NOT UNDER PROPER CONTROL,
30290134,0050100,GLASGOW POLICE DEPARTMENT,Accepted,BARREN,US0068X,,MAIN,ST,W,,,,ROGERS,,SAMSON,36.99977269,-85.92205017,1.976,7/11/2022,1551,2,2,0,0,CLEAR,DRY,FALSE,OTHER ROADWAY OR MID-BLOCK COLLISION,REAR TO REAR,STRAIGHT & GRADE,DAYLIGHT,,,44753.8004,FALSE,2666,Accepted,5,5,O,,DISTRACTION,
30290512,0370200,"KY STATE POLICE, CVE",Accepted,BARREN,KY0839,,NOBOB,RD,,,,,,,,36.8437509,-85.76669461,0.52,7/6/2022,925,1,1,0,1,CLEAR,DRY,FALSE,OTHER COLLISIONS ON SHOULDER,SINGLE VEHICLE,STRAIGHT & GRADE,DAYLIGHT,,,44753.94101,FALSE,C-327,Accepted,3,3,B,,"INATTENTION, OTHER",