IncidentID,AgencyORI,AgencyName,IncidentStatusDesc,County,RdwyNumber,Street,RoadwayName,StreetSfx,StreetDir,IntersectionRdwy,IntersectionRdwyName,BetweenStRdwy1,BetweenStRdwyName1,BetweenStRdwy2,BetweenStRdwyName2,Latitude,Longitude,Milepoint,CollisionDate,CollisionTime,UnitsInvolved,MotorVehiclesInvolved,NumberKilled,NumberInjured,Weather,RdwyConditionCode,HitandRun,DirAnalysisCode,MannerofCollision,RdwyCharacter,LightCondition,RampFromRdwyId,RampToRdwyId,AcceptedDate,IsSecondaryCollision,OwnerBadge,IncidentStatus,InjurySeverityCde,KABCO_Code,KABCO,Environmental_Factors,Human_Factors,Vehicular_Factors
30291579,0050100,GLASGOW POLICE DEPARTMENT,Accepted,BARREN,US0068,,VETERANS OUTER,LOOP,,US0031E,JACKSON,,,,,37.03280503,-85.90584512,13.262,7/1/2022,1851,2,2,0,0,CLEAR,DRY,FALSE,HEAD-ON COLLISION,HEAD ON,STRAIGHT & LEVEL,DAYLIGHT,,,44754.29969,FALSE,2279,Accepted,5,5,O,,DISTRACTION,
30295227,0050100,GLASGOW POLICE DEPARTMENT,Accepted,BARREN,US0031E,,L ROGERS WELLS,BLVD,N,,,,HAPPY VALLEY,,CHERRY,37.00936687,-85.92171011,14.82,7/2/2022,1139,3,1,0,0,CLEAR,DRY,FALSE,REAR END IN TRAFFIC LANES BOTH VEHICLES MOVING,REAR END,STRAIGHT & LEVEL,DAYLIGHT,,,44755.12649,FALSE,2246,Accepted,5,5,O,,INATTENTION,
30300594,0050100,GLASGOW POLICE DEPARTMENT,Accepted,BARREN,US0031E,,JACKSON,HWY,N,US0068,VETERANS OUTER,,,,,37.03289983,-85.90602001,16.985,6/28/2022,1221,2,2,0,0,CLEAR,DRY,FALSE,OPPOSING LEFT TURN,OPPOSING LEFT TURN,STRAIGHT & LEVEL,DAYLIGHT,,,44756.37256,FALSE,2298,Accepted,5,5,O,,MISJUDGE CLEARANCE,
30305519,0050200,CAVE CITY POLICE DEPARTMENT,Accepted,BARREN,KY0090,,HAPPY VALLEY,ST,,,,,,,,37.12818622,-85.96315324,0.81,6/24/2022,1520,2,2,0,0,CLEAR,DRY,FALSE,REAR END IN TRAFFIC LANES BOTH VEHICLES MOVING,REAR END,STRAIGHT & LEVEL,DAYLIGHT,,,44757.46584,FALSE,609,Accepted,5,5,O,,INATTENTION,
30305526,0050200,CAVE CITY POLICE DEPARTMENT,Accepted,BARREN,KY0090,,HAPPY VALLEY,ST,,,,,,,,37.13244967,-85.96860725,0.385,7/2/2022,221,1,1,0,0,CLEAR,DRY,FALSE,COLLISION WITH ANIMAL NON INTERSECTION,SINGLE VEHICLE,CURVE & GRADE,DARK-HWY LIGHTED/ON,,,44757.46614,FALSE,605,Accepted,5,5,O,ANIMALS ACTION,,
30305527,0050200,CAVE CITY POLICE DEPARTMENT,Accepted,BARREN,KY0070,,BROADWAY,ST,,,,,,,,37.1381605,-85.95874913,6.512,7/2/2022,2040,2,2,0,0,CLOUDY,DRY,TRUE,1 VEHICLE PARKED POSITION (NOT PARKING LOT/DRIVEWAY),REAR END,STRAIGHT & LEVEL,DARK-HWY LIGHTED/ON,,,44757.46626,FALSE,605,Accepted,5,5,O,,"INATTENTION, MISJUDGE CLEARANCE",
30305528,0050200,CAVE CITY POLICE DEPARTMENT,Accepted,BARREN,,,GRINSTEAD MILL,RD,,,BLAIR,,,,,37.14662793,-85.96594312,0.704,7/3/2022,16,1,1,0,1,CLEAR,DRY,FALSE,OTHER INTERSECTION COLLISIONS,SINGLE VEHICLE,STRAIGHT & GRADE,DARK (UNKNOWN ROADWAY LIGHTING),,,44757.46635,FALSE,611,Accepted,5,4,C,,"ALCOHOL INVOLVEMENT, DRUG INVOLVEMENT",
30305532,0050200,CAVE CITY POLICE DEPARTMENT,Accepted,BARREN,US0031W,,DIXIE,HWY,N,,,,,,,37.14272992,-85.94814539,8.028,6/27/2022,1356,2,2,0,0,CLEAR,DRY,FALSE,SIDESWIPE COLLISION - OPPOSITE DIRECTION,SIDESWIPE-OPPOSITE DIRECTION,STRAIGHT & LEVEL,DAYLIGHT,,,44757.46655,FALSE,602,Accepted,5,5,O,,INATTENTION,
30305537,0050200,CAVE CITY POLICE DEPARTMENT,Accepted,BARREN,KY0070,,MAMMOTH CAVE,ST,,,,,,,,37.13766075,-85.97346682,5.545,7/2/2022,1310,2,2,0,0,CLOUDY,WATER (STANDING OR MOVING),FALSE,COLLISION WITH FIXED OBJECT NON - INTERSECTION - FIRST EVENT COLLISION 09 - 32 EXCLUDING 16,OPPOSING LEFT TURN,STRAIGHT & LEVEL,DAYLIGHT,,,44757.46671,FALSE,608,Accepted,5,5,O,,FAILED TO KEEP PROPER LANE,
30305548,0050200,CAVE CITY POLICE DEPARTMENT,Accepted,BARREN,US0031W,,DIXIE,HWY,N,,,,,,,37.13776133,-85.95378058,7.576,7/3/2022,1350,2,2,0,1,CLOUDY,DRY,FALSE,COLLISION WITH FIXED OBJECT NON - INTERSECTION - FIRST EVENT COLLISION 09 - 32 EXCLUDING 16,OPPOSING LEFT TURN,STRAIGHT & LEVEL,DAYLIGHT,,,44757.4707,FALSE,608,Accepted,3,3,B,,FAILED TO YIELD RIGHT OF WAY,
30306097,0050100,GLASGOW POLICE DEPARTMENT,Accepted,BARREN,LN9008,10,LN9008 E,,,,,,,,,36.97476432,-85.90672522,13.11,7/10/2022,2020,1,1,0,0,CLEAR,DRY,FALSE,COLLISION WITH ANIMAL NON INTERSECTION,SINGLE VEHICLE,STRAIGHT & LEVEL,DARK-HWY NOT LIGHTED,,,44757.60215,FALSE,2264,Accepted,5,5,O,ANIMALS ACTION,,
30306099,0050100,GLASGOW POLICE DEPARTMENT,Accepted,BARREN,US0068,,VETERANS OUTER,LOOP,,US0031E,JACKSON,,,,,37.03295626,-85.90568626,13.261,7/12/2022,733,2,2,0,2,CLEAR,DRY,FALSE,OPPOSING LEFT TURN,OPPOSING LEFT TURN,STRAIGHT & LEVEL,DAYLIGHT,,,44757.60226,FALSE,2293,Accepted,4,4,C,,"FATIGUE, INATTENTION",
30306100,0050100,GLASGOW POLICE DEPARTMENT,Accepted,BARREN,US0031E,,JACKSON,HWY,N,,CARL FOX,,,,,37.03778253,-85.90199829,17.366,7/13/2022,2100,1,1,0,0,CLEAR,DRY,FALSE,COLLISION WITH FIXED OBJECT IN INTERSECTION - FIRST EVENT COLLISION 09 - 32,SINGLE VEHICLE,STRAIGHT & LEVEL,DARK-HWY NOT LIGHTED,,,44757.60231,FALSE,2260,Accepted,5,5,O,,OVERCORRECTING/OVERSTEERING,
30308282,0050100,GLASGOW POLICE DEPARTMENT,Accepted,BARREN,KY0090,,HAPPY VALLEY,RD,,,MAX WAGNER,,,,,37.02291702,-85.93468631,8.706,7/2/2022,2104,3,1,0,0,CLEAR,DRY,FALSE,ANGLE COLLISION - ONE VEHICLE TURNING LEFT,ANGLE,STRAIGHT & GRADE,DARK-HWY LIGHTED/ON,,,44758.12669,FALSE,48,Accepted,5,5,O,,"ALCOHOL INVOLVEMENT, DISREGARD TRAFFIC CONTROL, INATTENTION",
30310010,0050100,GLASGOW POLICE DEPARTMENT,Accepted,BARREN,KY1297,,OLD BOWLING GREEN,RD,,,,,SOCCER,,INDUSTRIAL,36.994388,-85.95709921,11.309,6/18/2022,1357,3,3,0,0,CLEAR,DRY,FALSE,SIDESWIPE COLLISION - OPPOSITE DIRECTION,SIDESWIPE-OPPOSITE DIRECTION,CURVE & GRADE,DAYLIGHT,,,44758.8598,FALSE,2246,Accepted,5,5,O,,"FAILED TO KEEP PROPER LANE, INATTENTION",
30310012,0050100,GLASGOW POLICE DEPARTMENT,Accepted,BARREN,US0031E,,L ROGERS WELLS,BLVD,N,,SMITH,,,,,37.00581961,-85.92451416,14.439,7/8/2022,1524,2,2,0,0,CLOUDY,WET,FALSE,ANGLE COLLISION - OTHER,ANGLE,STRAIGHT & LEVEL,DAYLIGHT,,,44758.85994,FALSE,2246,Accepted,5,5,O,,INATTENTION,
30310257,0050100,GLASGOW POLICE DEPARTMENT,Accepted,BARREN,,,HAPPY VALLEY,RD,,,,,WALL,,WEDGEWOOD,37.00859229,-85.91896236,0.152,7/15/2022,800,2,2,0,0,CLEAR,DRY,FALSE,OTHER ROADWAY OR MID-BLOCK COLLISION,REAR END,STRAIGHT & GRADE,DAYLIGHT,,,44758.97397,FALSE,2240,Accepted,5,5,O,,INATTENTION,
30313979,0050100,GLASGOW POLICE DEPARTMENT,Accepted,BARREN,US0068X,,MAIN,ST,W,,,,,,,37.00340151,-85.92882894,1.45,7/13/2022,1204,2,2,0,0,CLEAR,DRY,FALSE,SIDESWIPE COLLISION - SAME DIRECTION,SIDESWIPE-SAME DIRECTION,STRAIGHT & HILLCREST,DAYLIGHT,,,44760.28834,FALSE,2298,Accepted,5,5,O,,FAILED TO KEEP PROPER LANE,
30313980,0050100,GLASGOW POLICE DEPARTMENT,Accepted,BARREN,,,OIL CITY,RD,,US0068,VETERANS OUTER,,,,,37.01540291,-85.94821295,0.478,7/15/2022,1246,2,2,0,0,CLEAR,DRY,FALSE,OTHER INTERSECTION COLLISIONS,REAR END,STRAIGHT & LEVEL,DAYLIGHT,,,44760.28842,FALSE,2297,Accepted,5,5,O,,INATTENTION,
30314899,0050000,BARREN COUNTY SHERIFF DEPT.,Accepted,BARREN,KY0090,,BURKESVILLE,RD,,,,,,,,36.98080462,-85.89245175,11.377,7/12/2022,716,2,2,0,0,CLEAR,DRY,FALSE,SIDESWIPE COLLISION - SAME DIRECTION,SIDESWIPE-SAME DIRECTION,STRAIGHT & LEVEL,DAYLIGHT,,,44760.40444,FALSE,157,Accepted,5,5,O,,OTHER,
30314903,0050000,BARREN COUNTY SHERIFF DEPT.,Accepted,BARREN,,,DRIPPING SPRINGS,RD,,,,,,,,37.04140981,-85.94618757,7.158,7/13/2022,1747,2,2,0,1,CLEAR,DRY,FALSE,HEAD-ON COLLISION,HEAD ON,STRAIGHT & LEVEL,DAYLIGHT,,,44760.40453,FALSE,174,Accepted,5,2,A,,"FAILED TO KEEP PROPER LANE, INATTENTION",
30314904,0050000,BARREN COUNTY SHERIFF DEPT.,Accepted,BARREN,LN9008,,LN9008 E,,,,,,,,,36.99735414,-85.84608238,17.015,7/14/2022,1651,1,1,0,1,RAINING,WET,FALSE,OTHER ROADWAY OR MID-BLOCK COLLISION,SINGLE VEHICLE,CURVE & LEVEL,DAYLIGHT,,,44760.40458,FALSE,181,Accepted,5,3,B,SLIPPERY SURFACE,NOT UNDER PROPER CONTROL,
30315771,KSP0300,"KY STATE POLICE, POST 03",Accepted,BARREN,LN9008,,LN9008 W,,,,,,,,,37.05488932,-86.1054498,0.448,7/14/2022,1543,1,1,0,0,CLEAR,DRY,FALSE,OTHER ROADWAY OR MID-BLOCK COLLISION,SINGLE VEHICLE,STRAIGHT & LEVEL,DAYLIGHT,,,44760.54233,FALSE,497,Accepted,5,5,O,DEBRIS IN ROADWAY,,
30316758,KSP0300,"KY STATE POLICE, POST 03",Accepted,BARREN,,,STATE QUARRY,RD,,,,,,,,37.10025845,-86.01295033,0.333,7/13/2022,1421,4,3,1,0,CLEAR,DRY,FALSE,1 VEHICLE PARKED POSITION (NOT PARKING LOT/DRIVEWAY),ANGLE,STRAIGHT & GRADE,DAYLIGHT,,,44760.67816,FALSE,623,Accepted,5,1,K,,INATTENTION,
30318594,0050100,GLASGOW POLICE DEPARTMENT,Accepted,BARREN,,,FORRESTER,RD,,,,,,,,36.98917039,-85.94219228,0.023,7/13/2022,1830,1,1,0,0,CLEAR,DRY,FALSE,COLLISION WITH FIXED OBJECT NON - INTERSECTION - FIRST EVENT COLLISION 09 - 32 EXCLUDING 16,SINGLE VEHICLE,STRAIGHT & LEVEL,DAYLIGHT,,,44761.2838,FALSE,2286,Accepted,5,5,O,,OTHER,
30318597,0050100,GLASGOW POLICE DEPARTMENT,Accepted,BARREN,US0031E,,L ROGERS WELLS,BLVD,N,,HAPPY VALLEY,,,,,37.00958507,-85.92146343,14.846,7/14/2022,2259,2,2,0,0,CLEAR,DRY,TRUE,SIDESWIPE-SAME DIRECTION,SIDESWIPE-SAME DIRECTION,STRAIGHT & LEVEL,DARK-HWY LIGHTED/ON,,,44761.28397,FALSE,2288,Accepted,5,5,O,,,
30318716,0050100,GLASGOW POLICE DEPARTMENT,Accepted,BARREN,US0031E,,SCOTTSVILLE,RD,,,,,BEVERLY HILLS,KY2207,FORK,36.97117917,-85.94134505,11.855,7/15/2022,1512,2,2,0,0,CLEAR,DRY,FALSE,REAR END IN TRAFFIC LANES BOTH VEHICLES MOVING,REAR END,STRAIGHT & LEVEL,DAYLIGHT,,,44761.29333,FALSE,2296,Accepted,5,5,O,,"DISTRACTION, INATTENTION",
30318821,0050100,GLASGOW POLICE DEPARTMENT,Accepted,BARREN,US0068X,,EDMONTON,RD,,,,,,,,37.0092966,-85.88372368,4.404,7/17/2022,1351,1,1,0,0,RAINING,WET,FALSE,OTHER ROADWAY OR MID-BLOCK COLLISION,SINGLE VEHICLE,STRAIGHT & LEVEL,DAYLIGHT,,,44761.33345,FALSE,2289,Accepted,5,5,O,"VIEW OBSTRUCTED, LIMITED DUE TO WEATHER CONDITIONS",,
30318822,0050100,GLASGOW POLICE DEPARTMENT,Accepted,BARREN,,,CLEVELAND,AVE,,US0031E,L ROGERS WELLS,,,,,36.98937683,-85.93213238,0.005,7/18/2022,1506,2,2,0,1,CLOUDY,DRY,FALSE,OTHER INTERSECTION COLLISIONS,REAR END,STRAIGHT & LEVEL,DAYLIGHT,,,44761.33365,FALSE,2289,Accepted,5,3,B,,,BRAKES DEFECTIVE
30318827,0050100,GLASGOW POLICE DEPARTMENT,Accepted,BARREN,US0031EX,100,PUBLIC,SQ,N,,,,,,,36.99615028,-85.91247979,1.495,7/18/2022,1739,1,1,0,0,CLEAR,DRY,FALSE,1 VEHICLE ENTERING OR LEAVING PARKED POSITION (NOT PARKING LOT),SINGLE VEHICLE,STRAIGHT & LEVEL,DAYLIGHT,,,44761.33393,FALSE,2287,Accepted,5,5,O,,INATTENTION,
30320081,0050100,GLASGOW POLICE DEPARTMENT,Accepted,BARREN,US0031E,,L ROGERS WELLS,BLVD,N,,ROGERS,,,,,37.0040116,-85.92552981,14.332,7/18/2022,1550,2,2,0,0,CLOUDY,DRY,FALSE,ANGLE COLLISION - OTHER,ANGLE,STRAIGHT & LEVEL,DAYLIGHT,,,44761.57176,FALSE,2289,Accepted,5,5,O,,FAILED TO YIELD RIGHT OF WAY,
30321894,0050100,GLASGOW POLICE DEPARTMENT,Accepted,BARREN,,,BROADWAY,ST,S,KY0090,MAIN,,,,,36.99540958,-85.91077205,0.002,7/15/2022,732,2,2,0,0,CLEAR,DRY,FALSE,SIDESWIPE-SAME DIRECTION,SIDESWIPE-SAME DIRECTION,STRAIGHT & LEVEL,DAYLIGHT,,,44761.75942,FALSE,2666,Accepted,5,5,O,,FAILED TO KEEP PROPER LANE,
30321896,0050100,GLASGOW POLICE DEPARTMENT,Accepted,BARREN,US0031EX,,RACE,ST,N,,FRONT,,,,,36.99799343,-85.9118128,1.649,7/14/2022,1635,2,2,0,1,CLEAR,DRY,FALSE,ANGLE COLLISION - OTHER,ANGLE,STRAIGHT & LEVEL,DAYLIGHT,,,44761.75951,FALSE,2260,Accepted,5,2,A,,"DISREGARD TRAFFIC CONTROL, DRUG INVOLVEMENT, INATTENTION",
30321897,0050100,GLASGOW POLICE DEPARTMENT,Accepted,BARREN,KY0090,,MAIN,ST,E,,,,ELM HILL,KY0090,BURKESVILLE,36.98754601,-85.89845228,10.807,7/15/2022,1500,2,2,0,0,CLOUDY,DRY,FALSE,COLLISION WITH FIXED OBJECT NON - INTERSECTION - FIRST EVENT COLLISION 09 - 32 EXCLUDING 16,REAR END,STRAIGHT & LEVEL,DAYLIGHT,,,44761.75959,FALSE,2260,Accepted,5,5,O,,FOLLOWING TOO CLOSE,
30321898,0050100,GLASGOW POLICE DEPARTMENT,Accepted,BARREN,KY3600,,GLASGOW OUTER LOOP,,,US0068X,NEW GLASGOW,,,,,37.01197613,-85.95305245,2.496,7/15/2022,1710,2,2,0,0,CLOUDY,WET,FALSE,OTHER INTERSECTION COLLISIONS,REAR END,STRAIGHT & LEVEL,DAYLIGHT,,,44761.75965,FALSE,2260,Accepted,5,5,O,,INATTENTION,
30324221,0050100,GLASGOW POLICE DEPARTMENT,Accepted,BARREN,US0031E,,L ROGERS WELLS,BLVD,S,,GRANDVIEW,,,,,36.99587804,-85.93062186,13.77,7/19/2022,833,2,2,0,0,CLEAR,DRY,TRUE,OTHER INTERSECTION COLLISIONS,REAR END,STRAIGHT & LEVEL,DAYLIGHT,,,44762.35446,FALSE,2207,Accepted,5,5,O,,,
30324538,0050000,BARREN COUNTY SHERIFF DEPT.,Accepted,BARREN,US0068,,VETERANS OUTER,LOOP,,,,,,,,37.02238355,-85.88584133,14.625,7/17/2022,1920,1,1,0,0,CLOUDY,DRY,FALSE,RAN OFF ROADWAY (1 VEHICLE WITH/EARTH EMBANKMENT/DITCH),SINGLE VEHICLE,STRAIGHT & GRADE,DAYLIGHT,,,44762.41109,FALSE,167,Accepted,5,5,O,,,
30324541,0050000,BARREN COUNTY SHERIFF DEPT.,Accepted,BARREN,,,SPENCER,RD,,,,,,,,36.9789846,-85.84526831,0.301,7/18/2022,605,2,2,0,1,CLOUDY,WET,FALSE,SIDESWIPE COLLISION - OPPOSITE DIRECTION,SIDESWIPE-OPPOSITE DIRECTION,STRAIGHT & LEVEL,DAYLIGHT,,,44762.41115,FALSE,167,Accepted,3,3,B,,FAILED TO KEEP PROPER LANE,
30324547,0050000,BARREN COUNTY SHERIFF DEPT.,Accepted,BARREN,US0031W,,LOUISVILLE,RD,,,,,,,,37.0935617,-86.01841706,2.872,7/15/2022,1716,1,1,0,0,RAINING,WET,FALSE,COLLISION WITH FIXED OBJECT NON - INTERSECTION - FIRST EVENT COLLISION 09 - 32 EXCLUDING 16,SINGLE VEHICLE,STRAIGHT & LEVEL,DAYLIGHT,,,44762.41126,FALSE,174,Accepted,5,5,O,SLIPPERY SURFACE,INATTENTION,
30324551,0050000,BARREN COUNTY SHERIFF DEPT.,Accepted,BARREN,KY0249,,ROSEVILLE,RD,,,,,,,,36.78557734,-85.90615841,1.341,7/15/2022,2042,1,1,0,0,CLEAR,DRY,FALSE,COLLISION WITH ANIMAL NON INTERSECTION,SINGLE VEHICLE,STRAIGHT & LEVEL,DARK-HWY NOT LIGHTED,,,44762.41132,FALSE,174,Accepted,5,5,O,ANIMALS ACTION,,
30329983,0050100,GLASGOW POLICE DEPARTMENT,Accepted,BARREN,,,LEECH,AVE,W,,GREEN,,,,,37.00204451,-85.90702052,0.119,7/13/2022,1950,1,1,0,0,CLEAR,DRY,FALSE,COLLISION WITH FIXED OBJECT IN INTERSECTION - FIRST EVENT COLLISION 09 - 32,SINGLE VEHICLE,STRAIGHT & GRADE,DAYLIGHT,,,44763.48299,FALSE,48,Accepted,5,5,O,,,OTHER
30330296,0050000,BARREN COUNTY SHERIFF DEPT.,Accepted,BARREN,US0031E,,SCOTTSVILLE,RD,,,,,,,,36.92535881,-85.99624498,7.412,7/16/2022,1719,3,3,0,1,CLEAR,DRY,FALSE,REAR END IN TRAFFIC LANES BOTH VEHICLES MOVING,REAR END,STRAIGHT & LEVEL,DAYLIGHT,,,44763.56623,FALSE,181,Accepted,5,3,B,,NOT UNDER PROPER CONTROL,BRAKES DEFECTIVE
30330298,0050000,BARREN COUNTY SHERIFF DEPT.,Accepted,BARREN,KY3179,,OIL WELL,RD,,,,,,,,36.85105368,-85.95945165,3.549,7/16/2022,2247,1,1,0,0,CLEAR,DRY,FALSE,COLLISION WITH FIXED OBJECT NON - INTERSECTION - FIRST EVENT COLLISION 09 - 32 EXCLUDING 16,SINGLE VEHICLE,CURVE & LEVEL,DARK-HWY NOT LIGHTED,,,44763.5663,FALSE,182,Accepted,5,5,O,,INATTENTION,
30333410,0050100,GLASGOW POLICE DEPARTMENT,Accepted,BARREN,KY0090,,HAPPY VALLEY,RD,,,,,AIRPORT,,BEAVER,37.03245685,-85.94244303,7.94,7/20/2022,1830,2,2,0,0,CLEAR,DRY,TRUE,REAR END IN TRAFFIC LANES BOTH VEHICLES MOVING,REAR END,STRAIGHT & LEVEL,DAYLIGHT,,,44764.28658,FALSE,2288,Accepted,5,5,O,,"ALCOHOL INVOLVEMENT, FELL ASLEEP, INATTENTION",
30333856,0050000,BARREN COUNTY SHERIFF DEPT.,Accepted,BARREN,,,MILLSTOWN,RD,,,,,,,,37.04829539,-86.08122447,1.991,7/21/2022,1708,2,2,0,1,CLEAR,DRY,FALSE,SIDESWIPE COLLISION - OPPOSITE DIRECTION,SIDESWIPE-OPPOSITE DIRECTION,CURVE & LEVEL,DAYLIGHT,,,44764.3821,FALSE,181,Accepted,5,3,B,,FAILED TO KEEP PROPER LANE,
30337654,0050100,GLASGOW POLICE DEPARTMENT,Accepted,BARREN,KY1297,,OLD BOWLING GREEN,RD,,US0031E,L ROGERS WELLS,,,,,36.98925814,-85.93240812,12.794,7/19/2022,912,2,2,0,0,CLEAR,DRY,FALSE,OTHER INTERSECTION COLLISIONS,REAR END,STRAIGHT & LEVEL,DAYLIGHT,,,44765.52094,FALSE,2666,Accepted,5,5,O,,INATTENTION,
30337656,0050100,GLASGOW POLICE DEPARTMENT,Accepted,BARREN,US0068X,,MAIN,ST,W,,ROGERS,,,,,37.00000056,-85.92285301,1.929,7/11/2022,1542,2,2,0,0,CLEAR,DRY,FALSE,ANGLE COLLISION - OTHER,ANGLE,STRAIGHT & HILLCREST,DAYLIGHT,,,44765.5213,FALSE,2293,Accepted,5,5,O,,INATTENTION,
30337657,0050100,GLASGOW POLICE DEPARTMENT,Accepted,BARREN,KY0090,,HAPPY VALLEY,RD,,,REYNOLDS,,,,,37.01510678,-85.92769939,9.395,7/18/2022,1112,2,2,0,1,CLEAR,DRY,FALSE,OTHER INTERSECTION COLLISIONS,REAR END,STRAIGHT & LEVEL,DAYLIGHT,,,44765.52136,FALSE,2293,Accepted,5,4,C,,INATTENTION,
30337658,0050100,GLASGOW POLICE DEPARTMENT,Accepted,BARREN,US0068,,VETERANS OUTER,LOOP,,,BEAVER,,,,,37.02252442,-85.93849323,11.135,7/18/2022,1627,1,1,0,0,CLEAR,DRY,FALSE,COLLISION WITH ANIMAL IN INTERSECTION,SINGLE VEHICLE,STRAIGHT & LEVEL,DAYLIGHT,,,44765.52142,FALSE,2293,Accepted,5,5,O,ANIMALS ACTION,,
30343343,0050100,GLASGOW POLICE DEPARTMENT,Accepted,BARREN,US0031E,,L ROGERS WELLS,BLVD,N,,ENSMINGER,,,,,37.00754565,-85.92352457,14.606,7/15/2022,1722,2,2,0,0,CLOUDY,WET,FALSE,OPPOSING LEFT TURN,OPPOSING LEFT TURN,STRAIGHT & LEVEL,DAYLIGHT,,,44767.32253,FALSE,2270,Accepted,5,5,O,OTHER,OTHER,
30343346,0050100,GLASGOW POLICE DEPARTMENT,Accepted,BARREN,,,GRAND,AVE,,US0068X,COLUMBIA,,,,,37.00162748,-85.8995795,0.002,7/24/2022,1155,2,2,0,0,CLEAR,DRY,FALSE,ANGLE COLLISION - OTHER,ANGLE,STRAIGHT & LEVEL,DAYLIGHT,,,44767.32259,FALSE,2270,Accepted,5,5,O,,INATTENTION,
30343351,0050100,GLASGOW POLICE DEPARTMENT,Accepted,BARREN,,,MYRTLE,ST,,,CHERRY,,,,,37.00659923,-85.9196933,0.213,7/14/2022,1835,2,2,0,0,CLEAR,DRY,FALSE,VEHICLE BACKING IN INTERSECTION,BACKING,STRAIGHT & LEVEL,DAYLIGHT,,,44767.32266,FALSE,2264,Accepted,5,5,O,,INATTENTION,
30344356,0050000,BARREN COUNTY SHERIFF DEPT.,Accepted,BARREN,,136,BRADLEY ALAN,RD,,,,,,,,37.15246997,-85.98284828,0.111,5/12/2022,1030,1,1,0,1,CLEAR,DRY,FALSE,COLLISION WITH ANIMAL NON INTERSECTION,SINGLE VEHICLE,STRAIGHT & HILLCREST,DAYLIGHT,,,44767.42027,FALSE,125,Accepted,5,2,A,ANIMALS ACTION,,
30344359,0050000,BARREN COUNTY SHERIFF DEPT.,Accepted,BARREN,,,MATTHEWS MILL,RD,,,MATTHEWS MILL,,,,,36.94562656,-85.97354896,0.002,7/21/2022,1142,2,2,0,0,CLEAR,DRY,FALSE,OTHER INTERSECTION COLLISIONS,REAR END,STRAIGHT & LEVEL,DAYLIGHT,,,44767.4204,FALSE,125,Accepted,5,5,O,,INATTENTION,
30344361,0050000,BARREN COUNTY SHERIFF DEPT.,Accepted,BARREN,KY0090,,BURKESVILLE,RD,,,,,,,,36.94223107,-85.83341877,15.696,7/18/2022,1542,2,2,0,0,CLOUDY,WET,FALSE,REAR END IN TRAFFIC LANES BOTH VEHICLES MOVING,REAR END,STRAIGHT & LEVEL,DAYLIGHT,,,44767.42049,FALSE,167,Accepted,5,5,O,SLIPPERY SURFACE,"FOLLOWING TOO CLOSE, INATTENTION",
30344364,0050000,BARREN COUNTY SHERIFF DEPT.,Accepted,BARREN,,42,BEAVER VALLEY,RD,,,,,,,,37.01635221,-85.96698015,0.048,7/21/2022,1628,1,1,0,0,CLEAR,DRY,FALSE,COLLISION WITH FIXED OBJECT NON - INTERSECTION - FIRST EVENT COLLISION 09 - 32 EXCLUDING 16,SINGLE VEHICLE,STRAIGHT & LEVEL,DAYLIGHT,,,44767.42059,FALSE,174,Accepted,5,5,O,,INATTENTION,
30344366,0050000,BARREN COUNTY SHERIFF DEPT.,Accepted,BARREN,KY0249,,ROSEVILLE,RD,,,,,,,,36.78309459,-85.90537935,1.093,7/8/2022,1640,2,2,0,0,RAINING,WET,FALSE,SIDESWIPE COLLISION - OPPOSITE DIRECTION,SIDESWIPE-OPPOSITE DIRECTION,STRAIGHT & LEVEL,DAYLIGHT,,,44767.4207,FALSE,163,Accepted,5,5,O,,FAILED TO KEEP PROPER LANE,
30344367,0050000,BARREN COUNTY SHERIFF DEPT.,Accepted,BARREN,KY0070,,HISEVILLE,RD,,KY2131,CORAL HILL HALFWAY,,,,,37.08133024,-85.79383561,16.941,5/1/2022,1919,1,1,0,1,CLEAR,DRY,FALSE,NON-COLLISION OBJECT COLLISION,SINGLE VEHICLE,STRAIGHT & GRADE,DAYLIGHT,,,44767.42079,FALSE,163,Accepted,4,4,C,,OTHER,
30351689,0050100,GLASGOW POLICE DEPARTMENT,Accepted,BARREN,KY0090,,MAIN,ST,E,US0068X,BROADWAY,,,,,36.99544363,-85.91076777,9.923,7/22/2022,1724,2,2,0,0,CLEAR,DRY,FALSE,OTHER INTERSECTION COLLISIONS,REAR END,STRAIGHT & GRADE,DAYLIGHT,,,44768.80248,FALSE,2287,Accepted,5,5,O,,"DISTRACTION, INATTENTION",
30353719,0050100,GLASGOW POLICE DEPARTMENT,Accepted,BARREN,,,TROJAN,TRL,,,,US0031E,SCOTTSVILLE,,HILLTOPPER,36.97659685,-85.92964341,1.026,7/26/2022,1632,1,1,0,0,CLEAR,DRY,FALSE,COLLISION WITH ANIMAL NON INTERSECTION,SINGLE VEHICLE,CURVE & LEVEL,DAYLIGHT,,,44769.36078,FALSE,2285,Accepted,5,5,O,,,
30353789,0050000,BARREN COUNTY SHERIFF DEPT.,Accepted,BARREN,US0031E,,SCOTTSVILLE,RD,,,,,,,,36.85385478,-86.05328257,1.244,7/25/2022,554,1,1,0,0,CLOUDY,WET,FALSE,COLLISION WITH ANIMAL NON INTERSECTION,SINGLE VEHICLE,STRAIGHT & LEVEL,DAWN,,,44769.36954,FALSE,170,Accepted,5,5,O,ANIMALS ACTION,,