IncidentID,AgencyORI,AgencyName,IncidentStatusDesc,County,RdwyNumber,Street,RoadwayName,StreetSfx,StreetDir,IntersectionRdwy,IntersectionRdwyName,BetweenStRdwy1,BetweenStRdwyName1,BetweenStRdwy2,BetweenStRdwyName2,Latitude,Longitude,Milepoint,CollisionDate,CollisionTime,UnitsInvolved,MotorVehiclesInvolved,NumberKilled,NumberInjured,Weather,RdwyConditionCode,HitandRun,DirAnalysisCode,MannerofCollision,RdwyCharacter,LightCondition,RampFromRdwyId,RampToRdwyId,AcceptedDate,IsSecondaryCollision,OwnerBadge,IncidentStatus,InjurySeverityCde,KABCO_Code,KABCO,Environmental_Factors,Human_Factors,Vehicular_Factors
30353790,0050000,BARREN COUNTY SHERIFF DEPT.,Accepted,BARREN,US0031W,,LOUISVILLE,RD,,,,,,,,37.10685525,-85.99882317,4.342,7/23/2022,2104,1,1,1,0,CLEAR,DRY,FALSE,COLLISION WITH FIXED OBJECT NON - INTERSECTION - FIRST EVENT COLLISION 09 - 32 EXCLUDING 16,SINGLE VEHICLE,STRAIGHT & LEVEL,DARK-HWY NOT LIGHTED,,,44769.36959,FALSE,182,Accepted,5,1,K,,ALCOHOL INVOLVEMENT,
30353796,0050000,BARREN COUNTY SHERIFF DEPT.,Accepted,BARREN,KY0249,,ROSEVILLE,RD,,,,,,,,36.87452563,-85.92610542,7.789,7/13/2022,2049,1,1,0,0,CLEAR,DRY,FALSE,COLLISION WITH ANIMAL NON INTERSECTION,SINGLE VEHICLE,STRAIGHT & GRADE,DARK-HWY NOT LIGHTED,,,44769.36973,FALSE,182,Accepted,5,5,O,ANIMALS ACTION,,
30354257,0050100,GLASGOW POLICE DEPARTMENT,Accepted,BARREN,US0031EX,,PUBLIC,SQ,N,,,,,,,36.99613167,-85.91239948,1.491,7/5/2022,920,2,2,0,0,CLEAR,DRY,TRUE,1 VEHICLE PARKED POSITION (NOT PARKING LOT/DRIVEWAY),SIDESWIPE-SAME DIRECTION,STRAIGHT & GRADE,DAYLIGHT,,,44769.43424,FALSE,2212,Accepted,5,5,O,,,
30354272,0050100,GLASGOW POLICE DEPARTMENT,Accepted,BARREN,KY0249,,BUNCHE,AVE,,US0031EX,GREEN,,,,,36.99021421,-85.91631924,16.229,7/13/2022,934,2,2,0,0,CLEAR,DRY,FALSE,SIDESWIPE-SAME DIRECTION,SIDESWIPE-SAME DIRECTION,STRAIGHT & LEVEL,DAYLIGHT,,,44769.43455,FALSE,50,Accepted,5,5,O,,FAILED TO YIELD RIGHT OF WAY,
30355055,KSP0300,"KY STATE POLICE, POST 03",Accepted,BARREN,LN9008,,LN9008 E,,,,,,,,,37.05592106,-86.10777298,0.31,7/27/2022,104,1,1,0,0,CLEAR,DRY,FALSE,RAN OFF ROADWAY (1 VEHICLE WITH/EARTH EMBANKMENT/DITCH),SINGLE VEHICLE,STRAIGHT & LEVEL,DARK-HWY LIGHTED/ON,,,44769.56449,FALSE,694,Accepted,5,5,O,SHOULDERS DEFECTIVE/DROP-OFF,MISJUDGE CLEARANCE,
30358567,0050000,BARREN COUNTY SHERIFF DEPT.,Accepted,BARREN,KY0070,,GRIDERVILLE,RD,,,,,,,,37.11596174,-85.89080307,10.556,7/26/2022,2019,1,1,0,0,CLEAR,DRY,FALSE,COLLISION WITH ANIMAL NON INTERSECTION,SINGLE VEHICLE,STRAIGHT & LEVEL,DARK-HWY NOT LIGHTED,,,44770.41137,FALSE,124,Accepted,5,5,O,,,
30361877,0050100,GLASGOW POLICE DEPARTMENT,Accepted,BARREN,US0031EX,,PUBLIC,SQ,N,,,,,,,36.99608836,-85.91234567,1.488,7/26/2022,1540,2,2,0,0,CLEAR,DRY,FALSE,1 VEHICLE PARKED POSITION (NOT PARKING LOT/DRIVEWAY),SIDESWIPE-SAME DIRECTION,STRAIGHT & LEVEL,DAYLIGHT,,,44771.28161,FALSE,2289,Accepted,5,5,O,,OVERCORRECTING/OVERSTEERING,
30362324,0050000,BARREN COUNTY SHERIFF DEPT.,Accepted,BARREN,US0068,,NEW BOWLING GREEN,RD,,,,,,,,37.01361386,-85.95886678,9.717,7/25/2022,1343,2,2,0,0,CLOUDY,DRY,FALSE,OCCUPANT FELL FROM MOVING VEHICLE,SIDESWIPE-OPPOSITE DIRECTION,STRAIGHT & GRADE,DAYLIGHT,,,44771.39974,FALSE,167,Accepted,5,5,O,DEBRIS IN ROADWAY,,
30362326,0050000,BARREN COUNTY SHERIFF DEPT.,Accepted,BARREN,,297,QUARTER,LN,,,,,,,,36.87817492,-85.84363632,0.318,7/28/2022,1506,2,2,0,0,CLEAR,DRY,FALSE,1 VEHICLE PARKED POSITION (NOT PARKING LOT/DRIVEWAY),BACKING,STRAIGHT & LEVEL,DAYLIGHT,,,44771.39984,FALSE,167,Accepted,5,5,O,,"INATTENTION, MISJUDGE CLEARANCE",
30362545,0050100,GLASGOW POLICE DEPARTMENT,Accepted,BARREN,KY0090,,HAPPY VALLEY,RD,,US0068,VETERANS OUTER,,,,,37.02436805,-85.93582861,8.57,7/26/2022,1207,2,2,0,0,CLOUDY,DRY,FALSE,SIDESWIPE-SAME DIRECTION,SIDESWIPE-SAME DIRECTION,STRAIGHT & LEVEL,DAYLIGHT,,,44771.43256,FALSE,2298,Accepted,5,5,O,,"INATTENTION, TURNING IMPROPERLY",
30362546,0050100,GLASGOW POLICE DEPARTMENT,Accepted,BARREN,,,BELFAST,WAY,,,BRITTHAVEN,,,,,36.98967885,-85.94550659,0.131,7/27/2022,950,2,2,0,0,CLOUDY,DRY,FALSE,HEAD-ON COLLISION,HEAD ON,CURVE & LEVEL,DAYLIGHT,,,44771.43263,FALSE,2297,Accepted,5,5,O,,INATTENTION,
30362547,0050100,GLASGOW POLICE DEPARTMENT,Accepted,BARREN,US0031E,,L ROGERS WELLS,BLVD,N,,ROGERS,,,,,37.00378438,-85.92551936,14.34,7/27/2022,1029,2,2,0,0,CLOUDY,DRY,FALSE,ANGLE COLLISION - OTHER,ANGLE,STRAIGHT & LEVEL,DAYLIGHT,,,44771.43268,FALSE,2297,Accepted,5,5,O,,"DISREGARD TRAFFIC CONTROL, INATTENTION",
30362958,0050100,GLASGOW POLICE DEPARTMENT,Accepted,BARREN,,,ROGERS,RD,,,,US0031E,L ROGERS WELLS,,LINCOLN,37.00337422,-85.92488572,0.419,7/28/2022,1420,2,2,0,0,CLOUDY,DRY,FALSE,REAR END IN TRAFFIC LANES BOTH VEHICLES MOVING,REAR END,STRAIGHT & GRADE,DAYLIGHT,,,44771.52716,FALSE,2270,Accepted,5,5,O,,INATTENTION,
30369064,0050100,GLASGOW POLICE DEPARTMENT,Accepted,BARREN,US0068X,,COLUMBIA,AVE,,,,,SANDWOOD,,SCOTTIE,37.0080117,-85.88831921,4.14,7/30/2022,1121,1,1,0,0,CLEAR,DRY,FALSE,COLLISION WITH ANIMAL NON INTERSECTION,SINGLE VEHICLE,STRAIGHT & LEVEL,DAYLIGHT,,,44773.56786,FALSE,2287,Accepted,5,5,O,ANIMALS ACTION,,
30371424,0050100,GLASGOW POLICE DEPARTMENT,Accepted,BARREN,KY0063,1000,WOODLAWN,ST,,,,,,,,36.98539912,-85.9047016,13.72,7/28/2022,24,1,1,0,0,RAINING,WET,TRUE,OTHER COLLISIONS ON SHOULDER,SINGLE VEHICLE,CURVE & HILLCREST,DARK-HWY LIGHTED/ON,,,44774.27794,FALSE,2273,Accepted,5,5,O,SLIPPERY SURFACE,ALCOHOL INVOLVEMENT,
30373143,0050000,BARREN COUNTY SHERIFF DEPT.,Accepted,BARREN,KY0249,12000,ROSEVILLE,RD,,,,,,,,36.82539723,-85.91686334,4.261,7/29/2022,724,1,1,0,1,CLOUDY,WET,FALSE,COLLISION WITH FIXED OBJECT NON - INTERSECTION - FIRST EVENT COLLISION 09 - 32 EXCLUDING 16,SINGLE VEHICLE,STRAIGHT & GRADE,DAYLIGHT,,,44774.54415,FALSE,125,Accepted,3,3,B,,FELL ASLEEP,
30373144,0050000,BARREN COUNTY SHERIFF DEPT.,Accepted,BARREN,,,MT PLEASANT,RD,,,HAPPY HOLLOW,,,,,36.84013351,-85.89809743,0.333,7/29/2022,1113,2,2,0,0,CLOUDY,WET,FALSE,HEAD-ON COLLISION,HEAD ON,STRAIGHT & LEVEL,DAYLIGHT,,,44774.54425,FALSE,125,Accepted,5,5,O,,"FAILED TO KEEP PROPER LANE, TURNING IMPROPERLY",
30373146,0050000,BARREN COUNTY SHERIFF DEPT.,Accepted,BARREN,KY3600,,GLASGOW OUTER LOOP,,,LN9008,LN9008 E EXIT8 CROSSOVER TO KY3600,,,,,36.99174345,-85.98069224,0.334,7/27/2022,2119,2,2,0,0,RAINING,WET,FALSE,ANGLE COLLISION - OTHER,ANGLE,STRAIGHT & LEVEL,DARK-HWY LIGHTED/OFF,,,44774.54434,FALSE,124,Accepted,5,5,O,,INATTENTION,
30380113,0050100,GLASGOW POLICE DEPARTMENT,Accepted,BARREN,US0068X,,BROADWAY,ST,N,,FRONT,,,,,36.99708322,-85.90955543,2.749,7/22/2022,1900,1,1,0,1,CLEAR,DRY,FALSE,COLLISION WITH FIXED OBJECT IN INTERSECTION - FIRST EVENT COLLISION 09 - 32,SINGLE VEHICLE,CURVE & LEVEL,DAYLIGHT,,,44776.12665,FALSE,48,Accepted,5,2,A,,NOT UNDER PROPER CONTROL,
30380616,0050100,GLASGOW POLICE DEPARTMENT,Accepted,BARREN,,,FORD,DR,,,,,SAMSON,,CHERRY,37.00429837,-85.91584336,0.003,8/2/2022,1755,2,2,0,0,CLEAR,DRY,TRUE,REAR END IN TRAFFIC LANES BOTH VEHICLES MOVING,REAR END,STRAIGHT & GRADE,DAYLIGHT,,,44776.29228,FALSE,2268,Accepted,5,5,O,,INATTENTION,
30387282,0050000,BARREN COUNTY SHERIFF DEPT.,Accepted,BARREN,,,MT PLEASANT,RD,,,,,,,,36.89505593,-85.90625879,4.372,8/2/2022,1049,2,2,0,0,CLEAR,DRY,FALSE,SIDESWIPE COLLISION - OPPOSITE DIRECTION,SIDESWIPE-OPPOSITE DIRECTION,STRAIGHT & GRADE,DAYLIGHT,,,44777.60638,FALSE,170,Accepted,5,5,O,,,
30387285,0050000,BARREN COUNTY SHERIFF DEPT.,Accepted,BARREN,,,MILBURN TAYLOR,RD,,,,,,,,36.76239997,-85.92182949,2,8/2/2022,1520,2,2,0,0,CLEAR,DRY,FALSE,SIDESWIPE COLLISION - OPPOSITE DIRECTION,SIDESWIPE-OPPOSITE DIRECTION,CURVE & HILLCREST,DAYLIGHT,,,44777.60648,FALSE,170,Accepted,5,5,O,,,
30390213,0050100,GLASGOW POLICE DEPARTMENT,Accepted,BARREN,US0031EX,,PUBLIC,SQ,W,,,US0031EX,PUBLIC,US0031EX,US31E BUS TURN LANE,36.99606194,-85.91300529,1.499,8/4/2022,1300,2,2,0,0,CLEAR,DRY,FALSE,VEHICLE BACKING NON INTERSECTION,BACKING,STRAIGHT & GRADE,DAYLIGHT,,,44778.30567,FALSE,2240,Accepted,5,5,O,,INATTENTION,
30391151,0050200,CAVE CITY POLICE DEPARTMENT,Accepted,BARREN,KY0090,,HAPPY VALLEY,ST,E,,,,,,,37.12151166,-85.96214579,1.299,7/23/2022,1809,2,2,0,0,CLEAR,DRY,FALSE,1 VEHICLE ENTERING/LEAVING ENTRANCE,ANGLE,STRAIGHT & LEVEL,DAYLIGHT,,,44778.46339,FALSE,607,Accepted,5,5,O,,INATTENTION,
30391153,0050200,CAVE CITY POLICE DEPARTMENT,Accepted,BARREN,,,2ND,ST,N,,,,,,,37.13828997,-85.95805343,0.031,7/20/2022,1337,2,2,0,0,CLEAR,DRY,TRUE,COLLISION WITH FIXED OBJECT NON - INTERSECTION - FIRST EVENT COLLISION 09 - 32 EXCLUDING 16,SIDESWIPE-OPPOSITE DIRECTION,STRAIGHT & LEVEL,DAYLIGHT,,,44778.46351,FALSE,608,Accepted,5,5,O,,,
30391158,0050200,CAVE CITY POLICE DEPARTMENT,Accepted,BARREN,KY0070,,MAMMOTH CAVE,RD,,,,,,,,37.13543565,-85.99548837,4.157,7/28/2022,1630,1,1,0,0,CLEAR,DRY,FALSE,OTHER ROADWAY OR MID-BLOCK COLLISION,SINGLE VEHICLE,STRAIGHT & HILLCREST,DAYLIGHT,,,44778.46368,FALSE,607,Accepted,5,5,O,,INATTENTION,
30391161,0050200,CAVE CITY POLICE DEPARTMENT,Accepted,BARREN,KY0090,,HAPPY VALLEY,ST,,US0031W,DIXIE,,,,,37.12808285,-85.96304082,0.818,7/30/2022,1320,2,2,0,0,CLEAR,DRY,FALSE,REAR END - ONE VEHICLE TURNING RIGHT,REAR END,STRAIGHT & LEVEL,DAYLIGHT,,,44778.46383,FALSE,611,Accepted,5,5,O,,INATTENTION,
30391166,0050200,CAVE CITY POLICE DEPARTMENT,Accepted,BARREN,KY0070,,MAMMOTH CAVE,RD,,,,,,,,37.13519173,-85.97701963,5.185,7/30/2022,1749,2,2,0,0,CLEAR,DRY,FALSE,REAR END IN TRAFFIC LANES BOTH VEHICLES MOVING,REAR END,CURVE & HILLCREST,DAYLIGHT,,,44778.46392,FALSE,607,Accepted,5,5,O,,INATTENTION,
30391168,0050200,CAVE CITY POLICE DEPARTMENT,Accepted,BARREN,US0031W,,DIXIE,HWY,S,,,,,,,37.12823539,-85.96285046,6.782,7/31/2022,1253,2,2,0,0,CLEAR,DRY,FALSE,REAR END IN TRAFFIC LANES BOTH VEHICLES MOVING,REAR END,STRAIGHT & LEVEL,DAYLIGHT,,,44778.46401,FALSE,611,Accepted,5,5,O,,INATTENTION,
30393647,0050100,GLASGOW POLICE DEPARTMENT,Accepted,BARREN,KY0090,,HAPPY VALLEY,RD,,,,,ENSMINGER,US0031E,L ROGERS WELLS,37.0097668,-85.92177547,9.899,7/19/2022,1538,2,1,0,0,CLEAR,DRY,FALSE,OTHER ROADWAY OR MID-BLOCK COLLISION,OPPOSING LEFT TURN,STRAIGHT & LEVEL,DAYLIGHT,,,44779.12698,FALSE,2246,Accepted,5,5,O,,INATTENTION,
30393654,0050100,GLASGOW POLICE DEPARTMENT,Accepted,BARREN,,,EMBARK,CT,,KY1297,OLD BOWLING GREEN,,,,,36.98776845,-85.93730376,0.027,7/26/2022,1022,2,1,0,0,CLOUDY,DRY,FALSE,VEHICLE BACKING IN INTERSECTION,BACKING,STRAIGHT & LEVEL,DAYLIGHT,,,44779.12706,FALSE,2246,Accepted,5,5,O,,INATTENTION,
30393856,0050100,GLASGOW POLICE DEPARTMENT,Accepted,BARREN,US0031E,,L ROGERS WELLS,BLVD,N,,,,,,,37.00468137,-85.92505934,14.385,8/4/2022,1515,2,2,0,0,CLEAR,DRY,FALSE,SIDESWIPE COLLISION - SAME DIRECTION,SIDESWIPE-SAME DIRECTION,STRAIGHT & LEVEL,DAYLIGHT,,,44779.22791,FALSE,2289,Accepted,5,5,O,,,
30398473,0050100,GLASGOW POLICE DEPARTMENT,Accepted,BARREN,KY0090,,HAPPY VALLEY,RD,,,,,PIN OAK,,SHALIMAR,37.01104369,-85.92424785,9.736,7/29/2022,1615,2,2,0,0,CLOUDY,DRY,FALSE,1 VEHICLE ENTERING/LEAVING ENTRANCE,ANGLE,STRAIGHT & LEVEL,DAYLIGHT,,,44780.77509,FALSE,2260,Accepted,5,5,O,,"FAILED TO YIELD RIGHT OF WAY, INATTENTION",
30398474,0050100,GLASGOW POLICE DEPARTMENT,Accepted,BARREN,US0068X,1005,MAIN,ST,W,,,US0031E,L ROGERS WELLS,,SHANE,37.00302979,-85.92806759,1.575,7/23/2022,2136,2,2,0,0,CLEAR,DRY,FALSE,1 VEHICLE ENTERING/LEAVING ENTRANCE,ANGLE,STRAIGHT & LEVEL,DARK-HWY LIGHTED/ON,,,44780.77514,FALSE,2293,Accepted,5,5,O,,"INATTENTION, TURNING IMPROPERLY",
30400675,KSP0300,"KY STATE POLICE, POST 03",Accepted,BARREN,,,LECTA KINO,RD,,,,,,,,36.99123844,-85.82919945,1.982,8/6/2022,1501,1,1,0,0,CLOUDY,DRY,FALSE,COLLISION WITH FIXED OBJECT NON - INTERSECTION - FIRST EVENT COLLISION 09 - 32 EXCLUDING 16,SINGLE VEHICLE,CURVE & LEVEL,DAYLIGHT,,,44781.34901,FALSE,944,Accepted,5,5,O,,NOT UNDER PROPER CONTROL,
30400980,0050000,BARREN COUNTY SHERIFF DEPT.,Accepted,BARREN,,,OLD MUNFORDVILLE,RD,,,,,,,,37.07154987,-85.90439209,1.78,7/29/2022,1317,1,1,0,0,CLOUDY,DRY,FALSE,RAN OFF ROADWAY (1 VEHICLE WITH/EARTH EMBANKMENT/DITCH),SINGLE VEHICLE,CURVE & GRADE,DAYLIGHT,,,44781.38801,FALSE,154,Accepted,5,5,O,,,
30405698,0050100,GLASGOW POLICE DEPARTMENT,Accepted,BARREN,US0068X,,MAIN,ST,W,US0031E,L ROGERS WELLS,,,,,37.00204611,-85.92640627,1.691,8/7/2022,1500,2,2,0,0,CLEAR,DRY,FALSE,OTHER INTERSECTION COLLISIONS,REAR END,STRAIGHT & LEVEL,DAYLIGHT,,,44782.3093,FALSE,2279,Accepted,5,5,O,,INATTENTION,
30405699,0050100,GLASGOW POLICE DEPARTMENT,Accepted,BARREN,,,BROADWAY,ST,S,,,,WAYNE,KY0063,COLLEGE,36.99366456,-85.91195607,0.126,8/8/2022,1318,2,2,0,0,CLEAR,DRY,FALSE,1 VEHICLE PARKED POSITION (NOT PARKING LOT/DRIVEWAY),BACKING,STRAIGHT & LEVEL,DAYLIGHT,,,44782.30935,FALSE,2279,Accepted,5,5,O,,IMPROPER BACKING,
30406030,0050000,BARREN COUNTY SHERIFF DEPT.,Accepted,BARREN,KY2207,,FORK,RD,S,,,,,,,36.95540089,-85.99891117,0.661,8/8/2022,611,1,1,0,0,CLEAR,DRY,FALSE,OTHER COLLISIONS ON SHOULDER,SINGLE VEHICLE,CURVE & GRADE,UNKNOWN,,,44782.36045,FALSE,170,Accepted,5,5,O,,,
30406032,0050000,BARREN COUNTY SHERIFF DEPT.,Accepted,BARREN,KY0255,,PARK CITY BON AYR,RD,,,,,,,,37.04752161,-86.06002785,8.043,8/6/2022,1459,2,2,0,1,CLEAR,DRY,FALSE,SIDESWIPE COLLISION - OPPOSITE DIRECTION,SIDESWIPE-OPPOSITE DIRECTION,CURVE & LEVEL,DAYLIGHT,,,44782.36054,FALSE,167,Accepted,5,3,B,,"FAILED TO KEEP PROPER LANE, FAILED TO YIELD RIGHT OF WAY, MISJUDGE CLEARANCE",OVERSIZED LOAD ON VEHICLE
30418669,0050100,GLASGOW POLICE DEPARTMENT,Accepted,BARREN,US0031E,,SCOTTSVILLE,RD,,,,,PRITCHARDSVILLE ,,S FORK ,36.97303973,-85.93960503,,8/9/2022,953,2,2,0,0,CLEAR,DRY,FALSE,1 VEHICLE ENTERING/LEAVING ENTRANCE,ANGLE,STRAIGHT & LEVEL,DAYLIGHT,,,44784.72166,FALSE,50,Accepted,5,5,O,,INATTENTION,
30421550,0050000,BARREN COUNTY SHERIFF DEPT.,Accepted,BARREN,LN9008,,,,,,,,,,,36.98411654,-85.89520041,0.261,8/11/2022,1752,2,2,0,0,CLEAR,DRY,FALSE,OTHER RAMP RELATED COLLISIONS NOT LISTED ABOVE,REAR END,STRAIGHT & LEVEL,DAYLIGHT,LN9008,KY0090,44785.42609,FALSE,181,Accepted,5,5,O,,INATTENTION,
30425117,0050100,GLASGOW POLICE DEPARTMENT,Accepted,BARREN,,,HOMEWOOD,BLVD,,,,,SCOTTIE,,CLARK,37.01672993,-85.90056701,0.329,8/9/2022,2245,1,1,0,0,CLEAR,WET,FALSE,COLLISION WITH ANIMAL NON INTERSECTION,SINGLE VEHICLE,STRAIGHT & LEVEL,DAYLIGHT,,,44786.2998,FALSE,2268,Accepted,5,5,O,,,
30428559,0050100,GLASGOW POLICE DEPARTMENT,Accepted,BARREN,KY0090,,HAPPY VALLEY,RD,,US0068,VETERANS OUTER,,,,,37.02421947,-85.93612276,8.562,8/13/2022,1332,2,2,0,0,CLEAR,DRY,FALSE,OTHER INTERSECTION COLLISIONS,REAR END,STRAIGHT & LEVEL,DAYLIGHT,,,44787.49238,FALSE,2289,Accepted,5,5,O,,"CELL PHONE, INATTENTION",
30430134,0050100,GLASGOW POLICE DEPARTMENT,Accepted,BARREN,,,WATER,ST,W,,TRABUE,,,,,36.99873674,-85.91627465,0.306,7/30/2022,1356,2,2,0,0,CLEAR,DRY,FALSE,ANGLE COLLISION - OTHER,ANGLE,STRAIGHT & LEVEL,DAYLIGHT,,,44788.01862,FALSE,2246,Accepted,5,5,O,DEBRIS IN ROADWAY,"INATTENTION, NOT UNDER PROPER CONTROL",
30430135,0050100,GLASGOW POLICE DEPARTMENT,Accepted,BARREN,,,GREEN,ST,N,,,,DAVIS,,GRAND,37.00544547,-85.90363124,0.809,7/31/2022,928,2,2,0,0,CLOUDY,DRY,FALSE,SIDESWIPE COLLISION - OPPOSITE DIRECTION,SIDESWIPE-OPPOSITE DIRECTION,STRAIGHT & LEVEL,DAYLIGHT,,,44788.01872,FALSE,2246,Accepted,5,5,O,,,
30430524,0050100,GLASGOW POLICE DEPARTMENT,Accepted,BARREN,US0031E,,L ROGERS WELLS,BLVD,N,,ROGERS,,,,,37.00377262,-85.92552576,14.341,8/7/2022,1340,2,2,0,1,CLEAR,DRY,FALSE,ANGLE COLLISION - OTHER,ANGLE,STRAIGHT & LEVEL,DAYLIGHT,,,44788.12112,FALSE,2666,Accepted,5,3,B,,"DISREGARD TRAFFIC CONTROL, NOT UNDER PROPER CONTROL",
30430527,0050100,GLASGOW POLICE DEPARTMENT,Accepted,BARREN,,,BRITTHAVEN,DR,,KY1297,OLD BOWLING GREEN,,,,,36.99063353,-85.94522065,0.001,8/7/2022,1940,1,1,0,0,CLEAR,DRY,FALSE,COLLISION WITH FIXED OBJECT IN INTERSECTION - FIRST EVENT COLLISION 09 - 32,SINGLE VEHICLE,STRAIGHT & LEVEL,DARK-HWY LIGHTED/ON,,,44788.1213,FALSE,2260,Accepted,5,5,O,,"FAILED TO KEEP PROPER LANE, NOT UNDER PROPER CONTROL, OVERCORRECTING/OVERSTEERING",
30430529,0050100,GLASGOW POLICE DEPARTMENT,Accepted,BARREN,US0068,,VETERANS OUTER,LOOP,,,,KY0090,HAPPY VALLEY,,SOFTBALL,37.02602326,-85.93330176,11.504,8/8/2022,1945,1,1,0,0,CLEAR,DRY,FALSE,COLLISION WITH ANIMAL NON INTERSECTION,SINGLE VEHICLE,STRAIGHT & LEVEL,DARK-HWY NOT LIGHTED,,,44788.1214,FALSE,2260,Accepted,5,5,O,ANIMALS ACTION,,
30430536,0050100,GLASGOW POLICE DEPARTMENT,Accepted,BARREN,,520,LEXINGTON,DR,,,,,WILLIAMS,,ROBERT BISHOP,37.01708709,-85.91534114,0.904,8/12/2022,1256,1,1,0,0,CLEAR,DRY,FALSE,COLLISION WITH FIXED OBJECT NON - INTERSECTION - FIRST EVENT COLLISION 09 - 32 EXCLUDING 16,SINGLE VEHICLE,STRAIGHT & LEVEL,DAYLIGHT,,,44788.12177,FALSE,2666,Accepted,5,5,O,,MISJUDGE CLEARANCE,OTHER
30431599,0050100,GLASGOW POLICE DEPARTMENT,Accepted,BARREN,US0031EX,,GREEN,ST,S,US0031E,L ROGERS WELLS,,,,,36.98278352,-85.93134688,0.002,8/11/2022,500,2,2,0,0,CLOUDY,DRY,FALSE,OTHER INTERSECTION COLLISIONS,REAR END,STRAIGHT & GRADE,DAYLIGHT,,,44788.34771,FALSE,2240,Accepted,5,5,O,,INATTENTION,
30431601,0050100,GLASGOW POLICE DEPARTMENT,Accepted,BARREN,US0031E,,SCOTTSVILLE,RD,,,,,MATTHEWS MILL,,LITTLE WORK ACRES,36.94551204,-85.97363093,9.338,8/12/2022,1245,2,2,0,0,CLEAR,DRY,FALSE,1 VEHICLE ENTERING/LEAVING ENTRANCE,ANGLE,STRAIGHT & LEVEL,DAYLIGHT,,,44788.34783,FALSE,2240,Accepted,5,5,O,DEBRIS IN ROADWAY,,OTHER
30436693,0050000,BARREN COUNTY SHERIFF DEPT.,Accepted,BARREN,,4515,DRIPPING SPRINGS,RD,,,,,,,,37.0341261,-86.01757335,2.472,8/6/2022,1201,2,2,0,0,CLEAR,DRY,FALSE,1 VEHICLE ENTERING/LEAVING ENTRANCE,ANGLE,STRAIGHT & GRADE,DAYLIGHT,,,44789.34934,FALSE,154,Accepted,5,5,O,VIEW OBSTRUCTED/LIMITED DUE TO RDWY,FAILED TO YIELD RIGHT OF WAY,
30436697,0050000,BARREN COUNTY SHERIFF DEPT.,Accepted,BARREN,US0031E,,SCOTTSVILLE,RD,,,,,,,,36.95234785,-85.96449091,9.945,8/11/2022,1930,1,1,0,0,CLEAR,DRY,FALSE,COLLISION WITH ANIMAL NON INTERSECTION,SINGLE VEHICLE,STRAIGHT & LEVEL,DAYLIGHT,,,44789.34944,FALSE,174,Accepted,5,5,O,ANIMALS ACTION,,
30436699,0050000,BARREN COUNTY SHERIFF DEPT.,Accepted,BARREN,KY1307,4868,LICK BRANCH,RD,,,,,,,,36.95188461,-85.79168879,0.457,8/14/2022,1256,2,2,0,0,CLEAR,DRY,FALSE,SIDESWIPE COLLISION - OPPOSITE DIRECTION,SIDESWIPE-OPPOSITE DIRECTION,STRAIGHT & GRADE,DAYLIGHT,,,44789.34955,FALSE,170,Accepted,5,5,O,,INATTENTION,
30436700,0050000,BARREN COUNTY SHERIFF DEPT.,Accepted,BARREN,US0068,,EDMONTON,RD,,,,,,,,37.01774791,-85.81225904,19.49,8/15/2022,2130,2,2,0,0,CLEAR,DRY,FALSE,REAR END IN TRAFFIC LANES BOTH VEHICLES MOVING,REAR END,STRAIGHT & LEVEL,DARK-HWY NOT LIGHTED,,,44789.34959,FALSE,182,Accepted,5,5,O,,,OTHER LIGHTING DEFECTIVE
30441407,0050100,GLASGOW POLICE DEPARTMENT,Accepted,BARREN,US0068X,,MAIN,ST,W,,,,REAGAN,,MARIE,37.01007284,-85.94357405,0.53,8/12/2022,2051,2,2,0,2,CLEAR,DRY,FALSE,1 VEHICLE ENTERING/LEAVING ENTRANCE,ANGLE,STRAIGHT & LEVEL,DAYLIGHT,,,44790.29738,FALSE,2268,Accepted,5,4,C,,"INATTENTION, MISJUDGE CLEARANCE",
30441821,0050100,GLASGOW POLICE DEPARTMENT,Accepted,BARREN,US0068X,,MAIN,ST,W,US0031E,L ROGERS WELLS,,,,,37.00245442,-85.92708589,1.643,8/15/2022,1341,2,2,0,0,CLEAR,DRY,FALSE,ANGLE COLLISION - OTHER,ANGLE,STRAIGHT & LEVEL,DAYLIGHT,,,44790.37023,FALSE,2293,Accepted,5,5,O,OTHER,INATTENTION,
30447294,0050000,BARREN COUNTY SHERIFF DEPT.,Accepted,BARREN,KY0070,,HISEVILLE MAIN,ST,E,,,,,,,37.09827453,-85.80775054,15.506,8/8/2022,1659,2,2,0,0,CLEAR,DRY,FALSE,SIDESWIPE COLLISION - OPPOSITE DIRECTION,SIDESWIPE-OPPOSITE DIRECTION,STRAIGHT & GRADE,DAYLIGHT,,,44791.45139,FALSE,163,Accepted,5,5,O,,,LOAD SECUREMENT
30448841,0050100,GLASGOW POLICE DEPARTMENT,Accepted,BARREN,US0068X,,COLUMBIA,AVE,,,,,SCOTTIE,,SANDWOOD,37.00816576,-85.88714271,4.201,8/10/2022,1247,1,1,0,0,CLEAR,DRY,FALSE,COLLISION WITH FIXED OBJECT NON - INTERSECTION - FIRST EVENT COLLISION 09 - 32 EXCLUDING 16,SINGLE VEHICLE,STRAIGHT & LEVEL,DAYLIGHT,,,44791.69259,FALSE,50,Accepted,5,5,O,,,