IncidentID,AgencyORI,AgencyName,IncidentStatusDesc,County,RdwyNumber,Street,RoadwayName,StreetSfx,StreetDir,IntersectionRdwy,IntersectionRdwyName,BetweenStRdwy1,BetweenStRdwyName1,BetweenStRdwy2,BetweenStRdwyName2,Latitude,Longitude,Milepoint,CollisionDate,CollisionTime,UnitsInvolved,MotorVehiclesInvolved,NumberKilled,NumberInjured,Weather,RdwyConditionCode,HitandRun,DirAnalysisCode,MannerofCollision,RdwyCharacter,LightCondition,RampFromRdwyId,RampToRdwyId,AcceptedDate,IsSecondaryCollision,OwnerBadge,IncidentStatus,InjurySeverityCde,KABCO_Code,KABCO,Environmental_Factors,Human_Factors,Vehicular_Factors
30451359,0050000,BARREN COUNTY SHERIFF DEPT.,Accepted,BARREN,,,TROJAN,TRL,,,,,,,,36.97758592,-85.92087347,,8/8/2022,1947,2,2,0,0,CLEAR,DRY,TRUE,1 VEHICLE PARKED POSITION (NOT PARKING LOT/DRIVEWAY),BACKING,STRAIGHT & GRADE,DAYLIGHT,,,44792.35842,FALSE,167,Accepted,5,5,O,,INATTENTION,
30452040,0050200,CAVE CITY POLICE DEPARTMENT,Accepted,BARREN,KY0070,,MAMMOTH CAVE,RD,,,,,,,,37.13526699,-85.99109007,4.402,8/7/2022,2107,2,2,0,0,CLEAR,DRY,FALSE,REAR END IN TRAFFIC LANES BOTH VEHICLES MOVING,REAR END,STRAIGHT & GRADE,DARK (UNKNOWN ROADWAY LIGHTING),,,44792.52086,FALSE,611,Accepted,5,5,O,,"ALCOHOL INVOLVEMENT, INATTENTION",
30452043,0050200,CAVE CITY POLICE DEPARTMENT,Accepted,BARREN,KY0070,,MAMMOTH CAVE,RD,,KY0070,MAMMOTH CAVE,,,,,37.13478421,-85.97480835,5.314,8/8/2022,1517,2,2,0,1,CLEAR,DRY,FALSE,ANGLE COLLISION - ONE VEHICLE TURNING LEFT,ANGLE,STRAIGHT & GRADE,DAYLIGHT,,,44792.52124,FALSE,611,Accepted,5,4,C,,INATTENTION,
30452047,0050200,CAVE CITY POLICE DEPARTMENT,Accepted,BARREN,,,1ST,ST,S,,,,,,,37.13842644,-85.95962358,0.116,8/6/2022,1050,2,2,0,0,CLEAR,DRY,FALSE,VEHICLE BACKING NON INTERSECTION,BACKING,STRAIGHT & LEVEL,DAYLIGHT,,,44792.52138,FALSE,602,Accepted,5,5,O,,INATTENTION,
30453522,0050100,GLASGOW POLICE DEPARTMENT,Accepted,BARREN,,1551,OIL CITY,RD,,,,,MAIN,,VETERANS OUTER ,37.01243589,-85.94698991,,8/14/2022,1338,2,2,0,0,CLEAR,DRY,FALSE,SIDESWIPE COLLISION - OPPOSITE DIRECTION,SIDESWIPE-OPPOSITE DIRECTION,STRAIGHT & GRADE,DAYLIGHT,,,44792.82427,FALSE,2287,Accepted,5,5,O,,FAILED TO KEEP PROPER LANE,
30457791,0050100,GLASGOW POLICE DEPARTMENT,Accepted,BARREN,US0031EX,,RACE,ST,N,,,,HAPPY VALLEY,,CLEMENTS,37.00437653,-85.90801204,2.138,8/17/2022,1720,2,2,0,0,CLEAR,DRY,FALSE,OTHER ROADWAY OR MID-BLOCK COLLISION,REAR END,STRAIGHT & GRADE,DAYLIGHT,,,44794.40269,FALSE,2288,Accepted,5,5,O,,INATTENTION,
30457792,0050100,GLASGOW POLICE DEPARTMENT,Accepted,BARREN,US0031EX,,PUBLIC,SQ,W,,,US0068X,MAIN,US0031EX,PUBLIC,36.99606877,-85.91300563,1.499,8/20/2022,1144,2,2,0,0,CLEAR,DRY,FALSE,1 VEHICLE ENTERING/LEAVING ENTRANCE,ANGLE,STRAIGHT & LEVEL,DAYLIGHT,,,44794.40275,FALSE,2288,Accepted,5,5,O,,"FAILED TO YIELD RIGHT OF WAY, INATTENTION",
30462210,0050000,BARREN COUNTY SHERIFF DEPT.,Accepted,BARREN,US0031E,,SCOTTSVILLE,RD,,,MANOR HOUSE,,,,,36.94987639,-85.96785783,9.768,8/9/2022,731,2,2,0,0,CLEAR,DRY,FALSE,OTHER INTERSECTION COLLISIONS,REAR END,STRAIGHT & LEVEL,DAYLIGHT,,,44795.42081,FALSE,125,Accepted,5,5,O,,MISJUDGE CLEARANCE,
30462213,0050000,BARREN COUNTY SHERIFF DEPT.,Accepted,BARREN,KY0249,,ROSEVILLE,RD,,KY0820,CANEY FORK,,,,,36.83883207,-85.91816594,5.199,8/17/2022,718,1,1,0,0,CLEAR,DRY,FALSE,NON-COLLISION OBJECT COLLISION,SINGLE VEHICLE,CURVE & GRADE,DAYLIGHT,,,44795.42091,FALSE,125,Accepted,5,5,O,,MISJUDGE CLEARANCE,
30462216,0050000,BARREN COUNTY SHERIFF DEPT.,Accepted,BARREN,KY0063,,TOMPKINSVILLE,RD,,,,,,,,36.97091842,-85.89372853,12.515,8/13/2022,334,1,1,0,0,CLEAR,DRY,FALSE,OTHER ROADWAY OR MID-BLOCK COLLISION,SINGLE VEHICLE,STRAIGHT & GRADE,DARK-HWY NOT LIGHTED,,,44795.421,FALSE,124,Accepted,5,5,O,,,BRAKES DEFECTIVE
30462219,0050000,BARREN COUNTY SHERIFF DEPT.,Accepted,BARREN,KY0685,,STOVALL,RD,,,,,,,,37.01945039,-86.02462557,2.65,8/19/2022,1932,2,2,0,0,CLEAR,DRY,TRUE,SIDESWIPE COLLISION - OPPOSITE DIRECTION,SIDESWIPE-OPPOSITE DIRECTION,STRAIGHT & HILLCREST,DUSK,,,44795.42109,FALSE,149,Accepted,5,5,O,,FAILED TO KEEP PROPER LANE,
30462520,0050000,BARREN COUNTY SHERIFF DEPT.,Accepted,BARREN,US0031E,,SCOTTSVILLE,RD,,,ROBERTA,,,,,36.90102707,-86.00401454,5.639,8/21/2022,710,1,1,0,0,CLOUDY,DRY,FALSE,COLLISION WITH FIXED OBJECT IN INTERSECTION - FIRST EVENT COLLISION 09 - 32,SINGLE VEHICLE,STRAIGHT & LEVEL,DARK-HWY LIGHTED/OFF,,,44795.42143,FALSE,157,Accepted,5,5,O,,,
30463487,0050100,GLASGOW POLICE DEPARTMENT,Accepted,BARREN,,,TROJAN,TRL,,,,US0031E,SCOTTSVILLE,,HILLTOPPER,36.9794511,-85.93263782,1.294,8/16/2022,1534,2,2,0,0,CLOUDY,DRY,FALSE,REAR END IN TRAFFIC LANES BOTH VEHICLES MOVING,REAR END,STRAIGHT & LEVEL,DAYLIGHT,,,44795.62285,FALSE,2297,Accepted,5,5,O,,INATTENTION,
30464181,0050000,BARREN COUNTY SHERIFF DEPT.,Accepted,BARREN,US0031E,,JACKSON,HWY,N,KY0070,GRIDERVILLE,,,,,37.11286552,-85.87030195,23.045,8/22/2022,615,2,2,0,0,FOG,DRY,FALSE,ANGLE COLLISION - OTHER,ANGLE,STRAIGHT & LEVEL,DAYLIGHT,,,44795.68668,FALSE,157,Accepted,5,5,O,OTHER,INATTENTION,
30464182,0050000,BARREN COUNTY SHERIFF DEPT.,Accepted,BARREN,KY0249,,ROSEVILLE,RD,,,,,,,,36.88609128,-85.92700601,8.595,8/22/2022,942,2,2,0,0,CLEAR,DRY,FALSE,SIDESWIPE COLLISION - OPPOSITE DIRECTION,SIDESWIPE-OPPOSITE DIRECTION,CURVE & GRADE,DAYLIGHT,,,44795.68676,FALSE,170,Accepted,5,5,O,,,
30466930,0050000,BARREN COUNTY SHERIFF DEPT.,Accepted,BARREN,KY0921,,THOMERSON PARK,RD,,,,,,,,36.80591712,-85.93459727,7.522,5/11/2022,1234,2,2,0,0,CLEAR,DRY,FALSE,SIDESWIPE COLLISION - OPPOSITE DIRECTION,SIDESWIPE-OPPOSITE DIRECTION,CURVE & GRADE,DAYLIGHT,,,44796.37277,FALSE,143,Accepted,5,5,O,,FAILED TO KEEP PROPER LANE,
30466931,0050000,BARREN COUNTY SHERIFF DEPT.,Accepted,BARREN,KY0685,,BECKTON,RD,,,,,,,,36.99448598,-86.03540232,0.726,8/22/2022,1933,2,2,0,0,CLEAR,DRY,FALSE,1 VEHICLE ENTERING/LEAVING ENTRANCE,ANGLE,STRAIGHT & HILLCREST,DUSK,,,44796.37286,FALSE,182,Accepted,5,5,O,,INATTENTION,
30466932,0050000,BARREN COUNTY SHERIFF DEPT.,Accepted,BARREN,KY2131,,CORAL HILL HALFWAY,RD,,,,,,,,37.05461954,-85.83910222,0.721,8/22/2022,1356,1,1,0,0,CLEAR,DRY,FALSE,COLLISION WITH ANIMAL NON INTERSECTION,SINGLE VEHICLE,STRAIGHT & LEVEL,DAYLIGHT,,,44796.37291,FALSE,157,Accepted,5,5,O,,,
30471567,0050000,BARREN COUNTY SHERIFF DEPT.,Accepted,BARREN,KY0740,2431,CORAL HILL,RD,,,,,,,,37.04152843,-85.86216314,2.371,8/20/2022,1545,2,2,0,0,RAINING,WET,FALSE,SIDESWIPE COLLISION - OPPOSITE DIRECTION,SIDESWIPE-OPPOSITE DIRECTION,CURVE & GRADE,DAYLIGHT,,,44797.36093,FALSE,125,Accepted,5,5,O,,INATTENTION,STEERING FAILURE
30471568,0050000,BARREN COUNTY SHERIFF DEPT.,Accepted,BARREN,KY1297,,OLD BOWLING GREEN,RD,,,BISHOP,,,,,36.98715407,-86.01654949,7.711,8/22/2022,2028,2,2,0,0,CLEAR,DRY,FALSE,ANGLE COLLISION - OTHER,ANGLE,STRAIGHT & LEVEL,DARK-HWY LIGHTED/ON,,,44797.36099,FALSE,181,Accepted,5,5,O,,INATTENTION,
30473702,0050100,GLASGOW POLICE DEPARTMENT,Accepted,BARREN,,105,MILL,ST,,,,,MORGAN,KY0063,FRANKLIN,36.9900389,-85.91068566,0.022,8/20/2022,1519,2,2,0,0,CLOUDY,DRY,FALSE,1 VEHICLE PARKED POSITION (NOT PARKING LOT/DRIVEWAY),BACKING,STRAIGHT & GRADE,DAYLIGHT,,,44797.66646,FALSE,2666,Accepted,5,5,O,,INATTENTION,
30473712,0050100,GLASGOW POLICE DEPARTMENT,Accepted,BARREN,US0068,,VETERANS OUTER,LOOP,,US0031E,JACKSON,,,,,37.0329203,-85.90567068,13.273,8/21/2022,1612,2,2,0,0,RAINING,WET,FALSE,ANGLE COLLISION - OTHER,ANGLE,STRAIGHT & LEVEL,DAYLIGHT,,,44797.66741,FALSE,2288,Accepted,5,5,O,SLIPPERY SURFACE,"FAILED TO YIELD RIGHT OF WAY, NOT UNDER PROPER CONTROL",
30473716,0050100,GLASGOW POLICE DEPARTMENT,Accepted,BARREN,US0031E,,L ROGERS WELLS,BLVD,S,,CAVALRY,,,,,36.98477756,-85.93161541,12.98,8/18/2022,530,2,2,0,0,CLEAR,DRY,FALSE,ANGLE COLLISION - OTHER,ANGLE,STRAIGHT & LEVEL,DAYLIGHT,,,44797.66777,FALSE,2260,Accepted,5,5,O,,"DISREGARD TRAFFIC CONTROL, FAILED TO YIELD RIGHT OF WAY",
30478170,0050000,BARREN COUNTY SHERIFF DEPT.,Accepted,BARREN,KY1297,,OLD BOWLING GREEN,RD,,,,,,,,36.97818642,-86.08035186,4.01,8/20/2022,1950,2,1,0,0,CLEAR,DRY,FALSE,OTHER ROADWAY OR MID-BLOCK COLLISION,SINGLE VEHICLE,STRAIGHT & GRADE,DUSK,,,44798.60323,FALSE,124,Accepted,5,5,O,,INATTENTION,
30478500,KSP0300,"KY STATE POLICE, POST 03",Accepted,BARREN,US0031E,,JACKSON,HWY,N,,,,,,,37.15012854,-85.858979,25.746,8/20/2022,1045,2,2,0,1,CLEAR,DRY,FALSE,1 VEHICLE ENTERING/LEAVING ENTRANCE,ANGLE,CURVE & LEVEL,DAYLIGHT,,,44798.63834,FALSE,694,Accepted,5,4,C,,"DISREGARD TRAFFIC CONTROL, FAILED TO YIELD RIGHT OF WAY, MISJUDGE CLEARANCE",
30478937,0050100,GLASGOW POLICE DEPARTMENT,Accepted,BARREN,,,LEXINGTON,DR,,,,,REBECCA,,BEAVER,37.02763434,-85.91765623,1.653,8/22/2022,548,2,2,0,0,FOG,DRY,FALSE,1 VEHICLE ENTERING/LEAVING ENTRANCE,ANGLE,STRAIGHT & LEVEL,DAWN,,,44798.69922,FALSE,2288,Accepted,5,5,O,"VIEW OBSTRUCTED, LIMITED DUE TO WEATHER CONDITIONS",FAILED TO YIELD RIGHT OF WAY,
30491746,0050100,GLASGOW POLICE DEPARTMENT,Accepted,BARREN,US0068,,VETERANS OUTER,LOOP,,,,,BEAVER,KY0090,HAPPY VALLEY,37.02325345,-85.93720154,11.222,8/26/2022,1435,1,1,0,0,CLEAR,DRY,FALSE,COLLISION WITH FIXED OBJECT NON - INTERSECTION - FIRST EVENT COLLISION 09 - 32 EXCLUDING 16,SINGLE VEHICLE,STRAIGHT & LEVEL,DAYLIGHT,,,44802.34075,FALSE,2240,Accepted,5,5,O,,"MISJUDGE CLEARANCE, SICK",
30503511,0050100,GLASGOW POLICE DEPARTMENT,Accepted,BARREN,US0068X,,MAIN,ST,W,,SAMSON,,,,,36.99860802,-85.91910952,2.154,8/25/2022,1508,2,2,0,0,CLEAR,DRY,FALSE,ANGLE COLLISION - OTHER,ANGLE,STRAIGHT & LEVEL,DAYLIGHT,,,44804.54158,FALSE,2666,Accepted,5,5,O,,INATTENTION,
30503515,0050100,GLASGOW POLICE DEPARTMENT,Accepted,BARREN,US0031E,,JACKSON,HWY,N,,,,WATER PLANT,US0031EX,RACE,37.02248255,-85.90607103,16.176,8/26/2022,1436,2,2,0,0,CLEAR,DRY,FALSE,REAR END IN TRAFFIC LANES BOTH VEHICLES MOVING,REAR END,STRAIGHT & LEVEL,DAYLIGHT,,,44804.54196,FALSE,2666,Accepted,5,5,O,,INATTENTION,
30503516,0050100,GLASGOW POLICE DEPARTMENT,Accepted,BARREN,,111,WINGATE,AVE,,,,,BRICE,,WINDSOR,36.98232853,-85.91828716,0.235,8/26/2022,1611,2,2,0,0,CLEAR,DRY,FALSE,1 VEHICLE PARKED POSITION (NOT PARKING LOT/DRIVEWAY),BACKING,STRAIGHT & LEVEL,DAYLIGHT,,,44804.54226,FALSE,2666,Accepted,5,5,O,,INATTENTION,
30503519,0050100,GLASGOW POLICE DEPARTMENT,Accepted,BARREN,,,CHERRY,ST,E,US0031EX,RACE,,,,,37.00167747,-85.9095047,,8/26/2022,754,2,2,0,0,CLEAR,DRY,FALSE,ANGLE COLLISION - OTHER,ANGLE,STRAIGHT & LEVEL,DAYLIGHT,,,44804.54244,FALSE,2288,Accepted,5,5,O,,"FAILED TO YIELD RIGHT OF WAY, INATTENTION",
30503881,0050200,CAVE CITY POLICE DEPARTMENT,Accepted,BARREN,US0031W,,DIXIE,HWY,S,KY0070,BROADWAY,,,,,37.13568152,-85.95598446,7.393,8/21/2022,1402,2,2,0,0,RAINING,WET,FALSE,OTHER INTERSECTION COLLISIONS,REAR END,STRAIGHT & LEVEL,DAYLIGHT,,,44804.59763,FALSE,611,Accepted,5,5,O,,INATTENTION,
30503889,0050200,CAVE CITY POLICE DEPARTMENT,Accepted,BARREN,US0031W,,DIXIE,HWY,S,,,,,,,37.13420429,-85.95784271,7.251,8/23/2022,2141,2,2,0,1,CLOUDY,DRY,FALSE,SIDESWIPE COLLISION - OPPOSITE DIRECTION,SIDESWIPE-OPPOSITE DIRECTION,STRAIGHT & LEVEL,DARK-HWY LIGHTED/ON,,,44804.59833,FALSE,605,Accepted,5,4,C,,INATTENTION,
30509280,0050000,BARREN COUNTY SHERIFF DEPT.,Accepted,BARREN,LN9008,,LN9008 E,,,,,,,,,36.99636584,-85.85842052,16.329,8/25/2022,1559,1,1,0,0,CLEAR,DRY,FALSE,OTHER ROADWAY OR MID-BLOCK COLLISION,SINGLE VEHICLE,STRAIGHT & LEVEL,DAYLIGHT,,,44805.57933,FALSE,181,Accepted,5,5,O,,,
30509282,0050000,BARREN COUNTY SHERIFF DEPT.,Accepted,BARREN,US0031E,,JACKSON,HWY,N,,,,,,,37.11234175,-85.87028172,23.009,8/27/2022,1747,1,1,0,0,CLEAR,DRY,FALSE,OTHER ROADWAY OR MID-BLOCK COLLISION,SINGLE VEHICLE,STRAIGHT & LEVEL,DAYLIGHT,,,44805.57944,FALSE,181,Accepted,5,5,O,,,
30509289,0050000,BARREN COUNTY SHERIFF DEPT.,Accepted,BARREN,KY0740,1196,HISEVILLE PARK,RD,,,,,,,,37.11823709,-85.79467271,9.178,8/25/2022,1629,2,2,0,0,CLEAR,DRY,FALSE,1 VEHICLE PARKED POSITION (NOT PARKING LOT/DRIVEWAY),REAR END,STRAIGHT & LEVEL,DAYLIGHT,,,44805.57971,FALSE,174,Accepted,5,5,O,,NOT UNDER PROPER CONTROL,
30509291,0050000,BARREN COUNTY SHERIFF DEPT.,Accepted,BARREN,KY0090,,BURKESVILLE,RD,,,,,,,,36.96903656,-85.88280473,12.348,8/19/2022,1620,2,2,0,0,CLEAR,DRY,TRUE,REAR END IN TRAFFIC LANES BOTH VEHICLES MOVING,REAR END,STRAIGHT & LEVEL,DAYLIGHT,,,44805.57982,FALSE,174,Accepted,5,5,O,,OTHER,
30509294,0050000,BARREN COUNTY SHERIFF DEPT.,Accepted,BARREN,,,COOKTOWN,RD,,,,,,,,36.83378361,-85.94411268,1.467,8/27/2022,1554,2,2,0,0,CLEAR,DRY,FALSE,SIDESWIPE COLLISION - OPPOSITE DIRECTION,SIDESWIPE-OPPOSITE DIRECTION,STRAIGHT & LEVEL,DAYLIGHT,,,44805.57992,FALSE,181,Accepted,5,5,O,,MISJUDGE CLEARANCE,MIRRORS
30509303,0050000,BARREN COUNTY SHERIFF DEPT.,Accepted,BARREN,LN9008,,LN9008 E,,,,,,,,,37.01217548,-86.02276495,5.981,8/29/2022,1137,1,1,0,0,RAINING,WET,FALSE,RAN OFF ROADWAY (1 VEHICLE WITH/EARTH EMBANKMENT/DITCH),SINGLE VEHICLE,STRAIGHT & LEVEL,DAYLIGHT,,,44805.5803,FALSE,170,Accepted,5,5,O,SLIPPERY SURFACE,,
30509306,0050000,BARREN COUNTY SHERIFF DEPT.,Accepted,BARREN,US0068,,EDMONTON,RD,,,,,,,,37.01789932,-85.81420631,19.382,8/27/2022,2330,1,1,0,0,CLEAR,DRY,FALSE,COLLISION WITH FIXED OBJECT NON - INTERSECTION - FIRST EVENT COLLISION 09 - 32 EXCLUDING 16,SINGLE VEHICLE,STRAIGHT & LEVEL,DARK-HWY NOT LIGHTED,,,44805.58037,FALSE,182,Accepted,5,5,O,DEBRIS IN ROADWAY,,
30509310,0050000,BARREN COUNTY SHERIFF DEPT.,Accepted,BARREN,KY1297,,OLD BOWLING GREEN,RD,,,FRONTAGE,,,,,36.99091795,-85.97474268,10.24,8/11/2022,2036,2,2,0,0,CLEAR,DRY,FALSE,ANGLE COLLISION - OTHER,ANGLE,CURVE & GRADE,DARK (UNKNOWN ROADWAY LIGHTING),,,44805.58063,FALSE,181,Accepted,5,5,O,,"ALCOHOL INVOLVEMENT, FAILED TO YIELD RIGHT OF WAY",
30510441,0050100,GLASGOW POLICE DEPARTMENT,Accepted,BARREN,US0031E,,L ROGERS WELLS,BLVD,N,US0068X,MAIN,,,,,37.00204441,-85.92638997,14.258,8/30/2022,1853,2,2,0,0,CLEAR,DRY,FALSE,OTHER INTERSECTION COLLISIONS,REAR END,STRAIGHT & LEVEL,DAYLIGHT,,,44805.73507,FALSE,2293,Accepted,5,5,O,GLARE (SUN),INATTENTION,
30512833,0050000,BARREN COUNTY SHERIFF DEPT.,Accepted,BARREN,KY3600,,GLASGOW OUTER LOOP,,,LN9008,LN9008 E EXIT8 ON RAMP FROM KY3600,,,,,36.99175834,-85.98055223,0.332,9/1/2022,1632,2,2,0,2,CLEAR,DRY,FALSE,ANGLE COLLISION - OTHER,ANGLE,STRAIGHT & LEVEL,DAYLIGHT,,,44806.35372,FALSE,181,Accepted,3,3,B,,"FAILED TO YIELD RIGHT OF WAY, INATTENTION",
30514802,0050100,GLASGOW POLICE DEPARTMENT,Accepted,BARREN,,,VALLEY VIEW,DR,,KY0090,HAPPY VALLEY,,,,,37.01397695,-85.92665758,0.195,9/1/2022,656,1,1,0,1,CLEAR,DRY,FALSE,COLLISION WITH FIXED OBJECT IN INTERSECTION - FIRST EVENT COLLISION 09 - 32,SINGLE VEHICLE,STRAIGHT & LEVEL,DAYLIGHT,,,44806.75518,FALSE,2289,Accepted,3,3,B,,NOT UNDER PROPER CONTROL,
30514803,0050100,GLASGOW POLICE DEPARTMENT,Accepted,BARREN,US0031E,,L ROGERS WELLS,BLVD,S,,GRANDVIEW,,,,,36.995821,-85.93066782,13.764,9/2/2022,1035,2,2,0,1,CLEAR,DRY,FALSE,OPPOSING LEFT TURN,OPPOSING LEFT TURN,STRAIGHT & LEVEL,DAYLIGHT,,,44806.75525,FALSE,2289,Accepted,5,4,C,,INATTENTION,
30524550,0050100,GLASGOW POLICE DEPARTMENT,Accepted,BARREN,,304,PARK,AVE,,,,,ADAMS,,ADAMS,36.99784556,-85.89776243,0.272,9/4/2022,200,2,2,0,0,RAINING,WET,TRUE,OTHER COLLISIONS ON SHOULDER,SIDESWIPE-SAME DIRECTION,STRAIGHT & LEVEL,DARK (UNKNOWN ROADWAY LIGHTING),,,44809.77657,FALSE,2666,Accepted,5,5,O,,,
30524552,0050100,GLASGOW POLICE DEPARTMENT,Accepted,BARREN,KY0090,,MAIN,ST,E,,,,CARNATION,,LAKEVIEW,36.99073508,-85.90241799,10.496,8/26/2022,1432,2,2,0,0,CLEAR,DRY,FALSE,1 VEHICLE ENTERING/LEAVING ENTRANCE,ANGLE,STRAIGHT & LEVEL,DAYLIGHT,,,44809.77667,FALSE,2279,Accepted,5,5,O,,MISJUDGE CLEARANCE,
30524553,0050100,GLASGOW POLICE DEPARTMENT,Accepted,BARREN,US0031E,,L ROGERS WELLS,BLVD,S,,CLEVELAND,,,,,36.98934481,-85.93222204,13.3,8/31/2022,748,2,2,0,0,CLEAR,DRY,FALSE,ANGLE COLLISION - ONE VEHICLE TURNING RIGHT,ANGLE,STRAIGHT & LEVEL,DAYLIGHT,,,44809.77672,FALSE,2279,Accepted,5,5,O,,INATTENTION,
30524648,0050100,GLASGOW POLICE DEPARTMENT,Accepted,BARREN,US0031E,,L ROGERS WELLS,BLVD,N,,ROGERS,,,,,37.00377464,-85.92551885,14.341,9/5/2022,1006,2,2,0,0,CLOUDY,DRY,FALSE,ANGLE COLLISION - OTHER,ANGLE,STRAIGHT & LEVEL,DAYLIGHT,,,44809.8038,FALSE,2666,Accepted,5,5,O,,"INATTENTION, MISJUDGE CLEARANCE, FAILED TO KEEP PROPER LANE",
30526389,0050100,GLASGOW POLICE DEPARTMENT,Accepted,BARREN,US0068X,,MAIN,ST,W,,,,ROGERS,,SAMSON,36.99949762,-85.92163525,2.004,9/3/2022,1544,1,1,0,0,CLOUDY,DRY,FALSE,COLLISION WITH ANIMAL NON INTERSECTION,SINGLE VEHICLE,STRAIGHT & GRADE,DAYLIGHT,,,44810.31237,FALSE,2207,Accepted,5,5,O,,,
30526889,0050000,BARREN COUNTY SHERIFF DEPT.,Accepted,BARREN,KY0740,,CORAL HILL,RD,,,FRANKS MILL,,,,,37.02168758,-85.87465697,0.769,8/31/2022,1306,2,2,0,0,CLEAR,DRY,FALSE,ANGLE COLLISION - OTHER,ANGLE,STRAIGHT & GRADE,DAYLIGHT,,,44810.38862,FALSE,154,Accepted,5,5,O,VIEW OBSTRUCTED/LIMITED DUE TO RDWY,FAILED TO YIELD RIGHT OF WAY,
30526891,0050000,BARREN COUNTY SHERIFF DEPT.,Accepted,BARREN,,,BEECHTREE,LN,,KY0249,ROSEVILLE,,,,,36.95637128,-85.91564474,0.004,8/31/2022,723,2,2,0,1,CLEAR,DRY,FALSE,ANGLE COLLISION - ONE VEHICLE TURNING LEFT,ANGLE,STRAIGHT & LEVEL,DAYLIGHT,,,44810.3889,FALSE,125,Accepted,3,3,B,VIEW OBSTRUCTED/LIMITED DUE TO RDWY,FAILED TO YIELD RIGHT OF WAY,
30526893,0050000,BARREN COUNTY SHERIFF DEPT.,Accepted,BARREN,KY0090,,BURKESVILLE,RD,,,,,,,,36.97835632,-85.890398,11.58,9/2/2022,1458,1,1,0,0,CLEAR,DRY,FALSE,RAN OFF ROADWAY (1 VEHICLE WITH/EARTH EMBANKMENT/DITCH),SINGLE VEHICLE,STRAIGHT & GRADE,DAYLIGHT,,,44810.38909,FALSE,125,Accepted,5,5,O,,,
30526895,0050000,BARREN COUNTY SHERIFF DEPT.,Accepted,BARREN,,62,GREEN VALLEY,RD,,,,,,,,36.97666315,-85.8879458,0.054,9/1/2022,1533,2,2,0,0,CLEAR,DRY,FALSE,VEHICLE BACKING NON INTERSECTION,BACKING,STRAIGHT & LEVEL,DAYLIGHT,,,44810.38939,FALSE,125,Accepted,5,5,O,,,
30526896,0050000,BARREN COUNTY SHERIFF DEPT.,Accepted,BARREN,US0031E,,SCOTTSVILLE,RD,,,OLD SCOTTSVILLE LOOP 2,,,,,36.92894972,-85.99574889,7.649,9/1/2022,1438,2,2,0,0,CLEAR,DRY,FALSE,OTHER INTERSECTION COLLISIONS,REAR END,CURVE & GRADE,DAYLIGHT,,,44810.38965,FALSE,125,Accepted,5,5,O,,MISJUDGE CLEARANCE,
30526901,0050000,BARREN COUNTY SHERIFF DEPT.,Accepted,BARREN,KY0740,,CORAL HILL,RD,,,,,,,,37.07505031,-85.83095878,5.407,9/1/2022,1811,1,1,0,0,CLEAR,DRY,FALSE,OTHER COLLISIONS ON SHOULDER,SINGLE VEHICLE,CURVE & GRADE,DAYLIGHT,,,44810.39009,FALSE,163,Accepted,5,5,O,OTHER,OVERCORRECTING/OVERSTEERING,
30526902,0050000,BARREN COUNTY SHERIFF DEPT.,Accepted,BARREN,KY0090,,HAPPY VALLEY,RD,,,,,,,,37.0899355,-85.97185254,3.586,8/31/2022,1637,3,3,0,0,CLEAR,DRY,FALSE,REAR END IN TRAFFIC LANES BOTH VEHICLES MOVING,REAR END,STRAIGHT & LEVEL,DAYLIGHT,,,44810.39026,FALSE,174,Accepted,5,5,O,,INATTENTION,OTHER LIGHTING DEFECTIVE
30526904,0050000,BARREN COUNTY SHERIFF DEPT.,Accepted,BARREN,LN9008,,LN9008 E,,,,,,,,,37.05021324,-86.09435077,1.165,9/3/2022,1734,1,1,0,0,RAINING,WET,FALSE,RAN OFF ROADWAY (1 VEHICLE WITH/EARTH EMBANKMENT/DITCH),SINGLE VEHICLE,STRAIGHT & LEVEL,DAYLIGHT,,,44810.39048,FALSE,174,Accepted,5,5,O,SLIPPERY SURFACE,,STEERING FAILURE
30526905,0050000,BARREN COUNTY SHERIFF DEPT.,Accepted,BARREN,KY0090,,BURKESVILLE,RD,,,,,,,,36.97710294,-85.88936362,11.684,8/29/2022,2024,1,1,0,0,CLEAR,DRY,FALSE,COLLISION WITH FIXED OBJECT NON - INTERSECTION - FIRST EVENT COLLISION 09 - 32 EXCLUDING 16,SINGLE VEHICLE,STRAIGHT & GRADE,DARK-HWY LIGHTED/ON,,,44810.39071,FALSE,182,Accepted,5,5,O,,,
30526906,0050000,BARREN COUNTY SHERIFF DEPT.,Accepted,BARREN,,,JENNY,RD,,,,,,,,37.1380951,-86.02538121,0.503,9/4/2022,1551,1,1,0,1,CLEAR,DRY,FALSE,COLLISION WITH FIXED OBJECT NON - INTERSECTION - FIRST EVENT COLLISION 09 - 32 EXCLUDING 16,SINGLE VEHICLE,CURVE & LEVEL,DAYLIGHT,,,44810.39106,FALSE,181,Accepted,5,3,B,,DISTRACTION,
30526909,0050000,BARREN COUNTY SHERIFF DEPT.,Accepted,BARREN,,,BEECHTREE,LN,,,,,,,,36.96082152,-85.92955833,0.843,9/4/2022,820,2,2,0,0,CLOUDY,DRY,FALSE,1 VEHICLE ENTERING/LEAVING ENTRANCE,ANGLE,STRAIGHT & GRADE,DAYLIGHT,,,44810.3914,FALSE,154,Accepted,5,5,O,VIEW OBSTRUCTED/LIMITED DUE TO RDWY,"FAILED TO YIELD RIGHT OF WAY, EXCEEDED STATED SPEED LIMIT",