IncidentID,AgencyORI,AgencyName,IncidentStatusDesc,County,RdwyNumber,Street,RoadwayName,StreetSfx,StreetDir,IntersectionRdwy,IntersectionRdwyName,BetweenStRdwy1,BetweenStRdwyName1,BetweenStRdwy2,BetweenStRdwyName2,Latitude,Longitude,Milepoint,CollisionDate,CollisionTime,UnitsInvolved,MotorVehiclesInvolved,NumberKilled,NumberInjured,Weather,RdwyConditionCode,HitandRun,DirAnalysisCode,MannerofCollision,RdwyCharacter,LightCondition,RampFromRdwyId,RampToRdwyId,AcceptedDate,IsSecondaryCollision,OwnerBadge,IncidentStatus,InjurySeverityCde,KABCO_Code,KABCO,Environmental_Factors,Human_Factors,Vehicular_Factors
30526912,0050000,BARREN COUNTY SHERIFF DEPT.,Accepted,BARREN,US0031E,,JACKSON,HWY,N,,GOODNIGHT,,,,,37.09746676,-85.8781872,21.865,9/3/2022,1105,2,2,0,0,CLEAR,DRY,FALSE,REAR END - ONE VEHICLE TURNING LEFT,REAR END,STRAIGHT & LEVEL,DAYLIGHT,,,44810.39158,FALSE,154,Accepted,5,5,O,,DISTRACTION,
30527690,0050100,GLASGOW POLICE DEPARTMENT,Accepted,BARREN,KY0249,,ROSEVILLE,RD,,KY0249,BUNCHE,,,,,36.98886623,-85.91348741,16.043,8/30/2022,1139,2,2,0,0,CLEAR,DRY,FALSE,SIDESWIPE-SAME DIRECTION,SIDESWIPE-SAME DIRECTION,STRAIGHT & LEVEL,DAYLIGHT,,,44810.50258,FALSE,2298,Accepted,5,5,O,,INATTENTION,
30527691,0050100,GLASGOW POLICE DEPARTMENT,Accepted,BARREN,,,HAPPY VALLEY,RD,,,,,,,,37.00961287,-85.92143581,0.002,7/25/2022,1415,2,2,0,0,CLOUDY,DRY,FALSE,REAR END IN TRAFFIC LANES BOTH VEHICLES MOVING,REAR END,STRAIGHT & LEVEL,DAYLIGHT,,,44810.50275,FALSE,2298,Accepted,5,5,O,,INATTENTION,
30532219,0050100,GLASGOW POLICE DEPARTMENT,Accepted,BARREN,KY0090,,HAPPY VALLEY,RD,,US0068,VETERANS OUTER,,,,,37.02441228,-85.9359395,8.572,9/2/2022,1858,2,2,0,0,CLEAR,DRY,FALSE,VEHICLE BACKING IN INTERSECTION,BACKING,STRAIGHT & LEVEL,DUSK,,,44811.43242,FALSE,2225,Accepted,5,5,O,,,OTHER
30534683,0050100,GLASGOW POLICE DEPARTMENT,Accepted,BARREN,,,VIRGINIA,AVE,,,MILTON,,,,,37.00789158,-85.90857886,0.117,9/6/2022,747,2,2,0,0,CLOUDY,DRY,FALSE,VEHICLE BACKING IN INTERSECTION,BACKING,CURVE & LEVEL,DAYLIGHT,,,44811.82497,FALSE,2273,Accepted,5,5,O,,MISJUDGE CLEARANCE,
30534689,0050100,GLASGOW POLICE DEPARTMENT,Accepted,BARREN,US0031E,,L ROGERS WELLS,BLVD,N,,CHERRY,,,,,37.00886191,-85.92216627,14.763,9/6/2022,1714,2,2,0,0,RAINING,WET,FALSE,ANGLE COLLISION - OTHER,ANGLE,STRAIGHT & LEVEL,DAYLIGHT,,,44811.82571,FALSE,2286,Accepted,5,5,O,"VIEW OBSTRUCTED, LIMITED DUE TO WEATHER CONDITIONS",MISJUDGE CLEARANCE,
30536636,0050100,GLASGOW POLICE DEPARTMENT,Accepted,BARREN,LN9008,,,,,,,,,,,36.97873058,-85.93382718,0.306,9/7/2022,1150,2,2,0,0,CLEAR,DRY,FALSE,OTHER RAMP RELATED COLLISIONS NOT LISTED ABOVE,REAR END,STRAIGHT & GRADE,DAYLIGHT,LN9008,US31E N,44812.35298,FALSE,2240,Accepted,5,5,O,,INATTENTION,
30537330,0050100,GLASGOW POLICE DEPARTMENT,Accepted,BARREN,,,GLENVIEW,DR,,,HOMEWOOD,,,,,37.0166119,-85.89442851,0.662,9/6/2022,1118,2,2,0,0,CLEAR,DRY,FALSE,ANGLE COLLISION - OTHER,ANGLE,STRAIGHT & LEVEL,DAYLIGHT,,,44812.48035,FALSE,2297,Accepted,5,5,O,,"DISREGARD TRAFFIC CONTROL, INATTENTION",
30538544,0050000,BARREN COUNTY SHERIFF DEPT.,Accepted,BARREN,KY0252,,FINNEY,RD,,,BARREN MEADOWS,,,,,36.90963761,-86.11068455,1.414,9/6/2022,821,1,1,0,0,CLEAR,DRY,FALSE,COLLISION WITH ANIMAL IN INTERSECTION,SINGLE VEHICLE,CURVE & GRADE,DAYLIGHT,,,44812.67263,FALSE,170,Accepted,5,5,O,ANIMALS ACTION,,
30541080,0050000,BARREN COUNTY SHERIFF DEPT.,Accepted,BARREN,,,OLD MUNFORDVILLE,RD,,,,,,,,37.14494352,-85.90589147,6.949,9/6/2022,2234,1,1,0,0,CLEAR,DRY,FALSE,COLLISION WITH FIXED OBJECT NON - INTERSECTION - FIRST EVENT COLLISION 09 - 32 EXCLUDING 16,SINGLE VEHICLE,CURVE & LEVEL,DARK-HWY NOT LIGHTED,,,44813.33436,FALSE,182,Accepted,5,5,O,,NOT UNDER PROPER CONTROL,OTHER
30544449,0050100,GLASGOW POLICE DEPARTMENT,Accepted,BARREN,US0031E,,L ROGERS WELLS,BLVD,N,US0031EX,RACE,,,,,37.01808243,-85.90715193,15.859,9/5/2022,1236,2,2,0,0,CLEAR,DRY,FALSE,ANGLE COLLISION - ONE VEHICLE TURNING LEFT,ANGLE,STRAIGHT & LEVEL,DAYLIGHT,,,44814.0129,FALSE,2288,Accepted,5,5,O,,,
30544450,0050100,GLASGOW POLICE DEPARTMENT,Accepted,BARREN,,,OLD MUNFORDVILLE,RD,,,,,OLD MUNFORDVILLE RD CONN,,COUNTRY CLUB,37.04109917,-85.91840607,0.578,9/8/2022,1711,2,2,0,0,CLEAR,DRY,FALSE,SIDESWIPE COLLISION - OPPOSITE DIRECTION,SIDESWIPE-OPPOSITE DIRECTION,CURVE & GRADE,DAYLIGHT,,,44814.01295,FALSE,2288,Accepted,5,5,O,,MISJUDGE CLEARANCE,
30544452,0050100,GLASGOW POLICE DEPARTMENT,Accepted,BARREN,US0031E,,SCOTTSVILLE,RD,,,,,TROJAN,,JAMES T ROGERS,36.9801531,-85.93274841,12.639,9/8/2022,1939,2,2,0,0,CLEAR,DRY,FALSE,SIDESWIPE COLLISION - SAME DIRECTION,SIDESWIPE-SAME DIRECTION,STRAIGHT & LEVEL,DARK-HWY LIGHTED/ON,,,44814.01302,FALSE,2666,Accepted,5,5,O,,INATTENTION,
30549210,0050100,GLASGOW POLICE DEPARTMENT,Accepted,BARREN,,,HAPPY VALLEY,RD,,,,,CUMBERLAND,,GREEN ACRES,37.00705596,-85.91528494,0.381,9/6/2022,1537,2,2,0,0,CLOUDY,DRY,FALSE,REAR END IN TRAFFIC LANES BOTH VEHICLES MOVING,REAR END,STRAIGHT & GRADE,DAYLIGHT,,,44815.83872,FALSE,2287,Accepted,5,5,O,,INATTENTION,
30560221,0050100,GLASGOW POLICE DEPARTMENT,Accepted,BARREN,KY2207,,FORK,RD,S,,,,BAYLES,,BLUE SKY,36.97145786,-85.95704895,3.494,9/11/2022,841,1,1,0,0,CLOUDY,WET,FALSE,OTHER ROADWAY OR MID-BLOCK COLLISION,SINGLE VEHICLE,CURVE & GRADE,DAYLIGHT,,,44818.17099,FALSE,2287,Accepted,5,5,O,SLIPPERY SURFACE,,
30566790,0050100,GLASGOW POLICE DEPARTMENT,Accepted,BARREN,,,COMMERCIAL AVE CONN,,,,COMMERCIAL,,,,,36.99892309,-85.92915714,0.059,9/6/2022,1142,2,2,0,0,CLEAR,DRY,FALSE,ANGLE COLLISION - OTHER,ANGLE,STRAIGHT & LEVEL,DAYLIGHT,,,44819.43237,FALSE,48,Accepted,5,5,O,,"FAILED TO YIELD RIGHT OF WAY, INATTENTION",
30566795,0050100,GLASGOW POLICE DEPARTMENT,Accepted,BARREN,,,TRABUE,ST,,,FRONT,,,,,36.99957802,-85.91565919,0.139,9/13/2022,1455,2,2,0,0,CLEAR,DRY,FALSE,ANGLE COLLISION - OTHER,ANGLE,STRAIGHT & HILLCREST,DAYLIGHT,,,44819.43256,FALSE,2246,Accepted,5,5,O,,INATTENTION,
30569213,0050100,GLASGOW POLICE DEPARTMENT,Accepted,BARREN,KY0090,,MAIN,ST,E,,MORGAN,,,,,36.99457286,-85.90861664,10.056,9/11/2022,1317,2,2,0,0,CLOUDY,WET,FALSE,SIDESWIPE-SAME DIRECTION,SIDESWIPE-SAME DIRECTION,STRAIGHT & GRADE,DAYLIGHT,,,44819.81202,FALSE,2286,Accepted,5,5,O,SLIPPERY SURFACE,INATTENTION,
30574645,0050100,GLASGOW POLICE DEPARTMENT,Accepted,BARREN,KY0090,,HAPPY VALLEY,RD,,US0068,VETERANS OUTER,,,,,37.02432344,-85.93585339,8.57,9/12/2022,1154,2,2,0,1,CLEAR,DRY,FALSE,ANGLE COLLISION - OTHER,ANGLE,STRAIGHT & LEVEL,DAYLIGHT,,,44821.18357,FALSE,2287,Accepted,5,4,C,,"DISREGARD TRAFFIC CONTROL, FAILED TO YIELD RIGHT OF WAY, INATTENTION",
30574646,0050100,GLASGOW POLICE DEPARTMENT,Accepted,BARREN,KY0090,,HAPPY VALLEY,RD,,,MAX WAGNER,,,,,37.02303766,-85.93463452,8.71,9/15/2022,1350,1,1,0,0,CLEAR,DRY,TRUE,OTHER INTERSECTION COLLISIONS,SINGLE VEHICLE,STRAIGHT & GRADE,DAYLIGHT,,,44821.18363,FALSE,2287,Accepted,5,5,O,,,
30576099,0050100,GLASGOW POLICE DEPARTMENT,Accepted,BARREN,US0031E,,SCOTTSVILLE,RD,,,TROJAN,,,,,36.97972367,-85.93322325,12.599,9/9/2022,714,2,2,0,0,CLEAR,DRY,FALSE,OTHER INTERSECTION COLLISIONS,REAR END,STRAIGHT & LEVEL,DAYLIGHT,,,44821.8088,FALSE,2410,Accepted,5,5,O,,MISJUDGE CLEARANCE,
30576358,0050100,GLASGOW POLICE DEPARTMENT,Accepted,BARREN,US0068X,,COLUMBIA,AVE,,KY1307,NEW SALEM,,,,,37.0026491,-85.89748838,3.51,9/9/2022,1655,2,2,0,0,CLEAR,DRY,FALSE,ANGLE COLLISION - OTHER,ANGLE,STRAIGHT & LEVEL,DAYLIGHT,,,44821.88892,FALSE,2264,Accepted,5,5,O,,"INATTENTION, MISJUDGE CLEARANCE",
30580099,0050100,GLASGOW POLICE DEPARTMENT,Accepted,BARREN,US0068X,,COLUMBIA,AVE,,,PARK,,,,,37.00132733,-85.90010109,3.342,9/9/2022,1525,2,2,0,0,CLEAR,DRY,FALSE,ANGLE COLLISION - OTHER,ANGLE,STRAIGHT & LEVEL,DAYLIGHT,,,44823.18081,FALSE,2293,Accepted,5,5,O,,INATTENTION,
30580622,0050100,GLASGOW POLICE DEPARTMENT,Accepted,BARREN,US0068X,,MAIN,ST,W,US0031EX,RACE,,,,,36.99626233,-85.9128093,2.524,9/12/2022,940,2,2,0,0,CLEAR,DRY,FALSE,VEHICLE BACKING IN INTERSECTION,BACKING,STRAIGHT & LEVEL,DAYLIGHT,,,44823.32322,FALSE,2297,Accepted,5,5,O,,INATTENTION,
30581258,0050100,GLASGOW POLICE DEPARTMENT,Accepted,BARREN,,609,LESLIE,AVE,,US0031EX,GREEN,,,,,36.99065454,-85.91600211,0.686,9/14/2022,1520,2,2,0,0,CLEAR,DRY,FALSE,COLLISION WITH PARKED VEHICLE,BACKING,STRAIGHT & LEVEL,DAYLIGHT,,,44823.40246,FALSE,2240,Accepted,5,5,O,,INATTENTION,
30581264,0050100,GLASGOW POLICE DEPARTMENT,Accepted,BARREN,US0031EX,,RACE,ST,N,,,,FRONT,,WATER,36.99741003,-85.91222159,1.601,9/15/2022,1255,2,2,0,0,CLEAR,DRY,FALSE,1 VEHICLE PARKED POSITION (NOT PARKING LOT/DRIVEWAY),SIDESWIPE-SAME DIRECTION,STRAIGHT & GRADE,DAYLIGHT,,,44823.40254,FALSE,2240,Accepted,5,5,O,,MISJUDGE CLEARANCE,
30582722,0050000,BARREN COUNTY SHERIFF DEPT.,Accepted,BARREN,,,CARDEN,RD,,,,,,,,37.04089974,-85.99887794,0.627,9/5/2022,300,2,2,0,0,CLOUDY,DRY,TRUE,1 VEHICLE PARKED POSITION (NOT PARKING LOT/DRIVEWAY),ANGLE,STRAIGHT & LEVEL,DARK-HWY LIGHTED/OFF,,,44823.61545,FALSE,157,Accepted,5,5,O,,,
30582724,0050000,BARREN COUNTY SHERIFF DEPT.,Accepted,BARREN,US0031W,,LOUISVILLE,RD,,,,,,,,37.1058542,-86.00007931,4.245,9/9/2022,625,1,1,0,0,CLEAR,DRY,FALSE,COLLISION WITH ANIMAL NON INTERSECTION,SINGLE VEHICLE,STRAIGHT & LEVEL,DAYLIGHT,,,44823.61551,FALSE,157,Accepted,5,5,O,,,
30582727,0050000,BARREN COUNTY SHERIFF DEPT.,Accepted,BARREN,,454,STATE QUARRY,RD,,,,,,,,37.10567276,-86.01806402,0.817,9/9/2022,1109,3,3,0,1,CLEAR,DRY,FALSE,RAN OFF ROADWAY (1 VEHICLE WITH/EARTH EMBANKMENT/DITCH),ANGLE,STRAIGHT & LEVEL,DAYLIGHT,,,44823.61564,FALSE,125,Accepted,5,2,A,,INATTENTION,
30582728,0050000,BARREN COUNTY SHERIFF DEPT.,Accepted,BARREN,KY0090,6880,HAPPY VALLEY,RD,,,,,,,,37.0863784,-85.97077281,3.89,6/23/2021,1508,2,2,0,0,CLEAR,DRY,FALSE,OTHER COLLISIONS ON SHOULDER,SIDESWIPE-SAME DIRECTION,CURVE & GRADE,DAYLIGHT,,,44823.61574,FALSE,146,Accepted,5,5,O,,IMPROPER PASSING,"OTHER, OTHER LIGHTING DEFECTIVE"
30582731,0050000,BARREN COUNTY SHERIFF DEPT.,Accepted,BARREN,,,CAVELAND,RD,,,,,,,,37.11020466,-85.9676882,0.01,9/8/2022,1230,2,2,0,0,CLEAR,DRY,FALSE,VEHICLE BACKING NON INTERSECTION,BACKING,STRAIGHT & LEVEL,DAYLIGHT,,,44823.61586,FALSE,146,Accepted,5,5,O,BACKUP DUE TO REGULAR CONGESTION,MISJUDGE CLEARANCE,
30582734,0050000,BARREN COUNTY SHERIFF DEPT.,Accepted,BARREN,US0031W,,LOUISVILLE,RD,,,,,,,,37.09252011,-86.03023364,2.208,9/9/2022,1723,1,1,0,0,CLEAR,DRY,FALSE,COLLISION WITH FIXED OBJECT NON - INTERSECTION - FIRST EVENT COLLISION 09 - 32 EXCLUDING 16,SINGLE VEHICLE,CURVE & LEVEL,DAYLIGHT,,,44823.61597,FALSE,174,Accepted,5,5,O,,NOT UNDER PROPER CONTROL,
30582737,0050000,BARREN COUNTY SHERIFF DEPT.,Accepted,BARREN,US0031E,,SCOTTSVILLE,RD,,,,,,,,36.92966192,-85.99488866,7.727,9/3/2022,1341,2,2,0,1,CLEAR,WET,FALSE,SIDESWIPE COLLISION - OPPOSITE DIRECTION,SIDESWIPE-OPPOSITE DIRECTION,STRAIGHT & LEVEL,DARK-HWY NOT LIGHTED,,,44823.61606,FALSE,124,Accepted,5,2,A,,ALCOHOL INVOLVEMENT,
30582742,0050000,BARREN COUNTY SHERIFF DEPT.,Accepted,BARREN,,,LECTA KINO,RD,,,,,,,,37.00418072,-85.84958793,0.468,9/11/2022,2110,1,1,0,0,RAINING,WET,FALSE,COLLISION WITH FIXED OBJECT NON - INTERSECTION - FIRST EVENT COLLISION 09 - 32 EXCLUDING 16,SINGLE VEHICLE,CURVE & GRADE,DARK-HWY NOT LIGHTED,,,44823.61625,FALSE,182,Accepted,5,5,O,SLIPPERY SURFACE,FAILED TO KEEP PROPER LANE,
30582748,0050000,BARREN COUNTY SHERIFF DEPT.,Accepted,BARREN,KY0090,,BURKESVILLE,RD,,KY1330,KINO,,,,,36.93153818,-85.81406186,17.046,9/6/2022,1607,3,3,0,4,CLEAR,DRY,FALSE,OTHER INTERSECTION COLLISIONS,REAR END,STRAIGHT & LEVEL,DAYLIGHT,,,44823.61642,FALSE,181,Accepted,5,3,B,,CELL PHONE,
30582749,0050000,BARREN COUNTY SHERIFF DEPT.,Accepted,BARREN,,,GREEN VALLEY,RD,,,,,,,,36.96551734,-85.87596209,1.099,9/13/2022,1951,1,1,0,0,CLEAR,DRY,FALSE,RAN OFF ROADWAY (1 VEHICLE WITH/EARTH EMBANKMENT/DITCH),SINGLE VEHICLE,STRAIGHT & LEVEL,DARK-HWY NOT LIGHTED,,,44823.61654,FALSE,182,Accepted,5,5,O,,"INATTENTION, NOT UNDER PROPER CONTROL",
30582750,0050000,BARREN COUNTY SHERIFF DEPT.,Accepted,BARREN,,,TROJAN,TRL,,,,,,,,36.97708045,-85.92388288,0.719,9/12/2022,1504,2,2,0,0,CLEAR,DRY,FALSE,SIDESWIPE COLLISION - SAME DIRECTION,SIDESWIPE-SAME DIRECTION,CURVE & GRADE,DAYLIGHT,,,44823.61664,FALSE,167,Accepted,5,5,O,,,
30582751,0050000,BARREN COUNTY SHERIFF DEPT.,Accepted,BARREN,US0068,6333,NEW BOWLING GREEN,RD,,,,,,,,37.01600008,-86.01882314,6.309,9/14/2022,658,1,1,0,1,CLEAR,DRY,FALSE,OTHER COLLISIONS ON SHOULDER,SINGLE VEHICLE,CURVE & HILLCREST,DAYLIGHT,,,44823.61671,FALSE,170,Accepted,2,2,A,,,
30582758,0050000,BARREN COUNTY SHERIFF DEPT.,Accepted,BARREN,,,TICK RIDGE,RD,,,,,,,,37.05243865,-85.89154627,0.192,9/14/2022,1755,2,2,0,0,CLEAR,DRY,FALSE,SIDESWIPE COLLISION - OPPOSITE DIRECTION,SIDESWIPE-OPPOSITE DIRECTION,CURVE & LEVEL,DAYLIGHT,,,44823.61692,FALSE,163,Accepted,5,5,O,,,
30582762,0050000,BARREN COUNTY SHERIFF DEPT.,Accepted,BARREN,US0031E,,JACKSON,HWY,N,,,,,,,37.08339959,-85.88320256,20.848,9/16/2022,1928,1,1,0,0,CLEAR,DRY,FALSE,COLLISION WITH ANIMAL NON INTERSECTION,SINGLE VEHICLE,STRAIGHT & LEVEL,DARK-HWY NOT LIGHTED,,,44823.61699,FALSE,163,Accepted,5,5,O,ANIMALS ACTION,,
30582916,KSP0300,"KY STATE POLICE, POST 03",Accepted,BARREN,,,HISEVILLE BEAR WALLOW,RD,,,,,,,,37.12282197,-85.81321698,0.99,9/16/2022,1930,1,1,0,0,CLEAR,DRY,FALSE,COLLISION WITH ANIMAL NON INTERSECTION,SINGLE VEHICLE,STRAIGHT & GRADE,DARK-HWY NOT LIGHTED,,,44823.63298,FALSE,944,Accepted,5,5,O,ANIMALS ACTION,,
30584073,0050100,GLASGOW POLICE DEPARTMENT,Accepted,BARREN,US0031E,,L ROGERS WELLS,BLVD,N,,SMITH,,,,,37.00583568,-85.9244958,14.44,9/19/2022,1044,2,2,0,0,CLOUDY,DRY,FALSE,ANGLE COLLISION - OTHER,ANGLE,STRAIGHT & LEVEL,DAYLIGHT,,,44823.79972,FALSE,2410,Accepted,5,5,O,,MISJUDGE CLEARANCE,
30585684,0050100,GLASGOW POLICE DEPARTMENT,Accepted,BARREN,LN9008,,LN9008 W,,,,,LN9008,LN9008 W EXIT11 OFF RAMP TO US31E,LN9008,LN9008 W EXIT14 ON RAMP FROM KY90,36.97309452,-85.91551642,12.646,9/8/2022,2143,2,2,0,0,CLEAR,DRY,FALSE,1 VEHICLE PARKED POSITION (NOT PARKING LOT/DRIVEWAY),REAR END,STRAIGHT & LEVEL,DARK-HWY NOT LIGHTED,,,44824.27741,FALSE,2279,Accepted,5,5,O,MAINTENANCE/UTILITY WORK ZONE,ALCOHOL INVOLVEMENT,
30585687,0050100,GLASGOW POLICE DEPARTMENT,Accepted,BARREN,,,PARK,AVE,,US0068X,COLUMBIA,,,,,37.00130176,-85.9000598,0.003,9/18/2022,1400,2,2,0,0,CLEAR,DRY,FALSE,VEHICLE BACKING IN INTERSECTION,BACKING,STRAIGHT & LEVEL,DAYLIGHT,,,44824.2775,FALSE,2264,Accepted,5,5,O,,"INATTENTION, MISJUDGE CLEARANCE",
30585956,0050100,GLASGOW POLICE DEPARTMENT,Accepted,BARREN,,,CHERRY,ST,E,US0068X,COLUMBIA,,,,,36.99816291,-85.90602137,0.319,9/13/2022,1554,2,2,0,0,CLEAR,DRY,FALSE,ANGLE COLLISION - ONE VEHICLE TURNING LEFT,ANGLE,STRAIGHT & GRADE,DAYLIGHT,,,44824.34125,FALSE,2225,Accepted,5,5,O,,INATTENTION,
30585957,0050100,GLASGOW POLICE DEPARTMENT,Accepted,BARREN,US0031EX,,RACE,ST,N,,,,LEECH,,CHERRY,37.00295526,-85.90878646,2.029,9/15/2022,1317,2,2,0,0,CLEAR,DRY,FALSE,1 VEHICLE ENTERING/LEAVING ENTRANCE,ANGLE,STRAIGHT & LEVEL,DAYLIGHT,,,44824.34131,FALSE,2225,Accepted,5,5,O,,FOLLOWING TOO CLOSE,
30585958,0050100,GLASGOW POLICE DEPARTMENT,Accepted,BARREN,,,REYNOLDS,RD,,,,US0068X,MAIN,,YMCA,37.01041085,-85.9355839,0.148,9/16/2022,1143,2,2,0,0,CLEAR,DRY,FALSE,VEHICLE BACKING NON INTERSECTION,BACKING,STRAIGHT & LEVEL,DAYLIGHT,,,44824.34139,FALSE,2225,Accepted,5,5,O,,INATTENTION,
30587706,0050000,BARREN COUNTY SHERIFF DEPT.,Accepted,BARREN,,1336,RAMP,RD,,,,,,,,36.82088809,-86.05003895,1.297,9/19/2022,821,1,1,0,1,CLEAR,DRY,FALSE,COLLISION WITH FIXED OBJECT NON - INTERSECTION - FIRST EVENT COLLISION 09 - 32 EXCLUDING 16,SINGLE VEHICLE,CURVE & LEVEL,DAYLIGHT,,,44824.6037,FALSE,170,Accepted,5,3,B,,"FATIGUE, FELL ASLEEP",
30595003,0050100,GLASGOW POLICE DEPARTMENT,Accepted,BARREN,,,BEAVER,TRL,,KY0090,HAPPY VALLEY,,,,,37.02730348,-85.93661127,0.097,9/20/2022,1203,2,2,0,0,CLEAR,DRY,FALSE,ANGLE COLLISION - OTHER,ANGLE,STRAIGHT & LEVEL,DAYLIGHT,,,44826.16653,FALSE,2300,Accepted,5,5,O,,"INATTENTION, TURNING IMPROPERLY",
30601132,0050000,BARREN COUNTY SHERIFF DEPT.,Accepted,BARREN,,,LECTA KINO,RD,,,,,,,,37.0032809,-85.84956585,0.521,9/21/2022,1740,1,1,0,0,CLEAR,WET,FALSE,COLLISION WITH FIXED OBJECT NON - INTERSECTION - FIRST EVENT COLLISION 09 - 32 EXCLUDING 16,SINGLE VEHICLE,CURVE & LEVEL,DAYLIGHT,,,44827.38058,FALSE,181,Accepted,5,5,O,,NOT UNDER PROPER CONTROL,
30601133,0050000,BARREN COUNTY SHERIFF DEPT.,Accepted,BARREN,KY2131,,CORAL HILL HALFWAY,RD,,,,,,,,37.05381151,-85.84599922,0.338,9/12/2022,1336,1,1,0,0,CLEAR,DRY,FALSE,COLLISION WITH NON-FIXED OBJECT ,SINGLE VEHICLE,STRAIGHT & LEVEL,DAYLIGHT,,,44827.38064,FALSE,157,Accepted,5,5,O,,,
30602407,0050200,CAVE CITY POLICE DEPARTMENT,Accepted,BARREN,KY0090,,HAPPY VALLEY,ST,,,,KY0070,MAMMOTH CAVE,,DOYLE,37.13464114,-85.97474162,0.004,8/30/2022,1536,2,2,0,0,CLEAR,DRY,FALSE,1 VEHICLE ENTERING/LEAVING ENTRANCE,ANGLE,STRAIGHT & GRADE,DAYLIGHT,,,44827.63283,FALSE,609,Accepted,5,5,O,,,
30602408,0050200,CAVE CITY POLICE DEPARTMENT,Accepted,BARREN,US0031W,601,DIXIE,HWY,N,,,,,,,37.1451176,-85.94461186,8.275,8/30/2022,1628,2,2,0,0,CLEAR,DRY,FALSE,REAR END IN TRAFFIC LANES BOTH VEHICLES MOVING,REAR END,STRAIGHT & GRADE,DAYLIGHT,,,44827.63294,FALSE,609,Accepted,5,5,O,,,
30602409,0050200,CAVE CITY POLICE DEPARTMENT,Accepted,BARREN,US0031W,,DIXIE,HWY,S,,SCHOOL HOUSE,,,,,37.13348464,-85.9586172,7.191,9/1/2022,1622,2,2,0,2,CLEAR,DRY,FALSE,REAR END - ONE VEHICLE TURNING RIGHT,REAR END,STRAIGHT & HILLCREST,DAYLIGHT,,,44827.63304,FALSE,609,Accepted,5,4,C,,,
30602413,0050200,CAVE CITY POLICE DEPARTMENT,Accepted,BARREN,KY0070,,MAMMOTH CAVE,RD,,,,,,,,37.13505579,-85.99346916,4.267,9/2/2022,1948,1,1,0,0,CLEAR,DRY,FALSE,COLLISION WITH ANIMAL NON INTERSECTION,SINGLE VEHICLE,STRAIGHT & HILLCREST,DARK (UNKNOWN ROADWAY LIGHTING),,,44827.63328,FALSE,610,Accepted,5,5,O,ANIMALS ACTION,,
30602414,0050200,CAVE CITY POLICE DEPARTMENT,Accepted,BARREN,KY0070,2668,GRIDERVILLE,RD,,,,,,,,37.1265367,-85.94187937,7.76,9/2/2022,1851,2,2,0,0,CLEAR,GRAVEL,FALSE,1 VEHICLE PARKED POSITION (NOT PARKING LOT/DRIVEWAY),BACKING,STRAIGHT & HILLCREST,DAYLIGHT,,,44827.63333,FALSE,609,Accepted,5,5,O,,INATTENTION,
30602417,0050200,CAVE CITY POLICE DEPARTMENT,Accepted,BARREN,KY0070,,MAMMOTH CAVE,ST,,KY0090,HAPPY VALLEY,,,,,37.13474029,-85.97475776,5.332,8/26/2022,1200,2,2,0,0,CLEAR,DRY,FALSE,COLLISION WITH FIXED OBJECT IN INTERSECTION - FIRST EVENT COLLISION 09 - 32,SIDESWIPE-SAME DIRECTION,STRAIGHT & GRADE,DAYLIGHT,,,44827.63346,FALSE,608,Accepted,5,5,O,,FAILED TO YIELD RIGHT OF WAY,
30602437,0050200,CAVE CITY POLICE DEPARTMENT,Accepted,BARREN,,,GRINSTEAD MILL,RD,,,,,,,,37.14985644,-85.96910439,1.015,9/15/2022,1819,1,1,0,0,CLEAR,DRY,FALSE,COLLISION WITH FIXED OBJECT NON - INTERSECTION - FIRST EVENT COLLISION 09 - 32 EXCLUDING 16,SINGLE VEHICLE,STRAIGHT & HILLCREST,DAYLIGHT,,,44827.63395,FALSE,607,Accepted,5,5,O,,INATTENTION,
30602440,0050200,CAVE CITY POLICE DEPARTMENT,Accepted,BARREN,KY0070,,MAMMOTH CAVE,RD,,,,,,,,37.13562934,-85.97850867,5.073,9/10/2022,929,2,2,0,0,CLOUDY,DRY,FALSE,COLLISION WITH FIXED OBJECT NON - INTERSECTION - FIRST EVENT COLLISION 09 - 32 EXCLUDING 16,SIDESWIPE-SAME DIRECTION,STRAIGHT & HILLCREST,DAYLIGHT,,,44827.63406,FALSE,608,Accepted,5,5,O,,IMPROPER PASSING,
30603600,0050100,GLASGOW POLICE DEPARTMENT,Accepted,BARREN,,,CLEVELAND,AVE,,US0031E,L ROGERS WELLS,,,,,36.98933571,-85.93220525,0.001,9/22/2022,1941,2,2,0,0,CLEAR,DRY,FALSE,HEAD-ON COLLISION,HEAD ON,STRAIGHT & LEVEL,DARK-HWY LIGHTED/ON,,,44827.81308,FALSE,2666,Accepted,5,5,O,,"FAILED TO YIELD RIGHT OF WAY, INATTENTION",
30603770,0050100,GLASGOW POLICE DEPARTMENT,Accepted,BARREN,,,SORENSON,AVE,,,,,GRANDVIEW,KY1297,OLD BOWLING GREEN,36.992759,-85.9374365,0.325,9/22/2022,1415,1,1,0,0,CLEAR,DRY,FALSE,COLLISION WITH FIXED OBJECT NON - INTERSECTION - FIRST EVENT COLLISION 09 - 32 EXCLUDING 16,SINGLE VEHICLE,CURVE & LEVEL,DAYLIGHT,,,44827.88704,FALSE,2268,Accepted,5,5,O,,"FAILED TO KEEP PROPER LANE, NOT UNDER PROPER CONTROL",