IncidentID,AgencyORI,AgencyName,IncidentStatusDesc,County,RdwyNumber,Street,RoadwayName,StreetSfx,StreetDir,IntersectionRdwy,IntersectionRdwyName,BetweenStRdwy1,BetweenStRdwyName1,BetweenStRdwy2,BetweenStRdwyName2,Latitude,Longitude,Milepoint,CollisionDate,CollisionTime,UnitsInvolved,MotorVehiclesInvolved,NumberKilled,NumberInjured,Weather,RdwyConditionCode,HitandRun,DirAnalysisCode,MannerofCollision,RdwyCharacter,LightCondition,RampFromRdwyId,RampToRdwyId,AcceptedDate,IsSecondaryCollision,OwnerBadge,IncidentStatus,InjurySeverityCde,KABCO_Code,KABCO,Environmental_Factors,Human_Factors,Vehicular_Factors
30603771,0050100,GLASGOW POLICE DEPARTMENT,Accepted,BARREN,US0068,,VETERANS OUTER,LOOP,,,BEAVER,,,,,37.02252772,-85.93848974,11.135,9/22/2022,1225,2,2,0,2,CLEAR,DRY,FALSE,OPPOSING LEFT TURN,OPPOSING LEFT TURN,STRAIGHT & LEVEL,DAYLIGHT,,,44827.88711,FALSE,2260,Accepted,3,3,B,,"FAILED TO YIELD RIGHT OF WAY, INATTENTION, MISJUDGE CLEARANCE",
30603896,KSP0300,"KY STATE POLICE, POST 03",Accepted,BARREN,KY3179,,OIL WELL,RD,,,,,,,,36.85103198,-85.95972551,3.474,9/22/2022,1800,1,1,0,0,CLEAR,DRY,FALSE,RAN OFF ROADWAY (1 VEHICLE WITH/EARTH EMBANKMENT/DITCH),SINGLE VEHICLE,CURVE & HILLCREST,DUSK,,,44827.95096,FALSE,152,Accepted,5,5,O,,TOO FAST FOR CONDITIONS,BRAKES DEFECTIVE
30605154,0050100,GLASGOW POLICE DEPARTMENT,Accepted,BARREN,,,BROADWAY,ST,S,KY0090,MAIN,,,,,36.99544051,-85.91076432,,9/12/2022,718,2,2,0,0,CLEAR,DRY,FALSE,OTHER INTERSECTION COLLISIONS,REAR END,STRAIGHT & HILLCREST,DAWN,,,44828.39914,FALSE,2273,Accepted,5,5,O,,INATTENTION,
30609096,KSP0300,"KY STATE POLICE, POST 03",Accepted,BARREN,,,BROADWAY,ST,S,US0068X,MAIN,,,,,36.99543884,-85.91076325,,9/25/2022,1030,2,2,0,1,CLEAR,DRY,FALSE,ANGLE COLLISION - OTHER,ANGLE,STRAIGHT & LEVEL,DAYLIGHT,,,44829.81986,FALSE,162,Accepted,5,3,B,,DISREGARD TRAFFIC CONTROL,
30611101,0050000,BARREN COUNTY SHERIFF DEPT.,Accepted,BARREN,KY0063,,TOMPKINSVILLE,RD,,,POPLAR SPRING,,,,,36.9164575,-85.86732633,8.326,9/9/2022,707,2,2,0,2,CLEAR,DRY,FALSE,SIDESWIPE-SAME DIRECTION,SIDESWIPE-SAME DIRECTION,STRAIGHT & GRADE,DAYLIGHT,,,44830.35019,FALSE,125,Accepted,5,2,A,,FAILED TO YIELD RIGHT OF WAY,
30611104,0050000,BARREN COUNTY SHERIFF DEPT.,Accepted,BARREN,KY2195,,OLD LEXINGTON,RD,,,OLD MUNFORDVILLE,,,,,37.13595892,-85.90654457,2.421,9/20/2022,1328,2,2,0,0,CLEAR,DRY,FALSE,ANGLE COLLISION - OTHER,ANGLE,STRAIGHT & GRADE,DAYLIGHT,,,44830.35035,FALSE,125,Accepted,5,5,O,,,
30611105,0050000,BARREN COUNTY SHERIFF DEPT.,Accepted,BARREN,US0068,,VETERANS OUTER,LOOP,,,FRANKS MILL,,,,,37.0225762,-85.88563297,14.616,9/21/2022,1045,2,2,0,1,CLEAR,DRY,FALSE,ANGLE COLLISION - OTHER,ANGLE,STRAIGHT & GRADE,DAYLIGHT,,,44830.35047,FALSE,125,Accepted,5,4,C,,FAILED TO YIELD RIGHT OF WAY,
30611106,0050000,BARREN COUNTY SHERIFF DEPT.,Accepted,BARREN,,,OLD MUNFORDVILLE,RD,,,,,,,,37.07143505,-85.90427774,1.773,9/24/2022,853,1,1,0,0,RAINING,WET,FALSE,COLLISION WITH FIXED OBJECT NON - INTERSECTION - FIRST EVENT COLLISION 09 - 32 EXCLUDING 16,SINGLE VEHICLE,CURVE & GRADE,DAYLIGHT,,,44830.35057,FALSE,125,Accepted,5,5,O,SLIPPERY SURFACE,,
30611107,0050000,BARREN COUNTY SHERIFF DEPT.,Accepted,BARREN,US0031W,,LOUISVILLE,RD,,,,,,,,37.09473483,-86.01328831,3.167,9/23/2022,1414,2,2,0,0,CLEAR,DRY,FALSE,SIDESWIPE COLLISION - OPPOSITE DIRECTION,SIDESWIPE-OPPOSITE DIRECTION,STRAIGHT & LEVEL,DAYLIGHT,,,44830.35065,FALSE,154,Accepted,5,5,O,,,LOAD SECUREMENT
30614348,0050100,GLASGOW POLICE DEPARTMENT,Accepted,BARREN,,,HAPPY VALLEY,RD,,,,,CUMBERLAND,,GREEN ACRES,37.00704628,-85.91523191,0.384,9/21/2022,1714,2,2,0,0,RAINING,WET,FALSE,REAR END IN TRAFFIC LANES BOTH VEHICLES MOVING,REAR END,STRAIGHT & HILLCREST,DAYLIGHT,,,44830.80862,FALSE,2273,Accepted,5,5,O,SLIPPERY SURFACE,INATTENTION,
30614351,0050100,GLASGOW POLICE DEPARTMENT,Accepted,BARREN,US0031E,,L ROGERS WELLS,BLVD,N,US0068X,MAIN,,,,,37.00202475,-85.92638034,14.259,9/26/2022,1515,2,2,0,0,CLEAR,DRY,FALSE,OTHER INTERSECTION COLLISIONS,REAR END,STRAIGHT & LEVEL,DAYLIGHT,,,44830.80871,FALSE,2286,Accepted,5,5,O,,INATTENTION,
30617042,KSP0300,"KY STATE POLICE, POST 03",Accepted,BARREN,KY0090,,HAPPY VALLEY,RD,,,,,,,,37.1032221,-85.97227636,2.702,9/20/2022,2002,3,3,0,1,CLEAR,DRY,FALSE,REAR END IN TRAFFIC LANES BOTH VEHICLES MOVING,REAR END,CURVE & LEVEL,DARK-HWY NOT LIGHTED,,,44831.49246,TRUE,411,Accepted,5,3,B,,INATTENTION,
30620263,0050100,GLASGOW POLICE DEPARTMENT,Accepted,BARREN,US0031E,,L ROGERS WELLS,BLVD,N,,WALL,,,,,37.00751793,-85.92351373,14.607,9/23/2022,2102,2,2,0,0,CLEAR,DRY,FALSE,ANGLE COLLISION - OTHER,ANGLE,STRAIGHT & LEVEL,DARK-HWY LIGHTED/ON,,,44832.14804,FALSE,2279,Accepted,5,5,O,,INATTENTION,
30621086,0050000,BARREN COUNTY SHERIFF DEPT.,Accepted,BARREN,,,SOCCER,WAY,,,,,,,,36.99486801,-85.96048261,0.011,9/26/2022,1734,2,2,0,0,CLEAR,DRY,FALSE,1 VEHICLE PARKED POSITION (NOT PARKING LOT/DRIVEWAY),BACKING,STRAIGHT & LEVEL,DAYLIGHT,,,44832.35339,FALSE,181,Accepted,5,5,O,,MISJUDGE CLEARANCE,
30621088,0050000,BARREN COUNTY SHERIFF DEPT.,Accepted,BARREN,,,3RD,ST,E,,UNDERWOOD,,,,,37.0948478,-86.04793632,0.067,9/19/2022,720,2,2,0,0,CLEAR,DRY,FALSE,VEHICLE BACKING IN INTERSECTION,BACKING,STRAIGHT & GRADE,DAYLIGHT,,,44832.3535,FALSE,157,Accepted,5,5,O,,INATTENTION,
30621092,0050000,BARREN COUNTY SHERIFF DEPT.,Accepted,BARREN,KY0252,,FINNEY,RD,,,,,,,,36.94483209,-85.98412458,9.807,9/20/2022,2209,1,1,0,0,CLEAR,DRY,FALSE,COLLISION WITH FIXED OBJECT NON - INTERSECTION - FIRST EVENT COLLISION 09 - 32 EXCLUDING 16,SINGLE VEHICLE,STRAIGHT & LEVEL,DARK-HWY NOT LIGHTED,,,44832.35361,FALSE,182,Accepted,5,5,O,,INATTENTION,
30621096,0050000,BARREN COUNTY SHERIFF DEPT.,Accepted,BARREN,US0031E,,SCOTTSVILLE,RD,,,,,,,,36.94756792,-85.9709548,9.541,9/23/2022,407,1,1,0,0,CLEAR,DRY,FALSE,COLLISION WITH ANIMAL NON INTERSECTION,SINGLE VEHICLE,STRAIGHT & LEVEL,DARK-HWY NOT LIGHTED,,,44832.35367,FALSE,182,Accepted,5,5,O,ANIMALS ACTION,,
30623356,0050100,GLASGOW POLICE DEPARTMENT,Accepted,BARREN,US0068,,VETERANS OUTER,LOOP,,,BEAVER,,,,,37.02243888,-85.93851664,11.129,2/14/2022,1934,2,2,0,0,CLEAR,DRY,FALSE,ANGLE COLLISION - OTHER,ANGLE,STRAIGHT & LEVEL,DARK-HWY LIGHTED/ON,,,44832.744,FALSE,2196,Accepted,5,5,O,,,
30623364,0050100,GLASGOW POLICE DEPARTMENT,Accepted,BARREN,,,JAY MAX,WAY,,,INDIAN HILLS,,,,,37.00876867,-85.93154183,0.02,8/31/2022,1321,2,2,0,0,CLEAR,DRY,FALSE,VEHICLE BACKING IN INTERSECTION,BACKING,CURVE & LEVEL,DAYLIGHT,,,44832.74421,FALSE,50,Accepted,5,5,O,,INATTENTION,
30625011,0050100,GLASGOW POLICE DEPARTMENT,Accepted,BARREN,,,GRANDVIEW,AVE,,,,,HIGH,,GEORGETOWN,36.99547295,-85.92852734,0.814,9/26/2022,1941,2,2,0,1,CLEAR,DRY,FALSE,HEAD-ON COLLISION,HEAD ON,CURVE & HILLCREST,DARK-HWY LIGHTED/ON,,,44833.19173,FALSE,2289,Accepted,5,3,B,,FAILED TO KEEP PROPER LANE,
30625775,0050000,BARREN COUNTY SHERIFF DEPT.,Accepted,BARREN,,,FLINT KNOB,RD,,,,,,,,37.04930032,-85.94566394,0.335,9/28/2022,1847,1,1,0,0,CLEAR,DRY,FALSE,COLLISION WITH ANIMAL NON INTERSECTION,SINGLE VEHICLE,STRAIGHT & LEVEL,DUSK,,,44833.34343,FALSE,181,Accepted,5,5,O,ANIMALS ACTION,,
30625777,0050000,BARREN COUNTY SHERIFF DEPT.,Accepted,BARREN,KY0087,,AUSTIN TRACY,RD,,,,,,,,36.74217612,-85.95805604,0.739,9/27/2022,1843,1,1,0,0,CLEAR,DRY,FALSE,COLLISION WITH ANIMAL NON INTERSECTION,SINGLE VEHICLE,STRAIGHT & LEVEL,DARK-HWY NOT LIGHTED,,,44833.34349,FALSE,174,Accepted,5,5,O,ANIMALS ACTION,,
30625779,0050000,BARREN COUNTY SHERIFF DEPT.,Accepted,BARREN,,,MAMMOTH CAVE,PKWY,,,,,,,,37.11835453,-86.0639497,1.413,9/23/2022,2007,1,1,0,2,CLEAR,DRY,FALSE,OTHER ROADWAY OR MID-BLOCK COLLISION,SINGLE VEHICLE,STRAIGHT & LEVEL,DARK-HWY NOT LIGHTED,,,44833.3436,FALSE,124,Accepted,3,3,B,ANIMALS ACTION,,
30628862,0050100,GLASGOW POLICE DEPARTMENT,Accepted,BARREN,,,SCOTTIE,DR,,,,,ASHWOOD,US0068X,COLUMBIA,37.01226411,-85.88875405,0.298,9/15/2022,714,2,2,0,0,CLEAR,DRY,FALSE,OTHER ROADWAY OR MID-BLOCK COLLISION,REAR END,CURVE & GRADE,DAYLIGHT,,,44833.79391,FALSE,48,Accepted,5,5,O,BACKUP DUE TO REGULAR CONGESTION,INATTENTION,
30631021,0050100,GLASGOW POLICE DEPARTMENT,Accepted,BARREN,US0031E,,L ROGERS WELLS,BLVD,N,,ROGERS,,,,,37.00379168,-85.92551108,14.34,8/28/2022,1323,2,2,0,0,CLEAR,DRY,FALSE,ANGLE COLLISION - OTHER,ANGLE,STRAIGHT & LEVEL,DAYLIGHT,,,44834.3486,FALSE,50,Accepted,5,5,O,,INATTENTION,
30633620,0050100,GLASGOW POLICE DEPARTMENT,Accepted,BARREN,KY0090,,MAIN,ST,E,,BROADWAY,,,,,36.99540788,-85.91069968,9.927,9/29/2022,1745,2,2,0,0,CLEAR,DRY,FALSE,OTHER INTERSECTION COLLISIONS,REAR END,STRAIGHT & LEVEL,DAYLIGHT,,,44834.76228,FALSE,2289,Accepted,5,5,O,,MISJUDGE CLEARANCE,
30633867,0050100,GLASGOW POLICE DEPARTMENT,Accepted,BARREN,,201,GARNETT,AVE,,,,,,,,36.99550397,-85.92410808,0.068,9/26/2022,1333,1,1,0,0,CLEAR,OTHER,FALSE,COLLISION WITH FIXED OBJECT NON - INTERSECTION - FIRST EVENT COLLISION 09 - 32 EXCLUDING 16,SINGLE VEHICLE,STRAIGHT & LEVEL,DAYLIGHT,,,44834.81977,FALSE,2287,Accepted,5,5,O,,INATTENTION,
30635115,0050100,GLASGOW POLICE DEPARTMENT,Accepted,BARREN,,,HOMEWOOD,BLVD,,,GLENVIEW,,,,,37.01682399,-85.89485792,0.644,9/30/2022,2258,1,1,0,0,CLEAR,DRY,FALSE,COLLISION WITH FIXED OBJECT IN INTERSECTION - FIRST EVENT COLLISION 09 - 32,SINGLE VEHICLE,CURVE & GRADE,DARK-HWY LIGHTED/ON,,,44835.26487,FALSE,2300,Accepted,5,5,O,,INATTENTION,
30642012,KSP0300,"KY STATE POLICE, POST 03",Accepted,BARREN,KY0090,,HAPPY VALLEY,ST,,,,,,,,37.13392045,-85.97208597,0.16,9/28/2022,1932,2,2,0,0,CLEAR,DRY,FALSE,HEAD-ON COLLISION,HEAD ON,STRAIGHT & GRADE,DARK-HWY LIGHTED/ON,,,44837.51008,FALSE,422,Accepted,5,5,O,,"INATTENTION, MISJUDGE CLEARANCE",
30644023,0050100,GLASGOW POLICE DEPARTMENT,Accepted,BARREN,US0031E,,JACKSON,HWY,N,,,,CHEVY,,GOLF COURSE,37.04720545,-85.89902008,18.048,9/27/2022,1033,2,2,0,0,CLEAR,DRY,FALSE,REAR END IN TRAFFIC LANES BOTH VEHICLES MOVING,REAR END,STRAIGHT & LEVEL,DAYLIGHT,,,44837.81055,FALSE,2268,Accepted,5,5,O,,INATTENTION,
30644025,0050100,GLASGOW POLICE DEPARTMENT,Accepted,BARREN,KY0090,,HAPPY VALLEY,RD,,,,,VALLEY VIEW,,PIN OAK,37.01135169,-85.92462298,9.706,9/27/2022,1528,2,2,0,0,CLEAR,DRY,FALSE,REAR END IN TRAFFIC LANES BOTH VEHICLES MOVING,REAR END,STRAIGHT & HILLCREST,DAYLIGHT,,,44837.81064,FALSE,2268,Accepted,5,5,O,,MISJUDGE CLEARANCE,
30649850,0050100,GLASGOW POLICE DEPARTMENT,Accepted,BARREN,KY0090,,MAIN,ST,E,,BOWEN,,,,,36.99227178,-85.90414342,10.353,10/4/2022,1950,2,2,0,1,CLEAR,DRY,FALSE,OTHER INTERSECTION COLLISIONS,REAR END,CURVE & GRADE,DARK-HWY NOT LIGHTED,,,44839.26281,FALSE,2285,Accepted,5,3,B,,INATTENTION,
30650112,0050100,GLASGOW POLICE DEPARTMENT,Accepted,BARREN,KY0090,,MAIN,ST,E,,LEWIS,,,,,36.9949952,-85.90965205,9.992,9/30/2022,1124,2,2,0,0,CLEAR,DRY,FALSE,ANGLE COLLISION - OTHER,ANGLE,STRAIGHT & LEVEL,DAYLIGHT,,,44839.30068,FALSE,2273,Accepted,5,5,O,,MISJUDGE CLEARANCE,
30650113,0050100,GLASGOW POLICE DEPARTMENT,Accepted,BARREN,US0031E,,L ROGERS WELLS,BLVD,N,,LEXINGTON,,,,,37.01430911,-85.91547847,15.3,9/30/2022,1526,2,2,0,0,CLEAR,DRY,FALSE,OTHER INTERSECTION COLLISIONS,REAR END,STRAIGHT & HILLCREST,DAYLIGHT,,,44839.3008,FALSE,2273,Accepted,5,5,O,,INATTENTION,
30650114,0050100,GLASGOW POLICE DEPARTMENT,Accepted,BARREN,US0068,,VETERANS OUTER,LOOP,,KY0090,HAPPY VALLEY,,,,,37.02439106,-85.93592816,11.326,9/7/2022,1154,2,2,0,0,CLEAR,DRY,FALSE,ANGLE COLLISION - OTHER,ANGLE,STRAIGHT & LEVEL,DAYLIGHT,,,44839.3009,FALSE,2273,Accepted,5,5,O,,DISREGARD TRAFFIC CONTROL,
30650115,0050100,GLASGOW POLICE DEPARTMENT,Accepted,BARREN,KY0090,,HAPPY VALLEY,RD,,,VALLEY VIEW,,,,,37.01385998,-85.92669961,9.497,10/4/2022,942,2,2,0,0,CLEAR,DRY,FALSE,ANGLE COLLISION - OTHER,ANGLE,STRAIGHT & GRADE,DAYLIGHT,,,44839.30183,FALSE,2286,Accepted,5,5,O,,FAILED TO YIELD RIGHT OF WAY,
30650408,0050100,GLASGOW POLICE DEPARTMENT,Accepted,BARREN,KY0090,605,MAIN,ST,E,,,,BOWEN,,MAY,36.99288275,-85.90476734,10.299,9/26/2022,727,2,2,0,1,CLEAR,DRY,FALSE,REAR END IN TRAFFIC LANES BOTH VEHICLES MOVING,REAR END,CURVE & GRADE,DAYLIGHT,,,44839.3488,FALSE,2225,Accepted,5,4,C,,INATTENTION,
30669012,0050100,GLASGOW POLICE DEPARTMENT,Accepted,BARREN,,,INDUSTRIAL,DR,,,YATES,,,,,37.00070714,-85.94009592,0.552,10/9/2022,1841,1,1,0,0,CLEAR,DRY,FALSE,COLLISION WITH ANIMAL IN INTERSECTION,SINGLE VEHICLE,STRAIGHT & LEVEL,DARK-HWY LIGHTED/ON,,,44844.30148,FALSE,2289,Accepted,5,5,O,ANIMALS ACTION,,
30669223,0050000,BARREN COUNTY SHERIFF DEPT.,Accepted,BARREN,,,MILLSTOWN,RD,,,PAYNE,,,,,37.02790069,-86.09667974,0.29,9/28/2022,1349,2,2,0,0,CLEAR,DRY,FALSE,OPPOSITE DIRECTION - BOTH VEHICLES GOING STRAIGHT AHEAD,SIDESWIPE-OPPOSITE DIRECTION,CURVE & GRADE,DAYLIGHT,,,44844.33877,FALSE,170,Accepted,5,5,O,,MISJUDGE CLEARANCE,
30669226,0050000,BARREN COUNTY SHERIFF DEPT.,Accepted,BARREN,US0031E,,SCOTTSVILLE,RD,,,,,,,,36.9641956,-85.94852041,11.23,9/28/2022,1126,2,2,0,0,CLEAR,DRY,FALSE,REAR END IN TRAFFIC LANES BOTH VEHICLES MOVING,REAR END,STRAIGHT & LEVEL,DAYLIGHT,,,44844.33885,FALSE,154,Accepted,5,5,O,,INATTENTION,
30669228,0050000,BARREN COUNTY SHERIFF DEPT.,Accepted,BARREN,KY0087,,AUSTIN TRACY,RD,,,HOLDER,,,,,36.84662682,-86.04302251,11.435,9/29/2022,803,2,2,0,0,CLEAR,DRY,FALSE,OPPOSITE DIRECTION - BOTH VEHICLES GOING STRAIGHT AHEAD,SIDESWIPE-OPPOSITE DIRECTION,CURVE & GRADE,DAYLIGHT,,,44844.33891,FALSE,154,Accepted,5,5,O,,DISTRACTION,
30669233,0050000,BARREN COUNTY SHERIFF DEPT.,Accepted,BARREN,KY1330,,KINO,RD,,,,,,,,36.94150555,-85.79891874,1.287,9/28/2022,2113,2,2,0,0,CLEAR,DRY,FALSE,1 VEHICLE ENTERING/LEAVING ENTRANCE,ANGLE,STRAIGHT & LEVEL,DARK-HWY NOT LIGHTED,,,44844.33902,FALSE,124,Accepted,5,5,O,,INATTENTION,
30669234,0050000,BARREN COUNTY SHERIFF DEPT.,Accepted,BARREN,,,HAYWOOD CEDAR GROVE,RD,,,,,,,,36.95051835,-85.96328952,0.169,9/28/2022,2144,1,1,0,0,CLEAR,DRY,FALSE,RAN OFF ROADWAY (1 VEHICLE WITH/EARTH EMBANKMENT/DITCH),SINGLE VEHICLE,CURVE & LEVEL,DARK-HWY NOT LIGHTED,,,44844.33908,FALSE,182,Accepted,5,5,O,,INATTENTION,
30669237,0050000,BARREN COUNTY SHERIFF DEPT.,Accepted,BARREN,KY0090,11470,BURKESVILLE,RD,,,,,,,,36.904393,-85.75329954,21.205,10/1/2022,1039,2,2,0,2,CLEAR,DRY,FALSE,OTHER COLLISIONS ON SHOULDER,ANGLE,STRAIGHT & GRADE,DAYLIGHT,,,44844.33914,FALSE,154,Accepted,4,4,C,,INATTENTION,
30669242,0050000,BARREN COUNTY SHERIFF DEPT.,Accepted,BARREN,KY0087,,AUSTIN TRACY,RD,,,,,,,,36.85244008,-86.05134972,12.105,10/2/2022,1754,1,1,0,0,CLEAR,DRY,FALSE,COLLISION WITH ANIMAL NON INTERSECTION,SINGLE VEHICLE,STRAIGHT & LEVEL,DAYLIGHT,,,44844.33928,FALSE,181,Accepted,5,5,O,,,
30669243,0050000,BARREN COUNTY SHERIFF DEPT.,Accepted,BARREN,KY0090,,HAPPY VALLEY,RD,,,,,,,,37.08444037,-85.96986024,4.033,10/2/2022,1943,1,1,0,0,CLEAR,DRY,FALSE,COLLISION WITH ANIMAL NON INTERSECTION,SINGLE VEHICLE,STRAIGHT & LEVEL,DARK-HWY LIGHTED/ON,,,44844.33935,FALSE,181,Accepted,5,5,O,,,
30669248,0050000,BARREN COUNTY SHERIFF DEPT.,Accepted,BARREN,KY0090,6438,BURKESVILLE,RD,,,,,,,,36.93815751,-85.82544842,16.235,10/3/2022,1210,1,1,0,0,CLEAR,DRY,FALSE,COLLISION WITH FIXED OBJECT NON - INTERSECTION - FIRST EVENT COLLISION 09 - 32 EXCLUDING 16,SINGLE VEHICLE,CURVE & GRADE,DAYLIGHT,,,44844.33951,FALSE,170,Accepted,5,5,O,,,
30669254,0050000,BARREN COUNTY SHERIFF DEPT.,Accepted,BARREN,KY2131,,CORAL HILL HALFWAY,RD,,,,,,,,37.06510886,-85.81709632,2.164,10/3/2022,1117,2,2,0,0,CLEAR,DRY,FALSE,REAR END IN TRAFFIC LANES BOTH VEHICLES MOVING,REAR END,STRAIGHT & GRADE,DAYLIGHT,,,44844.33968,FALSE,167,Accepted,5,5,O,,IMPROPER PASSING,
30669260,0050000,BARREN COUNTY SHERIFF DEPT.,Accepted,BARREN,KY1297,,OLD BOWLING GREEN,RD,,,,,,,,36.98651992,-86.02507571,7.245,10/1/2022,1817,1,1,0,2,CLEAR,DRY,FALSE,OTHER COLLISIONS ON SHOULDER,SINGLE VEHICLE,CURVE & GRADE,DAYLIGHT,,,44844.33979,FALSE,181,Accepted,4,3,B,GLARE (SUN),OVERCORRECTING/OVERSTEERING,
30669266,0050000,BARREN COUNTY SHERIFF DEPT.,Accepted,BARREN,LN9008,,LN9008 W,,,,,,,,,37.04836613,-86.08549824,1.651,10/4/2022,916,1,1,0,0,CLEAR,DRY,FALSE,COLLISION WITH ANIMAL NON INTERSECTION,SINGLE VEHICLE,STRAIGHT & LEVEL,DAYLIGHT,,,44844.33991,FALSE,170,Accepted,5,5,O,ANIMALS ACTION,,
30669269,0050000,BARREN COUNTY SHERIFF DEPT.,Accepted,BARREN,KY0685,,STOVALL,RD,,,,,HARRY KING,,GATEWAY,37.07563522,-85.99681416,7.014,9/29/2022,1535,2,2,0,0,CLEAR,DRY,TRUE,HEAD-ON COLLISION,HEAD ON,CURVE & GRADE,DAYLIGHT,,,44844.34001,FALSE,149,Accepted,5,5,O,,"NOT UNDER PROPER CONTROL, OTHER",
30669274,0050000,BARREN COUNTY SHERIFF DEPT.,Accepted,BARREN,KY2189,,PARK CITY GLASGOW,RD,,,,,,,,37.03645518,-86.00462524,1.707,10/5/2022,953,2,2,0,1,CLEAR,DRY,FALSE,REAR END IN TRAFFIC LANES BOTH VEHICLES MOVING,REAR END,STRAIGHT & LEVEL,DAYLIGHT,,,44844.34013,FALSE,173,Accepted,5,4,C,GLARE (SUN),"INATTENTION, TOO FAST FOR CONDITIONS",
30669279,0050000,BARREN COUNTY SHERIFF DEPT.,Accepted,BARREN,US0031E,,SCOTTSVILLE,RD,,,,,,,,36.89202814,-86.01593623,4.723,9/20/2022,1650,2,2,0,0,CLEAR,DRY,FALSE,SIDESWIPE COLLISION - SAME DIRECTION,SIDESWIPE-SAME DIRECTION,STRAIGHT & LEVEL,DAYLIGHT,,,44844.34024,FALSE,174,Accepted,5,5,O,,"FAILED TO KEEP PROPER LANE, IMPROPER PASSING",
30669282,0050000,BARREN COUNTY SHERIFF DEPT.,Accepted,BARREN,KY0090,,BURKESVILLE,RD,,,,,,,,36.92287106,-85.80121824,17.985,9/30/2022,2157,2,2,0,1,CLEAR,DRY,FALSE,1 VEHICLE ENTERING/LEAVING ENTRANCE,ANGLE,STRAIGHT & LEVEL,DARK-HWY NOT LIGHTED,,,44844.34032,FALSE,174,Accepted,5,2,A,,"FAILED TO YIELD RIGHT OF WAY, INATTENTION",
30669284,0050000,BARREN COUNTY SHERIFF DEPT.,Accepted,BARREN,US0068,,NEW BOWLING GREEN,RD,,,,,,,,37.02874575,-86.12068139,0.35,10/4/2022,2024,1,1,0,0,CLEAR,DRY,FALSE,COLLISION WITH ANIMAL NON INTERSECTION,SINGLE VEHICLE,STRAIGHT & LEVEL,DARK-HWY NOT LIGHTED,,,44844.3404,FALSE,174,Accepted,5,5,O,ANIMALS ACTION,,
30669286,0050000,BARREN COUNTY SHERIFF DEPT.,Accepted,BARREN,KY0070,,GRIDERVILLE,RD,,,,,,,,37.11292156,-85.87081822,11.811,10/6/2022,1647,2,2,0,0,CLEAR,DRY,FALSE,REAR END IN TRAFFIC LANES BOTH VEHICLES MOVING,REAR END,STRAIGHT & LEVEL,DAYLIGHT,,,44844.34048,FALSE,174,Accepted,5,5,O,,INATTENTION,
30669291,0050000,BARREN COUNTY SHERIFF DEPT.,Accepted,BARREN,KY0090,,BURKESVILLE,RD,,,,,,,,36.93747853,-85.82466365,16.301,10/6/2022,1559,2,2,0,1,CLEAR,DRY,FALSE,REAR END IN TRAFFIC LANES BOTH VEHICLES MOVING,REAR END,STRAIGHT & LEVEL,DAYLIGHT,,,44844.34069,FALSE,167,Accepted,4,4,C,GLARE (SUN),FOLLOWING TOO CLOSE,
30669978,0050000,BARREN COUNTY SHERIFF DEPT.,Accepted,BARREN,KY0063,,TOMPKINSVILLE,RD,,,,,,,,36.83961228,-85.82949199,2.056,10/6/2022,815,1,1,0,1,CLEAR,DRY,FALSE,OTHER COLLISIONS ON SHOULDER,SINGLE VEHICLE,CURVE & GRADE,DAYLIGHT,,,44844.42546,FALSE,154,Accepted,5,4,C,,NOT UNDER PROPER CONTROL,
30674647,0050000,BARREN COUNTY SHERIFF DEPT.,Accepted,BARREN,KY0249,,ROSEVILLE,RD,,,,,,,,36.91686026,-85.91794883,10.887,10/2/2022,1931,2,2,0,0,CLEAR,DRY,TRUE,SIDESWIPE COLLISION - OPPOSITE DIRECTION,SIDESWIPE-OPPOSITE DIRECTION,STRAIGHT & GRADE,DARK-HWY NOT LIGHTED,,,44845.34487,FALSE,163,Accepted,5,5,O,,NOT UNDER PROPER CONTROL,OVERSIZED LOAD ON VEHICLE
30674649,0050000,BARREN COUNTY SHERIFF DEPT.,Accepted,BARREN,,177,BROWNING SCHOOL,RD,,,,,,,,36.90085991,-86.00072359,0.197,10/10/2022,1734,2,2,0,0,CLEAR,DRY,FALSE,SIDESWIPE COLLISION - OPPOSITE DIRECTION,SIDESWIPE-OPPOSITE DIRECTION,STRAIGHT & HILLCREST,DAYLIGHT,,,44845.34498,FALSE,163,Accepted,5,5,O,OTHER,MISJUDGE CLEARANCE,MIRRORS
30674650,0050000,BARREN COUNTY SHERIFF DEPT.,Accepted,BARREN,KY0090,,BURKESVILLE,RD,,,,,,,,36.90779634,-85.76472856,20.519,10/10/2022,1631,1,1,0,1,CLEAR,DRY,FALSE,RAN OFF ROADWAY (1 VEHICLE WITH/EARTH EMBANKMENT/DITCH),SINGLE VEHICLE,CURVE & LEVEL,DAYLIGHT,,,44845.34508,FALSE,181,Accepted,3,3,B,,NOT UNDER PROPER CONTROL,
30678459,0050100,GLASGOW POLICE DEPARTMENT,Accepted,BARREN,KY1297,1530,OLD BOWLING GREEN,RD,,,,,,,,36.9905199,-85.94451824,12.064,9/30/2022,455,2,1,0,0,CLEAR,DRY,FALSE,SIDESWIPE COLLISION - SAME DIRECTION,SIDESWIPE-SAME DIRECTION,STRAIGHT & LEVEL,DARK (UNKNOWN ROADWAY LIGHTING),,,44846.12726,FALSE,2246,Accepted,5,5,O,,IMPROPER PASSING,