IncidentID,AgencyORI,AgencyName,IncidentStatusDesc,County,RdwyNumber,Street,RoadwayName,StreetSfx,StreetDir,IntersectionRdwy,IntersectionRdwyName,BetweenStRdwy1,BetweenStRdwyName1,BetweenStRdwy2,BetweenStRdwyName2,Latitude,Longitude,Milepoint,CollisionDate,CollisionTime,UnitsInvolved,MotorVehiclesInvolved,NumberKilled,NumberInjured,Weather,RdwyConditionCode,HitandRun,DirAnalysisCode,MannerofCollision,RdwyCharacter,LightCondition,RampFromRdwyId,RampToRdwyId,AcceptedDate,IsSecondaryCollision,OwnerBadge,IncidentStatus,InjurySeverityCde,KABCO_Code,KABCO,Environmental_Factors,Human_Factors,Vehicular_Factors
30680383,0050100,GLASGOW POLICE DEPARTMENT,Accepted,BARREN,KY0090,,HAPPY VALLEY,RD,,,WESTERN HILLS,,,,,37.01917194,-85.93147709,9.045,10/6/2022,2115,1,1,0,0,CLEAR,DRY,FALSE,COLLISION WITH ANIMAL IN INTERSECTION,SINGLE VEHICLE,STRAIGHT & LEVEL,DARK-HWY LIGHTED/ON,,,44846.55341,FALSE,2260,Accepted,5,5,O,ANIMALS ACTION,,
30680384,0050100,GLASGOW POLICE DEPARTMENT,Accepted,BARREN,US0068X,,MAIN,ST,W,US0031E,L ROGERS WELLS,,,,,37.00198645,-85.92630596,1.686,10/7/2022,1445,2,2,0,0,CLEAR,DRY,FALSE,OTHER INTERSECTION COLLISIONS,REAR END,STRAIGHT & LEVEL,DAYLIGHT,,,44846.5535,FALSE,2260,Accepted,5,5,O,,MISJUDGE CLEARANCE,
30680387,0050100,GLASGOW POLICE DEPARTMENT,Accepted,BARREN,LN9008,,,,,LN9008,LN9008 W EXIT14 OFF RAMP TO KY90,,,,,36.98421075,-85.89508974,0.23,10/10/2022,1545,2,2,0,0,CLEAR,DRY,FALSE,OTHER INTERSECTION COLLISIONS,REAR TO REAR,STRAIGHT & LEVEL,DAYLIGHT,,,44846.55361,FALSE,2260,Accepted,5,5,O,,INATTENTION,
30683448,0050100,GLASGOW POLICE DEPARTMENT,Accepted,BARREN,KY0090,,HAPPY VALLEY,RD,,,,,PERKINS,,AIRPORT,37.03522113,-85.94350262,7.74,10/10/2022,1222,2,2,0,0,CLEAR,DRY,FALSE,SIDESWIPE COLLISION - SAME DIRECTION,SIDESWIPE-SAME DIRECTION,STRAIGHT & GRADE,DAYLIGHT,,,44847.33781,FALSE,2287,Accepted,5,5,O,,FAILED TO KEEP PROPER LANE,
30683470,0050100,GLASGOW POLICE DEPARTMENT,Accepted,BARREN,KY0090,1003,HAPPY VALLEY,RD,,,,,REYNOLDS,,VALLEY VIEW,37.01452158,-85.92716875,9.445,10/12/2022,1201,2,2,0,0,CLEAR,DRY,FALSE,SIDESWIPE COLLISION - SAME DIRECTION,SIDESWIPE-SAME DIRECTION,STRAIGHT & LEVEL,DAYLIGHT,,,44847.34711,FALSE,50,Accepted,5,5,O,,INATTENTION,
30687982,0050000,BARREN COUNTY SHERIFF DEPT.,Accepted,BARREN,US0068,7880,NEW BOWLING GREEN,RD,,,,,,,,37.02127964,-86.04726566,4.645,10/13/2022,904,1,1,0,1,CLEAR,DRY,FALSE,OTHER COLLISIONS ON SHOULDER,SINGLE VEHICLE,STRAIGHT & LEVEL,DAYLIGHT,,,44848.33961,FALSE,154,Accepted,5,4,C,,"DISTRACTION, EMOTIONAL, NOT UNDER PROPER CONTROL",
30691775,0050100,GLASGOW POLICE DEPARTMENT,Accepted,BARREN,,,GLENVIEW,DR,,,,,,,,37.01479605,-85.89736742,0.456,10/10/2022,1430,1,1,0,0,CLEAR,DRY,FALSE,COLLISION WITH FIXED OBJECT NON - INTERSECTION - FIRST EVENT COLLISION 09 - 32 EXCLUDING 16,SINGLE VEHICLE,STRAIGHT & LEVEL,DAYLIGHT,,,44849.13499,FALSE,2286,Accepted,5,5,O,,INATTENTION,
30691777,0050100,GLASGOW POLICE DEPARTMENT,Accepted,BARREN,,,INDUSTRIAL,DR,,,,,,,,36.99826754,-85.9467415,0.971,10/13/2022,630,1,1,0,0,CLEAR,DRY,FALSE,COLLISION WITH ANIMAL NON INTERSECTION,SINGLE VEHICLE,STRAIGHT & LEVEL,DAWN,,,44849.13514,FALSE,2286,Accepted,5,5,O,,,
30691778,0050100,GLASGOW POLICE DEPARTMENT,Accepted,BARREN,US0031E,,L ROGERS WELLS,BLVD,S,,,,,,,37.0012507,-85.92682569,14.199,10/13/2022,825,3,3,0,1,CLEAR,DRY,FALSE,REAR END IN TRAFFIC LANES BOTH VEHICLES MOVING,REAR END,STRAIGHT & LEVEL,DAYLIGHT,,,44849.13521,FALSE,2286,Accepted,5,4,C,,INATTENTION,
30691780,0050100,GLASGOW POLICE DEPARTMENT,Accepted,BARREN,LN9008,,,,,,SCOTTSVILLE ,,,,,36.97891322,-85.93386863,0.318,10/13/2022,857,2,2,0,0,CLEAR,DRY,FALSE,REAR END - ONE VEHICLE TURNING RIGHT,REAR END,STRAIGHT & LEVEL,DAYLIGHT,,,44849.13532,FALSE,2286,Accepted,5,5,O,,,
30691783,0050100,GLASGOW POLICE DEPARTMENT,Accepted,BARREN,US0068X,,MAIN,ST,W,,OIL CITY,,,,,37.01003224,-85.94357587,0.532,10/13/2022,811,2,2,0,2,CLEAR,DRY,FALSE,ANGLE COLLISION - OTHER,ANGLE,STRAIGHT & LEVEL,DAYLIGHT,,,44849.13542,FALSE,2273,Accepted,3,3,B,,MISJUDGE CLEARANCE,
30693076,0050100,GLASGOW POLICE DEPARTMENT,Accepted,BARREN,US0068X,,MAIN,ST,W,US0031E,L ROGERS WELLS,,,,,37.00204232,-85.92638823,1.692,10/7/2022,1537,2,2,0,0,CLEAR,DRY,FALSE,OTHER INTERSECTION COLLISIONS,REAR END,STRAIGHT & GRADE,DAYLIGHT,,,44849.75687,FALSE,2293,Accepted,5,5,O,,INATTENTION,
30693079,0050100,GLASGOW POLICE DEPARTMENT,Accepted,BARREN,KY0090,802,BURKESVILLE,RD,,,,,LENNA,KY0090,MAIN,36.98504443,-85.89625378,11.018,10/7/2022,1652,2,2,0,0,CLEAR,DRY,FALSE,1 VEHICLE PARKED POSITION (NOT PARKING LOT/DRIVEWAY),ANGLE,STRAIGHT & GRADE,DAYLIGHT,,,44849.75695,FALSE,2268,Accepted,5,5,O,,INATTENTION,
30693080,0050100,GLASGOW POLICE DEPARTMENT,Accepted,BARREN,,,TROJAN,TRL,,,,US0031E,SCOTTSVILLE,,HILLTOPPER,36.9795922,-85.93306784,1.326,10/11/2022,913,2,2,0,0,CLEAR,DRY,FALSE,REAR END IN TRAFFIC LANES BOTH VEHICLES MOVING,REAR END,STRAIGHT & LEVEL,DAYLIGHT,,,44849.75701,FALSE,2268,Accepted,5,5,O,,INATTENTION,
30693081,0050100,GLASGOW POLICE DEPARTMENT,Accepted,BARREN,,,LESLIE,AVE,,US0068X,MAIN,,,,,36.99855324,-85.91893141,,10/11/2022,1531,2,2,0,0,CLEAR,DRY,FALSE,VEHICLE BACKING IN INTERSECTION,BACKING,STRAIGHT & GRADE,DAYLIGHT,,,44849.75711,FALSE,2293,Accepted,5,5,O,,INATTENTION,
30696307,0050100,GLASGOW POLICE DEPARTMENT,Accepted,BARREN,US0031E,,SCOTTSVILLE,RD,,,TROJAN,,,,,36.97960586,-85.93309537,12.594,10/10/2022,1615,2,2,0,0,CLEAR,DRY,TRUE,ANGLE COLLISION - ONE VEHICLE TURNING LEFT,ANGLE,STRAIGHT & LEVEL,DAYLIGHT,,,44850.9497,FALSE,2260,Accepted,5,5,O,,"DISREGARD TRAFFIC CONTROL, FAILED TO YIELD RIGHT OF WAY",
30697801,0050000,BARREN COUNTY SHERIFF DEPT.,Accepted,BARREN,US0068,,NEW BOWLING GREEN,RD,,,,,,,,37.01409887,-85.96063244,9.616,9/24/2022,1219,1,1,0,0,CLOUDY,DRY,FALSE,OCCUPANT FELL FROM MOVING VEHICLE,SINGLE VEHICLE,STRAIGHT & LEVEL,DAYLIGHT,,,44851.33499,FALSE,125,Accepted,5,5,O,,,
30697802,0050000,BARREN COUNTY SHERIFF DEPT.,Accepted,BARREN,KY0090,,HAPPY VALLEY,RD,,,HARRY KING,,,,,37.05612368,-85.95353225,6.153,10/1/2022,1448,2,2,0,0,CLEAR,DRY,FALSE,OTHER INTERSECTION COLLISIONS,REAR END,STRAIGHT & LEVEL,DAYLIGHT,,,44851.33504,FALSE,125,Accepted,5,5,O,,,
30697803,0050000,BARREN COUNTY SHERIFF DEPT.,Accepted,BARREN,KY0063,13037,TOMPKINSVILLE,RD,,,,,,,,36.83235617,-85.82824579,1.535,10/1/2022,1021,3,3,0,3,CLEAR,DRY,FALSE,HEAD-ON COLLISION,HEAD ON,STRAIGHT & LEVEL,DAYLIGHT,,,44851.33508,FALSE,125,Accepted,3,3,B,,IMPROPER PASSING,
30697804,0050000,BARREN COUNTY SHERIFF DEPT.,Accepted,BARREN,KY3179,,OIL WELL,RD,,,COOKTOWN,,,,,36.83677604,-85.96333644,2.504,10/11/2022,733,1,1,0,0,CLEAR,DRY,FALSE,COLLISION WITH ANIMAL IN INTERSECTION,SINGLE VEHICLE,STRAIGHT & LEVEL,DAYLIGHT,,,44851.33512,FALSE,125,Accepted,5,5,O,ANIMALS ACTION,,
30697805,0050000,BARREN COUNTY SHERIFF DEPT.,Accepted,BARREN,KY0249,,ROSEVILLE,RD,,,,,,,,36.77120554,-85.90166058,0.18,10/12/2022,1936,1,1,0,0,CLEAR,DRY,FALSE,COLLISION WITH ANIMAL NON INTERSECTION,SINGLE VEHICLE,STRAIGHT & LEVEL,DARK-HWY NOT LIGHTED,,,44851.3352,FALSE,174,Accepted,5,5,O,ANIMALS ACTION,,
30697806,0050000,BARREN COUNTY SHERIFF DEPT.,Accepted,BARREN,US0031E,,SCOTTSVILLE,RD,,,,,,,,36.94588924,-85.97313457,9.322,10/14/2022,1633,2,2,0,1,CLEAR,DRY,FALSE,OTHER ROADWAY OR MID-BLOCK COLLISION,REAR END,STRAIGHT & LEVEL,DAYLIGHT,,,44851.33524,FALSE,174,Accepted,5,4,C,,INATTENTION,
30697809,0050000,BARREN COUNTY SHERIFF DEPT.,Accepted,BARREN,KY0252,,FINNEY,RD,,,,,,,,36.93570595,-86.08286589,3.941,10/13/2022,2007,1,1,0,0,CLEAR,DRY,FALSE,COLLISION WITH ANIMAL NON INTERSECTION,SINGLE VEHICLE,STRAIGHT & LEVEL,DARK-HWY NOT LIGHTED,,,44851.33532,FALSE,182,Accepted,5,5,O,ANIMALS ACTION,,
30699688,0050100,GLASGOW POLICE DEPARTMENT,Accepted,BARREN,US0031E,,L ROGERS WELLS,BLVD,N,,SMITH,,,,,37.00589638,-85.9244947,14.438,10/13/2022,1929,2,2,0,0,CLEAR,DRY,FALSE,OPPOSING LEFT TURN,OPPOSING LEFT TURN,STRAIGHT & LEVEL,DARK-HWY LIGHTED/ON,,,44851.64216,FALSE,2300,Accepted,5,5,O,,INATTENTION,
30700498,0050100,GLASGOW POLICE DEPARTMENT,Accepted,BARREN,,533,BUNCHE AVE SPUR,,,,,,,,,36.9875207,-85.90991644,,10/17/2022,1535,2,2,0,0,CLEAR,DRY,FALSE,1 VEHICLE ENTERING/LEAVING ENTRANCE,ANGLE,STRAIGHT & LEVEL,DAYLIGHT,,,44851.80113,FALSE,2293,Accepted,5,5,O,,INATTENTION,
30702293,0050100,GLASGOW POLICE DEPARTMENT,Accepted,BARREN,,,WALL,ST,,,HAPPY VALLEY,,,,,37.00909796,-85.92045511,0.006,10/16/2022,1050,2,2,0,0,CLOUDY,DRY,FALSE,OTHER INTERSECTION COLLISIONS,REAR END,STRAIGHT & LEVEL,DAYLIGHT,,,44852.36191,FALSE,2264,Accepted,5,5,O,,INATTENTION,
30702589,0050000,BARREN COUNTY SHERIFF DEPT.,Accepted,BARREN,,,CRAWFORD,RD,,,,,,,,37.07352714,-85.83655018,0.054,10/16/2022,1850,1,1,0,0,CLEAR,WET,FALSE,COLLISION WITH ANIMAL NON INTERSECTION,SINGLE VEHICLE,STRAIGHT & LEVEL,DARK-HWY NOT LIGHTED,,,44852.4135,FALSE,181,Accepted,5,5,O,,,
30702590,0050000,BARREN COUNTY SHERIFF DEPT.,Accepted,BARREN,US0031E,,SCOTTSVILLE,RD,,KY0087,AUSTIN TRACY,,,,,36.85360939,-86.05350659,1.221,10/13/2022,2021,2,2,0,0,CLEAR,DRY,FALSE,ANGLE COLLISION - OTHER,ANGLE,STRAIGHT & LEVEL,DARK-HWY LIGHTED/ON,,,44852.41358,FALSE,181,Accepted,5,5,O,,FAILED TO YIELD RIGHT OF WAY,
30702591,0050000,BARREN COUNTY SHERIFF DEPT.,Accepted,BARREN,KY0090,,HAPPY VALLEY,RD,,,,,,,,37.05627548,-85.95361354,6.173,10/16/2022,1548,2,2,0,0,CLEAR,DRY,FALSE,REAR END IN TRAFFIC LANES BOTH VEHICLES MOVING,REAR END,STRAIGHT & LEVEL,DAYLIGHT,,,44852.41368,FALSE,181,Accepted,5,5,O,,INATTENTION,
30702592,0050000,BARREN COUNTY SHERIFF DEPT.,Accepted,BARREN,US0031E,,SCOTTSVILLE,RD,,,,,,,,36.96184903,-85.951722,10.989,10/17/2022,1635,1,1,0,1,CLEAR,DRY,FALSE,COLLISION WITH FIXED OBJECT NON - INTERSECTION - FIRST EVENT COLLISION 09 - 32 EXCLUDING 16,SINGLE VEHICLE,STRAIGHT & LEVEL,DAYLIGHT,,,44852.41373,FALSE,181,Accepted,5,3,B,,"ALCOHOL INVOLVEMENT, FAILED TO KEEP PROPER LANE",
30707359,0050000,BARREN COUNTY SHERIFF DEPT.,Accepted,BARREN,LN9008,,LN9008 E,,,,,,,,,37.00864118,-86.01332963,6.556,10/15/2022,1747,2,2,0,1,CLEAR,DRY,FALSE,SIDESWIPE COLLISION - SAME DIRECTION,SIDESWIPE-SAME DIRECTION,STRAIGHT & LEVEL,DAYLIGHT,,,44853.43458,FALSE,174,Accepted,5,4,C,,INATTENTION,
30707360,0050000,BARREN COUNTY SHERIFF DEPT.,Accepted,BARREN,,228,SMITH CEMETERY,RD,,,,,,,,36.80157811,-85.91293606,0.232,10/18/2022,1447,2,2,0,0,CLEAR,DRY,FALSE,VEHICLE BACKING NON INTERSECTION,BACKING,STRAIGHT & LEVEL,DAYLIGHT,,,44853.43466,FALSE,170,Accepted,5,5,O,,INATTENTION,
30715306,0050100,GLASGOW POLICE DEPARTMENT,Accepted,BARREN,KY0090,,HAPPY VALLEY,RD,,,,,PERKINS,,AIRPORT,37.03319513,-85.94277493,7.883,10/17/2022,852,2,2,0,0,CLEAR,DRY,FALSE,SIDESWIPE COLLISION - SAME DIRECTION,SIDESWIPE-SAME DIRECTION,STRAIGHT & LEVEL,DAYLIGHT,,,44854.95953,FALSE,2268,Accepted,5,5,O,,"INATTENTION, MISJUDGE CLEARANCE",
30718363,0050200,CAVE CITY POLICE DEPARTMENT,Accepted,BARREN,US0031W,,DIXIE,HWY,N,,,,,,,37.13665896,-85.95504663,7.472,9/27/2022,1606,2,2,0,0,CLEAR,DRY,FALSE,1 VEHICLE ENTERING/LEAVING ENTRANCE,ANGLE,STRAIGHT & LEVEL,DAYLIGHT,,,44855.61891,FALSE,605,Accepted,5,5,O,,INATTENTION,
30718364,0050200,CAVE CITY POLICE DEPARTMENT,Accepted,BARREN,KY0090,,HAPPY VALLEY,ST,E,,,,,,,37.12294177,-85.96180956,1.2,9/17/2022,1237,2,2,0,4,CLEAR,DRY,FALSE,SIDESWIPE COLLISION - OPPOSITE DIRECTION,SIDESWIPE-OPPOSITE DIRECTION,STRAIGHT & LEVEL,DAYLIGHT,,,44855.61914,FALSE,608,Accepted,3,3,B,,"FAILED TO YIELD RIGHT OF WAY, FAILED TO KEEP PROPER LANE",
30718365,0050200,CAVE CITY POLICE DEPARTMENT,Accepted,BARREN,US0031W,902,DIXIE,HWY,N,,LAKEVIEW,,,,,37.14676515,-85.94211994,8.448,9/30/2022,1639,2,2,0,0,CLEAR,DRY,FALSE,COLLISION WITH FIXED OBJECT IN INTERSECTION - FIRST EVENT COLLISION 09 - 32,ANGLE,STRAIGHT & HILLCREST,DAYLIGHT,,,44855.61928,TRUE,609,Accepted,5,5,O,,INATTENTION,
30718367,0050200,CAVE CITY POLICE DEPARTMENT,Accepted,BARREN,US0031W,,DIXIE,HWY,N,,,,,,,37.14381492,-85.94648983,8.142,9/20/2022,1522,2,2,0,0,CLEAR,DRY,FALSE,COLLISION WITH FIXED OBJECT NON - INTERSECTION - FIRST EVENT COLLISION 09 - 32 EXCLUDING 16,REAR END,STRAIGHT & LEVEL,DAYLIGHT,,,44855.61939,FALSE,608,Accepted,5,5,O,,INATTENTION,
30721043,0050100,GLASGOW POLICE DEPARTMENT,Accepted,BARREN,KY0090,,MAIN,ST,E,,BROADWAY,,,,,36.99544176,-85.91076661,9.923,10/14/2022,1719,2,2,0,0,CLEAR,DRY,FALSE,OTHER INTERSECTION COLLISIONS,REAR END,STRAIGHT & HILLCREST,DAYLIGHT,,,44856.45257,FALSE,2273,Accepted,5,5,O,,OTHER,
30721388,0050100,GLASGOW POLICE DEPARTMENT,Accepted,BARREN,US0068,,VETERANS OUTER,LOOP,,US0031E,JACKSON,,,,,37.03294803,-85.90567669,13.262,10/8/2022,1238,2,2,0,0,CLEAR,DRY,FALSE,ANGLE COLLISION - OTHER,ANGLE,STRAIGHT & LEVEL,DAYLIGHT,,,44856.65912,FALSE,48,Accepted,5,5,O,,FAILED TO YIELD RIGHT OF WAY,
30723078,0050100,GLASGOW POLICE DEPARTMENT,Accepted,BARREN,US0068X,,MAIN,ST,W,,SAMSON,,,,,36.99865836,-85.91939426,2.138,10/22/2022,1844,2,2,0,1,CLEAR,DRY,FALSE,ANGLE COLLISION - OTHER,ANGLE,STRAIGHT & LEVEL,DARK-HWY LIGHTED/ON,,,44857.22407,FALSE,2289,Accepted,3,3,B,,MISJUDGE CLEARANCE,
30724435,0050100,GLASGOW POLICE DEPARTMENT,Accepted,BARREN,,,CHERRY,ST,E,US0031EX,RACE,,,,,37.00165016,-85.90945419,0.003,10/19/2022,1658,2,2,0,0,CLEAR,DRY,FALSE,VEHICLE BACKING IN INTERSECTION,BACKING,STRAIGHT & LEVEL,DAYLIGHT,,,44857.78702,FALSE,2287,Accepted,5,5,O,,INATTENTION,
30726673,0050100,GLASGOW POLICE DEPARTMENT,Accepted,BARREN,KY0090,,HAPPY VALLEY,RD,,,,,ENSMINGER,,SHALIMAR,37.01026559,-85.92300168,9.823,10/18/2022,1447,2,2,0,0,CLOUDY,DRY,FALSE,REAR END IN TRAFFIC LANES BOTH VEHICLES MOVING,REAR END,STRAIGHT & LEVEL,DAYLIGHT,,,44858.34574,FALSE,2225,Accepted,5,5,O,,INATTENTION,
30727291,0050000,BARREN COUNTY SHERIFF DEPT.,Accepted,BARREN,,,OIL WELL,RD,,,,,,,,36.9464281,-85.94216659,4.774,10/23/2022,1003,1,1,0,0,CLEAR,DRY,FALSE,RAN OFF ROADWAY (1 VEHICLE WITH/EARTH EMBANKMENT/DITCH),SINGLE VEHICLE,CURVE & LEVEL,DAYLIGHT,,,44858.43622,FALSE,170,Accepted,5,5,O,,INATTENTION,
30729712,0050100,GLASGOW POLICE DEPARTMENT,Accepted,BARREN,US0068X,,MAIN,ST,W,,REYNOLDS,,,,,37.00848977,-85.93675126,0.955,10/22/2022,1207,2,2,0,2,CLEAR,DRY,FALSE,ANGLE COLLISION - ONE VEHICLE TURNING LEFT,ANGLE,STRAIGHT & LEVEL,DAYLIGHT,,,44858.78687,FALSE,2273,Accepted,4,4,C,,DISREGARD TRAFFIC CONTROL,
30729713,0050100,GLASGOW POLICE DEPARTMENT,Accepted,BARREN,US0031E,,L ROGERS WELLS,BLVD,S,,,,GRANDVIEW,,COMMERCIAL,36.99584424,-85.93066156,13.767,10/23/2022,1340,2,2,0,0,CLEAR,DRY,FALSE,SIDESWIPE COLLISION - SAME DIRECTION,SIDESWIPE-SAME DIRECTION,STRAIGHT & LEVEL,DAYLIGHT,,,44858.78693,FALSE,2273,Accepted,5,5,O,OTHER,MISJUDGE CLEARANCE,
30736269,0050100,GLASGOW POLICE DEPARTMENT,Accepted,BARREN,KY0249,,ROSEVILLE,RD,,,TROJAN,,,,,36.98204835,-85.91340992,15.571,10/25/2022,1637,2,2,0,0,RAINING,WET,FALSE,OPPOSING LEFT TURN,OPPOSING LEFT TURN,STRAIGHT & LEVEL,DAYLIGHT,,,44860.36661,FALSE,2260,Accepted,5,5,O,SLIPPERY SURFACE,"OTHER, FAILED TO YIELD RIGHT OF WAY, INATTENTION",
30736418,0050000,BARREN COUNTY SHERIFF DEPT.,Accepted,BARREN,KY0249,,ROSEVILLE,RD,,,,,BRISTLETOWN,,MT PLEASANT,36.91612741,-85.91720929,10.834,10/24/2022,1930,1,1,0,0,CLEAR,DRY,FALSE,OTHER ROADWAY OR MID-BLOCK COLLISION,SINGLE VEHICLE,CURVE & GRADE,DARK-HWY NOT LIGHTED,,,44860.38453,FALSE,183,Accepted,5,5,O,,NOT UNDER PROPER CONTROL,TIRE FAILURE
30736419,0050000,BARREN COUNTY SHERIFF DEPT.,Accepted,BARREN,,,SAM PARRISH,RD,,,WOODS STORE ETOILE,,,,,36.87882706,-85.89212436,0.005,10/25/2022,1900,1,1,0,0,RAINING,WET,FALSE,COLLISION WITH FIXED OBJECT IN INTERSECTION - FIRST EVENT COLLISION 09 - 32,SINGLE VEHICLE,CURVE & HILLCREST,DARK-HWY NOT LIGHTED,,,44860.38459,FALSE,183,Accepted,5,5,O,SLIPPERY SURFACE,NOT UNDER PROPER CONTROL,
30736420,0050000,BARREN COUNTY SHERIFF DEPT.,Accepted,BARREN,KY1307,,NEW SALEM,RD,,,,,,,,36.99186254,-85.86450837,6.104,10/19/2022,2301,1,1,0,1,CLEAR,DRY,FALSE,RAN OFF ROADWAY (1 VEHICLE WITH/EARTH EMBANKMENT/DITCH),SINGLE VEHICLE,STRAIGHT & GRADE,DARK-HWY NOT LIGHTED,,,44860.38466,FALSE,182,Accepted,4,4,C,ANIMALS ACTION,,
30736422,0050000,BARREN COUNTY SHERIFF DEPT.,Accepted,BARREN,US0031E,,SCOTTSVILLE,RD,,,,,,,,36.8642392,-86.04257008,2.181,10/22/2022,2123,3,3,0,1,CLEAR,DRY,FALSE,HEAD-ON COLLISION,HEAD ON,STRAIGHT & GRADE,DARK-HWY NOT LIGHTED,,,44860.38473,FALSE,182,Accepted,5,2,A,,ALCOHOL INVOLVEMENT,
30739173,0050100,GLASGOW POLICE DEPARTMENT,Accepted,BARREN,US0031E,,SCOTTSVILLE,RD,,LN9008,LN9008 W EXIT11 OFF RAMP TO US31E N,,,,,36.97894788,-85.9339086,12.533,10/21/2022,1426,2,2,0,0,CLEAR,DRY,FALSE,ANGLE COLLISION - OTHER,ANGLE,STRAIGHT & LEVEL,DAYLIGHT,,,44860.85243,FALSE,2293,Accepted,5,5,O,,INATTENTION,
30739174,0050100,GLASGOW POLICE DEPARTMENT,Accepted,BARREN,US0031EX,,RACE,ST,N,US0031EX,PUBLIC,,,,,36.99629535,-85.91288915,1.516,10/21/2022,1532,1,1,0,0,CLEAR,DRY,FALSE,COLLISION WITH FIXED OBJECT IN INTERSECTION - FIRST EVENT COLLISION 09 - 32,SINGLE VEHICLE,STRAIGHT & LEVEL,DAYLIGHT,,,44860.85249,FALSE,2293,Accepted,5,5,O,,"INATTENTION, MISJUDGE CLEARANCE",
30739175,0050100,GLASGOW POLICE DEPARTMENT,Accepted,BARREN,KY0090,,HAPPY VALLEY,RD,,,PIN OAK,,,,,37.01122358,-85.92447182,9.718,10/25/2022,1719,2,2,0,0,RAINING,WET,FALSE,OTHER INTERSECTION COLLISIONS,REAR END,STRAIGHT & LEVEL,DUSK,,,44860.85257,FALSE,2293,Accepted,5,5,O,SLIPPERY SURFACE,"INATTENTION, TOO FAST FOR CONDITIONS",
30739179,0050100,GLASGOW POLICE DEPARTMENT,Accepted,BARREN,,216,WALNUT,ST,,,,,CUMBERLAND,,PRESTON,37.00568185,-85.914284,0.104,10/21/2022,1637,2,2,0,0,CLEAR,DRY,TRUE,VEHICLE BACKING NON INTERSECTION,BACKING,STRAIGHT & LEVEL,DAYLIGHT,,,44860.85271,FALSE,2268,Accepted,5,5,O,,INATTENTION,
30739180,0050100,GLASGOW POLICE DEPARTMENT,Accepted,BARREN,US0031E,,L ROGERS WELLS,BLVD,N,,,,SMITH,,ROGERS,37.0053133,-85.92478361,14.413,10/26/2022,1307,2,2,0,0,CLOUDY,DRY,FALSE,1 VEHICLE ENTERING/LEAVING ENTRANCE,ANGLE,STRAIGHT & LEVEL,DAYLIGHT,,,44860.85276,FALSE,2268,Accepted,5,5,O,,"INATTENTION, MISJUDGE CLEARANCE",
30746855,0050200,CAVE CITY POLICE DEPARTMENT,Accepted,BARREN,US0031W,,DIXIE,HWY,S,,,,,,,37.13556867,-85.95606398,7.385,10/7/2022,1504,2,2,0,0,CLEAR,DRY,FALSE,REAR END IN TRAFFIC LANES BOTH VEHICLES MOVING,REAR END,STRAIGHT & LEVEL,DAYLIGHT,,,44862.55559,FALSE,607,Accepted,5,5,O,,INATTENTION,
30746856,0050200,CAVE CITY POLICE DEPARTMENT,Accepted,BARREN,KY0070,,BROADWAY,ST,,,,,,,,37.13388596,-85.95374765,6.917,10/7/2022,1838,2,2,0,0,CLEAR,DRY,FALSE,REAR END IN TRAFFIC LANES BOTH VEHICLES MOVING,REAR END,STRAIGHT & HILLCREST,DUSK,,,44862.55566,FALSE,610,Accepted,5,5,O,,INATTENTION,
30746865,0050200,CAVE CITY POLICE DEPARTMENT,Accepted,BARREN,KY0335,,OLD HORSE CAVE,RD,,,,,,,,37.14525711,-85.9461009,0.166,10/12/2022,1021,2,2,0,0,CLOUDY,DRY,TRUE,COLLISION WITH FIXED OBJECT NON - INTERSECTION - FIRST EVENT COLLISION 09 - 32 EXCLUDING 16,SIDESWIPE-OPPOSITE DIRECTION,CURVE & LEVEL,DAYLIGHT,,,44862.55605,FALSE,608,Accepted,5,5,O,,INATTENTION,
30746866,0050200,CAVE CITY POLICE DEPARTMENT,Accepted,BARREN,KY0070,,MAMMOTH CAVE,ST,,,,,,,,37.13635118,-85.97417597,5.448,10/13/2022,1231,2,2,0,0,CLEAR,DRY,FALSE,1 VEHICLE ENTERING/LEAVING ENTRANCE,ANGLE,STRAIGHT & GRADE,DAYLIGHT,,,44862.55614,FALSE,609,Accepted,5,5,O,,INATTENTION,
30751056,0050100,GLASGOW POLICE DEPARTMENT,Accepted,BARREN,US0031E,,L ROGERS WELLS,BLVD,N,,,,ENSMINGER,,SMITH,37.00665282,-85.92406186,14.52,10/26/2022,1358,2,2,0,0,CLEAR,DRY,FALSE,1 VEHICLE ENTERING/LEAVING ENTRANCE,ANGLE,STRAIGHT & LEVEL,DAYLIGHT,,,44863.80553,FALSE,2293,Accepted,5,5,O,,"INATTENTION, MISJUDGE CLEARANCE",
30751057,0050100,GLASGOW POLICE DEPARTMENT,Accepted,BARREN,,,WASHINGTON,ST,W,,,US0031EX,PUBLIC,,LIBERTY,36.99559913,-85.91382459,0.025,10/29/2022,1040,2,2,0,0,CLEAR,DRY,FALSE,1 VEHICLE PARKED POSITION (NOT PARKING LOT/DRIVEWAY),BACKING,STRAIGHT & LEVEL,DAYLIGHT,,,44863.8056,FALSE,2293,Accepted,5,5,O,,INATTENTION,