IncidentID,AgencyORI,AgencyName,IncidentStatusDesc,County,RdwyNumber,Street,RoadwayName,StreetSfx,StreetDir,IntersectionRdwy,IntersectionRdwyName,BetweenStRdwy1,BetweenStRdwyName1,BetweenStRdwy2,BetweenStRdwyName2,Latitude,Longitude,Milepoint,CollisionDate,CollisionTime,UnitsInvolved,MotorVehiclesInvolved,NumberKilled,NumberInjured,Weather,RdwyConditionCode,HitandRun,DirAnalysisCode,MannerofCollision,RdwyCharacter,LightCondition,RampFromRdwyId,RampToRdwyId,AcceptedDate,IsSecondaryCollision,OwnerBadge,IncidentStatus,InjurySeverityCde,KABCO_Code,KABCO,Environmental_Factors,Human_Factors,Vehicular_Factors
30753736,0050100,GLASGOW POLICE DEPARTMENT,Accepted,BARREN,KY0090,,HAPPY VALLEY,RD,,,ENSMINGER,,,,,37.00999405,-85.92242397,9.856,10/29/2022,1140,2,2,0,0,CLEAR,DRY,FALSE,ANGLE COLLISION - OTHER,ANGLE,STRAIGHT & LEVEL,DAYLIGHT,,,44864.80474,FALSE,2410,Accepted,5,5,O,,MISJUDGE CLEARANCE,
30753737,0050100,GLASGOW POLICE DEPARTMENT,Accepted,BARREN,KY0090,,HAPPY VALLEY,RD,,,MAX WAGNER,,,,,37.02300293,-85.93458922,8.71,10/30/2022,1435,2,2,0,0,CLOUDY,WET,FALSE,OTHER INTERSECTION COLLISIONS,REAR END,STRAIGHT & GRADE,DAYLIGHT,,,44864.80479,FALSE,2410,Accepted,5,5,O,SLIPPERY SURFACE,TOO FAST FOR CONDITIONS,
30755642,0050000,BARREN COUNTY SHERIFF DEPT.,Accepted,BARREN,LN9008,,LN9008 W,,,,,,,,,36.99564328,-85.75234133,22.21,10/25/2022,1541,1,1,0,0,RAINING,WET,FALSE,COLLISION WITH FIXED OBJECT NON - INTERSECTION - FIRST EVENT COLLISION 09 - 32 EXCLUDING 16,SINGLE VEHICLE,STRAIGHT & LEVEL,DAYLIGHT,,,44865.34833,FALSE,170,Accepted,5,5,O,,,TIRE FAILURE
30755643,0050000,BARREN COUNTY SHERIFF DEPT.,Accepted,BARREN,KY1330,,KINO,RD,,,,,,,,36.94714964,-85.78719894,2.093,10/26/2022,651,1,1,0,1,CLOUDY,DRY,FALSE,RAN OFF ROADWAY (1 VEHICLE WITH/EARTH EMBANKMENT/DITCH),SINGLE VEHICLE,CURVE & LEVEL,DAWN,,,44865.34853,FALSE,170,Accepted,5,3,B,,OVERCORRECTING/OVERSTEERING,
30755646,0050000,BARREN COUNTY SHERIFF DEPT.,Accepted,BARREN,US0031E,,SCOTTSVILLE,RD,,,STONY POINT,,,,,36.87185828,-86.02935287,3.088,8/6/2022,519,1,1,0,0,CLEAR,DRY,FALSE,COLLISION WITH FIXED OBJECT IN INTERSECTION - FIRST EVENT COLLISION 09 - 32,SINGLE VEHICLE,CURVE & LEVEL,DUSK,,,44865.34882,FALSE,173,Accepted,5,5,O,,"ALCOHOL INVOLVEMENT, INATTENTION",
30755653,0050000,BARREN COUNTY SHERIFF DEPT.,Accepted,BARREN,US0031E,,SCOTTSVILLE,RD,,,,,,,,36.86185468,-86.04574875,1.954,10/16/2022,1646,1,1,0,0,RAINING,WET,FALSE,RAN OFF ROADWAY (1 VEHICLE WITH/EARTH EMBANKMENT/DITCH),SINGLE VEHICLE,CURVE & GRADE,DAYLIGHT,,,44865.34929,FALSE,163,Accepted,5,5,O,SLIPPERY SURFACE,,
30755654,0050000,BARREN COUNTY SHERIFF DEPT.,Accepted,BARREN,KY0252,2510,FINNEY,RD,,,,,,,,36.94756894,-86.00407919,8.475,10/24/2022,1911,1,1,0,0,CLEAR,DRY,FALSE,COLLISION WITH FIXED OBJECT NON - INTERSECTION - FIRST EVENT COLLISION 09 - 32 EXCLUDING 16,SINGLE VEHICLE,STRAIGHT & LEVEL,DARK-HWY NOT LIGHTED,,,44865.34936,FALSE,163,Accepted,5,5,O,OTHER,,
30755655,0050000,BARREN COUNTY SHERIFF DEPT.,Accepted,BARREN,LN9008,,LN9008 E,,,,,,,,,37.00759015,-86.0108917,6.71,10/25/2022,1611,1,1,0,0,RAINING,WET,FALSE,COLLISION WITH ANIMAL NON INTERSECTION,SINGLE VEHICLE,STRAIGHT & LEVEL,DAYLIGHT,,,44865.34953,FALSE,163,Accepted,5,5,O,ANIMALS ACTION,,
30755657,0050000,BARREN COUNTY SHERIFF DEPT.,Accepted,BARREN,,,TRACY,RD,,KY0249,ROSEVILLE,,,,,36.77595701,-85.903115,0.001,10/28/2022,1605,2,2,0,0,CLEAR,DRY,FALSE,OPPOSITE DIRECTION - BOTH VEHICLES GOING STRAIGHT AHEAD,SIDESWIPE-OPPOSITE DIRECTION,STRAIGHT & LEVEL,DAYLIGHT,,,44865.34966,FALSE,183,Accepted,5,5,O,,"INATTENTION, NOT UNDER PROPER CONTROL",
30755659,0050000,BARREN COUNTY SHERIFF DEPT.,Accepted,BARREN,US0031E,,JACKSON,HWY,N,,,,,,,37.05693474,-85.89590124,18.812,10/29/2022,406,1,1,0,0,CLEAR,DRY,FALSE,COLLISION WITH ANIMAL NON INTERSECTION,SINGLE VEHICLE,STRAIGHT & LEVEL,DARK-HWY NOT LIGHTED,,,44865.34983,FALSE,174,Accepted,5,5,O,ANIMALS ACTION,,
30755660,0050000,BARREN COUNTY SHERIFF DEPT.,Accepted,BARREN,KY1297,,OLD BOWLING GREEN,RD,,,,,,,,36.9931182,-85.97129648,10.496,10/30/2022,1944,1,1,0,2,CLEAR,WET,FALSE,RAN OFF ROADWAY (1 VEHICLE WITH/EARTH EMBANKMENT/DITCH),SINGLE VEHICLE,STRAIGHT & LEVEL,DARK (UNKNOWN ROADWAY LIGHTING),,,44865.3499,FALSE,181,Accepted,5,3,B,ANIMALS ACTION,OVERCORRECTING/OVERSTEERING,
30755879,0050100,GLASGOW POLICE DEPARTMENT,Accepted,BARREN,US0068,,VETERANS OUTER,LOOP,,US0068,EDMONTON,,,,,37.01023986,-85.88049798,15.532,10/30/2022,135,2,2,0,0,CLEAR,DRY,FALSE,OTHER INTERSECTION COLLISIONS,REAR END,STRAIGHT & LEVEL,DARK-HWY LIGHTED/OFF,,,44865.37862,FALSE,2229,Accepted,5,5,O,,"FATIGUE, FELL ASLEEP",
30760336,0050000,BARREN COUNTY SHERIFF DEPT.,Accepted,BARREN,,1020,WHITES CHAPEL,RD,,,,,,,,36.93460216,-85.84531711,0.983,10/14/2022,1400,2,2,0,0,CLEAR,DRY,FALSE,SIDESWIPE COLLISION - OPPOSITE DIRECTION,SIDESWIPE-OPPOSITE DIRECTION,STRAIGHT & LEVEL,DAYLIGHT,,,44866.34262,FALSE,125,Accepted,5,5,O,,,
30760337,0050000,BARREN COUNTY SHERIFF DEPT.,Accepted,BARREN,,440,DENTON,RD,,,,,,,,37.03687314,-86.11228218,0.786,10/20/2022,1511,2,2,0,0,CLEAR,DRY,FALSE,1 VEHICLE PARKED POSITION (NOT PARKING LOT/DRIVEWAY),BACKING,STRAIGHT & LEVEL,DAYLIGHT,,,44866.34268,FALSE,125,Accepted,5,5,O,,INATTENTION,
30760338,0050000,BARREN COUNTY SHERIFF DEPT.,Accepted,BARREN,US0068,,NEW BOWLING GREEN,RD,,,FURLONG,,,,,37.01946129,-86.0408401,5.023,10/21/2022,707,1,1,0,1,CLEAR,DRY,FALSE,COLLISION WITH ANIMAL IN INTERSECTION,SINGLE VEHICLE,STRAIGHT & LEVEL,DAYLIGHT,,,44866.34275,FALSE,125,Accepted,4,4,C,ANIMALS ACTION,,
30760339,0050000,BARREN COUNTY SHERIFF DEPT.,Accepted,BARREN,KY1324,3055,TEMPLE HILL,RD,,,,,,,,36.87180514,-85.81237377,4.64,10/22/2022,816,1,1,0,0,CLEAR,DRY,FALSE,RAN OFF ROADWAY (1 VEHICLE WITH/EARTH EMBANKMENT/DITCH),SINGLE VEHICLE,CURVE & LEVEL,DAYLIGHT,,,44866.34283,FALSE,125,Accepted,5,5,O,,,STEERING FAILURE
30760340,0050000,BARREN COUNTY SHERIFF DEPT.,Accepted,BARREN,KY0090,,BURKESVILLE,RD,,,,KY1330,KINO,KY0839,NOBOB,36.92364927,-85.80354895,17.848,10/22/2022,1104,2,2,0,1,CLOUDY,FLOODED,FALSE,REAR END IN TRAFFIC LANES BOTH VEHICLES MOVING,REAR END,STRAIGHT & GRADE,DAYLIGHT,,,44866.34294,FALSE,125,Accepted,4,4,C,,,
30760341,0050000,BARREN COUNTY SHERIFF DEPT.,Accepted,BARREN,LN9008,,LN9008 W,,,,,,,,,36.99607575,-85.99000313,8.124,10/29/2022,654,1,1,0,0,CLEAR,DRY,FALSE,COLLISION WITH ANIMAL NON INTERSECTION,SINGLE VEHICLE,STRAIGHT & LEVEL,DAYLIGHT,,,44866.34302,FALSE,125,Accepted,5,5,O,ANIMALS ACTION,,
30765093,0050000,BARREN COUNTY SHERIFF DEPT.,Accepted,BARREN,US0031W,,LOUISVILLE,RD,,,,,ROOSTER,,ROOSTER,37.12281072,-85.97044768,6.271,11/1/2022,1431,2,2,0,0,CLEAR,DRY,FALSE,SIDESWIPE COLLISION - OPPOSITE DIRECTION,SIDESWIPE-OPPOSITE DIRECTION,STRAIGHT & LEVEL,DAYLIGHT,,,44867.3364,FALSE,149,Accepted,5,5,O,,INATTENTION,
30766348,KSP0300,"KY STATE POLICE, POST 03",Accepted,BARREN,KY0070,,GRIDERVILLE,RD,,,,,,,,37.12052525,-85.92138022,8.978,3/20/2022,1922,2,1,1,1,CLEAR,DRY,FALSE,COLLISION WITH PEDESTRIAN NON - INTERSECTION,SINGLE VEHICLE,STRAIGHT & LEVEL,DARK-HWY NOT LIGHTED,,,44867.57602,FALSE,411,Accepted,5,1,K,,"DRUG INVOLVEMENT, EXCEEDED STATED SPEED LIMIT, OTHER",
30769242,0050100,GLASGOW POLICE DEPARTMENT,Accepted,BARREN,LN9008,,LN9008 W,,,,,,,,,36.98934353,-85.88885423,14.541,10/22/2022,2146,1,1,0,0,CLEAR,DRY,FALSE,OTHER ROADWAY OR MID-BLOCK COLLISION,SINGLE VEHICLE,STRAIGHT & LEVEL,DARK-HWY NOT LIGHTED,,,44868.12694,FALSE,2246,Accepted,5,5,O,CONSTRUCTION WORK ZONE,,
30775855,0050000,BARREN COUNTY SHERIFF DEPT.,Accepted,BARREN,KY0249,,ROSEVILLE,RD,,,,,,,,36.97338171,-85.91032544,14.946,11/4/2022,1025,2,2,0,0,CLOUDY,DRY,FALSE,REAR END IN TRAFFIC LANES BOTH VEHICLES MOVING,REAR END,STRAIGHT & LEVEL,DAYLIGHT,,,44869.55141,FALSE,146,Accepted,5,5,O,,INATTENTION,
30778884,0050100,GLASGOW POLICE DEPARTMENT,Accepted,BARREN,KY1297,,OLD BOWLING GREEN,RD,,,,,BOB LEWIS,,C MORGAN,36.99429327,-85.96643715,10.778,10/30/2022,2000,3,3,0,1,CLOUDY,WET,FALSE,1 VEHICLE PARKED POSITION (NOT PARKING LOT/DRIVEWAY),REAR END,STRAIGHT & LEVEL,DARK-HWY NOT LIGHTED,,,44870.32843,FALSE,2293,Accepted,5,2,A,SLIPPERY SURFACE,"ALCOHOL INVOLVEMENT, CELL PHONE, MEDICATION",
30778886,0050100,GLASGOW POLICE DEPARTMENT,Accepted,BARREN,,,WALL,ST,,,SMITH,,,,,37.00742426,-85.92331114,0.234,11/1/2022,1427,2,2,0,0,CLEAR,DRY,FALSE,ANGLE COLLISION - ONE VEHICLE TURNING RIGHT,ANGLE,STRAIGHT & LEVEL,DAYLIGHT,,,44870.32856,FALSE,2293,Accepted,5,5,O,,,
30778888,0050100,GLASGOW POLICE DEPARTMENT,Accepted,BARREN,KY1297,,OLD BOWLING GREEN,RD,,,FORRESTER,,,,,36.98945029,-85.94195244,12.226,10/31/2022,1012,2,2,0,0,CLOUDY,DRY,TRUE,ANGLE COLLISION - OTHER,ANGLE,STRAIGHT & LEVEL,DAYLIGHT,,,44870.32866,FALSE,2293,Accepted,5,5,O,,"INATTENTION, MISJUDGE CLEARANCE, OTHER",
30778889,0050100,GLASGOW POLICE DEPARTMENT,Accepted,BARREN,KY0090,,HAPPY VALLEY,RD,,,SHALIMAR,,,,,37.0106499,-85.92367604,9.777,10/31/2022,1717,2,2,0,0,CLOUDY,WET,FALSE,HEAD-ON COLLISION,HEAD ON,STRAIGHT & LEVEL,DARK-HWY LIGHTED/ON,,,44870.32874,FALSE,2293,Accepted,5,5,O,,INATTENTION,
30784890,0050000,BARREN COUNTY SHERIFF DEPT.,Accepted,BARREN,KY3600,,GLASGOW OUTER LOOP,,,,,,,,,37.0012249,-85.96287081,1.576,11/2/2022,2017,1,1,0,0,CLEAR,DRY,FALSE,COLLISION WITH ANIMAL NON INTERSECTION,SINGLE VEHICLE,STRAIGHT & LEVEL,DARK-HWY NOT LIGHTED,,,44872.34989,FALSE,174,Accepted,5,5,O,ANIMALS ACTION,,
30784891,0050000,BARREN COUNTY SHERIFF DEPT.,Accepted,BARREN,KY2240,,MERRY OAKS RAILTON,RD,,,,,,,,37.00831271,-86.11539639,1.921,11/4/2022,1926,1,1,0,0,CLEAR,DRY,FALSE,OTHER ROADWAY OR MID-BLOCK COLLISION,SINGLE VEHICLE,CURVE & LEVEL,DARK-HWY NOT LIGHTED,,,44872.35002,FALSE,174,Accepted,5,5,O,,SICK,
30787093,0050100,GLASGOW POLICE DEPARTMENT,Accepted,BARREN,LN9008,10,LN9008 W,,,,,LN9008,LN9008 TURN AROUND10,LN9008,LN9008 W EXIT8 OFF RAMP TO KY3600,36.9894907,-85.95840449,9.957,10/30/2022,1400,1,1,0,0,RAINING,WET,FALSE,COLLISION WITH ANIMAL NON INTERSECTION,SINGLE VEHICLE,STRAIGHT & GRADE,DAYLIGHT,,,44872.66233,FALSE,2264,Accepted,5,5,O,ANIMALS ACTION,,
30788065,0050100,GLASGOW POLICE DEPARTMENT,Accepted,BARREN,US0031E,,L ROGERS WELLS,BLVD,S,,GRANDVIEW,,,,,36.99582098,-85.93068467,13.765,10/23/2022,1334,2,2,0,0,CLEAR,DRY,FALSE,ANGLE COLLISION - ONE VEHICLE TURNING RIGHT,ANGLE,STRAIGHT & LEVEL,DAYLIGHT,,,44872.84498,FALSE,48,Accepted,5,5,O,,FAILED TO KEEP PROPER LANE,
30788067,0050100,GLASGOW POLICE DEPARTMENT,Accepted,BARREN,US0031E,,L ROGERS WELLS,BLVD,N,,,,MAGNOLIA,,LEXINGTON,37.01401679,-85.916082,15.262,10/28/2022,1736,2,2,0,0,CLEAR,DRY,FALSE,SIDESWIPE COLLISION - SAME DIRECTION,SIDESWIPE-SAME DIRECTION,STRAIGHT & GRADE,DAYLIGHT,,,44872.84515,FALSE,2287,Accepted,5,5,O,,FAILED TO YIELD RIGHT OF WAY,
30788069,0050100,GLASGOW POLICE DEPARTMENT,Accepted,BARREN,US0068X,106,BROADWAY,ST,N,,,US0068X,MAIN,,WATER,36.99562622,-85.9106364,2.617,11/1/2022,1053,2,2,0,2,CLEAR,DRY,FALSE,HEAD-ON COLLISION,HEAD ON,STRAIGHT & HILLCREST,DAYLIGHT,,,44872.84525,FALSE,32,Accepted,3,3,B,,DISTRACTION,
30788071,0050100,GLASGOW POLICE DEPARTMENT,Accepted,BARREN,US0031E,2141,SCOTTSVILLE,RD,,,,,,,,36.97357522,-85.93911248,12.062,11/2/2022,1544,2,2,0,0,CLEAR,DRY,FALSE,REAR END IN TRAFFIC LANES BOTH VEHICLES MOVING,REAR END,STRAIGHT & LEVEL,DAYLIGHT,,,44872.84536,FALSE,32,Accepted,5,5,O,BACKUP DUE TO REGULAR CONGESTION,INATTENTION,
30788081,0050100,GLASGOW POLICE DEPARTMENT,Accepted,BARREN,,,HAPPY VALLEY,RD,,,,US0031E,L ROGERS WELLS,,WALL,37.00930572,-85.9207418,0.042,11/7/2022,628,2,2,0,0,CLEAR,DRY,FALSE,1 VEHICLE ENTERING/LEAVING ENTRANCE,ANGLE,STRAIGHT & HILLCREST,DAYLIGHT,,,44872.84752,FALSE,32,Accepted,5,5,O,GLARE (SUN),INATTENTION,
30788082,0050100,GLASGOW POLICE DEPARTMENT,Accepted,BARREN,US0031E,,L ROGERS WELLS,BLVD,S,,CLEVELAND,,,,,36.98934056,-85.93221236,13.299,11/7/2022,1012,2,2,0,0,CLEAR,DRY,FALSE,ANGLE COLLISION - OTHER,ANGLE,STRAIGHT & LEVEL,DAYLIGHT,,,44872.84757,FALSE,32,Accepted,5,5,O,,INATTENTION,
30789442,0050000,BARREN COUNTY SHERIFF DEPT.,Accepted,BARREN,US0068,,EDMONTON,RD,,,,,,,,37.01104134,-85.7777615,21.56,10/30/2022,110,1,1,0,0,CLEAR,DRY,FALSE,COLLISION WITH FIXED OBJECT NON - INTERSECTION - FIRST EVENT COLLISION 09 - 32 EXCLUDING 16,SINGLE VEHICLE,CURVE & LEVEL,DARK-HWY NOT LIGHTED,,,44873.31621,FALSE,182,Accepted,5,5,O,ANIMALS ACTION,INATTENTION,
30792344,0050100,GLASGOW POLICE DEPARTMENT,Accepted,BARREN,US0031E,,L ROGERS WELLS,BLVD,S,,,,CLEVELAND,,CAVALRY,36.98719478,-85.93191212,13.149,10/27/2022,1358,2,2,0,0,CLEAR,DRY,FALSE,1 VEHICLE ENTERING/LEAVING ENTRANCE,ANGLE,STRAIGHT & LEVEL,DAYLIGHT,,,44873.67476,FALSE,2273,Accepted,5,5,O,,"FAILED TO YIELD RIGHT OF WAY, MISJUDGE CLEARANCE",
30792345,0050100,GLASGOW POLICE DEPARTMENT,Accepted,BARREN,KY0090,,HAPPY VALLEY,RD,,,,,LONGHUNTERS,US0068,VETERANS OUTER,37.02301557,-85.93464934,8.711,10/30/2022,950,2,2,0,0,CLEAR,WET,FALSE,1 VEHICLE ENTERING/LEAVING ENTRANCE,ANGLE,STRAIGHT & GRADE,DAYLIGHT,,,44873.67483,FALSE,2268,Accepted,5,5,O,,"DISREGARD TRAFFIC CONTROL, INATTENTION",
30792348,0050100,GLASGOW POLICE DEPARTMENT,Accepted,BARREN,US0068X,,MAIN,ST,W,,LESLIE,,,,,36.99855218,-85.9189287,2.165,8/19/2022,1754,2,2,0,1,CLEAR,DRY,FALSE,ANGLE COLLISION - OTHER,ANGLE,STRAIGHT & HILLCREST,DAYLIGHT,,,44873.67502,FALSE,2273,Accepted,4,4,C,GLARE (SUN),,
30795214,0050000,BARREN COUNTY SHERIFF DEPT.,Accepted,BARREN,KY1307,,NEW SALEM,RD,,,,,,,,36.99110332,-85.87816886,6.88,11/6/2022,2018,1,1,0,0,CLEAR,DRY,FALSE,OTHER COLLISIONS ON SHOULDER,SINGLE VEHICLE,STRAIGHT & LEVEL,DARK-HWY NOT LIGHTED,,,44874.38956,FALSE,173,Accepted,5,5,O,,ALCOHOL INVOLVEMENT,
30796844,0050100,GLASGOW POLICE DEPARTMENT,Accepted,BARREN,,,FRONT,ST,W,,TRABUE,,,,,36.99958637,-85.91566724,0.381,11/3/2022,1441,2,2,0,0,CLEAR,DRY,FALSE,ANGLE COLLISION - OTHER,ANGLE,STRAIGHT & HILLCREST,DAYLIGHT,,,44874.61335,FALSE,2220,Accepted,5,5,O,VIEW OBSTRUCTED/LIMITED DUE TO RDWY,INATTENTION,
30799911,0050000,BARREN COUNTY SHERIFF DEPT.,Accepted,BARREN,KY0255,,MAMMOTH CAVE,PKWY,,,,,,,,37.09555278,-86.05336844,11.685,11/5/2022,1741,2,1,0,0,CLEAR,DRY,FALSE,COLLISION WITH PEDESTRIAN NON - INTERSECTION,SINGLE VEHICLE,STRAIGHT & LEVEL,DAYLIGHT,,,44875.3403,FALSE,181,Accepted,5,5,O,,INATTENTION,
30799915,0050000,BARREN COUNTY SHERIFF DEPT.,Accepted,BARREN,KY0090,,HAPPY VALLEY,RD,,,,,,,,37.06323052,-85.95846577,5.624,11/8/2022,1842,1,1,0,0,CLEAR,DRY,FALSE,COLLISION WITH ANIMAL NON INTERSECTION,SINGLE VEHICLE,STRAIGHT & LEVEL,DARK-HWY NOT LIGHTED,,,44875.34042,FALSE,174,Accepted,5,5,O,ANIMALS ACTION,,
30803526,0050100,GLASGOW POLICE DEPARTMENT,Accepted,BARREN,KY1297,,OLD BOWLING GREEN,RD,,,,,GLEN GARRY,,INDUSTRIAL,36.99316924,-85.95335412,11.526,11/4/2022,1409,2,2,0,0,CLEAR,DRY,FALSE,1 VEHICLE ENTERING/LEAVING ENTRANCE,ANGLE,STRAIGHT & LEVEL,DAYLIGHT,,,44876.01477,FALSE,2268,Accepted,5,5,O,,INATTENTION,
30806112,0050100,GLASGOW POLICE DEPARTMENT,Accepted,BARREN,US0068,,NEW BOWLING GREEN,RD,,,,,,,,37.01546169,-85.96581257,9.319,11/7/2022,1133,1,1,0,0,CLOUDY,DRY,FALSE,COLLISION WITH FIXED OBJECT NON - INTERSECTION - FIRST EVENT COLLISION 09 - 32 EXCLUDING 16,SINGLE VEHICLE,STRAIGHT & LEVEL,DARK-HWY LIGHTED/OFF,,,44876.76499,FALSE,2289,Accepted,5,5,O,,"EXCEEDED STATED SPEED LIMIT, FAILED TO KEEP PROPER LANE, NOT UNDER PROPER CONTROL",
30809902,0050100,GLASGOW POLICE DEPARTMENT,Accepted,BARREN,KY0090,,HAPPY VALLEY,RD,,,MAX WAGNER,,,,,37.02281289,-85.93447763,8.731,11/8/2022,1630,2,2,0,0,CLEAR,DRY,FALSE,SIDESWIPE-SAME DIRECTION,SIDESWIPE-SAME DIRECTION,STRAIGHT & GRADE,DAWN,,,44878.42146,FALSE,2260,Accepted,5,5,O,,INATTENTION,
30809907,0050100,GLASGOW POLICE DEPARTMENT,Accepted,BARREN,US0031E,,JACKSON,HWY,N,US0068,VETERANS OUTER,,,,,37.03278355,-85.90588372,16.951,11/9/2022,1430,2,2,0,0,CLEAR,DRY,FALSE,OTHER INTERSECTION COLLISIONS,REAR END,STRAIGHT & LEVEL,DAYLIGHT,,,44878.42168,FALSE,2260,Accepted,5,5,O,,INATTENTION,
30809910,0050100,GLASGOW POLICE DEPARTMENT,Accepted,BARREN,,203,SIMMENTAL,LN,,,,,,,,37.01543153,-85.89194477,0.157,11/12/2022,1015,2,2,0,0,CLOUDY,WET,FALSE,VEHICLE BACKING NON INTERSECTION,BACKING,STRAIGHT & LEVEL,DAYLIGHT,,,44878.4218,FALSE,2264,Accepted,5,5,O,,INATTENTION,
30813309,0050100,GLASGOW POLICE DEPARTMENT,Accepted,BARREN,US0031E,,L ROGERS WELLS,BLVD,N,,,,LEXINGTON,,MAGNOLIA,37.01443394,-85.91521096,15.317,11/12/2022,1427,1,1,0,0,CLEAR,WET,FALSE,RAN OFF ROADWAY (1 VEHICLE WITH/EARTH EMBANKMENT/DITCH),SINGLE VEHICLE,STRAIGHT & GRADE,DAYLIGHT,,,44879.37781,FALSE,2249,Accepted,5,5,O,,NOT UNDER PROPER CONTROL,
30816016,0050100,GLASGOW POLICE DEPARTMENT,Accepted,BARREN,US0031E,,L ROGERS WELLS,BLVD,S,,,KY1297,OLD BOWLING GREEN,,CLEVELAND,36.98939146,-85.93222013,13.303,11/12/2022,1546,2,2,0,0,CLEAR,DRY,FALSE,REAR END IN TRAFFIC LANES BOTH VEHICLES MOVING,REAR END,STRAIGHT & LEVEL,DAYLIGHT,,,44879.76467,FALSE,2268,Accepted,5,5,O,,INATTENTION,
30816018,0050100,GLASGOW POLICE DEPARTMENT,Accepted,BARREN,KY3600,,GLASGOW OUTER LOOP,,,,,KY3600,KY3600 CROSSOVER,,BOB LEWIS,36.99929404,-85.96636944,1.335,11/13/2022,1654,1,1,0,0,CLEAR,FLOODED,FALSE,COLLISION WITH ANIMAL NON INTERSECTION,SINGLE VEHICLE,STRAIGHT & LEVEL,DARK-HWY NOT LIGHTED,,,44879.76478,FALSE,2410,Accepted,5,5,O,,,
30820654,0050100,GLASGOW POLICE DEPARTMENT,Accepted,BARREN,KY0090,,HAPPY VALLEY,RD,,,LONGHUNTERS,,,,,37.02190997,-85.93377866,8.818,11/6/2022,1208,2,2,0,0,CLEAR,DRY,FALSE,ANGLE COLLISION - OTHER,ANGLE,STRAIGHT & LEVEL,DAYLIGHT,,,44880.81221,FALSE,2286,Accepted,5,5,O,,MISJUDGE CLEARANCE,
30820655,0050100,GLASGOW POLICE DEPARTMENT,Accepted,BARREN,,,HONEYSUCKLE,LN,N,US0068X,MAIN,,,,,37.00500568,-85.93127828,0.004,11/7/2022,1114,2,2,0,0,CLEAR,DRY,FALSE,ANGLE COLLISION - ONE VEHICLE TURNING RIGHT,ANGLE,STRAIGHT & LEVEL,DAYLIGHT,,,44880.81229,FALSE,2286,Accepted,5,5,O,,INATTENTION,
30820664,0050100,GLASGOW POLICE DEPARTMENT,Accepted,BARREN,US0031E,,L ROGERS WELLS,BLVD,S,,GRANDVIEW,,,,,36.9958231,-85.93068152,13.765,11/11/2022,710,2,2,0,0,RAINING,WET,FALSE,OTHER INTERSECTION COLLISIONS,REAR END,STRAIGHT & LEVEL,DAYLIGHT,,,44880.81397,FALSE,2293,Accepted,5,5,O,,"DISTRACTION, INATTENTION",
30822056,0050100,GLASGOW POLICE DEPARTMENT,Accepted,BARREN,LN9008,,,,,,,,,,,36.982462,-85.89405883,0.326,11/15/2022,1146,2,2,0,0,RAINING,WET,FALSE,OTHER RAMP RELATED COLLISIONS NOT LISTED ABOVE,REAR END,CURVE & HILLCREST,DAYLIGHT,LN9008,KY0090,44881.30073,FALSE,50,Accepted,5,5,O,,INATTENTION,
30828335,0050200,CAVE CITY POLICE DEPARTMENT,Accepted,BARREN,KY0335,,OLD HORSE CAVE,RD,,,,,,,,37.14626986,-85.94515875,0.253,11/6/2022,651,1,1,0,0,CLEAR,WET,FALSE,RAN OFF ROADWAY (1 VEHICLE WITH/EARTH EMBANKMENT/DITCH),SINGLE VEHICLE,CURVE & LEVEL,DAYLIGHT,,,44882.63666,FALSE,611,Accepted,5,5,O,SLIPPERY SURFACE,"NOT UNDER PROPER CONTROL, TOO FAST FOR CONDITIONS",
30828350,0050200,CAVE CITY POLICE DEPARTMENT,Accepted,BARREN,KY0070,,MAMMOTH CAVE,ST,,,,,,,,37.13971264,-85.96300518,6.241,11/10/2022,1654,1,1,0,1,CLEAR,DRY,FALSE,RAN OFF ROADWAY (1 VEHICLE WITH/EARTH EMBANKMENT/DITCH),SINGLE VEHICLE,CURVE & LEVEL,DARK-HWY LIGHTED/ON,,,44882.63743,FALSE,602,Accepted,3,3,B,DEBRIS IN ROADWAY,,
30828351,0050200,CAVE CITY POLICE DEPARTMENT,Accepted,BARREN,US0031W,,DIXIE,HWY,S,,,,,,,37.12808708,-85.96304221,6.768,11/9/2022,1110,2,2,0,0,CLEAR,DRY,FALSE,COLLISION WITH FIXED OBJECT NON - INTERSECTION - FIRST EVENT COLLISION 09 - 32 EXCLUDING 16,BACKING,STRAIGHT & GRADE,DAYLIGHT,,,44882.63749,FALSE,608,Accepted,5,5,O,,IMPROPER BACKING,
30828352,0050200,CAVE CITY POLICE DEPARTMENT,Accepted,BARREN,,903,GRINSTEAD MILL,RD,,,,,,,,37.15218102,-85.96896108,1.181,11/12/2022,816,2,2,0,0,RAINING,WET,FALSE,COLLISION WITH FIXED OBJECT NON - INTERSECTION - FIRST EVENT COLLISION 09 - 32 EXCLUDING 16,SIDESWIPE-OPPOSITE DIRECTION,CURVE & GRADE,OTHER,,,44882.63756,FALSE,608,Accepted,5,5,O,,FAILED TO KEEP PROPER LANE,
30828355,0050200,CAVE CITY POLICE DEPARTMENT,Accepted,BARREN,KY0070,2977,GRIDERVILLE,RD,,,,,,,,37.12590003,-85.93967433,7.889,11/17/2022,630,1,1,0,0,CLOUDY,DRY,FALSE,COLLISION WITH ANIMAL NON INTERSECTION,SINGLE VEHICLE,STRAIGHT & HILLCREST,DAWN,,,44882.63776,FALSE,609,Accepted,5,5,O,ANIMALS ACTION,,