IncidentID,AgencyORI,AgencyName,IncidentStatusDesc,County,RdwyNumber,Street,RoadwayName,StreetSfx,StreetDir,IntersectionRdwy,IntersectionRdwyName,BetweenStRdwy1,BetweenStRdwyName1,BetweenStRdwy2,BetweenStRdwyName2,Latitude,Longitude,Milepoint,CollisionDate,CollisionTime,UnitsInvolved,MotorVehiclesInvolved,NumberKilled,NumberInjured,Weather,RdwyConditionCode,HitandRun,DirAnalysisCode,MannerofCollision,RdwyCharacter,LightCondition,RampFromRdwyId,RampToRdwyId,AcceptedDate,IsSecondaryCollision,OwnerBadge,IncidentStatus,InjurySeverityCde,KABCO_Code,KABCO,Environmental_Factors,Human_Factors,Vehicular_Factors
30837841,0050000,BARREN COUNTY SHERIFF DEPT.,Accepted,BARREN,,,OAK GROVE CHURCH,RD,,,,,DENTON,,MILLSTOWN,37.04984967,-86.10514382,2.77,11/8/2022,2149,1,1,0,0,CLEAR,DRY,FALSE,COLLISION WITH ANIMAL NON INTERSECTION,SINGLE VEHICLE,STRAIGHT & LEVEL,DARK-HWY NOT LIGHTED,,,44885.50345,FALSE,149,Accepted,5,5,O,,,
30837843,0050000,BARREN COUNTY SHERIFF DEPT.,Accepted,BARREN,LN9008,,LN9008 W,,,,,,,,,36.99558431,-85.76691203,21.403,11/10/2022,440,1,1,0,0,CLEAR,DRY,FALSE,COLLISION WITH ANIMAL NON INTERSECTION,SINGLE VEHICLE,STRAIGHT & LEVEL,DARK-HWY NOT LIGHTED,,,44885.50352,FALSE,157,Accepted,5,5,O,,,
30837844,0050000,BARREN COUNTY SHERIFF DEPT.,Accepted,BARREN,LN9008,,LN9008 E,,,,,,,,,37.01637979,-86.03054074,5.465,11/5/2022,6,1,1,0,0,CLEAR,DRY,FALSE,COLLISION WITH ANIMAL NON INTERSECTION,SINGLE VEHICLE,STRAIGHT & LEVEL,DARK-HWY NOT LIGHTED,,,44885.50357,FALSE,173,Accepted,5,5,O,ANIMALS ACTION,,
30837845,0050000,BARREN COUNTY SHERIFF DEPT.,Accepted,BARREN,KY0740,,CORAL HILL,RD,,,,,,,,37.03783155,-85.86425788,2.081,11/11/2022,2302,1,1,0,0,CLEAR,DRY,FALSE,COLLISION WITH ANIMAL NON INTERSECTION,SINGLE VEHICLE,STRAIGHT & LEVEL,DARK-HWY NOT LIGHTED,,,44885.50362,FALSE,173,Accepted,5,5,O,ANIMALS ACTION,,
30837846,0050000,BARREN COUNTY SHERIFF DEPT.,Accepted,BARREN,KY0255,,PARK CITY BON AYR,RD,,,,KY1339,APPLE GROVE,,MAYHEW,37.04790709,-86.0598359,8.071,11/10/2022,1723,1,1,0,0,CLEAR,DRY,FALSE,COLLISION WITH ANIMAL NON INTERSECTION,SINGLE VEHICLE,CURVE & LEVEL,DARK-HWY NOT LIGHTED,,,44885.50366,FALSE,149,Accepted,5,5,O,,,
30837849,0050000,BARREN COUNTY SHERIFF DEPT.,Accepted,BARREN,KY0063,4024,TOMPKINSVILLE,RD,,,,,,,,36.94677091,-85.88162418,10.702,11/11/2022,1534,2,2,0,0,CLOUDY,DRY,FALSE,SIDESWIPE COLLISION - SAME DIRECTION,SIDESWIPE-SAME DIRECTION,STRAIGHT & GRADE,DAYLIGHT,,,44885.50374,FALSE,167,Accepted,5,5,O,,"DISREGARD TRAFFIC CONTROL, FAILED TO YIELD RIGHT OF WAY",
30837851,0050000,BARREN COUNTY SHERIFF DEPT.,Accepted,BARREN,US0068,,NEW BOWLING GREEN,RD,,KY2240,MERRY OAKS RAILTON,,,,,37.02332865,-86.10864067,1.109,11/13/2022,752,2,2,0,0,CLOUDY,DRY,FALSE,ANGLE COLLISION - OTHER,ANGLE,STRAIGHT & LEVEL,DAYLIGHT,,,44885.50382,FALSE,157,Accepted,5,5,O,,INATTENTION,
30837852,0050000,BARREN COUNTY SHERIFF DEPT.,Accepted,BARREN,KY0070,,GRIDERVILLE,RD,,,,,,,,37.11639208,-85.89397585,10.519,11/13/2022,246,1,1,0,0,CLEAR,DRY,FALSE,COLLISION WITH ANIMAL NON INTERSECTION,SINGLE VEHICLE,STRAIGHT & LEVEL,DARK-HWY NOT LIGHTED,,,44885.50386,FALSE,181,Accepted,5,5,O,,,
30837854,0050000,BARREN COUNTY SHERIFF DEPT.,Accepted,BARREN,KY0070,,HISEVILLE,RD,,,,,,,,37.07435229,-85.75991913,19.199,11/5/2022,2001,1,1,0,0,CLEAR,DRY,FALSE,COLLISION WITH ANIMAL NON INTERSECTION,SINGLE VEHICLE,STRAIGHT & LEVEL,DARK-HWY NOT LIGHTED,,,44885.50392,FALSE,182,Accepted,5,5,O,ANIMALS ACTION,,
30837855,0050000,BARREN COUNTY SHERIFF DEPT.,Accepted,BARREN,,1527,MATTHEWS MILL,RD,,,,,,,,36.92520731,-85.97169142,1.66,11/10/2022,356,1,1,0,0,CLEAR,DRY,FALSE,COLLISION WITH FIXED OBJECT NON - INTERSECTION - FIRST EVENT COLLISION 09 - 32 EXCLUDING 16,SINGLE VEHICLE,STRAIGHT & LEVEL,DARK-HWY NOT LIGHTED,,,44885.50399,FALSE,182,Accepted,5,5,O,,ALCOHOL INVOLVEMENT,
30837856,0050000,BARREN COUNTY SHERIFF DEPT.,Accepted,BARREN,LN9008,,LN9008 E,,,,,,,,,36.99511486,-85.86891282,15.741,11/14/2022,1453,1,1,0,0,CLEAR,DRY,FALSE,COLLISION WITH ANIMAL NON INTERSECTION,SINGLE VEHICLE,STRAIGHT & LEVEL,DAYLIGHT,,,44885.50404,FALSE,170,Accepted,5,5,O,ANIMALS ACTION,,
30837857,0050000,BARREN COUNTY SHERIFF DEPT.,Accepted,BARREN,KY0090,5497,BURKESVILLE,RD,,,,,,,,36.94531508,-85.83840372,15.34,11/7/2022,1141,2,2,0,0,CLEAR,DRY,FALSE,1 VEHICLE PARKED POSITION (NOT PARKING LOT/DRIVEWAY),BACKING,STRAIGHT & LEVEL,DAYLIGHT,,,44885.50408,FALSE,170,Accepted,5,5,O,,MISJUDGE CLEARANCE,
30837858,0050000,BARREN COUNTY SHERIFF DEPT.,Accepted,BARREN,KY0090,,BURKESVILLE,RD,,,,,,,,36.96517602,-85.87914689,12.683,11/12/2022,1002,2,2,0,0,CLOUDY,WET,FALSE,1 VEHICLE ENTERING/LEAVING ENTRANCE,ANGLE,STRAIGHT & GRADE,DAYLIGHT,,,44885.50412,FALSE,167,Accepted,5,5,O,,TURNING IMPROPERLY,
30837859,0050000,BARREN COUNTY SHERIFF DEPT.,Accepted,BARREN,,300,HOLLIS THOMAS,RD,,,,,,,,36.99043133,-85.83487587,0.527,11/12/2022,1415,2,2,0,0,CLOUDY,WET,FALSE,SIDESWIPE COLLISION - OPPOSITE DIRECTION,SIDESWIPE-OPPOSITE DIRECTION,STRAIGHT & GRADE,DAYLIGHT,,,44885.50416,FALSE,167,Accepted,5,5,O,,,
30837860,0050000,BARREN COUNTY SHERIFF DEPT.,Accepted,BARREN,US0031E,,SCOTTSVILLE,RD,,,,,,,,36.90186219,-86.00348523,5.732,11/15/2022,924,2,2,0,1,RAINING,WET,FALSE,1 VEHICLE ENTERING/LEAVING ENTRANCE,ANGLE,CURVE & LEVEL,DAYLIGHT,,,44885.50421,FALSE,167,Accepted,5,4,C,"SLIPPERY SURFACE, WATER POOLING",,
30837862,0050000,BARREN COUNTY SHERIFF DEPT.,Accepted,BARREN,KY0090,,BURKESVILLE,RD,,,,,,,,36.90866877,-85.77103955,20.099,11/3/2022,752,2,2,0,0,CLEAR,DRY,FALSE,OTHER ROADWAY OR MID-BLOCK COLLISION,REAR END,STRAIGHT & LEVEL,DAYLIGHT,,,44885.50427,FALSE,125,Accepted,5,5,O,MAINTENANCE/UTILITY WORK ZONE,INATTENTION,
30837863,0050000,BARREN COUNTY SHERIFF DEPT.,Accepted,BARREN,KY0252,,FINNEY,RD,,KY1342,BEAVER CREEK BOAT RAMP RD     KY1342,,,,,36.94522493,-86.00250376,8.761,11/2/2022,636,2,2,0,0,CLEAR,DRY,TRUE,OPPOSITE DIRECTION - BOTH VEHICLES GOING STRAIGHT AHEAD,SIDESWIPE-OPPOSITE DIRECTION,CURVE & LEVEL,DAWN,,,44885.50432,FALSE,125,Accepted,5,5,O,,,
30837864,0050000,BARREN COUNTY SHERIFF DEPT.,Accepted,BARREN,LN9008,,LN9008 E,,,,,,,,,37.00841473,-86.01299967,6.58,11/5/2022,641,1,1,0,0,CLOUDY,DRY,FALSE,COLLISION WITH ANIMAL NON INTERSECTION,SINGLE VEHICLE,STRAIGHT & LEVEL,DUSK,,,44885.50436,FALSE,125,Accepted,5,5,O,ANIMALS ACTION,,
30837865,0050000,BARREN COUNTY SHERIFF DEPT.,Accepted,BARREN,US0031E,8979,SCOTTSVILLE,RD,,,,,,,,36.8974903,-86.01174023,5.162,11/3/2022,1523,1,1,0,1,CLEAR,DRY,FALSE,COLLISION WITH FIXED OBJECT NON - INTERSECTION - FIRST EVENT COLLISION 09 - 32 EXCLUDING 16,SINGLE VEHICLE,CURVE & LEVEL,DAYLIGHT,,,44885.5044,FALSE,125,Accepted,2,2,A,,,
30837867,0050000,BARREN COUNTY SHERIFF DEPT.,Accepted,BARREN,,37,OWENSBY,RD,,,,,,,,36.92896154,-86.01547061,0.05,11/8/2022,702,2,2,0,0,CLOUDY,DRY,FALSE,1 VEHICLE ENTERING/LEAVING ENTRANCE,ANGLE,STRAIGHT & LEVEL,DAYLIGHT,,,44885.50446,FALSE,125,Accepted,5,5,O,,INATTENTION,
30837868,0050000,BARREN COUNTY SHERIFF DEPT.,Accepted,BARREN,,,LEE FENDELL,RD,,,,,,,,37.07426143,-85.97554906,1.088,11/17/2022,706,1,1,0,0,CLOUDY,DRY,FALSE,COLLISION WITH FIXED OBJECT NON - INTERSECTION - FIRST EVENT COLLISION 09 - 32 EXCLUDING 16,SINGLE VEHICLE,CURVE & LEVEL,DAYLIGHT,,,44885.5045,FALSE,125,Accepted,5,5,O,OTHER,,
30837871,0050000,BARREN COUNTY SHERIFF DEPT.,Accepted,BARREN,,,DRIPPING SPRINGS,RD,,KY0090,HAPPY VALLEY,,,,,37.04142589,-85.94607657,7.164,10/28/2022,1630,2,2,0,0,CLEAR,DRY,FALSE,ANGLE COLLISION - OTHER,ANGLE,STRAIGHT & LEVEL,DAYLIGHT,,,44885.50457,FALSE,163,Accepted,5,5,O,GLARE (SUN),TURNING IMPROPERLY,
30837873,0050000,BARREN COUNTY SHERIFF DEPT.,Accepted,BARREN,KY0252,,FINNEY,RD,,,,,,,,36.94304953,-86.04196965,6.311,11/4/2022,2131,1,1,0,0,CLEAR,DRY,FALSE,COLLISION WITH ANIMAL NON INTERSECTION,SINGLE VEHICLE,STRAIGHT & LEVEL,DARK-HWY NOT LIGHTED,,,44885.50463,FALSE,163,Accepted,5,5,O,ANIMALS ACTION,,
30837874,0050000,BARREN COUNTY SHERIFF DEPT.,Accepted,BARREN,KY1297,,OLD BOWLING GREEN,RD,,KY2240,MERRY OAKS RAILTON,,,,,36.98194457,-86.12009037,1.722,11/15/2022,1731,2,2,0,0,CLEAR,DRY,TRUE,ANGLE COLLISION - OTHER,ANGLE,STRAIGHT & LEVEL,DARK-HWY NOT LIGHTED,,,44885.50467,FALSE,163,Accepted,5,5,O,,FAILED TO YIELD RIGHT OF WAY,
30837875,0050000,BARREN COUNTY SHERIFF DEPT.,Accepted,BARREN,KY0090,,BURKESVILLE,RD,,,,,,,,36.97753634,-85.8897177,11.648,11/14/2022,1749,2,2,0,0,CLEAR,DRY,FALSE,SIDESWIPE COLLISION - SAME DIRECTION,SIDESWIPE-SAME DIRECTION,STRAIGHT & LEVEL,DARK-HWY LIGHTED/ON,,,44885.50471,FALSE,174,Accepted,5,5,O,,"FAILED TO YIELD RIGHT OF WAY, INATTENTION",
30837876,0050000,BARREN COUNTY SHERIFF DEPT.,Accepted,BARREN,KY0070,,GRIDERVILLE,RD,,,,,,,,37.11535658,-85.88725084,10.895,11/15/2022,1856,1,1,0,0,CLEAR,DRY,FALSE,RAN OFF ROADWAY (1 VEHICLE WITH/EARTH EMBANKMENT/DITCH),SINGLE VEHICLE,STRAIGHT & LEVEL,DARK-HWY NOT LIGHTED,,,44885.50475,FALSE,174,Accepted,5,5,O,,,
30837877,0050000,BARREN COUNTY SHERIFF DEPT.,Accepted,BARREN,US0031E,,SCOTTSVILLE,RD,,,,,,,,36.95241944,-85.96439363,10.032,11/16/2022,1719,1,1,0,0,CLEAR,DRY,FALSE,COLLISION WITH ANIMAL NON INTERSECTION,SINGLE VEHICLE,STRAIGHT & LEVEL,DARK-HWY NOT LIGHTED,,,44885.50479,FALSE,174,Accepted,5,5,O,ANIMALS ACTION,,
30837878,0050000,BARREN COUNTY SHERIFF DEPT.,Accepted,BARREN,LN9008,,LN9008 W,,,,,,,,,37.04420469,-86.07112544,2.494,11/16/2022,1917,1,1,0,0,CLEAR,DRY,FALSE,COLLISION WITH ANIMAL NON INTERSECTION,SINGLE VEHICLE,STRAIGHT & LEVEL,DARK-HWY NOT LIGHTED,,,44885.50484,FALSE,174,Accepted,5,5,O,ANIMALS ACTION,,
30837879,0050000,BARREN COUNTY SHERIFF DEPT.,Accepted,BARREN,LN9008,,LN9008 E,,,,,LN9008,LN9008 TURN AROUND3,LN9008,LN9008 TURN AROUND0,37.04404938,-86.0714924,2.497,11/16/2022,1918,1,1,0,0,CLEAR,DRY,FALSE,COLLISION WITH ANIMAL NON INTERSECTION,SINGLE VEHICLE,STRAIGHT & LEVEL,DARK-HWY NOT LIGHTED,,,44885.50488,FALSE,149,Accepted,5,5,O,,,
30837881,0050000,BARREN COUNTY SHERIFF DEPT.,Accepted,BARREN,US0031E,,SCOTTSVILLE,RD,,,,,,,,36.96335449,-85.94965359,11.144,11/18/2022,2213,1,1,0,0,CLEAR,DRY,FALSE,COLLISION WITH ANIMAL NON INTERSECTION,SINGLE VEHICLE,STRAIGHT & LEVEL,DARK-HWY NOT LIGHTED,,,44885.50499,FALSE,174,Accepted,5,5,O,ANIMALS ACTION,,
30837882,0050000,BARREN COUNTY SHERIFF DEPT.,Accepted,BARREN,US0031E,,JACKSON,HWY,N,,STEEPLECHASE,,,,,37.04757458,-85.89866245,18.046,11/20/2022,715,1,1,0,0,CLEAR,DRY,FALSE,COLLISION WITH ANIMAL IN INTERSECTION,SINGLE VEHICLE,STRAIGHT & LEVEL,DAYLIGHT,,,44885.50503,FALSE,157,Accepted,5,5,O,,,
30838841,0050100,GLASGOW POLICE DEPARTMENT,Accepted,BARREN,US0068,,VETERANS OUTER,LOOP,,,,,LOHDEN,US0068,US68 CROSSOVER,37.02602056,-85.88889581,14.334,11/15/2022,1654,1,1,0,0,RAINING,WET,FALSE,COLLISION WITH ANIMAL NON INTERSECTION,SINGLE VEHICLE,STRAIGHT & LEVEL,DARK-HWY NOT LIGHTED,,,44885.78432,FALSE,2293,Accepted,5,5,O,ANIMALS ACTION,,
30838875,0050100,GLASGOW POLICE DEPARTMENT,Accepted,BARREN,US0031EX,301,RACE,ST,N,,,,,,,36.99821495,-85.91187154,1.662,11/20/2022,1235,2,2,0,0,CLEAR,DRY,FALSE,1 VEHICLE ENTERING/LEAVING ENTRANCE,ANGLE,STRAIGHT & LEVEL,DAYLIGHT,,,44885.79078,FALSE,2293,Accepted,5,5,O,,INATTENTION,MIRRORS
30840949,0050100,GLASGOW POLICE DEPARTMENT,Accepted,BARREN,KY0090,,BURKESVILLE,RD,,,,LN9008,LN9008 E,LN9008,LN9008 W,36.9840335,-85.89539857,11.107,11/18/2022,1613,2,2,0,0,CLEAR,DRY,FALSE,SIDESWIPE COLLISION - SAME DIRECTION,SIDESWIPE-SAME DIRECTION,STRAIGHT & GRADE,DAYLIGHT,,,44886.39471,FALSE,2249,Accepted,5,5,O,,"FAILED TO YIELD RIGHT OF WAY, MISJUDGE CLEARANCE",
30841006,0050100,GLASGOW POLICE DEPARTMENT,Accepted,BARREN,US0031E,,L ROGERS WELLS,BLVD,S,US0068X,MAIN,,,,,37.00208207,-85.92636226,14.255,11/18/2022,1230,2,2,0,0,CLEAR,DRY,FALSE,ANGLE COLLISION - ONE VEHICLE TURNING LEFT,ANGLE,STRAIGHT & LEVEL,DAYLIGHT,,,44886.40421,FALSE,2249,Accepted,5,5,O,,DISREGARD TRAFFIC CONTROL,
30844492,0050100,GLASGOW POLICE DEPARTMENT,Accepted,BARREN,LN9008,,LN9008 E,,,,,,,,,36.97847647,-85.89971947,13.582,11/11/2022,1800,1,1,0,0,CLEAR,DRY,FALSE,COLLISION WITH ANIMAL NON INTERSECTION,SINGLE VEHICLE,STRAIGHT & LEVEL,DARK-HWY LIGHTED/ON,,,44886.96047,FALSE,2289,Accepted,5,5,O,ANIMALS ACTION,,
30844494,0050100,GLASGOW POLICE DEPARTMENT,Accepted,BARREN,,414,GRANDVIEW,AVE,,,,,,,,36.99540999,-85.92772694,0.846,11/20/2022,1904,1,1,0,0,CLEAR,DRY,FALSE,OTHER ROADWAY OR MID-BLOCK COLLISION,SINGLE VEHICLE,STRAIGHT & HILLCREST,DARK-HWY LIGHTED/OFF,,,44886.96055,FALSE,2300,Accepted,5,5,O,,INATTENTION,
30845860,0050000,BARREN COUNTY SHERIFF DEPT.,Accepted,BARREN,,,CAP REDFORD,RD,,,,,,,,37.09416572,-85.89138985,0.599,11/20/2022,1312,1,1,0,0,CLEAR,DRY,FALSE,COLLISION WITH ANIMAL NON INTERSECTION,SINGLE VEHICLE,STRAIGHT & HILLCREST,DAYLIGHT,,,44887.33634,FALSE,157,Accepted,5,5,O,ANIMALS ACTION,,
30845863,0050000,BARREN COUNTY SHERIFF DEPT.,Accepted,BARREN,KY0087,,AUSTIN TRACY,RD,,,,,RAMP RD,,R WHITLOW,36.82825811,-86.02866902,9.537,11/19/2022,1742,1,1,0,0,CLEAR,DRY,FALSE,COLLISION WITH ANIMAL NON INTERSECTION,SINGLE VEHICLE,STRAIGHT & LEVEL,DARK-HWY NOT LIGHTED,,,44887.33645,FALSE,183,Accepted,5,5,O,ANIMALS ACTION,,
30845864,0050000,BARREN COUNTY SHERIFF DEPT.,Accepted,BARREN,KY0090,,HAPPY VALLEY,RD,,KY0685,STOVALL,,,,,37.09634137,-85.97350282,3.182,11/20/2022,1715,2,2,0,5,CLEAR,DRY,FALSE,ANGLE COLLISION - OTHER,ANGLE,STRAIGHT & LEVEL,DARK-HWY LIGHTED/ON,,,44887.33652,FALSE,181,Accepted,5,3,B,,INATTENTION,
30845866,0050000,BARREN COUNTY SHERIFF DEPT.,Accepted,BARREN,LN9008,,LN9008 E,,,,,,,,,36.99276216,-85.8819454,14.999,11/16/2022,2022,1,1,0,1,CLEAR,DRY,FALSE,COLLISION WITH ANIMAL NON INTERSECTION,SINGLE VEHICLE,STRAIGHT & LEVEL,DARK-HWY LIGHTED/ON,,,44887.3366,FALSE,182,Accepted,4,4,C,ANIMALS ACTION,,
30845867,0050000,BARREN COUNTY SHERIFF DEPT.,Accepted,BARREN,KY0090,,BURKESVILLE,RD,,,,,,,,36.95502688,-85.85825023,14.042,11/17/2022,512,1,1,0,0,CLEAR,DRY,FALSE,COLLISION WITH ANIMAL NON INTERSECTION,SINGLE VEHICLE,STRAIGHT & LEVEL,DARK-HWY NOT LIGHTED,,,44887.33668,FALSE,182,Accepted,5,5,O,ANIMALS ACTION,,
30852156,0050000,BARREN COUNTY SHERIFF DEPT.,Accepted,BARREN,KY1297,,OLD BOWLING GREEN,RD,,,,,,,,36.98211543,-86.06679598,4.845,11/19/2022,1604,2,2,0,0,CLEAR,DRY,FALSE,1 VEHICLE ENTERING/LEAVING ENTRANCE,ANGLE,STRAIGHT & LEVEL,DUSK,,,44888.61015,FALSE,174,Accepted,5,5,O,GLARE (SUN),FAILED TO YIELD RIGHT OF WAY,
30852158,0050000,BARREN COUNTY SHERIFF DEPT.,Accepted,BARREN,US0031E,1200,SCOTTSVILLE,RD,,,,,,,,36.96294597,-85.95027684,11.099,11/23/2022,759,1,1,0,0,CLEAR,DRY,FALSE,COLLISION WITH ANIMAL NON INTERSECTION,SINGLE VEHICLE,STRAIGHT & LEVEL,DAYLIGHT,,,44888.61026,FALSE,170,Accepted,5,5,O,ANIMALS ACTION,,
30853396,0050100,GLASGOW POLICE DEPARTMENT,Accepted,BARREN,,115,HUMBLE,AVE,,,,,RACHEL,KY0090,MAIN,36.99261241,-85.90314468,0.059,11/14/2022,1146,2,2,0,0,CLEAR,DRY,FALSE,1 VEHICLE PARKED POSITION (NOT PARKING LOT/DRIVEWAY),BACKING,STRAIGHT & LEVEL,DAYLIGHT,,,44888.79462,FALSE,2268,Accepted,5,5,O,,INATTENTION,
30855221,0050100,GLASGOW POLICE DEPARTMENT,Accepted,BARREN,,109,HOMEWOOD,BLVD,,,,,,,,37.01673732,-85.90383087,0.146,11/6/2022,1623,2,2,0,0,CLEAR,DRY,FALSE,1 VEHICLE ENTERING/LEAVING ENTRANCE,ANGLE,STRAIGHT & GRADE,DAYLIGHT,,,44889.4033,FALSE,2287,Accepted,5,5,O,,"FAILED TO YIELD RIGHT OF WAY, INATTENTION",
30855223,0050100,GLASGOW POLICE DEPARTMENT,Accepted,BARREN,,,OIL CITY,RD,,US0068,VETERANS OUTER,,,,,37.01544385,-85.94821057,0.481,11/11/2022,1552,2,2,0,0,CLEAR,DRY,FALSE,OTHER INTERSECTION COLLISIONS,REAR END,STRAIGHT & LEVEL,DAYLIGHT,,,44889.40342,FALSE,32,Accepted,5,5,O,,INATTENTION,
30855224,0050100,GLASGOW POLICE DEPARTMENT,Accepted,BARREN,,,MYRTLE,ST,,,CHERRY,,,,,37.00656997,-85.9196823,0.211,11/15/2022,908,1,1,0,0,CLOUDY,WET,FALSE,COLLISION WITH FIXED OBJECT IN INTERSECTION - FIRST EVENT COLLISION 09 - 32,SINGLE VEHICLE,STRAIGHT & LEVEL,DAYLIGHT,,,44889.40364,FALSE,32,Accepted,5,5,O,SLIPPERY SURFACE,INATTENTION,
30855225,0050100,GLASGOW POLICE DEPARTMENT,Accepted,BARREN,,602,HAPPY VALLEY,RD,,,,,,,,37.00769249,-85.91679172,0.287,11/16/2022,1138,2,2,0,0,CLEAR,DRY,FALSE,VEHICLE BACKING NON INTERSECTION,BACKING,STRAIGHT & HILLCREST,DAYLIGHT,,,44889.40377,FALSE,32,Accepted,5,5,O,,INATTENTION,
30855231,0050100,GLASGOW POLICE DEPARTMENT,Accepted,BARREN,US0031EX,,RACE,ST,N,,CHERRY,,,,,37.00166599,-85.90949382,1.931,11/15/2022,1504,2,2,0,0,CLOUDY,WET,TRUE,OTHER INTERSECTION COLLISIONS,REAR END,STRAIGHT & LEVEL,DAYLIGHT,,,44889.40423,FALSE,48,Accepted,5,5,O,SLIPPERY SURFACE,,
30855234,0050100,GLASGOW POLICE DEPARTMENT,Accepted,BARREN,,,WAYNE,ST,W,US0031EX,GREEN,,,,,36.99419907,-85.91295266,0.065,11/21/2022,1530,2,2,0,0,CLEAR,DRY,FALSE,ANGLE COLLISION - OTHER,ANGLE,STRAIGHT & LEVEL,DAYLIGHT,,,44889.40435,FALSE,34,Accepted,5,5,O,,DISREGARD TRAFFIC CONTROL,
30865626,0050100,GLASGOW POLICE DEPARTMENT,Accepted,BARREN,US0031EX,,RACE,ST,N,,,,HAPPY VALLEY,,LEECH,37.00349013,-85.90847702,2.071,11/23/2022,1156,2,2,0,0,CLEAR,DRY,FALSE,REAR END IN TRAFFIC LANES BOTH VEHICLES MOVING,REAR END,STRAIGHT & LEVEL,DAYLIGHT,,,44893.33634,FALSE,2196,Accepted,5,5,O,,"CELL PHONE, DISTRACTION",
30865863,0050100,GLASGOW POLICE DEPARTMENT,Accepted,BARREN,,,SMITH,RD,,US0031E,L ROGERS WELLS,,,,,37.00590476,-85.92468667,0.012,11/23/2022,1315,2,2,0,0,CLEAR,DRY,FALSE,OTHER INTERSECTION COLLISIONS,REAR END,STRAIGHT & HILLCREST,DAYLIGHT,,,44893.35196,FALSE,50,Accepted,5,5,O,,NOT UNDER PROPER CONTROL,
30866076,0050000,BARREN COUNTY SHERIFF DEPT.,Accepted,BARREN,LN9008,,LN9008 WB,,,,,,,,,36.99642833,-85.82613524,18.116,11/23/2022,749,2,2,0,0,CLEAR,DRY,FALSE,1 VEHICLE PARKED POSITION (NOT PARKING LOT/DRIVEWAY),SIDESWIPE-SAME DIRECTION,STRAIGHT & LEVEL,DAYLIGHT,,,44893.37492,FALSE,167,Accepted,5,5,O,,MISJUDGE CLEARANCE,
30866077,0050000,BARREN COUNTY SHERIFF DEPT.,Accepted,BARREN,KY0252,,FINNEY,RD,,,,,,,,36.90626074,-86.12074297,0.789,11/23/2022,1727,2,2,0,0,CLEAR,DRY,FALSE,SIDESWIPE COLLISION - SAME DIRECTION,SIDESWIPE-SAME DIRECTION,STRAIGHT & LEVEL,DARK-HWY LIGHTED/OFF,,,44893.37509,FALSE,184,Accepted,5,5,O,OTHER,,
30866079,0050000,BARREN COUNTY SHERIFF DEPT.,Accepted,BARREN,,,HOLLOW,RD,,,,,,,,36.97942835,-85.88376903,0.351,11/22/2022,1830,1,1,0,1,CLEAR,DRY,FALSE,COLLISION WITH FIXED OBJECT NON - INTERSECTION - FIRST EVENT COLLISION 09 - 32 EXCLUDING 16,SINGLE VEHICLE,CURVE & LEVEL,DARK-HWY NOT LIGHTED,,,44893.37534,FALSE,181,Accepted,5,4,C,,NOT UNDER PROPER CONTROL,
30866080,0050000,BARREN COUNTY SHERIFF DEPT.,Accepted,BARREN,LN9008,,LN9008 W,,,,,,,,,37.04234783,-86.06720049,2.746,11/23/2022,2006,1,1,0,0,CLEAR,DRY,FALSE,COLLISION WITH ANIMAL NON INTERSECTION,SINGLE VEHICLE,STRAIGHT & LEVEL,DARK-HWY NOT LIGHTED,,,44893.37569,FALSE,182,Accepted,5,5,O,ANIMALS ACTION,,
30866086,0050000,BARREN COUNTY SHERIFF DEPT.,Accepted,BARREN,KY0063,,TOMPKINSVILLE,RD,,,,,,,,36.91345864,-85.8664951,8.159,11/18/2022,1240,1,1,0,1,CLEAR,DRY,FALSE,RAN OFF ROADWAY (1 VEHICLE WITH/EARTH EMBANKMENT/DITCH),SINGLE VEHICLE,CURVE & GRADE,DAYLIGHT,,,44893.37628,FALSE,125,Accepted,4,4,C,,,
30866095,0050000,BARREN COUNTY SHERIFF DEPT.,Accepted,BARREN,KY0249,,ROSEVILLE,RD,,,,,,,,36.89976682,-85.91819563,9.685,11/25/2022,2101,1,1,0,1,CLEAR,DRY,FALSE,RAN OFF ROADWAY (1 VEHICLE WITH/EARTH EMBANKMENT/DITCH),SINGLE VEHICLE,STRAIGHT & GRADE,DARK-HWY NOT LIGHTED,,,44893.37718,FALSE,174,Accepted,5,4,C,,NOT UNDER PROPER CONTROL,
30866096,0050000,BARREN COUNTY SHERIFF DEPT.,Accepted,BARREN,KY0249,,ROSEVILLE,RD,,,,,,,,36.86585515,-85.92432157,7.18,11/24/2022,1648,1,1,0,0,CLEAR,DRY,FALSE,COLLISION WITH ANIMAL NON INTERSECTION,SINGLE VEHICLE,STRAIGHT & LEVEL,DARK-HWY NOT LIGHTED,,,44893.37725,FALSE,174,Accepted,5,5,O,ANIMALS ACTION,,
30866100,0050000,BARREN COUNTY SHERIFF DEPT.,Accepted,BARREN,KY0070,,MAMMOTH CAVE,RD,,,,,TOOHEY RIDGE,,JENNY,37.13243386,-86.02158128,2.699,11/27/2022,1352,1,1,0,0,CLOUDY,WET,FALSE,COLLISION WITH FIXED OBJECT NON - INTERSECTION - FIRST EVENT COLLISION 09 - 32 EXCLUDING 16,SINGLE VEHICLE,CURVE & LEVEL,DAYLIGHT,,,44893.37754,FALSE,149,Accepted,5,5,O,,"FATIGUE, INATTENTION",