IncidentID,AgencyORI,AgencyName,IncidentStatusDesc,County,RdwyNumber,Street,RoadwayName,StreetSfx,StreetDir,IntersectionRdwy,IntersectionRdwyName,BetweenStRdwy1,BetweenStRdwyName1,BetweenStRdwy2,BetweenStRdwyName2,Latitude,Longitude,Milepoint,CollisionDate,CollisionTime,UnitsInvolved,MotorVehiclesInvolved,NumberKilled,NumberInjured,Weather,RdwyConditionCode,HitandRun,DirAnalysisCode,MannerofCollision,RdwyCharacter,LightCondition,RampFromRdwyId,RampToRdwyId,AcceptedDate,IsSecondaryCollision,OwnerBadge,IncidentStatus,InjurySeverityCde,KABCO_Code,KABCO,Environmental_Factors,Human_Factors,Vehicular_Factors
30869398,0050100,GLASGOW POLICE DEPARTMENT,Accepted,BARREN,KY0090,,HAPPY VALLEY,RD,,,,,BEAVER,,AIRPORT,37.02817597,-85.93967773,8.274,11/26/2022,1713,1,1,0,0,CLEAR,DRY,FALSE,COLLISION WITH ANIMAL NON INTERSECTION,SINGLE VEHICLE,STRAIGHT & LEVEL,DARK (UNKNOWN ROADWAY LIGHTING),,,44893.91167,FALSE,2268,Accepted,5,5,O,,,
30869400,0050100,GLASGOW POLICE DEPARTMENT,Accepted,BARREN,KY0090,,HAPPY VALLEY,RD,,,,US0031E,L ROGERS WELLS,,ENSMINGER,37.00971232,-85.92175445,9.902,11/28/2022,737,3,3,0,0,CLEAR,WET,FALSE,OTHER ROADWAY OR MID-BLOCK COLLISION,REAR END,STRAIGHT & LEVEL,DAYLIGHT,,,44893.91185,FALSE,2268,Accepted,5,5,O,,INATTENTION,
30871044,0050000,BARREN COUNTY SHERIFF DEPT.,Accepted,BARREN,KY0255,,PARK CITY BON AYR,RD,,,,,,,,37.07756232,-86.05838925,10.387,11/25/2022,850,1,1,0,0,CLEAR,DRY,FALSE,OTHER COLLISIONS ON SHOULDER,SINGLE VEHICLE,STRAIGHT & LEVEL,DAYLIGHT,,,44894.35842,FALSE,157,Accepted,5,5,O,,INATTENTION,
30877445,0050000,BARREN COUNTY SHERIFF DEPT.,Accepted,BARREN,LN9008,,LN9008 W,,,,,,,,,36.99636687,-85.82424185,18.219,11/21/2022,952,1,1,0,0,CLEAR,DRY,FALSE,COLLISION WITH ANIMAL NON INTERSECTION,SINGLE VEHICLE,STRAIGHT & LEVEL,DAWN,,,44895.61072,FALSE,126,Accepted,5,5,O,ANIMALS ACTION,,
30882406,0050100,GLASGOW POLICE DEPARTMENT,Accepted,BARREN,KY0090,,HAPPY VALLEY,RD,,,MAX WAGNER,,,,,37.0228682,-85.93472126,8.703,12/1/2022,853,2,2,0,0,CLEAR,DRY,FALSE,OTHER INTERSECTION COLLISIONS,REAR END,CURVE & HILLCREST,DAYLIGHT,,,44896.62724,FALSE,50,Accepted,5,5,O,,INATTENTION,
30882922,KSP0300,"KY STATE POLICE, POST 03",Accepted,BARREN,KY0249,,ROSEVILLE,RD,,,,,,,,36.91262122,-85.9164335,10.59,11/25/2022,1817,2,2,0,0,CLEAR,DRY,FALSE,SIDESWIPE COLLISION - OPPOSITE DIRECTION,SIDESWIPE-OPPOSITE DIRECTION,STRAIGHT & LEVEL,DARK-HWY NOT LIGHTED,,,44896.69532,FALSE,422,Accepted,5,5,O,,INATTENTION,
30882952,KSP0300,"KY STATE POLICE, POST 03",Accepted,BARREN,LN9008,,LN9008 E,,,,,,,,,36.98515589,-85.94832652,10.567,11/29/2022,700,1,1,0,0,CLEAR,DRY,FALSE,COLLISION WITH ANIMAL NON INTERSECTION,SINGLE VEHICLE,STRAIGHT & LEVEL,DAWN,,,44896.7007,FALSE,015,Accepted,5,5,O,ANIMALS ACTION,,
30889208,0050100,GLASGOW POLICE DEPARTMENT,Accepted,BARREN,,,MCGRAH,AVE,,,PARK,,,,,36.99634124,-85.89666498,0.306,9/28/2022,1800,2,2,0,0,CLEAR,DRY,FALSE,ANGLE COLLISION - ONE VEHICLE TURNING LEFT,ANGLE,STRAIGHT & LEVEL,DAYLIGHT,,,44898.29663,FALSE,2279,Accepted,5,5,O,,INATTENTION,
30889211,0050100,GLASGOW POLICE DEPARTMENT,Accepted,BARREN,US0068,,VETERANS OUTER,LOOP,,,,,,,,37.02108072,-85.94075319,10.975,10/12/2022,434,1,1,0,0,CLEAR,DRY,FALSE,COLLISION WITH ANIMAL NON INTERSECTION,SINGLE VEHICLE,STRAIGHT & LEVEL,DARK-HWY NOT LIGHTED,,,44898.29676,FALSE,2288,Accepted,5,5,O,ANIMALS ACTION,,
30889213,0050100,GLASGOW POLICE DEPARTMENT,Accepted,BARREN,US0031E,,L ROGERS WELLS,BLVD,S,,,,CROSS,US0068X,MAIN,37.0008548,-85.92697775,14.17,10/15/2022,1822,2,2,0,0,CLEAR,DRY,FALSE,OTHER ROADWAY OR MID-BLOCK COLLISION,REAR END,STRAIGHT & LEVEL,DARK-HWY NOT LIGHTED,,,44898.29683,FALSE,2288,Accepted,5,5,O,,INATTENTION,
30889217,0050100,GLASGOW POLICE DEPARTMENT,Accepted,BARREN,US0031EX,,RACE,ST,N,,LEECH,,,,,37.00307549,-85.90872427,2.038,10/17/2022,1837,2,2,0,0,CLEAR,DRY,FALSE,ANGLE COLLISION - ONE VEHICLE TURNING RIGHT,ANGLE,STRAIGHT & LEVEL,DARK-HWY LIGHTED/ON,,,44898.29696,FALSE,2279,Accepted,5,5,O,,INATTENTION,
30889219,0050100,GLASGOW POLICE DEPARTMENT,Accepted,BARREN,,,OLD MUNFORDVILLE,RD,,,,,COUNTRY CLUB,,OLD MUNFORDVILLE RD CONN,37.04109904,-85.91849491,0.579,10/30/2022,2142,1,1,0,0,CLOUDY,WET,FALSE,RAN OFF ROADWAY (1 VEHICLE WITH/EARTH EMBANKMENT/DITCH),SINGLE VEHICLE,CURVE & GRADE,DARK-HWY LIGHTED/OFF,,,44898.29703,FALSE,2288,Accepted,5,5,O,SLIPPERY SURFACE,INATTENTION,
30889227,0050100,GLASGOW POLICE DEPARTMENT,Accepted,BARREN,US0068,,VETERANS OUTER,LOOP,,,,,SOFTBALL,,BEAVER,37.0274832,-85.92892315,11.763,11/14/2022,1841,1,1,0,0,CLEAR,DRY,FALSE,COLLISION WITH ANIMAL NON INTERSECTION,SINGLE VEHICLE,STRAIGHT & LEVEL,DARK-HWY NOT LIGHTED,,,44898.29723,FALSE,2288,Accepted,5,5,O,ANIMALS ACTION,,
30889228,0050100,GLASGOW POLICE DEPARTMENT,Accepted,BARREN,KY1297,,OLD BOWLING GREEN,RD,,,,,,,,36.98840656,-85.93529423,12.622,11/17/2022,1835,2,2,0,0,CLEAR,DRY,TRUE,SIDESWIPE COLLISION - OPPOSITE DIRECTION,SIDESWIPE-OPPOSITE DIRECTION,STRAIGHT & LEVEL,DARK (UNKNOWN ROADWAY LIGHTING),,,44898.29727,FALSE,2279,Accepted,5,5,O,,,
30889231,0050100,GLASGOW POLICE DEPARTMENT,Accepted,BARREN,LN9008,,LN9008 W,,,,,,,,,36.97993524,-85.9379607,11.279,11/23/2022,451,1,1,0,0,CLEAR,DRY,FALSE,COLLISION WITH ANIMAL NON INTERSECTION,SINGLE VEHICLE,STRAIGHT & LEVEL,DARK-HWY NOT LIGHTED,,,44898.29738,FALSE,2288,Accepted,5,5,O,,,
30891245,0050100,GLASGOW POLICE DEPARTMENT,Accepted,BARREN,US0031E,,L ROGERS WELLS,BLVD,S,US0068X,MAIN,,,,,37.00133643,-85.92680741,14.204,11/22/2022,1720,2,1,0,0,CLEAR,DRY,FALSE,OTHER INTERSECTION COLLISIONS,REAR END,STRAIGHT & LEVEL,DARK-HWY NOT LIGHTED,,,44899.12825,FALSE,2264,Accepted,5,5,O,,INATTENTION,
30895097,KSP0300,"KY STATE POLICE, POST 03",Accepted,BARREN,KY0090,,HAPPY VALLEY,RD,,,,,,,,37.07437371,-85.96456697,4.787,12/2/2022,1753,2,2,0,0,CLOUDY,WET,FALSE,REAR END IN TRAFFIC LANES BOTH VEHICLES MOVING,REAR END,STRAIGHT & LEVEL,DARK-HWY NOT LIGHTED,,,44900.38246,FALSE,753,Accepted,5,5,O,,INATTENTION,
30895098,KSP0300,"KY STATE POLICE, POST 03",Accepted,BARREN,,,POYNTER,RD,,,,,,,,37.05401969,-85.92203792,0.574,12/2/2022,1809,2,2,0,0,CLOUDY,DRY,FALSE,SIDESWIPE COLLISION - OPPOSITE DIRECTION,SIDESWIPE-OPPOSITE DIRECTION,STRAIGHT & LEVEL,DARK-HWY NOT LIGHTED,,,44900.38254,FALSE,753,Accepted,5,5,O,OTHER,,
30900077,0050100,GLASGOW POLICE DEPARTMENT,Accepted,BARREN,,,DONNELLEY,DR,,,,,,,,37.01060862,-85.95038184,1.234,12/5/2022,320,1,1,0,1,CLEAR,DRY,FALSE,RAN OFF ROADWAY (1 VEHICLE WITH/EARTH EMBANKMENT/DITCH),SINGLE VEHICLE,STRAIGHT & LEVEL,DARK-HWY LIGHTED/ON,,,44901.4935,FALSE,2289,Accepted,3,3,B,,NOT UNDER PROPER CONTROL,
30903927,0050100,GLASGOW POLICE DEPARTMENT,Accepted,BARREN,,214,BRYAN,ST,,,,,,,,36.99704333,-85.90304967,0.142,12/1/2022,1128,2,2,0,0,CLEAR,DRY,TRUE,1 VEHICLE PARKED POSITION (NOT PARKING LOT/DRIVEWAY),BACKING,STRAIGHT & LEVEL,DAYLIGHT,,,44902.31463,FALSE,2293,Accepted,5,5,O,,"INATTENTION, MISJUDGE CLEARANCE",
30903928,0050100,GLASGOW POLICE DEPARTMENT,Accepted,BARREN,KY0090,,HAPPY VALLEY,RD,,,MAX WAGNER,,,,,37.02299568,-85.93463614,8.713,12/2/2022,1415,2,2,0,0,CLEAR,DRY,FALSE,ANGLE COLLISION - OTHER,ANGLE,STRAIGHT & LEVEL,DAYLIGHT,,,44902.31469,FALSE,2293,Accepted,5,5,O,,"INATTENTION, NOT UNDER PROPER CONTROL",
30903931,0050100,GLASGOW POLICE DEPARTMENT,Accepted,BARREN,,118,WASHINGTON,ST,E,,,,,,,36.99457245,-85.91174924,0.046,12/1/2022,1542,2,2,0,0,CLEAR,DRY,TRUE,1 VEHICLE PARKED POSITION (NOT PARKING LOT/DRIVEWAY),SIDESWIPE-SAME DIRECTION,STRAIGHT & LEVEL,DAYLIGHT,,,44902.31482,FALSE,2293,Accepted,5,5,O,,"INATTENTION, MISJUDGE CLEARANCE",
30904558,0050100,GLASGOW POLICE DEPARTMENT,Accepted,BARREN,US0068,,NEW GLASGOW,RD,,,,,CARROLL KNICELY,US0068,VETERANS OUTER,37.01275462,-85.955543,9.906,11/23/2022,1720,1,1,0,0,CLEAR,DRY,FALSE,COLLISION WITH ANIMAL NON INTERSECTION,SINGLE VEHICLE,STRAIGHT & LEVEL,DARK-HWY NOT LIGHTED,,,44902.40445,FALSE,2260,Accepted,5,5,O,ANIMALS ACTION,,
30904561,0050100,GLASGOW POLICE DEPARTMENT,Accepted,BARREN,,,HAPPY VALLEY,RD,,,,,WALL,,WEDGEWOOD,37.00885228,-85.91959824,0.112,11/26/2022,1940,2,2,0,0,RAINING,WET,FALSE,COLLISION WITH FIXED OBJECT NON - INTERSECTION - FIRST EVENT COLLISION 09 - 32 EXCLUDING 16,ANGLE,STRAIGHT & LEVEL,DARK-HWY LIGHTED/ON,,,44902.40452,FALSE,2260,Accepted,5,5,O,,INATTENTION,
30904562,0050100,GLASGOW POLICE DEPARTMENT,Accepted,BARREN,KY0090,,HAPPY VALLEY,RD,,,,,WESTERN HILLS,,COMMERCE,37.01758514,-85.92989717,9.185,11/27/2022,2115,2,2,0,0,RAINING,WET,TRUE,REAR END IN TRAFFIC LANES BOTH VEHICLES MOVING,REAR END,STRAIGHT & LEVEL,DARK-HWY LIGHTED/ON,,,44902.40458,FALSE,2260,Accepted,5,5,O,SLIPPERY SURFACE,"FOLLOWING TOO CLOSE, INATTENTION",
30904568,0050100,GLASGOW POLICE DEPARTMENT,Accepted,BARREN,US0068X,,MAIN,ST,W,US0031E,L ROGERS WELLS,,,,,37.00202078,-85.92634822,1.689,11/29/2022,1410,2,2,0,0,RAINING,WET,FALSE,OPPOSING LEFT TURN,OPPOSING LEFT TURN,STRAIGHT & GRADE,DAYLIGHT,,,44902.40472,FALSE,2264,Accepted,5,5,O,,INATTENTION,
30913300,0050100,GLASGOW POLICE DEPARTMENT,Accepted,BARREN,US0031E,,SCOTTSVILLE,RD,,LN9008,LN9008 E EXIT11 OFF RAMP TO US31E N,,,,,36.97877149,-85.93381225,12.503,12/7/2022,703,2,2,0,0,RAINING,WET,FALSE,OTHER INTERSECTION COLLISIONS,REAR END,STRAIGHT & LEVEL,DAYLIGHT,,,44904.32126,FALSE,2196,Accepted,5,5,O,,INATTENTION,
30913301,0050100,GLASGOW POLICE DEPARTMENT,Accepted,BARREN,US0031E,,L ROGERS WELLS,BLVD,N,,,,ROGERS,,SHANE,37.00480041,-85.92501501,14.39,12/7/2022,1306,2,2,0,0,CLOUDY,DRY,FALSE,REAR END IN TRAFFIC LANES BOTH VEHICLES MOVING,REAR END,STRAIGHT & LEVEL,DAYLIGHT,,,44904.3213,FALSE,2196,Accepted,5,5,O,,FELL ASLEEP,
30913302,0050100,GLASGOW POLICE DEPARTMENT,Accepted,BARREN,US0031E,,L ROGERS WELLS,BLVD,N,KY0090,HAPPY VALLEY,,,,,37.0104231,-85.92048346,14.927,12/8/2022,825,2,2,0,0,RAINING,WET,FALSE,ANGLE COLLISION - ONE VEHICLE TURNING LEFT,ANGLE,STRAIGHT & LEVEL,DAYLIGHT,,,44904.32136,FALSE,2196,Accepted,5,5,O,,INATTENTION,
30916806,0050100,GLASGOW POLICE DEPARTMENT,Accepted,BARREN,,,GRANDVIEW,AVE,,,COMMERCIAL,,,,,36.99595263,-85.93161771,0.603,12/9/2022,1724,2,2,0,0,FOG WITH RAIN,WET,FALSE,ANGLE COLLISION - OTHER,ANGLE,STRAIGHT & HILLCREST,DARK-HWY LIGHTED/ON,,,44905.25524,FALSE,2289,Accepted,5,5,O,,MISJUDGE CLEARANCE,
30919993,0050000,BARREN COUNTY SHERIFF DEPT.,Accepted,BARREN,US0068,,NEW BOWLING GREEN,RD,,,,,,,,37.01507983,-85.99509738,7.645,11/27/2022,2048,1,1,0,0,RAINING,WET,FALSE,OTHER COLLISIONS ON SHOULDER,SINGLE VEHICLE,STRAIGHT & HILLCREST,DARK-HWY NOT LIGHTED,,,44906.56581,FALSE,173,Accepted,5,5,O,SLIPPERY SURFACE,TOO FAST FOR CONDITIONS,OTHER
30919995,0050000,BARREN COUNTY SHERIFF DEPT.,Accepted,BARREN,,,DRIPPING SPRINGS,RD,,,,,,,,37.04110476,-85.95889346,6.439,12/2/2022,1256,2,2,0,0,CLEAR,DRY,FALSE,SIDESWIPE COLLISION - OPPOSITE DIRECTION,SIDESWIPE-OPPOSITE DIRECTION,CURVE & LEVEL,DAYLIGHT,,,44906.56589,FALSE,157,Accepted,5,5,O,,INATTENTION,
30919997,0050000,BARREN COUNTY SHERIFF DEPT.,Accepted,BARREN,KY0839,,NOBOB,RD,,,,,,,,36.86671575,-85.77499785,2.2,11/25/2022,1739,2,2,0,1,CLEAR,DRY,FALSE,SIDESWIPE COLLISION - OPPOSITE DIRECTION,SIDESWIPE-OPPOSITE DIRECTION,CURVE & GRADE,DARK-HWY NOT LIGHTED,,,44906.56596,FALSE,163,Accepted,5,3,B,,IMPROPER PASSING,
30919998,0050000,BARREN COUNTY SHERIFF DEPT.,Accepted,BARREN,,,LECTA KINO,RD,,,,,,,,36.99486135,-85.83812972,1.41,10/29/2022,2225,1,1,0,0,CLEAR,DRY,FALSE,OTHER COLLISIONS ON SHOULDER,SINGLE VEHICLE,CURVE & GRADE,DARK-HWY NOT LIGHTED,,,44906.566,FALSE,163,Accepted,5,5,O,,"NOT UNDER PROPER CONTROL, OVERCORRECTING/OVERSTEERING",
30920000,0050000,BARREN COUNTY SHERIFF DEPT.,Accepted,BARREN,US0031W,,LOUISVILLE,RD,,,,,,,,37.09308497,-86.02176042,2.683,12/1/2022,1959,1,1,0,0,CLEAR,DRY,FALSE,COLLISION WITH ANIMAL NON INTERSECTION,SINGLE VEHICLE,STRAIGHT & LEVEL,DARK-HWY NOT LIGHTED,,,44906.56607,FALSE,163,Accepted,5,5,O,ANIMALS ACTION,,
30920001,0050000,BARREN COUNTY SHERIFF DEPT.,Accepted,BARREN,KY0090,,HAPPY VALLEY,RD,,,,,,,,37.10724038,-85.97013591,2.4,12/5/2022,1800,1,1,0,0,RAINING,WET,FALSE,COLLISION WITH ANIMAL NON INTERSECTION,SINGLE VEHICLE,STRAIGHT & LEVEL,DARK-HWY NOT LIGHTED,,,44906.56611,FALSE,163,Accepted,5,5,O,ANIMALS ACTION,,
30920002,0050000,BARREN COUNTY SHERIFF DEPT.,Accepted,BARREN,KY0255,,PARK CITY BON AYR,RD,,,,,,,,37.06382745,-86.06137609,9.391,12/5/2022,1649,1,1,0,0,RAINING,WET,FALSE,COLLISION WITH FIXED OBJECT NON - INTERSECTION - FIRST EVENT COLLISION 09 - 32 EXCLUDING 16,SINGLE VEHICLE,STRAIGHT & LEVEL,DARK-HWY NOT LIGHTED,,,44906.56615,FALSE,181,Accepted,5,5,O,,NOT UNDER PROPER CONTROL,
30920003,0050000,BARREN COUNTY SHERIFF DEPT.,Accepted,BARREN,KY0090,,BURKESVILLE,RD,,,,,,,,36.94339715,-85.8358311,15.535,12/5/2022,2208,1,1,0,0,RAINING,WET,FALSE,RAN OFF ROADWAY (1 VEHICLE WITH/EARTH EMBANKMENT/DITCH),SINGLE VEHICLE,CURVE & LEVEL,DARK-HWY NOT LIGHTED,,,44906.56619,FALSE,181,Accepted,5,5,O,,NOT UNDER PROPER CONTROL,
30920004,0050000,BARREN COUNTY SHERIFF DEPT.,Accepted,BARREN,LN9008,,LN9008 E,,,,,,,,,37.04187379,-86.06683327,2.793,12/6/2022,811,1,1,0,0,RAINING,WET,FALSE,COLLISION WITH FIXED OBJECT NON - INTERSECTION - FIRST EVENT COLLISION 09 - 32 EXCLUDING 16,SINGLE VEHICLE,STRAIGHT & LEVEL,DAYLIGHT,,,44906.56623,FALSE,170,Accepted,5,5,O,,MEDICATION,
30920006,0050000,BARREN COUNTY SHERIFF DEPT.,Accepted,BARREN,KY0070,,HISEVILLE,RD,,,,,,,,37.0933063,-85.80280991,15.972,12/5/2022,2227,2,2,0,0,RAINING,WET,FALSE,1 VEHICLE PARKED POSITION (NOT PARKING LOT/DRIVEWAY),SIDESWIPE-SAME DIRECTION,STRAIGHT & LEVEL,DARK-HWY NOT LIGHTED,,,44906.56629,FALSE,181,Accepted,5,5,O,,DRUG INVOLVEMENT,
30920009,0050000,BARREN COUNTY SHERIFF DEPT.,Accepted,BARREN,,1931,MATTHEWS MILL,RD,,,,,,,,36.92407329,-85.97050474,1.762,11/29/2022,1410,1,1,0,1,RAINING,WET,FALSE,COLLISION WITH FIXED OBJECT NON - INTERSECTION - FIRST EVENT COLLISION 09 - 32 EXCLUDING 16,SINGLE VEHICLE,CURVE & GRADE,DAYLIGHT,,,44906.56636,FALSE,125,Accepted,4,4,C,,,
30920010,0050000,BARREN COUNTY SHERIFF DEPT.,Accepted,BARREN,KY0252,,FINNEY,RD,,,,,,,,36.92846507,-86.09221523,3.167,12/5/2022,1556,1,1,0,0,RAINING,WET,FALSE,RAN OFF ROADWAY (1 VEHICLE WITH/EARTH EMBANKMENT/DITCH),SINGLE VEHICLE,STRAIGHT & GRADE,DUSK,,,44906.56641,FALSE,174,Accepted,5,5,O,,NOT UNDER PROPER CONTROL,
30920011,0050000,BARREN COUNTY SHERIFF DEPT.,Accepted,BARREN,,,OLD MUNFORDVILLE,RD,,,,,,,,37.11863241,-85.90208041,5.079,12/5/2022,1821,1,1,0,0,CLOUDY,WET,FALSE,COLLISION WITH ANIMAL NON INTERSECTION,SINGLE VEHICLE,STRAIGHT & LEVEL,DARK-HWY NOT LIGHTED,,,44906.56645,FALSE,174,Accepted,5,5,O,ANIMALS ACTION,,
30920012,0050000,BARREN COUNTY SHERIFF DEPT.,Accepted,BARREN,,,POPLAR SPRING,RD,,,,,,,,36.91587855,-85.8552134,3.408,12/6/2022,1721,1,1,0,0,FOG,WET,FALSE,COLLISION WITH FIXED OBJECT NON - INTERSECTION - FIRST EVENT COLLISION 09 - 32 EXCLUDING 16,SINGLE VEHICLE,CURVE & LEVEL,DARK-HWY NOT LIGHTED,,,44906.56648,FALSE,174,Accepted,5,5,O,"VIEW OBSTRUCTED, LIMITED DUE TO WEATHER CONDITIONS",INATTENTION,
30920014,0050000,BARREN COUNTY SHERIFF DEPT.,Accepted,BARREN,KY0249,,ROSEVILLE,RD,,,,,,,,36.97832934,-85.91210075,15.301,12/10/2022,1649,1,1,0,0,RAINING,WET,FALSE,COLLISION WITH ANIMAL NON INTERSECTION,SINGLE VEHICLE,STRAIGHT & HILLCREST,DARK-HWY LIGHTED/ON,,,44906.56654,FALSE,181,Accepted,5,5,O,ANIMALS ACTION,,
30920016,0050000,BARREN COUNTY SHERIFF DEPT.,Accepted,BARREN,KY0090,,BURKESVILLE,RD,,,,,,,,36.9086509,-85.7720484,20.106,12/11/2022,727,2,2,0,0,CLOUDY,DRY,FALSE,REAR END IN TRAFFIC LANES BOTH VEHICLES MOVING,REAR END,STRAIGHT & LEVEL,DAYLIGHT,,,44906.56662,FALSE,157,Accepted,5,5,O,,INATTENTION,
30920017,0050000,BARREN COUNTY SHERIFF DEPT.,Accepted,BARREN,US0031W,,LOUISVILLE,RD,,,,,,,,37.093126,-86.02297276,2.616,12/11/2022,942,1,1,0,1,CLEAR,DRY,FALSE,COLLISION WITH FIXED OBJECT NON - INTERSECTION - FIRST EVENT COLLISION 09 - 32 EXCLUDING 16,SINGLE VEHICLE,CURVE & LEVEL,DAYLIGHT,,,44906.56667,FALSE,184,Accepted,5,3,B,,INATTENTION,
30920018,0050000,BARREN COUNTY SHERIFF DEPT.,Accepted,BARREN,KY0090,,BURKESVILLE,RD,,,CORA WILBORN,,,,,36.89759255,-85.74540924,21.84,12/9/2022,1341,2,2,0,2,CLOUDY,DRY,FALSE,OPPOSITE DIRECTION - BOTH VEHICLES GOING STRAIGHT AHEAD,SIDESWIPE-OPPOSITE DIRECTION,CURVE & GRADE,DAYLIGHT,,,44906.56671,FALSE,157,Accepted,5,4,C,,,TIRE FAILURE
30921799,0050100,GLASGOW POLICE DEPARTMENT,Accepted,BARREN,,,SHALIMAR,DR,,KY0090,HAPPY VALLEY,,,,,37.01066755,-85.92367584,0.001,11/26/2022,2019,2,2,0,0,CLOUDY,WET,FALSE,HEAD-ON COLLISION,HEAD ON,STRAIGHT & LEVEL,DARK-HWY LIGHTED/ON,,,44907.09826,FALSE,2279,Accepted,5,5,O,,INATTENTION,
30921802,0050100,GLASGOW POLICE DEPARTMENT,Accepted,BARREN,US0031E,,L ROGERS WELLS,BLVD,N,,ROGERS,,,,,37.00377138,-85.92551411,14.341,12/2/2022,1949,2,2,0,0,RAINING,WET,FALSE,ANGLE COLLISION - OTHER,ANGLE,STRAIGHT & LEVEL,DARK (UNKNOWN ROADWAY LIGHTING),,,44907.09835,FALSE,2279,Accepted,5,5,O,,OTHER,
30927682,0050000,BARREN COUNTY SHERIFF DEPT.,Accepted,BARREN,US0068,,EDMONTON,RD,,,,,,,,37.00721656,-85.76183794,22.482,12/10/2022,2007,1,1,0,0,CLEAR,DRY,FALSE,COLLISION WITH ANIMAL NON INTERSECTION,SINGLE VEHICLE,STRAIGHT & LEVEL,DARK-HWY NOT LIGHTED,,,44908.35114,FALSE,174,Accepted,5,5,O,ANIMALS ACTION,,
30929470,0050100,GLASGOW POLICE DEPARTMENT,Accepted,BARREN,KY0090,,HAPPY VALLEY,RD,,,ENSMINGER,,,,,37.01003326,-85.92244738,9.857,12/12/2022,1426,2,2,0,0,CLEAR,DRY,FALSE,SIDESWIPE-SAME DIRECTION,SIDESWIPE-SAME DIRECTION,STRAIGHT & LEVEL,DAYLIGHT,,,44908.64914,FALSE,33,Accepted,5,5,O,,INATTENTION,
30931910,0050100,GLASGOW POLICE DEPARTMENT,Accepted,BARREN,KY0249,,ROSEVILLE,RD,,,,,,,,36.98079989,-85.91324799,15.484,11/30/2022,1458,3,3,0,0,CLEAR,DRY,FALSE,REAR END IN TRAFFIC LANES BOTH VEHICLES MOVING,REAR END,CURVE & HILLCREST,DAYLIGHT,,,44909.17476,FALSE,34,Accepted,5,5,O,,INATTENTION,MIRRORS
30932672,0050000,BARREN COUNTY SHERIFF DEPT.,Accepted,BARREN,KY0090,,HAPPY VALLEY,RD,,,,,,,,37.05040124,-85.9496867,6.635,12/7/2022,1909,1,1,0,0,CLEAR,DRY,FALSE,COLLISION WITH ANIMAL NON INTERSECTION,SINGLE VEHICLE,STRAIGHT & LEVEL,DARK-HWY NOT LIGHTED,,,44909.35869,FALSE,163,Accepted,5,5,O,ANIMALS ACTION,,
30932673,0050000,BARREN COUNTY SHERIFF DEPT.,Accepted,BARREN,,,DRIPPING SPRINGS,RD,,,,,,,,37.03241208,-86.00696187,3.169,12/11/2022,1842,2,2,0,0,CLEAR,DRY,FALSE,1 VEHICLE ENTERING/LEAVING ENTRANCE,ANGLE,STRAIGHT & LEVEL,DARK-HWY NOT LIGHTED,,,44909.35874,FALSE,163,Accepted,5,5,O,,INATTENTION,
30934382,0050100,GLASGOW POLICE DEPARTMENT,Accepted,BARREN,US0031EX,,RACE,ST,N,,,,,,,37.00370315,-85.90835447,2.087,12/10/2022,440,1,1,0,0,FOG,DRY,FALSE,COLLISION WITH FIXED OBJECT NON - INTERSECTION - FIRST EVENT COLLISION 09 - 32 EXCLUDING 16,SINGLE VEHICLE,STRAIGHT & LEVEL,DARK-HWY LIGHTED/ON,,,44909.64568,FALSE,2289,Accepted,5,5,O,,ALCOHOL INVOLVEMENT,
30934391,0050100,GLASGOW POLICE DEPARTMENT,Accepted,BARREN,KY0063,,COLLEGE,ST,E,,LEWIS,,,,,36.99245246,-85.91139757,14.434,12/13/2022,1744,2,2,0,0,CLEAR,DRY,FALSE,ANGLE COLLISION - OTHER,ANGLE,STRAIGHT & LEVEL,DARK-HWY LIGHTED/ON,,,44909.64589,FALSE,2300,Accepted,5,5,O,,INATTENTION,
30934667,0050100,GLASGOW POLICE DEPARTMENT,Accepted,BARREN,US0031E,,L ROGERS WELLS,BLVD,S,US0031EX,GREEN,,,,,36.98283323,-85.9313784,12.844,12/9/2022,706,2,2,0,0,FOG WITH RAIN,WET,FALSE,OTHER INTERSECTION COLLISIONS,REAR END,STRAIGHT & LEVEL,DAYLIGHT,,,44909.67682,FALSE,2225,Accepted,5,5,O,,INATTENTION,
30934669,0050100,GLASGOW POLICE DEPARTMENT,Accepted,BARREN,US0031EX,,PUBLIC,SQ,N,US0031EX,US31E BUS TURN LANE,,,,,36.99612144,-85.91245456,1.493,12/13/2022,1126,2,2,0,0,CLEAR,DRY,FALSE,SIDESWIPE-SAME DIRECTION,SIDESWIPE-SAME DIRECTION,STRAIGHT & LEVEL,DAYLIGHT,,,44909.67695,FALSE,2196,Accepted,5,5,O,,INATTENTION,