IncidentID,AgencyORI,AgencyName,IncidentStatusDesc,County,RdwyNumber,Street,RoadwayName,StreetSfx,StreetDir,IntersectionRdwy,IntersectionRdwyName,BetweenStRdwy1,BetweenStRdwyName1,BetweenStRdwy2,BetweenStRdwyName2,Latitude,Longitude,Milepoint,CollisionDate,CollisionTime,UnitsInvolved,MotorVehiclesInvolved,NumberKilled,NumberInjured,Weather,RdwyConditionCode,HitandRun,DirAnalysisCode,MannerofCollision,RdwyCharacter,LightCondition,RampFromRdwyId,RampToRdwyId,AcceptedDate,IsSecondaryCollision,OwnerBadge,IncidentStatus,InjurySeverityCde,KABCO_Code,KABCO,Environmental_Factors,Human_Factors,Vehicular_Factors
30934881,KSP0300,"KY STATE POLICE, POST 03",Accepted,BARREN,KY0571,,SEYMOUR PARK,RD,,,,,,,,37.15805537,-85.80101044,1.935,12/12/2022,1213,2,2,0,0,CLEAR,DRY,FALSE,SIDESWIPE COLLISION - OPPOSITE DIRECTION,SIDESWIPE-OPPOSITE DIRECTION,STRAIGHT & GRADE,DAYLIGHT,,,44909.70965,FALSE,632,Accepted,5,5,O,,MISJUDGE CLEARANCE,MIRRORS
30938995,0050100,GLASGOW POLICE DEPARTMENT,Accepted,BARREN,US0031E,,L ROGERS WELLS,BLVD,S,,,US0031EX,GREEN,,CAVALRY,36.98478965,-85.93158761,12.978,12/1/2022,745,3,3,0,0,CLEAR,DRY,FALSE,SIDESWIPE COLLISION - OPPOSITE DIRECTION,SIDESWIPE-OPPOSITE DIRECTION,STRAIGHT & LEVEL,DAYLIGHT,,,44910.66893,FALSE,2268,Accepted,5,5,O,,NOT UNDER PROPER CONTROL,STEERING FAILURE
30941784,0050100,GLASGOW POLICE DEPARTMENT,Accepted,BARREN,US0068,,VETERANS OUTER,LOOP,,,,US0031E,JACKSON,,STALLION,37.03171659,-85.90402821,13.389,11/8/2022,1959,1,1,0,0,CLEAR,DRY,FALSE,COLLISION WITH ANIMAL NON INTERSECTION,SINGLE VEHICLE,STRAIGHT & LEVEL,DARK-HWY NOT LIGHTED,,,44911.31994,FALSE,2666,Accepted,5,5,O,ANIMALS ACTION,,
30941789,0050100,GLASGOW POLICE DEPARTMENT,Accepted,BARREN,,,LENNA,DR,,,,KY0090,BURKESVILLE,,BEVERLY,36.98480872,-85.8964857,0.018,11/22/2022,602,1,1,0,0,CLEAR,DRY,FALSE,COLLISION WITH ANIMAL NON INTERSECTION,SINGLE VEHICLE,STRAIGHT & LEVEL,DAYLIGHT,,,44911.3203,FALSE,2666,Accepted,5,5,O,ANIMALS ACTION,,
30941793,0050100,GLASGOW POLICE DEPARTMENT,Accepted,BARREN,,,HAPPY VALLEY,RD,,,,,CIRCLE SPRING,,WEDGEWOOD,37.00757542,-85.91650342,0.305,12/15/2022,1725,2,2,0,0,CLEAR,DRY,FALSE,1 VEHICLE ENTERING/LEAVING ENTRANCE,ANGLE,STRAIGHT & LEVEL,DARK-HWY LIGHTED/ON,,,44911.32108,FALSE,2260,Accepted,5,5,O,FIXED OBJECT(S),"FAILED TO YIELD RIGHT OF WAY, INATTENTION",
30942427,0050200,CAVE CITY POLICE DEPARTMENT,Accepted,BARREN,KY0685,,WILSON,RD,,,,,,,,37.09639991,-85.97375806,9.386,12/2/2022,2234,1,1,0,0,RAINING,WET,FALSE,COLLISION WITH FIXED OBJECT NON - INTERSECTION - FIRST EVENT COLLISION 09 - 32 EXCLUDING 16,SINGLE VEHICLE,CURVE & LEVEL,DARK-HWY LIGHTED/OFF,,,44911.44685,FALSE,607,Accepted,5,5,O,SLIPPERY SURFACE,INATTENTION,
30942428,0050200,CAVE CITY POLICE DEPARTMENT,Accepted,BARREN,KY0090,,HAPPY VALLEY,ST,,,SANDERS,,,,,37.13402838,-85.97206384,0.168,12/6/2022,1140,2,2,0,0,RAINING,WET,FALSE,OTHER INTERSECTION COLLISIONS,REAR END,STRAIGHT & GRADE,DAYLIGHT,,,44911.44693,FALSE,611,Accepted,5,5,O,SLIPPERY SURFACE,INATTENTION,
30942431,0050200,CAVE CITY POLICE DEPARTMENT,Accepted,BARREN,KY0090,,HAPPY VALLEY,ST,,,,,,,,37.13084852,-85.96655009,0.545,12/9/2022,816,2,2,0,0,CLOUDY,WET,FALSE,COLLISION WITH FIXED OBJECT NON - INTERSECTION - FIRST EVENT COLLISION 09 - 32 EXCLUDING 16,BACKING,STRAIGHT & HILLCREST,DAYLIGHT,,,44911.4471,FALSE,608,Accepted,5,5,O,,DISTRACTION,
30942703,0050100,GLASGOW POLICE DEPARTMENT,Accepted,BARREN,US0031E,,L ROGERS WELLS,BLVD,N,,SMITH,,,,,37.00580875,-85.92450249,14.439,12/15/2022,1304,2,2,0,0,CLEAR,DRY,FALSE,OTHER INTERSECTION COLLISIONS,REAR END,STRAIGHT & LEVEL,DAYLIGHT,,,44911.51589,FALSE,50,Accepted,5,5,O,,INATTENTION,
30942704,0050100,GLASGOW POLICE DEPARTMENT,Accepted,BARREN,US0031E,,L ROGERS WELLS,BLVD,S,,CLEVELAND,,,,,36.98934252,-85.93221049,13.299,12/15/2022,1400,2,2,0,1,CLEAR,DRY,FALSE,OPPOSING LEFT TURN,OPPOSING LEFT TURN,STRAIGHT & LEVEL,DAYLIGHT,,,44911.51594,FALSE,2249,Accepted,4,4,C,,"DISREGARD TRAFFIC CONTROL, FAILED TO YIELD RIGHT OF WAY, INATTENTION",
30944116,0050100,GLASGOW POLICE DEPARTMENT,Accepted,BARREN,US0068X,,COLUMBIA,AVE,,,CHERRY,,,,,36.99816626,-85.90602509,2.954,12/12/2022,1653,2,2,0,0,CLEAR,DRY,FALSE,ANGLE COLLISION - ONE VEHICLE TURNING LEFT,ANGLE,STRAIGHT & LEVEL,DARK-HWY LIGHTED/ON,,,44911.84034,FALSE,2293,Accepted,5,5,O,,INATTENTION,
30945618,0050100,GLASGOW POLICE DEPARTMENT,Accepted,BARREN,KY1297,,OLD BOWLING GREEN,RD,,,,,FORRESTER,,BRITTHAVEN,36.98960172,-85.94233534,12.24,12/15/2022,1806,1,1,0,0,CLEAR,DRY,FALSE,COLLISION WITH ANIMAL NON INTERSECTION,SINGLE VEHICLE,STRAIGHT & LEVEL,DARK (UNKNOWN ROADWAY LIGHTING),,,44912.31685,FALSE,2279,Accepted,5,5,O,ANIMALS ACTION,,
30948107,0050100,GLASGOW POLICE DEPARTMENT,Accepted,BARREN,KY0090,,BURKESVILLE,RD,,LN9008,LN9008 W EXIT14 OFF RAMP TO KY90 W,,,,,36.98414791,-85.89533523,11.103,12/17/2022,1927,2,2,0,0,CLEAR,DRY,FALSE,HEAD-ON COLLISION,HEAD ON,STRAIGHT & LEVEL,DARK-HWY LIGHTED/ON,,,44913.28211,FALSE,2285,Accepted,5,5,O,,"FAILED TO KEEP PROPER LANE, INATTENTION",
30948372,0050100,GLASGOW POLICE DEPARTMENT,Accepted,BARREN,US0068,,NEW GLASGOW,RD,,US0068,VETERANS OUTER,,,,,37.01210594,-85.9530648,10.045,12/16/2022,1603,2,2,0,0,CLEAR,DRY,FALSE,ANGLE COLLISION - ONE VEHICLE TURNING LEFT,ANGLE,STRAIGHT & LEVEL,DAYLIGHT,,,44913.43158,FALSE,2196,Accepted,5,5,O,,INATTENTION,
30948373,0050100,GLASGOW POLICE DEPARTMENT,Accepted,BARREN,US0031EX,,GREEN,ST,S,,,US0031E,SCOTTSVILLE,,JAMES T ROGERS,36.98298527,-85.93044586,0.054,12/16/2022,1718,2,2,0,0,CLEAR,DRY,TRUE,1 VEHICLE ENTERING/LEAVING ENTRANCE,ANGLE,STRAIGHT & LEVEL,DARK-HWY LIGHTED/ON,,,44913.43162,FALSE,2196,Accepted,5,5,O,,,
30949373,0050100,GLASGOW POLICE DEPARTMENT,Accepted,BARREN,,,HAPPY VALLEY,RD,,US0031EX,RACE,,,,,37.00410937,-85.9081548,0.825,12/14/2022,1708,2,2,0,0,RAINING,WET,FALSE,OTHER INTERSECTION COLLISIONS,REAR END,STRAIGHT & HILLCREST,DARK-HWY LIGHTED/ON,,,44913.83665,FALSE,32,Accepted,5,5,O,SLIPPERY SURFACE,,
30949374,0050100,GLASGOW POLICE DEPARTMENT,Accepted,BARREN,US0031E,,SCOTTSVILLE,RD,,,TROJAN,,,,,36.97962265,-85.93309157,12.593,12/17/2022,1551,2,2,0,0,CLOUDY,DRY,FALSE,ANGLE COLLISION - OTHER,ANGLE,STRAIGHT & LEVEL,DAYLIGHT,,,44913.83671,FALSE,2286,Accepted,5,5,O,,,
30949375,0050100,GLASGOW POLICE DEPARTMENT,Accepted,BARREN,US0031E,,L ROGERS WELLS,BLVD,N,,HAPPY VALLEY,,,,,37.00958078,-85.92141874,14.849,12/18/2022,1602,2,2,0,0,CLOUDY,DRY,TRUE,SIDESWIPE-SAME DIRECTION,SIDESWIPE-SAME DIRECTION,STRAIGHT & LEVEL,DAYLIGHT,,,44913.83677,FALSE,2286,Accepted,5,5,O,,INATTENTION,
30955839,0050100,GLASGOW POLICE DEPARTMENT,Accepted,BARREN,US0031E,,SCOTTSVILLE,RD,,,,,BEVERLY HILLS,,BISHOP,36.97059562,-85.94188509,11.805,12/15/2022,1106,1,1,0,0,CLEAR,DRY,FALSE,COLLISION WITH FIXED OBJECT NON - INTERSECTION - FIRST EVENT COLLISION 09 - 32 EXCLUDING 16,SINGLE VEHICLE,STRAIGHT & LEVEL,DAYLIGHT,,,44915.34466,FALSE,2304,Accepted,5,5,O,OTHER,,
30958746,0050100,GLASGOW POLICE DEPARTMENT,Accepted,BARREN,,,GRANDVIEW,AVE,,,SORENSON,,,,,36.99734106,-85.93722535,0.31,12/20/2022,550,2,2,0,1,CLEAR,DRY,FALSE,ANGLE COLLISION - OTHER,ANGLE,STRAIGHT & GRADE,DARK-HWY NOT LIGHTED,,,44915.88664,FALSE,2264,Accepted,3,3,B,,DRUG INVOLVEMENT,
30960178,0050000,BARREN COUNTY SHERIFF DEPT.,Accepted,BARREN,KY0090,,BURKESVILLE,RD,,,,,,,,36.93438082,-85.82231433,16.543,12/12/2022,1739,2,2,0,2,CLEAR,DRY,FALSE,SIDESWIPE COLLISION - OPPOSITE DIRECTION,SIDESWIPE-OPPOSITE DIRECTION,CURVE & LEVEL,DARK-HWY NOT LIGHTED,,,44916.33316,FALSE,181,Accepted,3,3,B,,FAILED TO KEEP PROPER LANE,
30960182,0050000,BARREN COUNTY SHERIFF DEPT.,Accepted,BARREN,KY0063,,TOMPKINSVILLE,RD,,,,,,,,36.90654078,-85.86815982,7.609,12/14/2022,1713,1,1,0,2,RAINING,WET,FALSE,COLLISION WITH FIXED OBJECT NON - INTERSECTION - FIRST EVENT COLLISION 09 - 32 EXCLUDING 16,SINGLE VEHICLE,CURVE & LEVEL,DARK-HWY NOT LIGHTED,,,44916.33323,FALSE,181,Accepted,5,4,C,,"NOT UNDER PROPER CONTROL, OVERCORRECTING/OVERSTEERING",
30960185,0050000,BARREN COUNTY SHERIFF DEPT.,Accepted,BARREN,US0031E,,JACKSON,HWY,N,,,,,,,37.11287557,-85.87030676,23.046,12/12/2022,1727,2,2,0,0,CLEAR,DRY,FALSE,1 VEHICLE ENTERING/LEAVING ENTRANCE,ANGLE,STRAIGHT & LEVEL,DARK-HWY NOT LIGHTED,,,44916.33327,FALSE,174,Accepted,5,5,O,,FAILED TO YIELD RIGHT OF WAY,
30960188,0050000,BARREN COUNTY SHERIFF DEPT.,Accepted,BARREN,US0068,,NEW BOWLING GREEN,RD,,,,,,,,37.01774292,-85.98376226,8.301,12/15/2022,1353,2,2,0,1,CLEAR,DRY,FALSE,REAR END IN TRAFFIC LANES BOTH VEHICLES MOVING,REAR END,STRAIGHT & LEVEL,DAYLIGHT,,,44916.33332,FALSE,181,Accepted,5,3,B,,INATTENTION,
30960190,0050000,BARREN COUNTY SHERIFF DEPT.,Accepted,BARREN,KY0249,15099,ROSEVILLE,RD,,,,,,,,36.78060926,-85.90451704,0.972,12/13/2022,1412,1,1,0,0,CLOUDY,DRY,FALSE,RAN OFF ROADWAY (1 VEHICLE WITH/EARTH EMBANKMENT/DITCH),SINGLE VEHICLE,STRAIGHT & LEVEL,DAYLIGHT,,,44916.33339,FALSE,170,Accepted,5,5,O,,OVERCORRECTING/OVERSTEERING,
30960194,0050000,BARREN COUNTY SHERIFF DEPT.,Accepted,BARREN,US0031W,201,DIXIE,HWY,S,,,,,,,37.1345169,-85.9572641,7.292,12/17/2022,1121,3,3,0,0,CLEAR,DRY,FALSE,OTHER ROADWAY OR MID-BLOCK COLLISION,REAR TO REAR,STRAIGHT & LEVEL,DAYLIGHT,,,44916.33389,FALSE,167,Accepted,5,5,O,,MISJUDGE CLEARANCE,
30960198,0050000,BARREN COUNTY SHERIFF DEPT.,Accepted,BARREN,KY0252,,FINNEY,RD,,,,,,,,36.9430129,-86.02533644,7.259,12/19/2022,731,1,1,0,0,CLEAR,DRY,FALSE,COLLISION WITH ANIMAL NON INTERSECTION,SINGLE VEHICLE,STRAIGHT & GRADE,DAYLIGHT,,,44916.33417,FALSE,170,Accepted,5,5,O,ANIMALS ACTION,,
30960201,0050000,BARREN COUNTY SHERIFF DEPT.,Accepted,BARREN,LN9008,,LN9008 E,,,,,,,,,37.00184153,-86.00016702,7.425,12/18/2022,1520,2,2,0,0,CLEAR,DRY,FALSE,REAR END IN TRAFFIC LANES BOTH VEHICLES MOVING,REAR END,STRAIGHT & LEVEL,DAYLIGHT,,,44916.33431,FALSE,146,Accepted,5,5,O,,INATTENTION,
30960202,0050000,BARREN COUNTY SHERIFF DEPT.,Accepted,BARREN,,,HAPPY HOLLOW,RD,,,,,,,,36.88106705,-85.86340208,0.969,12/18/2022,43,1,1,0,0,CLEAR,DRY,FALSE,RAN OFF ROADWAY (1 VEHICLE WITH/EARTH EMBANKMENT/DITCH),SINGLE VEHICLE,CURVE & GRADE,DARK-HWY NOT LIGHTED,,,44916.33437,FALSE,174,Accepted,5,5,O,,INATTENTION,
30960565,0050100,GLASGOW POLICE DEPARTMENT,Accepted,BARREN,,,HAPPY VALLEY,RD,,US0031E,L ROGERS WELLS,,,,,37.0095958,-85.92143316,0.001,12/20/2022,1030,2,2,0,0,CLEAR,DRY,FALSE,SIDESWIPE-SAME DIRECTION,SIDESWIPE-SAME DIRECTION,STRAIGHT & LEVEL,DAYLIGHT,,,44916.36564,FALSE,50,Accepted,5,5,O,,FAILED TO KEEP PROPER LANE,
30964924,0050100,GLASGOW POLICE DEPARTMENT,Accepted,BARREN,US0031E,,SCOTTSVILLE,RD,,,,,,,,36.97940873,-85.93364477,12.492,12/16/2022,1831,2,2,0,0,CLEAR,DRY,FALSE,REAR END IN TRAFFIC LANES BOTH VEHICLES MOVING,REAR END,STRAIGHT & LEVEL,DARK-HWY NOT LIGHTED,,,44917.27648,FALSE,2288,Accepted,5,5,O,,INATTENTION,OTHER
30966249,0050000,BARREN COUNTY SHERIFF DEPT.,Accepted,BARREN,KY0070,,HISEVILLE MAIN,ST,W,,,,,,,37.10118791,-85.81578923,15.008,12/17/2022,1248,2,2,0,0,CLOUDY,DRY,FALSE,1 VEHICLE ENTERING/LEAVING ENTRANCE,ANGLE,STRAIGHT & LEVEL,DAYLIGHT,,,44917.54956,FALSE,125,Accepted,5,5,O,,INATTENTION,
30966250,0050000,BARREN COUNTY SHERIFF DEPT.,Accepted,BARREN,,,GREEN VALLEY,RD,,,,,J BIRGE,KY2198,LICK BRANCH,36.96266402,-85.86720343,1.649,12/17/2022,1446,1,1,0,0,CLEAR,DRY,FALSE,RAN OFF ROADWAY (1 VEHICLE WITH/EARTH EMBANKMENT/DITCH),SINGLE VEHICLE,STRAIGHT & LEVEL,DAYLIGHT,,,44917.54963,FALSE,125,Accepted,5,5,O,,OTHER,MIRRORS
30966251,0050000,BARREN COUNTY SHERIFF DEPT.,Accepted,BARREN,KY0090,,BURKESVILLE,RD,,,,,,,,36.957044,-85.86300622,13.709,12/21/2022,1719,1,1,0,0,CLEAR,DRY,FALSE,COLLISION WITH ANIMAL NON INTERSECTION,SINGLE VEHICLE,STRAIGHT & LEVEL,DARK-HWY NOT LIGHTED,,,44917.54968,FALSE,181,Accepted,5,5,O,ANIMALS ACTION,,
30966253,0050000,BARREN COUNTY SHERIFF DEPT.,Accepted,BARREN,KY0087,3873,AUSTIN TRACY,RD,,,,,,,,36.83896943,-86.04440759,10.861,12/20/2022,359,2,2,0,0,CLEAR,DRY,FALSE,1 VEHICLE PARKED POSITION (NOT PARKING LOT/DRIVEWAY),BACKING,STRAIGHT & LEVEL,DARK (UNKNOWN ROADWAY LIGHTING),,,44917.54976,FALSE,173,Accepted,5,5,O,,INATTENTION,
30966255,0050000,BARREN COUNTY SHERIFF DEPT.,Accepted,BARREN,KY0070,,HISEVILLE MAIN,ST,E,,,,,,,37.09552245,-85.80332127,15.818,12/21/2022,1100,2,2,0,3,CLEAR,DRY,FALSE,1 VEHICLE ENTERING/LEAVING ENTRANCE,ANGLE,STRAIGHT & GRADE,DAYLIGHT,,,44917.54989,FALSE,183,Accepted,5,3,B,,INATTENTION,
30966458,0050100,GLASGOW POLICE DEPARTMENT,Accepted,BARREN,KY0090,800,HAPPY VALLEY,RD,,,,US0031E,L ROGERS WELLS,,ENSMINGER,37.00976491,-85.92185147,9.896,12/19/2022,812,2,2,0,0,CLOUDY,DRY,FALSE,1 VEHICLE ENTERING/LEAVING ENTRANCE,ANGLE,STRAIGHT & LEVEL,DAYLIGHT,,,44917.59493,FALSE,2196,Accepted,5,5,O,,INATTENTION,"WINDOWS, WINDSHIELD"
30970078,0050100,GLASGOW POLICE DEPARTMENT,Accepted,BARREN,US0031EX,,RACE,ST,N,,,,,,,37.0016243,-85.90949374,1.928,12/14/2022,1938,2,2,0,0,RAINING,WET,FALSE,SIDESWIPE COLLISION - SAME DIRECTION,SIDESWIPE-SAME DIRECTION,STRAIGHT & LEVEL,DARK-HWY LIGHTED/ON,,,44919.31322,FALSE,34,Accepted,5,5,O,,INATTENTION,
30973994,0050100,GLASGOW POLICE DEPARTMENT,Accepted,BARREN,US0068X,,MAIN,ST,W,,,,INDUSTRIAL,,REYNOLDS,37.00797028,-85.93566139,1.026,12/16/2022,1414,2,2,0,0,CLEAR,DRY,FALSE,1 VEHICLE ENTERING/LEAVING ENTRANCE,ANGLE,STRAIGHT & LEVEL,DAYLIGHT,,,44921.80102,FALSE,2293,Accepted,5,5,O,,"FAILED TO KEEP PROPER LANE, FAILED TO YIELD RIGHT OF WAY",
30973995,0050100,GLASGOW POLICE DEPARTMENT,Accepted,BARREN,US0031E,312,L ROGERS WELLS,BLVD,N,,,,,,,37.00675421,-85.92523394,14.39,12/16/2022,1528,2,2,0,0,CLEAR,DRY,TRUE,1 VEHICLE PARKED POSITION (NOT PARKING LOT/DRIVEWAY),SIDESWIPE-OPPOSITE DIRECTION,STRAIGHT & LEVEL,DAYLIGHT,,,44921.8011,FALSE,2293,Accepted,5,5,O,OTHER,OTHER,OTHER
30973998,0050100,GLASGOW POLICE DEPARTMENT,Accepted,BARREN,KY1297,,OLD BOWLING GREEN,RD,,US0031E,L ROGERS WELLS,,,,,36.98934013,-85.93221314,12.806,12/24/2022,822,2,2,0,0,CLEAR,SNOW/SLUSH,FALSE,ANGLE COLLISION - OTHER,ANGLE,STRAIGHT & GRADE,DAYLIGHT,,,44921.80124,FALSE,2293,Accepted,5,5,O,,"INATTENTION, NOT UNDER PROPER CONTROL, TOO FAST FOR CONDITIONS",
30975634,0050000,BARREN COUNTY SHERIFF DEPT.,Accepted,BARREN,,105,BRISTLETOWN,RD,,,,,,,,36.93077108,-85.91721326,3.5,12/21/2022,1650,2,2,0,0,CLEAR,DRY,FALSE,COLLISION WITH FIXED OBJECT NON - INTERSECTION - FIRST EVENT COLLISION 09 - 32 EXCLUDING 16,SIDESWIPE-OPPOSITE DIRECTION,STRAIGHT & HILLCREST,DARK-HWY NOT LIGHTED,,,44922.37063,FALSE,146,Accepted,5,5,O,,DISTRACTION,
30975637,0050000,BARREN COUNTY SHERIFF DEPT.,Accepted,BARREN,,,PATTERSON,RD,,,,,,,,37.01967293,-86.12072161,0.717,12/24/2022,1126,1,1,0,0,CLEAR,ICE,FALSE,COLLISION WITH FIXED OBJECT NON - INTERSECTION - FIRST EVENT COLLISION 09 - 32 EXCLUDING 16,SINGLE VEHICLE,STRAIGHT & LEVEL,DAYLIGHT,,,44922.37071,FALSE,184,Accepted,5,5,O,SLIPPERY SURFACE,,
30975641,0050000,BARREN COUNTY SHERIFF DEPT.,Accepted,BARREN,,,MOORE,RD,,,,,,,,36.89814748,-85.77116873,0.787,12/25/2022,1510,2,2,0,0,CLEAR,SNOW/SLUSH,FALSE,1 VEHICLE PARKED POSITION (NOT PARKING LOT/DRIVEWAY),BACKING,STRAIGHT & LEVEL,DAYLIGHT,,,44922.37077,FALSE,184,Accepted,5,5,O,,INATTENTION,
30975643,0050000,BARREN COUNTY SHERIFF DEPT.,Accepted,BARREN,KY1297,7800,OLD BOWLING GREEN,RD,,,,,,,,36.98461732,-86.05313271,5.65,12/25/2022,645,1,1,0,0,CLEAR,ICE,FALSE,OTHER COLLISIONS ON SHOULDER,SINGLE VEHICLE,CURVE & GRADE,DAYLIGHT,,,44922.37083,FALSE,146,Accepted,5,5,O,SLIPPERY SURFACE,,
30975648,0050000,BARREN COUNTY SHERIFF DEPT.,Accepted,BARREN,,,POYNTER,RD,,,,,,,,37.05196567,-85.91893199,0.33,12/23/2022,838,1,1,0,0,CLEAR,SNOW/SLUSH,FALSE,OTHER COLLISIONS ON SHOULDER,SINGLE VEHICLE,CURVE & GRADE,DAYLIGHT,,,44922.3709,FALSE,167,Accepted,5,5,O,SLIPPERY SURFACE,,
30975651,0050000,BARREN COUNTY SHERIFF DEPT.,Accepted,BARREN,,,LECTA KINO,RD,,,,,,,,37.00270927,-85.84889327,0.576,12/26/2022,1411,1,1,0,0,CLOUDY,SNOW/SLUSH,FALSE,OTHER COLLISIONS ON SHOULDER,SINGLE VEHICLE,CURVE & GRADE,DAYLIGHT,,,44922.37103,FALSE,167,Accepted,5,5,O,SLIPPERY SURFACE,,
30975652,0050000,BARREN COUNTY SHERIFF DEPT.,Accepted,BARREN,KY0249,,ROSEVILLE,RD,,,,,,,,36.98032391,-85.9131834,15.451,12/26/2022,1040,2,2,0,0,SNOWING,SNOW/SLUSH,FALSE,SIDESWIPE COLLISION - OPPOSITE DIRECTION,SIDESWIPE-OPPOSITE DIRECTION,CURVE & HILLCREST,DAYLIGHT,,,44922.37107,FALSE,146,Accepted,5,5,O,SLIPPERY SURFACE,,
30975659,0050000,BARREN COUNTY SHERIFF DEPT.,Accepted,BARREN,US0068,,NEW BOWLING GREEN,RD,,,,,,,,37.01941256,-86.04070367,5.031,12/21/2022,2224,2,2,0,0,CLEAR,DRY,FALSE,REAR END IN TRAFFIC LANES BOTH VEHICLES MOVING,REAR END,STRAIGHT & LEVEL,DARK-HWY NOT LIGHTED,,,44922.37132,FALSE,174,Accepted,5,5,O,,INATTENTION,
30975660,0050000,BARREN COUNTY SHERIFF DEPT.,Accepted,BARREN,US0031E,,SCOTTSVILLE,RD,,,,,,,,36.91209336,-85.99940584,6.478,12/23/2022,1749,1,1,0,0,SNOWING,ICE,FALSE,RAN OFF ROADWAY (1 VEHICLE WITH/EARTH EMBANKMENT/DITCH),SINGLE VEHICLE,STRAIGHT & GRADE,DARK-HWY NOT LIGHTED,,,44922.37137,FALSE,174,Accepted,5,5,O,SLIPPERY SURFACE,NOT UNDER PROPER CONTROL,
30976368,0050100,GLASGOW POLICE DEPARTMENT,Accepted,BARREN,US0031E,,L ROGERS WELLS,BLVD,N,,SMITH,,,,,37.00582662,-85.9245315,14.438,12/18/2022,1724,2,2,0,0,CLEAR,DRY,FALSE,ANGLE COLLISION - OTHER,ANGLE,STRAIGHT & LEVEL,DARK-HWY LIGHTED/ON,,,44922.46286,FALSE,2225,Accepted,5,5,O,,"FAILED TO YIELD RIGHT OF WAY, INATTENTION",
30976369,0050100,GLASGOW POLICE DEPARTMENT,Accepted,BARREN,KY0090,,HAPPY VALLEY,RD,,,MAX WAGNER,,,,,37.02300521,-85.93463036,8.712,12/19/2022,1625,2,2,0,1,CLOUDY,DRY,FALSE,ANGLE COLLISION - OTHER,ANGLE,STRAIGHT & GRADE,DAYLIGHT,,,44922.46291,FALSE,2225,Accepted,5,4,C,,DISREGARD TRAFFIC CONTROL,
30976423,0050200,CAVE CITY POLICE DEPARTMENT,Accepted,BARREN,US0031W,1224,DIXIE,HWY,N,,,,,,,37.15057086,-85.93653185,8.848,12/3/2022,1741,2,2,0,1,CLEAR,DRY,FALSE,REAR END IN TRAFFIC LANES BOTH VEHICLES MOVING,REAR END,STRAIGHT & LEVEL,DARK-HWY NOT LIGHTED,,,44922.47223,FALSE,610,Accepted,2,2,A,,FAILED TO YIELD RIGHT OF WAY,
30977142,0050000,BARREN COUNTY SHERIFF DEPT.,Accepted,BARREN,LN9008,,LN9008 E,,,,,,,,,36.99640253,-85.99042502,8.082,12/24/2022,1051,1,1,0,0,SNOWING,ICE,FALSE,RAN OFF ROADWAY (1 VEHICLE WITH/EARTH EMBANKMENT/DITCH),SINGLE VEHICLE,STRAIGHT & LEVEL,DAYLIGHT,,,44922.64659,FALSE,125,Accepted,5,5,O,SLIPPERY SURFACE,,
30977145,0050000,BARREN COUNTY SHERIFF DEPT.,Accepted,BARREN,KY0740,,CORAL HILL,RD,,,,,,,,37.04156243,-85.86213924,2.374,12/24/2022,844,1,1,0,0,CLOUDY,ICE,FALSE,RAN OFF ROADWAY (1 VEHICLE WITH/EARTH EMBANKMENT/DITCH),SINGLE VEHICLE,CURVE & GRADE,DAYLIGHT,,,44922.64675,FALSE,125,Accepted,5,5,O,SLIPPERY SURFACE,,
30977148,0050000,BARREN COUNTY SHERIFF DEPT.,Accepted,BARREN,,,TRACY,RD,,,,,,,,36.78511686,-85.94159049,2.362,12/26/2022,1018,2,2,0,1,SNOWING,ICE,FALSE,REAR END IN TRAFFIC LANES BOTH VEHICLES MOVING,REAR END,CURVE & GRADE,DAYLIGHT,,,44922.64682,FALSE,170,Accepted,5,4,C,SLIPPERY SURFACE,,
30977149,0050000,BARREN COUNTY SHERIFF DEPT.,Accepted,BARREN,KY0249,,ROSEVILLE,RD,,,,,,,,36.94734102,-85.92071209,13.036,12/23/2022,803,1,1,0,0,SNOWING,SNOW/SLUSH,FALSE,RAN OFF ROADWAY (1 VEHICLE WITH/EARTH EMBANKMENT/DITCH),SINGLE VEHICLE,CURVE & GRADE,DAYLIGHT,,,44922.64689,FALSE,125,Accepted,5,5,O,SLIPPERY SURFACE,,
30983317,0050100,GLASGOW POLICE DEPARTMENT,Accepted,BARREN,KY0090,,MAIN,ST,E,,BROADWAY,,,,,36.99545801,-85.91075193,9.924,12/19/2022,1157,2,2,0,0,CLEAR,DRY,FALSE,OTHER INTERSECTION COLLISIONS,REAR END,STRAIGHT & LEVEL,DAYLIGHT,,,44924.3307,FALSE,2298,Accepted,5,5,O,,INATTENTION,
30983633,0050100,GLASGOW POLICE DEPARTMENT,Accepted,BARREN,KY1297,,OLD BOWLING GREEN,RD,,US0031E,L ROGERS WELLS,,,,,36.98933691,-85.93221476,12.806,12/23/2022,1738,2,2,0,0,CLOUDY,ICE,FALSE,ANGLE COLLISION - OTHER,ANGLE,STRAIGHT & GRADE,DARK-HWY LIGHTED/ON,,,44924.37098,FALSE,2196,Accepted,5,5,O,,TOO FAST FOR CONDITIONS,
30983772,0050000,BARREN COUNTY SHERIFF DEPT.,Accepted,BARREN,KY0090,,BURKESVILLE,RD,,,,,,,,36.96393643,-85.87776034,12.798,12/27/2022,1301,1,1,0,1,CLEAR,WET,FALSE,COLLISION WITH FIXED OBJECT NON - INTERSECTION - FIRST EVENT COLLISION 09 - 32 EXCLUDING 16,SINGLE VEHICLE,STRAIGHT & LEVEL,DAYLIGHT,,,44924.38714,FALSE,167,Accepted,5,4,C,,"DISTRACTION, INATTENTION, OVERCORRECTING/OVERSTEERING",