IncidentID,AgencyORI,AgencyName,IncidentStatusDesc,County,RdwyNumber,Street,RoadwayName,StreetSfx,StreetDir,IntersectionRdwy,IntersectionRdwyName,BetweenStRdwy1,BetweenStRdwyName1,BetweenStRdwy2,BetweenStRdwyName2,Latitude,Longitude,Milepoint,CollisionDate,CollisionTime,UnitsInvolved,MotorVehiclesInvolved,NumberKilled,NumberInjured,Weather,RdwyConditionCode,HitandRun,DirAnalysisCode,MannerofCollision,RdwyCharacter,LightCondition,RampFromRdwyId,RampToRdwyId,AcceptedDate,IsSecondaryCollision,OwnerBadge,IncidentStatus,InjurySeverityCde,KABCO_Code,KABCO,Environmental_Factors,Human_Factors,Vehicular_Factors
30983774,0050000,BARREN COUNTY SHERIFF DEPT.,Accepted,BARREN,US0068,,NEW BOWLING GREEN,RD,,,,,,,,37.0165005,-85.99023068,7.933,12/28/2022,839,1,1,0,1,CLEAR,DRY,FALSE,OTHER COLLISIONS ON SHOULDER,SINGLE VEHICLE,CURVE & GRADE,DAYLIGHT,,,44924.38721,FALSE,167,Accepted,5,4,C,ANIMALS ACTION,OVERCORRECTING/OVERSTEERING,
30986107,0050100,GLASGOW POLICE DEPARTMENT,Accepted,BARREN,KY1297,,OLD BOWLING GREEN,RD,,US0031E,L ROGERS WELLS,,,,,36.98934041,-85.93221337,12.806,12/26/2022,852,2,2,0,0,SNOWING,SNOW/SLUSH,TRUE,ANGLE COLLISION - OTHER,ANGLE,STRAIGHT & GRADE,DAYLIGHT,,,44924.8422,FALSE,2293,Accepted,5,5,O,,"INATTENTION, NOT UNDER PROPER CONTROL, TOO FAST FOR CONDITIONS",TIRES
30988546,0050000,BARREN COUNTY SHERIFF DEPT.,Accepted,BARREN,KY0090,,HAPPY VALLEY,RD,,,HARRY KING,,,,,37.05633325,-85.9537049,6.166,12/22/2022,2145,1,1,0,0,SNOWING,SNOW/SLUSH,FALSE,COLLISION WITH FIXED OBJECT IN INTERSECTION - FIRST EVENT COLLISION 09 - 32,SINGLE VEHICLE,STRAIGHT & LEVEL,DARK-HWY NOT LIGHTED,,,44925.62853,FALSE,163,Accepted,5,5,O,"OTHER, SLIPPERY SURFACE",,
30988547,0050000,BARREN COUNTY SHERIFF DEPT.,Accepted,BARREN,KY0090,,BURKESVILLE,RD,,,SILOAM,,,,,36.9645689,-85.8785332,12.733,12/28/2022,2028,2,2,0,1,CLEAR,DRY,TRUE,ANGLE COLLISION - OTHER,ANGLE,STRAIGHT & GRADE,DARK-HWY NOT LIGHTED,,,44925.62859,FALSE,163,Accepted,5,4,C,,"FAILED TO YIELD RIGHT OF WAY, INATTENTION",
30990956,0050100,GLASGOW POLICE DEPARTMENT,Accepted,BARREN,,,CHERRY,ST,W,,WALL,,,,,37.00805925,-85.92133453,0.075,12/29/2022,1405,2,2,0,0,RAINING,WET,FALSE,ANGLE COLLISION - OTHER,ANGLE,STRAIGHT & LEVEL,DAYLIGHT,,,44926.3487,FALSE,2260,Accepted,5,5,O,,INATTENTION,
30990961,0050100,GLASGOW POLICE DEPARTMENT,Accepted,BARREN,,408,CHERRY,ST,W,,,,MILTON,,PRESTON,37.00288767,-85.91257912,0.684,12/29/2022,2140,2,2,0,0,CLOUDY,DRY,FALSE,1 VEHICLE PARKED POSITION (NOT PARKING LOT/DRIVEWAY),SIDESWIPE-SAME DIRECTION,STRAIGHT & LEVEL,DARK-HWY LIGHTED/ON,,,44926.34886,FALSE,2666,Accepted,5,5,O,,INATTENTION,
30991189,KSP0300,"KY STATE POLICE, POST 03",Accepted,BARREN,,,OLD MUNFORDVILLE,RD,,,,,,,,37.07897815,-85.90220104,2.32,12/19/2022,1650,2,2,0,1,CLEAR,DRY,FALSE,COLLISION WITH ANIMAL NON INTERSECTION,REAR END,STRAIGHT & HILLCREST,DARK-HWY NOT LIGHTED,,,44926.49135,FALSE,632,Accepted,5,3,B,ANIMALS ACTION,INATTENTION,
30998316,0050000,BARREN COUNTY SHERIFF DEPT.,Accepted,BARREN,US0031E,,SCOTTSVILLE,RD,,,,,,,,36.93570735,-85.98684725,8.339,11/26/2022,1803,2,2,0,1,CLEAR,WET,FALSE,1 VEHICLE ENTERING/LEAVING ENTRANCE,ANGLE,STRAIGHT & LEVEL,DARK-HWY NOT LIGHTED,,,44928.547,FALSE,181,Accepted,5,3,B,,TURNING IMPROPERLY,
30998318,0050000,BARREN COUNTY SHERIFF DEPT.,Accepted,BARREN,US0068,,EDMONTON,RD,,,,,,,,37.01084701,-85.87365639,15.936,12/29/2022,1718,2,2,0,1,CLEAR,WET,FALSE,HEAD-ON COLLISION,HEAD ON,STRAIGHT & LEVEL,DARK-HWY NOT LIGHTED,,,44928.54711,FALSE,181,Accepted,3,3,B,,"MISJUDGE CLEARANCE, TURNING IMPROPERLY",
30999927,0050100,GLASGOW POLICE DEPARTMENT,Accepted,BARREN,KY0090,,HAPPY VALLEY,RD,,,MAX WAGNER,,,,,37.02299622,-85.93463497,8.713,12/27/2022,1410,2,2,0,0,CLEAR,DRY,FALSE,OTHER INTERSECTION COLLISIONS,REAR END,STRAIGHT & HILLCREST,DAYLIGHT,,,44928.79578,FALSE,32,Accepted,5,5,O,,INATTENTION,
31001805,0050100,GLASGOW POLICE DEPARTMENT,Accepted,BARREN,,,ROGERS,RD,,,SHANE,,,,,37.0050524,-85.92760507,0.224,12/30/2022,1523,2,2,0,0,CLOUDY,DRY,FALSE,ANGLE COLLISION - OTHER,ANGLE,STRAIGHT & LEVEL,DAYLIGHT,,,44929.3661,FALSE,2196,Accepted,5,5,O,,INATTENTION,
31001930,0050100,GLASGOW POLICE DEPARTMENT,Accepted,BARREN,US0068X,,COLUMBIA,AVE,,,GRAND,,,,,37.00160709,-85.89954109,3.378,12/29/2022,810,2,2,0,2,CLOUDY,DRY,FALSE,ANGLE COLLISION - OTHER,ANGLE,STRAIGHT & HILLCREST,DAYLIGHT,,,44929.37881,FALSE,2264,Accepted,5,4,C,,"INATTENTION, MISJUDGE CLEARANCE",
31017363,0050100,GLASGOW POLICE DEPARTMENT,Accepted,BARREN,KY0090,,MAIN,ST,E,,,US0068X,MAIN,US0068X,MAIN,36.99544011,-85.91076593,9.923,1/3/2023,912,2,2,0,0,RAINING,WET,FALSE,1 VEHICLE ENTERING/LEAVING ENTRANCE,ANGLE,STRAIGHT & LEVEL,DAYLIGHT,,,44930.44448,FALSE,2299,Accepted,5,5,O,,"DISREGARD TRAFFIC CONTROL, INATTENTION",
31017364,0050100,GLASGOW POLICE DEPARTMENT,Accepted,BARREN,US0068,,NEW GLASGOW,RD,,,,US0068,NEW BOWLING GREEN,US0068,VETERANS OUTER,37.01203063,-85.95301399,10.047,1/3/2023,1247,3,3,0,0,RAINING,WET,FALSE,1 VEHICLE ENTERING/LEAVING ENTRANCE,ANGLE,STRAIGHT & LEVEL,DAYLIGHT,,,44930.44454,TRUE,2299,Accepted,5,5,O,,"FAILED TO YIELD RIGHT OF WAY, INATTENTION",
31017367,0050100,GLASGOW POLICE DEPARTMENT,Accepted,BARREN,KY0090,,HAPPY VALLEY,RD,,,PIN OAK,,,,,37.01121824,-85.92446489,9.717,1/3/2023,1400,2,2,0,0,CLOUDY,WET,FALSE,ANGLE COLLISION - ONE VEHICLE TURNING LEFT,ANGLE,STRAIGHT & LEVEL,DAYLIGHT,,,44930.4446,FALSE,2260,Accepted,5,5,O,SLIPPERY SURFACE,"FAILED TO YIELD RIGHT OF WAY, INATTENTION",
31039753,0050100,GLASGOW POLICE DEPARTMENT,Accepted,BARREN,,,PROFESSIONAL PARK,DR,,,,US0031EX,RACE,,TRISTA,37.01021781,-85.90320006,0.002,1/4/2023,953,2,2,0,0,CLEAR,DRY,FALSE,REAR END IN TRAFFIC LANES BOTH VEHICLES MOVING,REAR END,STRAIGHT & LEVEL,DAYLIGHT,,,44930.80159,FALSE,2299,Accepted,5,5,O,,INATTENTION,
31041695,0050000,BARREN COUNTY SHERIFF DEPT.,Accepted,BARREN,US0031E,,SCOTTSVILLE,RD,,,,,,,,36.89681503,-86.01226915,5.11,12/31/2022,1830,2,2,0,3,FOG,WET,FALSE,HEAD-ON COLLISION,HEAD ON,CURVE & LEVEL,DARK-HWY NOT LIGHTED,,,44931.33435,FALSE,181,Accepted,5,2,A,,"ALCOHOL INVOLVEMENT, FAILED TO KEEP PROPER LANE, NOT UNDER PROPER CONTROL",
31041703,0050000,BARREN COUNTY SHERIFF DEPT.,Accepted,BARREN,KY0740,,CORAL HILL,RD,,,,,,,,37.01869354,-85.87592711,0.558,12/31/2022,1637,2,2,0,0,CLOUDY,WET,FALSE,HEAD-ON COLLISION,HEAD ON,STRAIGHT & LEVEL,DAYLIGHT,,,44931.3346,FALSE,174,Accepted,5,5,O,SLIPPERY SURFACE,"FAILED TO KEEP PROPER LANE, NOT UNDER PROPER CONTROL",
31041704,0050000,BARREN COUNTY SHERIFF DEPT.,Accepted,BARREN,US0031E,,SCOTTSVILLE,RD,,,,,,,,36.89765093,-86.0116676,5.172,12/31/2022,1900,2,2,0,0,FOG,WET,FALSE,1 VEHICLE PARKED POSITION (NOT PARKING LOT/DRIVEWAY),BACKING,STRAIGHT & LEVEL,DARK-HWY NOT LIGHTED,,,44931.33466,FALSE,174,Accepted,5,5,O,"VIEW OBSTRUCTED, LIMITED DUE TO WEATHER CONDITIONS",INATTENTION,
31041705,0050000,BARREN COUNTY SHERIFF DEPT.,Accepted,BARREN,US0068,,EDMONTON,RD,,,,,,,,37.00594292,-85.75080279,23.135,12/31/2022,1950,1,1,0,0,FOG,WET,FALSE,COLLISION WITH ANIMAL NON INTERSECTION,SINGLE VEHICLE,STRAIGHT & LEVEL,DARK-HWY NOT LIGHTED,,,44931.33472,FALSE,182,Accepted,5,5,O,ANIMALS ACTION,,
31041710,0050000,BARREN COUNTY SHERIFF DEPT.,Accepted,BARREN,,,OLD MUNFORDVILLE,RD,,,,,,,,37.03596812,-85.91994303,0.207,1/1/2023,116,1,1,0,0,FOG WITH RAIN,WET,FALSE,RAN OFF ROADWAY (1 VEHICLE WITH/EARTH EMBANKMENT/DITCH),SINGLE VEHICLE,CURVE & GRADE,DARK-HWY NOT LIGHTED,,,44931.33485,FALSE,174,Accepted,5,5,O,"SLIPPERY SURFACE, VIEW OBSTRUCTED, LIMITED DUE TO WEATHER CONDITIONS",,
31041830,0050100,GLASGOW POLICE DEPARTMENT,Accepted,BARREN,US0068X,,MAIN,ST,W,US0031E,L ROGERS WELLS,,,,,37.00205965,-85.9264456,1.689,1/4/2023,1425,2,2,0,0,CLEAR,DRY,FALSE,ANGLE COLLISION - OTHER,ANGLE,STRAIGHT & HILLCREST,DAYLIGHT,,,44931.35176,FALSE,2196,Accepted,5,5,O,GLARE (SUN),INATTENTION,
31047123,0050000,BARREN COUNTY SHERIFF DEPT.,Accepted,BARREN,,4038,OLD MUNFORDVILLE,RD,,,,,,,,37.06709439,-85.90461004,1.474,1/2/2023,1526,2,2,0,0,CLOUDY,DRY,FALSE,VEHICLE BACKING NON INTERSECTION,BACKING,STRAIGHT & LEVEL,DAYLIGHT,,,44932.36919,FALSE,167,Accepted,5,5,O,,MISJUDGE CLEARANCE,
31048807,0050200,CAVE CITY POLICE DEPARTMENT,Accepted,BARREN,US0031W,,DIXIE,HWY,S,,,,,,,37.13560743,-85.95601229,7.389,12/20/2022,1830,2,2,0,0,CLOUDY,DRY,FALSE,1 VEHICLE ENTERING/LEAVING ENTRANCE,ANGLE,STRAIGHT & LEVEL,DARK-HWY LIGHTED/ON,,,44932.6232,FALSE,605,Accepted,5,5,O,,INATTENTION,
31048813,0050200,CAVE CITY POLICE DEPARTMENT,Accepted,BARREN,KY0070,,MAMMOTH CAVE,RD,,KY0070,MAMMOTH CAVE,,,,,37.13462893,-85.97480529,5.324,12/24/2022,1808,2,2,0,0,CLEAR,ICE,TRUE,SIDESWIPE-SAME DIRECTION,SIDESWIPE-SAME DIRECTION,STRAIGHT & HILLCREST,DARK-HWY LIGHTED/ON,,,44932.62349,FALSE,610,Accepted,5,5,O,SLIPPERY SURFACE,,
31048814,0050200,CAVE CITY POLICE DEPARTMENT,Accepted,BARREN,KY2746,,GRINSTEAD MILL,RD,,,,,,,,37.15597401,-85.96930471,0.083,12/24/2022,1647,1,1,0,0,CLEAR,ICE,FALSE,RAN OFF ROADWAY (1 VEHICLE WITH/EARTH EMBANKMENT/DITCH),SINGLE VEHICLE,CURVE & LEVEL,DUSK,,,44932.62357,FALSE,607,Accepted,5,5,O,SLIPPERY SURFACE,ALCOHOL INVOLVEMENT,
31048816,0050200,CAVE CITY POLICE DEPARTMENT,Accepted,BARREN,,,SANDERS,ST,,,,,,,,37.13449768,-85.97186648,0.039,12/24/2022,1315,2,2,0,0,CLEAR,SNOW/SLUSH,FALSE,COLLISION WITH FIXED OBJECT NON - INTERSECTION - FIRST EVENT COLLISION 09 - 32 EXCLUDING 16,BACKING,STRAIGHT & LEVEL,DAYLIGHT,,,44932.62367,FALSE,608,Accepted,5,5,O,GLARE (SUN),IMPROPER BACKING,
31048819,0050200,CAVE CITY POLICE DEPARTMENT,Accepted,BARREN,US0031W,,DIXIE,HWY,S,,,,,,,37.12856871,-85.96250595,6.81,12/22/2022,1420,2,2,0,0,CLOUDY,DRY,FALSE,COLLISION WITH FIXED OBJECT NON - INTERSECTION - FIRST EVENT COLLISION 09 - 32 EXCLUDING 16,SIDESWIPE-SAME DIRECTION,STRAIGHT & LEVEL,DAYLIGHT,,,44932.62374,FALSE,608,Accepted,5,5,O,,FAILED TO KEEP PROPER LANE,
31048820,0050200,CAVE CITY POLICE DEPARTMENT,Accepted,BARREN,KY0090,,HAPPY VALLEY,ST,E,,,,,,,37.12383193,-85.96164713,1.139,12/21/2022,624,3,3,0,1,CLEAR,DRY,FALSE,COLLISION WITH FIXED OBJECT NON - INTERSECTION - FIRST EVENT COLLISION 09 - 32 EXCLUDING 16,REAR TO REAR,STRAIGHT & LEVEL,DAYLIGHT,,,44932.62379,FALSE,608,Accepted,3,3,B,,INATTENTION,
31048828,0050200,CAVE CITY POLICE DEPARTMENT,Accepted,BARREN,US0031W,,DIXIE,HWY,S,,,,,,,37.12834055,-85.96278388,6.789,12/30/2022,810,2,2,0,0,CLEAR,WET,FALSE,COLLISION WITH FIXED OBJECT NON - INTERSECTION - FIRST EVENT COLLISION 09 - 32 EXCLUDING 16,SIDESWIPE-SAME DIRECTION,STRAIGHT & LEVEL,DAYLIGHT,,,44932.62397,FALSE,608,Accepted,5,5,O,,"DISTRACTION, INATTENTION",
31050650,0050100,GLASGOW POLICE DEPARTMENT,Accepted,BARREN,US0068,,VETERANS OUTER,LOOP,,,BEAVER,,,,,37.02243348,-85.93843712,11.128,12/22/2022,1544,2,2,0,0,CLEAR,DRY,FALSE,OTHER INTERSECTION COLLISIONS,REAR END,STRAIGHT & LEVEL,DUSK,,,44933.02882,FALSE,48,Accepted,5,5,O,,INATTENTION,
31050658,0050100,GLASGOW POLICE DEPARTMENT,Accepted,BARREN,US0068X,,NEW BOWLING GREEN,RD,,,DONNELLEY,,,,,37.0112536,-85.95012027,0.169,1/6/2023,726,2,2,0,0,CLEAR,DRY,FALSE,ANGLE COLLISION - OTHER,ANGLE,STRAIGHT & LEVEL,DAYLIGHT,,,44933.02902,FALSE,2246,Accepted,5,5,O,,INATTENTION,
31054550,0050100,GLASGOW POLICE DEPARTMENT,Accepted,BARREN,KY0090,,BURKESVILLE,RD,,,,LN9008,LN9008 W EXIT14 OFF RAMP TO KY90 W,,LENNA,36.98419981,-85.89532773,11.097,12/26/2022,1007,2,2,0,0,SNOWING,SNOW/SLUSH,FALSE,1 VEHICLE ENTERING/LEAVING ENTRANCE,ANGLE,STRAIGHT & LEVEL,DAYLIGHT,,,44934.30387,FALSE,2268,Accepted,5,5,O,SLIPPERY SURFACE,NOT UNDER PROPER CONTROL,
31055859,0050100,GLASGOW POLICE DEPARTMENT,Accepted,BARREN,,,LONGHUNTERS,TRL,,,LEXINGTON,,,,,37.0245931,-85.91639977,0.993,1/3/2023,1640,2,2,0,0,CLOUDY,WET,FALSE,REAR END - ONE VEHICLE TURNING LEFT,REAR END,STRAIGHT & LEVEL,DARK (UNKNOWN ROADWAY LIGHTING),,,44934.79943,FALSE,2279,Accepted,5,5,O,,INATTENTION,
31058236,0050100,GLASGOW POLICE DEPARTMENT,Accepted,BARREN,US0031EX,,PUBLIC,SQ,N,,,US0031EX,US31E BUS TURN LANE,US0031EX,US31E BUS TURN LANE,36.99609382,-85.91236428,1.489,1/5/2023,1814,2,2,0,0,CLEAR,DRY,FALSE,VEHICLE BACKING NON INTERSECTION,BACKING,STRAIGHT & LEVEL,DARK-HWY NOT LIGHTED,,,44935.36276,FALSE,2225,Accepted,5,5,O,,INATTENTION,
31058239,0050100,GLASGOW POLICE DEPARTMENT,Accepted,BARREN,KY0090,,HAPPY VALLEY,RD,,,,US0031E,L ROGERS WELLS,,ENSMINGER,37.00979814,-85.92190693,9.892,1/6/2023,1142,2,2,0,0,CLEAR,DRY,FALSE,1 VEHICLE ENTERING/LEAVING ENTRANCE,ANGLE,STRAIGHT & LEVEL,DAYLIGHT,,,44935.36288,FALSE,2196,Accepted,5,5,O,GLARE (SUN),INATTENTION,
31058240,0050100,GLASGOW POLICE DEPARTMENT,Accepted,BARREN,US0031EX,,PUBLIC,SQ,E,,,US0031EX,PUBLIC,,GREEN,36.99554642,-85.91207239,1.439,1/6/2023,1227,2,2,0,0,CLEAR,DRY,FALSE,VEHICLE BACKING NON INTERSECTION,BACKING,CURVE & HILLCREST,DAYLIGHT,,,44935.36301,FALSE,2196,Accepted,5,5,O,,INATTENTION,
31058463,0050000,BARREN COUNTY SHERIFF DEPT.,Accepted,BARREN,,,WILDERNESS,TRL,,,,,,,,37.14293788,-86.03637496,0.114,1/5/2023,1919,1,1,0,0,CLEAR,DRY,FALSE,COLLISION WITH ANIMAL NON INTERSECTION,SINGLE VEHICLE,STRAIGHT & LEVEL,DARK-HWY NOT LIGHTED,,,44935.38914,FALSE,174,Accepted,5,5,O,ANIMALS ACTION,,
31058465,0050000,BARREN COUNTY SHERIFF DEPT.,Accepted,BARREN,,,DRIPPING SPRINGS,RD,,,,,,,,37.04217323,-85.9626233,6.223,1/8/2023,1746,1,1,0,0,CLEAR,DRY,FALSE,COLLISION WITH ANIMAL NON INTERSECTION,SINGLE VEHICLE,STRAIGHT & HILLCREST,DARK-HWY NOT LIGHTED,,,44935.3892,FALSE,184,Accepted,5,5,O,ANIMALS ACTION,,
31058467,0050000,BARREN COUNTY SHERIFF DEPT.,Accepted,BARREN,,,MAYFIELD MILL,RD,,,,,,,,37.06476139,-85.81319824,0.164,1/6/2023,535,2,2,0,0,CLOUDY,DRY,FALSE,SIDESWIPE COLLISION - OPPOSITE DIRECTION,SIDESWIPE-OPPOSITE DIRECTION,STRAIGHT & LEVEL,DARK-HWY LIGHTED/OFF,,,44935.38927,FALSE,157,Accepted,5,5,O,,,OTHER
31059033,0050100,GLASGOW POLICE DEPARTMENT,Accepted,BARREN,US0031EX,,PUBLIC,SQ,E,,,,,,,36.995366,-85.91218297,1.428,1/6/2023,1158,2,2,0,0,CLEAR,DRY,FALSE,1 VEHICLE PARKED POSITION (NOT PARKING LOT/DRIVEWAY),OPPOSING LEFT TURN,CURVE & LEVEL,DAYLIGHT,,,44935.46181,FALSE,2300,Accepted,5,5,O,,,TIRE FAILURE
31059034,0050100,GLASGOW POLICE DEPARTMENT,Accepted,BARREN,,,CHERRY,ST,E,US0068X,COLUMBIA,,,,,36.99816592,-85.90602441,0.319,1/5/2023,1444,2,2,0,0,CLEAR,DRY,FALSE,OPPOSING LEFT TURN,OPPOSING LEFT TURN,STRAIGHT & GRADE,DAYLIGHT,,,44935.46188,FALSE,2285,Accepted,5,5,O,GLARE (SUN),FAILED TO YIELD RIGHT OF WAY,
31059037,0050100,GLASGOW POLICE DEPARTMENT,Accepted,BARREN,KY0090,,HAPPY VALLEY,RD,,,,,,,,37.01087081,-85.92397986,9.69,1/6/2023,1537,2,2,0,0,CLEAR,DRY,FALSE,SIDESWIPE COLLISION - SAME DIRECTION,SIDESWIPE-SAME DIRECTION,STRAIGHT & LEVEL,DAYLIGHT,,,44935.46198,FALSE,2289,Accepted,5,5,O,,MISJUDGE CLEARANCE,
31065777,0050000,BARREN COUNTY SHERIFF DEPT.,Accepted,BARREN,KY0090,,BURKESVILLE,RD,,,,,,,,36.92272845,-85.80207337,17.941,1/7/2023,1534,1,1,0,1,CLOUDY,DRY,FALSE,OTHER COLLISIONS ON SHOULDER,SINGLE VEHICLE,STRAIGHT & LEVEL,DAYLIGHT,,,44936.64968,FALSE,167,Accepted,3,3,B,,ALCOHOL INVOLVEMENT,
31065782,0050000,BARREN COUNTY SHERIFF DEPT.,Accepted,BARREN,LN9008,,LN9008 E,,,,,,,,,37.03373696,-86.05474587,3.67,1/10/2023,916,1,1,0,0,CLEAR,DRY,FALSE,COLLISION WITH ANIMAL NON INTERSECTION,SINGLE VEHICLE,STRAIGHT & LEVEL,DAYLIGHT,,,44936.64999,FALSE,170,Accepted,5,5,O,ANIMALS ACTION,,
31069566,0050100,GLASGOW POLICE DEPARTMENT,Accepted,BARREN,KY0090,,HAPPY VALLEY,RD,,,ENSMINGER,,,,,37.01002545,-85.92244611,9.858,1/6/2023,244,2,1,0,0,CLEAR,DRY,FALSE,ANGLE COLLISION - ONE VEHICLE TURNING LEFT,ANGLE,STRAIGHT & LEVEL,DAYLIGHT,,,44937.34597,FALSE,2285,Accepted,5,5,O,,"DISREGARD TRAFFIC CONTROL, FAILED TO YIELD RIGHT OF WAY",
31069776,KSP0300,"KY STATE POLICE, POST 03",Accepted,BARREN,KY0249,,ROSEVILLE,RD,,,,,,,,36.8625205,-85.92338956,6.946,1/8/2023,1851,1,1,0,0,CLEAR,DRY,FALSE,COLLISION WITH ANIMAL NON INTERSECTION,SINGLE VEHICLE,STRAIGHT & LEVEL,DARK-HWY NOT LIGHTED,,,44937.4098,FALSE,291,Accepted,5,5,O,ANIMALS ACTION,,
31089690,0050000,BARREN COUNTY SHERIFF DEPT.,Accepted,BARREN,KY0087,,AUSTIN TRACY,RD,,,,,,,,36.85289058,-86.05171807,12.14,1/10/2023,1819,2,2,0,0,CLEAR,DRY,FALSE,SIDESWIPE COLLISION - OPPOSITE DIRECTION,SIDESWIPE-OPPOSITE DIRECTION,CURVE & LEVEL,DARK-HWY NOT LIGHTED,,,44939.35455,FALSE,181,Accepted,5,5,O,,,
31089948,0050100,GLASGOW POLICE DEPARTMENT,Accepted,BARREN,KY0090,,HAPPY VALLEY,RD,,,MAX WAGNER,,,,,37.02306019,-85.93474622,8.704,1/11/2023,1152,2,2,0,0,CLOUDY,DRY,FALSE,ANGLE COLLISION - OTHER,ANGLE,STRAIGHT & LEVEL,DAYLIGHT,,,44939.3913,FALSE,2289,Accepted,5,5,O,,DISREGARD TRAFFIC CONTROL,
31092717,0050100,GLASGOW POLICE DEPARTMENT,Accepted,BARREN,US0031E,,L ROGERS WELLS,BLVD,S,,COMMERCIAL AVE CONN,,,,,36.99852131,-85.92817373,13.996,1/12/2023,1443,2,2,0,0,CLOUDY,WET,FALSE,ANGLE COLLISION - ONE VEHICLE TURNING LEFT,ANGLE,STRAIGHT & LEVEL,DAYLIGHT,,,44939.80236,FALSE,2666,Accepted,5,5,O,,INATTENTION,
31092718,0050100,GLASGOW POLICE DEPARTMENT,Accepted,BARREN,US0031E,,L ROGERS WELLS,BLVD,S,,,,CAVALRY,,CLEVELAND,36.98480928,-85.93161588,12.982,1/12/2023,1649,2,2,0,0,CLOUDY,WET,FALSE,REAR END IN TRAFFIC LANES BOTH VEHICLES MOVING,REAR END,STRAIGHT & LEVEL,DARK-HWY LIGHTED/ON,,,44939.80242,FALSE,2666,Accepted,5,5,O,,DISTRACTION,
31092719,0050100,GLASGOW POLICE DEPARTMENT,Accepted,BARREN,US0031E,,SCOTTSVILLE,RD,,,,,,,,36.97638718,-85.93655342,12.291,1/9/2023,1720,3,3,0,0,CLEAR,DRY,FALSE,REAR END IN TRAFFIC LANES BOTH VEHICLES MOVING,REAR END,STRAIGHT & LEVEL,DARK (UNKNOWN ROADWAY LIGHTING),,,44939.80246,FALSE,2279,Accepted,5,5,O,,INATTENTION,
31097334,0050100,GLASGOW POLICE DEPARTMENT,Accepted,BARREN,US0031E,,L ROGERS WELLS,BLVD,N,,LEXINGTON,,,,,37.01430606,-85.91547694,15.3,1/14/2023,1535,2,2,0,0,CLEAR,DRY,FALSE,OTHER INTERSECTION COLLISIONS,REAR END,STRAIGHT & LEVEL,DAWN,,,44941.37718,FALSE,2285,Accepted,5,5,O,GLARE (SUN),,
31100535,0050100,GLASGOW POLICE DEPARTMENT,Accepted,BARREN,,303,BROADWAY,ST,S,,,,,,,36.99407761,-85.91165187,0.106,1/14/2023,1657,2,2,0,0,CLEAR,DRY,TRUE,1 VEHICLE PARKED POSITION (NOT PARKING LOT/DRIVEWAY),ANGLE,STRAIGHT & LEVEL,DARK-HWY LIGHTED/ON,,,44942.31708,FALSE,2300,Accepted,5,5,O,,FAILED TO KEEP PROPER LANE,
31100540,0050100,GLASGOW POLICE DEPARTMENT,Accepted,BARREN,,,EASTVIEW,DR,,,,,,,,36.99594189,-85.90008025,0.295,1/15/2023,1207,2,2,0,0,CLEAR,DRY,FALSE,1 VEHICLE ENTERING/LEAVING ENTRANCE,ANGLE,STRAIGHT & HILLCREST,DAYLIGHT,,,44942.31749,FALSE,2289,Accepted,5,5,O,,MISJUDGE CLEARANCE,
31101147,0050000,BARREN COUNTY SHERIFF DEPT.,Accepted,BARREN,,,POPLAR SPRING,RD,,,,,,,,36.91220262,-85.83090227,1.901,1/14/2023,831,1,1,0,0,CLOUDY,DRY,FALSE,COLLISION WITH ANIMAL NON INTERSECTION,SINGLE VEHICLE,STRAIGHT & LEVEL,DAYLIGHT,,,44942.42226,FALSE,167,Accepted,5,5,O,ANIMALS ACTION,,
31103322,KSP0300,"KY STATE POLICE, POST 03",Accepted,BARREN,US0031E,,L ROGERS WELLS,BLVD,N,,,,,,,37.00238583,-85.92625194,14.274,1/13/2023,941,2,2,0,0,CLEAR,DRY,FALSE,1 VEHICLE ENTERING/LEAVING ENTRANCE,ANGLE,STRAIGHT & LEVEL,DAYLIGHT,,,44942.95486,FALSE,492,Accepted,5,5,O,,INATTENTION,
31104463,0050100,GLASGOW POLICE DEPARTMENT,Accepted,BARREN,,,BROADWAY,ST,S,,,KY0090,MAIN,,WASHINGTON,36.99500899,-85.91105076,0.033,1/16/2023,1213,2,2,0,0,CLEAR,DRY,FALSE,OTHER COLLISIONS ON SHOULDER,BACKING,STRAIGHT & LEVEL,DAYLIGHT,,,44943.31385,FALSE,2246,Accepted,5,5,O,,INATTENTION,
31104684,0050100,GLASGOW POLICE DEPARTMENT,Accepted,BARREN,US0068X,,COLUMBIA,AVE,,,REGENCY PARK APARTMENTS,,,,,36.9978313,-85.90711689,2.891,1/12/2023,1627,2,2,0,0,CLEAR,WET,FALSE,ANGLE COLLISION - ONE VEHICLE TURNING RIGHT,ANGLE,CURVE & GRADE,DUSK,,,44943.3526,FALSE,2249,Accepted,5,5,O,,FAILED TO YIELD RIGHT OF WAY,
31104688,0050100,GLASGOW POLICE DEPARTMENT,Accepted,BARREN,KY0090,,HAPPY VALLEY,RD,,,,,ENSMINGER,,SHALIMAR,37.01045384,-85.92333437,9.8,1/15/2023,2317,1,1,0,0,CLEAR,DRY,FALSE,COLLISION WITH FIXED OBJECT NON - INTERSECTION - FIRST EVENT COLLISION 09 - 32 EXCLUDING 16,SINGLE VEHICLE,STRAIGHT & LEVEL,DARK-HWY LIGHTED/ON,,,44943.35279,FALSE,2225,Accepted,5,5,O,,NOT UNDER PROPER CONTROL,