IncidentID,AgencyORI,AgencyName,IncidentStatusDesc,County,RdwyNumber,Street,RoadwayName,StreetSfx,StreetDir,IntersectionRdwy,IntersectionRdwyName,BetweenStRdwy1,BetweenStRdwyName1,BetweenStRdwy2,BetweenStRdwyName2,Latitude,Longitude,Milepoint,CollisionDate,CollisionTime,UnitsInvolved,MotorVehiclesInvolved,NumberKilled,NumberInjured,Weather,RdwyConditionCode,HitandRun,DirAnalysisCode,MannerofCollision,RdwyCharacter,LightCondition,RampFromRdwyId,RampToRdwyId,AcceptedDate,IsSecondaryCollision,OwnerBadge,IncidentStatus,InjurySeverityCde,KABCO_Code,KABCO,Environmental_Factors,Human_Factors,Vehicular_Factors
31110503,0050000,BARREN COUNTY SHERIFF DEPT.,Accepted,BARREN,KY0087,,AUSTIN TRACY,RD,,,,,,,,36.84739005,-86.04323204,11.469,1/13/2023,1734,2,2,0,2,RAINING,WET,FALSE,HEAD-ON COLLISION,HEAD ON,CURVE & LEVEL,DARK-HWY NOT LIGHTED,,,44944.34106,FALSE,174,Accepted,3,3,B,SLIPPERY SURFACE,NOT UNDER PROPER CONTROL,
31113120,0050100,GLASGOW POLICE DEPARTMENT,Accepted,BARREN,,1940,OLD MUNFORDVILLE,RD,,,,,COUNTRY CLUB,,OLD MUNFORDVILLE RD CONN,37.04105286,-85.91842573,0.575,1/14/2023,1643,1,1,0,0,CLEAR,DRY,FALSE,RAN OFF ROADWAY (1 VEHICLE WITH/EARTH EMBANKMENT/DITCH),SINGLE VEHICLE,CURVE & HILLCREST,DARK-HWY LIGHTED/OFF,,,44944.6734,FALSE,2196,Accepted,5,5,O,,NOT UNDER PROPER CONTROL,
31114074,0050100,GLASGOW POLICE DEPARTMENT,Accepted,BARREN,,,HAPPY VALLEY,RD,,,,,,,,37.00946565,-85.92113644,0.018,1/18/2023,1638,2,2,0,0,CLOUDY,DRY,FALSE,SIDESWIPE COLLISION - SAME DIRECTION,SIDESWIPE-SAME DIRECTION,STRAIGHT & LEVEL,DUSK,,,44944.83734,FALSE,2666,Accepted,5,5,O,,INATTENTION,
31121124,0050100,GLASGOW POLICE DEPARTMENT,Accepted,BARREN,,,CHERRY,ST,W,,WALL,,,,,37.00813159,-85.92141143,0.068,1/19/2023,1104,2,2,0,0,CLEAR,DRY,FALSE,ANGLE COLLISION - OTHER,ANGLE,STRAIGHT & HILLCREST,DAYLIGHT,,,44946.26758,FALSE,2300,Accepted,5,5,O,,OTHER,
31121125,0050100,GLASGOW POLICE DEPARTMENT,Accepted,BARREN,US0031E,,L ROGERS WELLS,BLVD,N,,SMITH,,,,,37.00586916,-85.92452175,14.438,1/19/2023,1329,2,2,0,0,CLEAR,DRY,FALSE,ANGLE COLLISION - ONE VEHICLE TURNING LEFT,ANGLE,STRAIGHT & LEVEL,DAYLIGHT,,,44946.26766,FALSE,2300,Accepted,5,5,O,,INATTENTION,
31121776,0050000,BARREN COUNTY SHERIFF DEPT.,Accepted,BARREN,KY0090,,HAPPY VALLEY,RD,,,HARLOW CEMETERY,,,,,37.08053209,-85.96775934,4.254,1/4/2022,1704,2,2,0,0,CLEAR,DRY,FALSE,ANGLE COLLISION - ONE VEHICLE TURNING LEFT,ANGLE,STRAIGHT & GRADE,DARK-HWY NOT LIGHTED,,,44946.37821,FALSE,163,Accepted,5,5,O,,IMPROPER PASSING,
31122198,0050100,GLASGOW POLICE DEPARTMENT,Accepted,BARREN,,,BRYAN,ST,,,,US0068X,COLUMBIA,,CLAYBURN,36.99871617,-85.90411669,0.01,1/19/2023,1034,2,2,0,0,CLEAR,DRY,FALSE,VEHICLE BACKING NON INTERSECTION,BACKING,STRAIGHT & GRADE,DAYLIGHT,,,44946.47034,FALSE,50,Accepted,5,5,O,,INATTENTION,
31124708,0050100,GLASGOW POLICE DEPARTMENT,Accepted,BARREN,,,ST MARYS,CT,,,,,JOANN,,JOANN,36.98992864,-85.92055986,0.208,1/15/2023,1956,1,1,0,0,CLEAR,DRY,FALSE,RAN OFF ROADWAY (1 VEHICLE WITH/EARTH EMBANKMENT/DITCH),SINGLE VEHICLE,STRAIGHT & GRADE,DARK-HWY NOT LIGHTED,,,44946.87802,FALSE,48,Accepted,5,5,O,,NOT UNDER PROPER CONTROL,
31132346,0050000,BARREN COUNTY SHERIFF DEPT.,Accepted,BARREN,LN9008,,LN9008 E,,,,,,,,,37.00652659,-86.00858958,6.858,1/19/2023,640,1,1,0,0,CLEAR,DRY,FALSE,OTHER COLLISIONS ON SHOULDER,SINGLE VEHICLE,STRAIGHT & LEVEL,DAYLIGHT,,,44949.34317,FALSE,170,Accepted,5,5,O,,OTHER,
31132347,0050000,BARREN COUNTY SHERIFF DEPT.,Accepted,BARREN,KY0090,,HAPPY VALLEY,RD,,,,,,,,37.10881838,-85.96908992,2.275,1/22/2023,1451,2,2,0,0,CLOUDY,WET,FALSE,REAR END IN TRAFFIC LANES BOTH VEHICLES MOVING,REAR END,STRAIGHT & LEVEL,DAYLIGHT,,,44949.34324,FALSE,184,Accepted,5,5,O,,INATTENTION,
31137278,0050100,GLASGOW POLICE DEPARTMENT,Accepted,BARREN,,,HAPPY VALLEY,RD,,,WALL,,,,,37.00923943,-85.92052433,0.055,1/19/2023,1256,2,2,0,0,CLEAR,DRY,FALSE,SIDESWIPE-SAME DIRECTION,SIDESWIPE-SAME DIRECTION,STRAIGHT & LEVEL,DAYLIGHT,,,44950.26947,FALSE,2289,Accepted,5,5,O,,MISJUDGE CLEARANCE,
31137289,0050100,GLASGOW POLICE DEPARTMENT,Accepted,BARREN,US0068,2858,NEW BOWLING GREEN,RD,,,,,,,,37.01323301,-85.957422,9.799,1/19/2023,1644,2,2,0,0,CLEAR,DRY,FALSE,1 VEHICLE ENTERING/LEAVING ENTRANCE,ANGLE,STRAIGHT & LEVEL,DAYLIGHT,,,44950.27239,FALSE,2285,Accepted,5,5,O,,FAILED TO YIELD RIGHT OF WAY,
31143173,0050000,BARREN COUNTY SHERIFF DEPT.,Accepted,BARREN,,,FLINT KNOB,RD,,,,,,,,37.07032153,-85.94406834,1.926,1/19/2023,923,2,2,0,1,CLEAR,DRY,FALSE,SIDESWIPE COLLISION - OPPOSITE DIRECTION,SIDESWIPE-OPPOSITE DIRECTION,CURVE & LEVEL,DAYLIGHT,,,44951.42043,FALSE,146,Accepted,5,4,C,,NOT UNDER PROPER CONTROL,
31143176,0050000,BARREN COUNTY SHERIFF DEPT.,Accepted,BARREN,US0031E,,SCOTTSVILLE,RD,,,,,,,,36.89836055,-86.00809622,5.363,1/21/2023,324,1,1,0,0,CLEAR,DRY,FALSE,COLLISION WITH ANIMAL NON INTERSECTION,SINGLE VEHICLE,STRAIGHT & LEVEL,DARK-HWY NOT LIGHTED,,,44951.4206,FALSE,174,Accepted,5,5,O,ANIMALS ACTION,,
31143688,0050100,GLASGOW POLICE DEPARTMENT,Accepted,BARREN,US0031EX,,RACE,ST,N,,CHERRY,,,,,37.0016852,-85.90951437,1.931,1/20/2023,1325,2,2,0,0,CLOUDY,DRY,FALSE,ANGLE COLLISION - OTHER,ANGLE,STRAIGHT & LEVEL,DAYLIGHT,,,44951.495,FALSE,2289,Accepted,5,5,O,,DISREGARD TRAFFIC CONTROL,
31150266,0050100,GLASGOW POLICE DEPARTMENT,Accepted,BARREN,,,TROJAN,TRL,,,,KY0249,ROSEVILLE,,HILLTOPPER,36.98186961,-85.91443754,0.059,1/26/2023,1155,1,1,0,0,CLOUDY,WET,FALSE,COLLISION WITH FIXED OBJECT NON - INTERSECTION - FIRST EVENT COLLISION 09 - 32 EXCLUDING 16,SINGLE VEHICLE,STRAIGHT & LEVEL,DAYLIGHT,,,44952.74867,FALSE,50,Accepted,5,5,O,,,TIRE FAILURE
31152731,0050000,BARREN COUNTY SHERIFF DEPT.,Accepted,BARREN,,800,WINN SCHOOL,RD,,,,,,,,36.88925331,-86.00621373,0.885,1/25/2023,1043,1,1,0,0,CLOUDY,WET,FALSE,COLLISION WITH FIXED OBJECT NON - INTERSECTION - FIRST EVENT COLLISION 09 - 32 EXCLUDING 16,SINGLE VEHICLE,CURVE & GRADE,DAYLIGHT,,,44953.33921,FALSE,170,Accepted,5,5,O,OTHER,,
31152759,0050000,BARREN COUNTY SHERIFF DEPT.,Accepted,BARREN,KY0252,,FINNEY,RD,,,JOE MORRIS,,,,,36.93891364,-86.0664121,4.832,1/26/2023,725,1,1,0,1,CLOUDY,SNOW/SLUSH,FALSE,COLLISION WITH FIXED OBJECT IN INTERSECTION - FIRST EVENT COLLISION 09 - 32,SINGLE VEHICLE,STRAIGHT & HILLCREST,DAYLIGHT,,,44953.34132,FALSE,157,Accepted,4,4,C,SLIPPERY SURFACE,,
31152763,0050000,BARREN COUNTY SHERIFF DEPT.,Accepted,BARREN,LN9008,,LN9008 W,,,,,,,,,36.9964961,-85.82737957,18.045,1/19/2023,636,1,1,0,0,SNOWING,SNOW/SLUSH,FALSE,RAN OFF ROADWAY (1 VEHICLE WITH/EARTH EMBANKMENT/DITCH),SINGLE VEHICLE,STRAIGHT & GRADE,DAWN,,,44953.34149,FALSE,170,Accepted,5,5,O,SLIPPERY SURFACE,,
31152764,0050000,BARREN COUNTY SHERIFF DEPT.,Accepted,BARREN,LN9008,,LN9008 W,,,,,,,,,36.99636969,-85.82390763,18.238,1/26/2023,656,1,1,0,0,SNOWING,SNOW/SLUSH,FALSE,OTHER ROADWAY OR MID-BLOCK COLLISION,SINGLE VEHICLE,STRAIGHT & GRADE,DAYLIGHT,,,44953.34156,FALSE,170,Accepted,5,5,O,SLIPPERY SURFACE,,
31152766,0050000,BARREN COUNTY SHERIFF DEPT.,Accepted,BARREN,KY0090,,BURKESVILLE,RD,,KY0839,NOBOB,,,,,36.92285607,-85.80127505,17.985,1/25/2023,1450,2,2,0,0,RAINING,WET,FALSE,ANGLE COLLISION - OTHER,ANGLE,STRAIGHT & LEVEL,DAYLIGHT,,,44953.34176,FALSE,170,Accepted,5,5,O,,FAILED TO YIELD RIGHT OF WAY,
31155353,0050100,GLASGOW POLICE DEPARTMENT,Accepted,BARREN,US0068X,,NEW BOWLING GREEN,RD,,,DONNELLEY,,,,,37.01121603,-85.95015951,0.166,1/26/2023,952,2,2,0,2,CLOUDY,WET,FALSE,ANGLE COLLISION - OTHER,ANGLE,STRAIGHT & LEVEL,DAYLIGHT,,,44953.80057,FALSE,2666,Accepted,3,3,B,,"INATTENTION, MISJUDGE CLEARANCE",
31155356,0050100,GLASGOW POLICE DEPARTMENT,Accepted,BARREN,US0031E,,L ROGERS WELLS,BLVD,N,,HAPPY VALLEY,,,,,37.00958236,-85.92142189,14.849,1/27/2023,1331,2,2,0,0,CLEAR,DRY,FALSE,SIDESWIPE-SAME DIRECTION,SIDESWIPE-SAME DIRECTION,CURVE & LEVEL,DAYLIGHT,,,44953.80086,FALSE,2288,Accepted,5,5,O,,"FAILED TO KEEP PROPER LANE, INATTENTION",
31155357,0050100,GLASGOW POLICE DEPARTMENT,Accepted,BARREN,US0068X,,COLUMBIA,AVE,,,FRONT,,,,,36.99708797,-85.90951776,2.752,1/27/2023,1452,2,2,0,0,CLEAR,DRY,FALSE,OTHER INTERSECTION COLLISIONS,REAR END,STRAIGHT & LEVEL,DAYLIGHT,,,44953.80094,FALSE,2288,Accepted,5,5,O,,"INATTENTION, MISJUDGE CLEARANCE",
31157082,0050100,GLASGOW POLICE DEPARTMENT,Accepted,BARREN,KY0090,,HAPPY VALLEY,RD,,,,US0068,VETERANS OUTER,,MAX WAGNER,37.02407974,-85.93560635,8.604,1/21/2023,1811,2,2,0,0,CLEAR,DRY,FALSE,OTHER ROADWAY OR MID-BLOCK COLLISION,REAR END,STRAIGHT & HILLCREST,DARK (UNKNOWN ROADWAY LIGHTING),,,44954.29924,FALSE,2268,Accepted,5,5,O,,NOT UNDER PROPER CONTROL,
31157086,0050100,GLASGOW POLICE DEPARTMENT,Accepted,BARREN,KY0090,,HAPPY VALLEY,RD,,,,,WESTERN HILLS,,COMMERCE,37.01872457,-85.93098247,9.086,1/24/2023,410,1,1,0,0,CLEAR,DRY,FALSE,COLLISION WITH ANIMAL NON INTERSECTION,SINGLE VEHICLE,STRAIGHT & LEVEL,DARK (UNKNOWN ROADWAY LIGHTING),,,44954.29944,FALSE,2268,Accepted,5,5,O,,,
31157088,0050100,GLASGOW POLICE DEPARTMENT,Accepted,BARREN,US0031E,509,L ROGERS WELLS,BLVD,S,,,,,,,36.98813868,-85.93125891,13.348,1/23/2023,1754,2,2,0,0,CLEAR,DRY,FALSE,VEHICLE BACKING NON INTERSECTION,BACKING,STRAIGHT & LEVEL,DARK-HWY LIGHTED/ON,,,44954.29954,FALSE,2293,Accepted,5,5,O,,INATTENTION,
31157135,0050100,GLASGOW POLICE DEPARTMENT,Accepted,BARREN,US0031E,,L ROGERS WELLS,BLVD,S,,CAVALRY,,,,,36.984778,-85.93161461,12.98,1/20/2023,1711,2,2,0,0,CLEAR,DRY,FALSE,OTHER INTERSECTION COLLISIONS,REAR END,STRAIGHT & LEVEL,DAYLIGHT,,,44954.33458,FALSE,2285,Accepted,5,5,O,,OTHER,
31160241,0050100,GLASGOW POLICE DEPARTMENT,Accepted,BARREN,,,WADE,AVE,,,MORGAN,,,,,36.9897645,-85.91177626,,1/24/2023,1124,2,2,0,0,CLEAR,DRY,TRUE,ANGLE COLLISION - OTHER,ANGLE,STRAIGHT & LEVEL,DAYLIGHT,,,44955.46002,FALSE,2289,Accepted,5,5,O,,NOT UNDER PROPER CONTROL,
31163366,0050000,BARREN COUNTY SHERIFF DEPT.,Accepted,BARREN,,657,SHETLAND HILLS,RD,,,,,,,,37.03072038,-85.89976707,0.307,1/28/2023,2059,2,2,0,0,CLOUDY,WET,FALSE,1 VEHICLE PARKED POSITION (NOT PARKING LOT/DRIVEWAY),BACKING,STRAIGHT & GRADE,DARK-HWY NOT LIGHTED,,,44956.33408,FALSE,181,Accepted,5,5,O,,INATTENTION,
31163367,0050000,BARREN COUNTY SHERIFF DEPT.,Accepted,BARREN,US0031E,,SCOTTSVILLE,RD,,,,,,,,36.9293033,-85.99533256,7.693,1/25/2023,25,1,1,0,1,RAINING,WET,FALSE,COLLISION WITH FIXED OBJECT NON - INTERSECTION - FIRST EVENT COLLISION 09 - 32 EXCLUDING 16,SINGLE VEHICLE,CURVE & LEVEL,DARK-HWY NOT LIGHTED,,,44956.33439,FALSE,182,Accepted,5,2,A,SLIPPERY SURFACE,NOT UNDER PROPER CONTROL,OTHER
31168847,0050000,BARREN COUNTY SHERIFF DEPT.,Accepted,BARREN,KY3600,,GLASGOW OUTER LOOP,,,,,,,,,36.99678111,-85.97553581,0.795,1/30/2023,1721,1,1,0,0,CLEAR,DRY,FALSE,COLLISION WITH ANIMAL NON INTERSECTION,SINGLE VEHICLE,STRAIGHT & LEVEL,DARK (UNKNOWN ROADWAY LIGHTING),,,44957.42943,FALSE,181,Accepted,5,5,O,ANIMALS ACTION,,
31172691,0050000,BARREN COUNTY SHERIFF DEPT.,Accepted,BARREN,,,BISHOP,RD,,,GASSAWAY,,,,,37.00678239,-85.99879857,0.574,1/31/2023,547,1,1,0,0,"SLEET, HAIL, FREEZING RAIN",WET,FALSE,COLLISION WITH FIXED OBJECT IN INTERSECTION - FIRST EVENT COLLISION 09 - 32,SINGLE VEHICLE,STRAIGHT & GRADE,DAWN,,,44958.33832,FALSE,170,Accepted,5,5,O,SLIPPERY SURFACE,,
31173444,0050100,GLASGOW POLICE DEPARTMENT,Accepted,BARREN,,,FRONT,ST,W,US0031EX,RACE,,,,,36.9980057,-85.91181401,0.141,1/25/2023,1811,2,2,0,0,CLOUDY,WET,FALSE,OPPOSITE DIRECTION - BOTH VEHICLES GOING STRAIGHT AHEAD,SIDESWIPE-OPPOSITE DIRECTION,STRAIGHT & LEVEL,DARK-HWY LIGHTED/ON,,,44958.42763,FALSE,33,Accepted,5,5,O,SLIPPERY SURFACE,INATTENTION,
31175182,0050100,GLASGOW POLICE DEPARTMENT,Accepted,BARREN,US0031E,,L ROGERS WELLS,BLVD,S,US0031EX,GREEN,,,,,36.98277016,-85.9313773,12.84,1/27/2023,1348,2,2,0,2,CLEAR,DRY,FALSE,ANGLE COLLISION - ONE VEHICLE TURNING LEFT,ANGLE,STRAIGHT & LEVEL,DAYLIGHT,,,44958.69526,FALSE,2666,Accepted,5,3,B,,INATTENTION,
31176656,0050100,GLASGOW POLICE DEPARTMENT,Accepted,BARREN,KY0090,,HAPPY VALLEY,RD,,,MAX WAGNER,,,,,37.02299049,-85.93462748,8.712,1/27/2023,1004,2,2,0,0,CLEAR,DRY,FALSE,ANGLE COLLISION - OTHER,ANGLE,STRAIGHT & GRADE,DAYLIGHT,,,44959.07419,FALSE,2237,Accepted,5,5,O,,"DISREGARD TRAFFIC CONTROL, INATTENTION",
31176658,0050100,GLASGOW POLICE DEPARTMENT,Accepted,BARREN,US0031E,,L ROGERS WELLS,BLVD,N,,,US0068X,MAIN,,ROGERS,37.00243756,-85.92623842,14.276,1/26/2023,1645,2,2,0,0,CLEAR,DRY,FALSE,OTHER ROADWAY OR MID-BLOCK COLLISION,REAR END,STRAIGHT & LEVEL,DAYLIGHT,,,44959.07425,FALSE,2237,Accepted,5,5,O,,INATTENTION,
31177372,0050100,GLASGOW POLICE DEPARTMENT,Accepted,BARREN,US0068X,1601,COLUMBIA,AVE,,,,,,,,37.00750965,-85.88851701,4.112,1/30/2023,940,1,1,0,0,CLOUDY,WET,FALSE,COLLISION WITH NON-FIXED OBJECT ,SINGLE VEHICLE,STRAIGHT & LEVEL,DAYLIGHT,,,44959.27338,FALSE,2300,Accepted,5,5,O,,,
31177376,0050100,GLASGOW POLICE DEPARTMENT,Accepted,BARREN,US0031EX,,RACE,ST,N,,MITCHELL,,,,,36.9987965,-85.9112929,1.71,1/30/2023,1212,2,2,0,0,CLOUDY,DRY,FALSE,OTHER INTERSECTION COLLISIONS,REAR END,STRAIGHT & LEVEL,DAYLIGHT,,,44959.27355,FALSE,2285,Accepted,5,5,O,,INATTENTION,
31178917,KSP0300,"KY STATE POLICE, POST 03",Accepted,BARREN,KY0070,,MAMMOTH CAVE,RD,,,,,,,,37.13608714,-86.03808906,1.671,6/22/2022,1248,3,3,1,3,CLEAR,DRY,FALSE,HEAD-ON COLLISION,HEAD ON,STRAIGHT & LEVEL,DAYLIGHT,,,44959.51982,FALSE,899,Accepted,5,1,K,,"FAILED TO KEEP PROPER LANE, INATTENTION",
31179107,0050000,BARREN COUNTY SHERIFF DEPT.,Accepted,BARREN,LN9008,,LN9008 W,,,,,,,,,36.99632567,-85.82427443,18.217,2/1/2023,630,1,1,0,0,CLOUDY,ICE,FALSE,COLLISION WITH FIXED OBJECT NON - INTERSECTION - FIRST EVENT COLLISION 09 - 32 EXCLUDING 16,SINGLE VEHICLE,STRAIGHT & GRADE,DAWN,,,44959.54973,FALSE,170,Accepted,5,5,O,SLIPPERY SURFACE,,
31179118,0050000,BARREN COUNTY SHERIFF DEPT.,Accepted,BARREN,,,BECKTON ROCKY HILL,RD,,,,,,,,36.94429993,-86.06590183,3.403,1/4/2023,957,2,2,0,0,CLEAR,DRY,FALSE,SIDESWIPE COLLISION - OPPOSITE DIRECTION,SIDESWIPE-OPPOSITE DIRECTION,CURVE & LEVEL,DAYLIGHT,,,44959.55028,FALSE,125,Accepted,5,5,O,,,
31179119,0050000,BARREN COUNTY SHERIFF DEPT.,Accepted,BARREN,US0031E,,SCOTTSVILLE,RD,,,MANOR HOUSE,,,,,36.94975933,-85.96782261,9.766,1/28/2023,620,2,2,0,0,CLEAR,DRY,FALSE,OPPOSITE DIRECTION - BOTH VEHICLES GOING STRAIGHT AHEAD,SIDESWIPE-OPPOSITE DIRECTION,STRAIGHT & LEVEL,DAYLIGHT,,,44959.55039,FALSE,125,Accepted,5,5,O,,,STEERING FAILURE
31179120,0050000,BARREN COUNTY SHERIFF DEPT.,Accepted,BARREN,LN9008,,LN9008 E,,,,,,,,,37.01090678,-86.018788,6.215,2/2/2023,745,1,1,0,0,CLOUDY,DRY,FALSE,COLLISION WITH ANIMAL NON INTERSECTION,SINGLE VEHICLE,STRAIGHT & LEVEL,DAYLIGHT,,,44959.55053,FALSE,157,Accepted,5,5,O,,,
31182169,0050100,GLASGOW POLICE DEPARTMENT,Accepted,BARREN,,,GRANDVIEW,AVE,,,,,,,,36.99702686,-85.93511858,0.432,1/30/2023,112,1,1,0,0,RAINING,WET,TRUE,COLLISION WITH FIXED OBJECT NON - INTERSECTION - FIRST EVENT COLLISION 09 - 32 EXCLUDING 16,SINGLE VEHICLE,STRAIGHT & LEVEL,DARK-HWY LIGHTED/ON,,,44960.17117,FALSE,2286,Accepted,5,5,O,SLIPPERY SURFACE,OTHER,
31182923,0050100,GLASGOW POLICE DEPARTMENT,Accepted,BARREN,US0031E,,L ROGERS WELLS,BLVD,N,,ROGERS,,,,,37.00375838,-85.9254927,14.34,1/30/2023,1815,2,2,0,0,CLOUDY,DRY,FALSE,HEAD-ON COLLISION,HEAD ON,STRAIGHT & LEVEL,DARK-HWY LIGHTED/ON,,,44960.34372,FALSE,2225,Accepted,5,5,O,,FAILED TO YIELD RIGHT OF WAY,
31183955,0050200,CAVE CITY POLICE DEPARTMENT,Accepted,BARREN,KY0070,,MAMMOTH CAVE,ST,,,,,,,,37.13518265,-85.97458356,5.364,1/17/2023,1819,2,2,0,0,CLEAR,DRY,FALSE,REAR END IN TRAFFIC LANES BOTH VEHICLES MOVING,REAR END,STRAIGHT & LEVEL,DARK-HWY LIGHTED/ON,,,44960.52019,FALSE,607,Accepted,5,5,O,,INATTENTION,
31183967,0050200,CAVE CITY POLICE DEPARTMENT,Accepted,BARREN,US0031W,,DIXIE,HWY,N,,,,,,,37.1469768,-85.94181454,8.47,1/23/2023,1530,2,2,0,0,CLEAR,DRY,FALSE,REAR END IN TRAFFIC LANES BOTH VEHICLES MOVING,REAR END,STRAIGHT & LEVEL,DAYLIGHT,,,44960.52061,FALSE,607,Accepted,5,5,O,,INATTENTION,
31183972,0050200,CAVE CITY POLICE DEPARTMENT,Accepted,BARREN,US0031W,,DIXIE,HWY,N,KY0070,BROADWAY,,,,,37.13573551,-85.95590614,7.399,1/29/2023,1449,2,2,0,0,CLEAR,DRY,FALSE,OPPOSING LEFT TURN,OPPOSING LEFT TURN,STRAIGHT & LEVEL,DAYLIGHT,,,44960.52076,FALSE,611,Accepted,5,5,O,,INATTENTION,
31183973,0050200,CAVE CITY POLICE DEPARTMENT,Accepted,BARREN,KY0070,950,MAMMOTH CAVE,RD,,,,,,,,37.1349968,-85.99465748,4.199,12/13/2022,2304,1,1,0,0,CLEAR,DRY,FALSE,COLLISION WITH FIXED OBJECT NON - INTERSECTION - FIRST EVENT COLLISION 09 - 32 EXCLUDING 16,SINGLE VEHICLE,STRAIGHT & LEVEL,DARK-HWY LIGHTED/ON,,,44960.52083,FALSE,605,Accepted,5,5,O,,NOT UNDER PROPER CONTROL,
31183974,0050200,CAVE CITY POLICE DEPARTMENT,Accepted,BARREN,US0031W,408,DIXIE,HWY,N,,,,,,,37.14105836,-85.9503932,7.863,1/29/2023,1831,2,2,0,0,CLOUDY,DRY,FALSE,1 VEHICLE ENTERING/LEAVING ENTRANCE,ANGLE,STRAIGHT & LEVEL,DARK-HWY LIGHTED/ON,,,44960.5209,FALSE,605,Accepted,5,5,O,,INATTENTION,
31190150,0050100,GLASGOW POLICE DEPARTMENT,Accepted,BARREN,,205,INDUSTRIAL,DR,,,,,,,,37.0051974,-85.93555797,0.151,1/25/2023,1655,2,2,0,0,CLEAR,WET,TRUE,1 VEHICLE ENTERING/LEAVING ENTRANCE,ANGLE,STRAIGHT & LEVEL,DARK-HWY LIGHTED/ON,,,44962.29642,FALSE,2293,Accepted,5,5,O,SLIPPERY SURFACE,INATTENTION,
31190153,0050100,GLASGOW POLICE DEPARTMENT,Accepted,BARREN,,,LONGHUNTERS,TRL,,KY0090,HAPPY VALLEY,,,,,37.02192174,-85.93377462,,2/4/2023,1921,2,2,0,0,CLEAR,DRY,FALSE,OTHER INTERSECTION COLLISIONS,REAR END,STRAIGHT & LEVEL,DARK-HWY LIGHTED/ON,,,44962.2965,FALSE,2293,Accepted,5,5,O,,"DISTRACTION, INATTENTION",
31191603,0050100,GLASGOW POLICE DEPARTMENT,Accepted,BARREN,KY0090,,HAPPY VALLEY,RD,,,REYNOLDS,,,,,37.01511417,-85.92771063,9.394,2/4/2023,849,3,3,0,0,CLEAR,DRY,FALSE,COLLISION WITH FIXED OBJECT IN INTERSECTION - FIRST EVENT COLLISION 09 - 32,ANGLE,STRAIGHT & LEVEL,DAYLIGHT,,,44962.80243,FALSE,2666,Accepted,5,5,O,,"INATTENTION, MISJUDGE CLEARANCE",
31193805,0050000,BARREN COUNTY SHERIFF DEPT.,Accepted,BARREN,US0031E,,SCOTTSVILLE,RD,,,,,BROWNING SCHOOL,KY1318,LUCAS,36.89402373,-86.01412541,4.898,1/31/2023,1350,2,2,0,0,CLOUDY,DRY,FALSE,SIDESWIPE COLLISION - OPPOSITE DIRECTION,SIDESWIPE-OPPOSITE DIRECTION,STRAIGHT & LEVEL,DAYLIGHT,,,44963.34667,FALSE,183,Accepted,5,5,O,,INATTENTION,
31193806,0050000,BARREN COUNTY SHERIFF DEPT.,Accepted,BARREN,US0031E,,SCOTTSVILLE,RD,,,,,,,,36.90380694,-86.00278668,5.871,2/1/2023,700,1,1,0,1,CLOUDY,WET,FALSE,OTHER ROADWAY OR MID-BLOCK COLLISION,SINGLE VEHICLE,CURVE & GRADE,DAYLIGHT,,,44963.34674,FALSE,167,Accepted,4,4,C,SLIPPERY SURFACE,"DISTRACTION, OVERCORRECTING/OVERSTEERING",
31193807,0050000,BARREN COUNTY SHERIFF DEPT.,Accepted,BARREN,,,BECKTON ROCKY HILL,RD,,,,,,,,36.97680327,-86.04242771,0.705,2/4/2023,2052,2,2,0,0,CLEAR,DRY,FALSE,SIDESWIPE COLLISION - OPPOSITE DIRECTION,SIDESWIPE-OPPOSITE DIRECTION,STRAIGHT & HILLCREST,DARK-HWY NOT LIGHTED,,,44963.34678,FALSE,181,Accepted,5,5,O,,,
31193809,0050000,BARREN COUNTY SHERIFF DEPT.,Accepted,BARREN,KY0255,,BON AYR,RD,,,,,,,,37.00440293,-86.06519039,4.907,2/1/2023,2104,1,1,0,0,CLEAR,DRY,FALSE,COLLISION WITH FIXED OBJECT NON - INTERSECTION - FIRST EVENT COLLISION 09 - 32 EXCLUDING 16,SINGLE VEHICLE,CURVE & LEVEL,DARK-HWY NOT LIGHTED,,,44963.34685,FALSE,182,Accepted,5,5,O,,"INATTENTION, NOT UNDER PROPER CONTROL",
31193810,0050000,BARREN COUNTY SHERIFF DEPT.,Accepted,BARREN,US0031E,,SCOTTSVILLE,RD,,,,,,,,36.84629639,-86.0684222,0.247,1/31/2023,2047,1,1,0,0,CLEAR,ICE,FALSE,COLLISION WITH FIXED OBJECT NON - INTERSECTION - FIRST EVENT COLLISION 09 - 32 EXCLUDING 16,SINGLE VEHICLE,STRAIGHT & LEVEL,DARK-HWY NOT LIGHTED,,,44963.34689,FALSE,182,Accepted,5,5,O,SLIPPERY SURFACE,,
31197164,0050100,GLASGOW POLICE DEPARTMENT,Accepted,BARREN,KY0090,,HAPPY VALLEY,RD,,,,,,,,37.01372968,-85.92659547,9.49,1/27/2023,1651,2,2,0,0,CLEAR,DRY,FALSE,REAR END IN TRAFFIC LANES BOTH VEHICLES MOVING,REAR END,STRAIGHT & LEVEL,DAYLIGHT,,,44963.8016,FALSE,2299,Accepted,5,5,O,,INATTENTION,