IncidentID,AgencyORI,AgencyName,IncidentStatusDesc,County,RdwyNumber,Street,RoadwayName,StreetSfx,StreetDir,IntersectionRdwy,IntersectionRdwyName,BetweenStRdwy1,BetweenStRdwyName1,BetweenStRdwy2,BetweenStRdwyName2,Latitude,Longitude,Milepoint,CollisionDate,CollisionTime,UnitsInvolved,MotorVehiclesInvolved,NumberKilled,NumberInjured,Weather,RdwyConditionCode,HitandRun,DirAnalysisCode,MannerofCollision,RdwyCharacter,LightCondition,RampFromRdwyId,RampToRdwyId,AcceptedDate,IsSecondaryCollision,OwnerBadge,IncidentStatus,InjurySeverityCde,KABCO_Code,KABCO,Environmental_Factors,Human_Factors,Vehicular_Factors
31198418,0050000,BARREN COUNTY SHERIFF DEPT.,Accepted,BARREN,LN9008,,LN9008 E,,,,,,,,,36.9956555,-85.86439277,15.994,1/26/2023,659,1,1,0,0,"SLEET, HAIL, FREEZING RAIN",SNOW/SLUSH,FALSE,COLLISION WITH FIXED OBJECT NON - INTERSECTION - FIRST EVENT COLLISION 09 - 32 EXCLUDING 16,SINGLE VEHICLE,STRAIGHT & GRADE,DAWN,,,44964.12736,FALSE,102,Accepted,5,5,O,SLIPPERY SURFACE,,
31198932,0050100,GLASGOW POLICE DEPARTMENT,Accepted,BARREN,KY0090,,HAPPY VALLEY,RD,,US0068,VETERANS OUTER,,,,,37.02424877,-85.93577985,8.586,2/2/2023,1641,2,2,0,0,CLEAR,DRY,FALSE,ANGLE COLLISION - OTHER,ANGLE,STRAIGHT & LEVEL,DAYLIGHT,,,44964.27243,FALSE,2300,Accepted,5,5,O,,FAILED TO YIELD RIGHT OF WAY,
31198933,0050100,GLASGOW POLICE DEPARTMENT,Accepted,BARREN,,,HARWOOD,ST,,,,,,,,36.99124272,-85.89866992,0.165,2/3/2023,1103,1,1,0,0,CLEAR,DRY,FALSE,COLLISION WITH FIXED OBJECT NON - INTERSECTION - FIRST EVENT COLLISION 09 - 32 EXCLUDING 16,SINGLE VEHICLE,STRAIGHT & LEVEL,DAYLIGHT,,,44964.27249,FALSE,2300,Accepted,5,5,O,ANIMALS ACTION,,
31198934,0050100,GLASGOW POLICE DEPARTMENT,Accepted,BARREN,KY0090,,MAIN,ST,E,US0068X,BROADWAY,,,,,36.99543733,-85.91077396,9.924,2/3/2023,1415,2,2,0,0,CLEAR,DRY,FALSE,ANGLE COLLISION - OTHER,ANGLE,STRAIGHT & HILLCREST,DAYLIGHT,,,44964.27253,FALSE,2300,Accepted,5,5,O,,TURNING IMPROPERLY,
31199422,0050000,BARREN COUNTY SHERIFF DEPT.,Accepted,BARREN,KY0063,11679,TOMPKINSVILLE,RD,,,,,,,,36.82304966,-85.82831382,0.892,2/6/2023,1030,1,1,0,0,CLEAR,DRY,FALSE,COLLISION WITH FIXED OBJECT NON - INTERSECTION - FIRST EVENT COLLISION 09 - 32 EXCLUDING 16,SINGLE VEHICLE,CURVE & GRADE,DAYLIGHT,,,44964.36207,FALSE,146,Accepted,5,5,O,GLARE (SUN),,
31199424,0050000,BARREN COUNTY SHERIFF DEPT.,Accepted,BARREN,KY0063,,TOMPKINSVILLE,RD,,,,,,,,36.90307504,-85.86509182,7.365,2/6/2023,2317,1,1,0,0,CLEAR,DRY,FALSE,COLLISION WITH ANIMAL NON INTERSECTION,SINGLE VEHICLE,STRAIGHT & LEVEL,DARK-HWY NOT LIGHTED,,,44964.36213,FALSE,181,Accepted,5,5,O,ANIMALS ACTION,,
31204602,0050100,GLASGOW POLICE DEPARTMENT,Accepted,BARREN,US0031EX,,RACE,ST,N,,BRAVO,,,,,37.01540634,-85.9064809,3.043,2/7/2023,1408,2,2,0,0,CLEAR,DRY,FALSE,ANGLE COLLISION - ONE VEHICLE TURNING LEFT,ANGLE,STRAIGHT & HILLCREST,DAYLIGHT,,,44965.27022,FALSE,2285,Accepted,5,5,O,,FAILED TO YIELD RIGHT OF WAY,
31208159,0050100,GLASGOW POLICE DEPARTMENT,Accepted,BARREN,,,SCOTTIE,DR,,,GLENVIEW,,,,,37.01650174,-85.8943369,0.734,2/7/2023,736,2,2,0,0,CLEAR,DRY,FALSE,OTHER INTERSECTION COLLISIONS,REAR END,STRAIGHT & LEVEL,DAYLIGHT,,,44965.78947,FALSE,2289,Accepted,5,5,O,,INATTENTION,
31210603,0050100,GLASGOW POLICE DEPARTMENT,Accepted,BARREN,US0031EX,,RACE,ST,N,,HOMEWOOD,,,,,37.01659124,-85.9064487,3.124,2/4/2023,1148,2,2,0,0,CLEAR,DRY,FALSE,ANGLE COLLISION - ONE VEHICLE TURNING LEFT,ANGLE,STRAIGHT & LEVEL,DAYLIGHT,,,44966.38802,FALSE,2237,Accepted,5,5,O,,"FAILED TO YIELD RIGHT OF WAY, INATTENTION",
31210723,KSP0300,"KY STATE POLICE, POST 03",Accepted,BARREN,KY0090,,HAPPY VALLEY,RD,,,,,,,,37.1032221,-85.97227636,2.702,9/20/2022,2002,2,2,3,2,CLEAR,DRY,FALSE,HEAD-ON COLLISION,HEAD ON,CURVE & LEVEL,DARK-HWY NOT LIGHTED,,,44966.40609,FALSE,411,Accepted,1,1,K,,"EXCEEDED STATED SPEED LIMIT, IMPROPER PASSING, INATTENTION",
31216853,0050200,CAVE CITY POLICE DEPARTMENT,Accepted,BARREN,KY0090,HWY 90,HAPPY VALLEY,ST,,,,,,,,37.13200972,-85.96804823,0.428,2/9/2023,649,2,2,0,1,CLEAR,DRY,FALSE,OTHER ROADWAY OR MID-BLOCK COLLISION,REAR END,STRAIGHT & LEVEL,DAYLIGHT,,,44967.53884,FALSE,601,Accepted,5,4,C,,INATTENTION,
31216944,0050000,BARREN COUNTY SHERIFF DEPT.,Accepted,BARREN,KY0740,,CORAL HILL,RD,,,,,,,,37.07985041,-85.82866405,5.766,2/8/2023,353,1,1,0,0,CLEAR,DRY,FALSE,RAN OFF ROADWAY (1 VEHICLE WITH/EARTH EMBANKMENT/DITCH),SINGLE VEHICLE,CURVE & LEVEL,DARK-HWY NOT LIGHTED,,,44967.55824,FALSE,173,Accepted,5,5,O,ANIMALS ACTION,NOT UNDER PROPER CONTROL,OTHER
31217084,0050000,BARREN COUNTY SHERIFF DEPT.,Accepted,BARREN,KY0087,,AUSTIN TRACY,RD,,,,,,,,36.75875417,-85.95263055,1.954,2/10/2023,716,1,1,0,0,CLOUDY,DRY,FALSE,RAN OFF ROADWAY (1 VEHICLE WITH/EARTH EMBANKMENT/DITCH),SINGLE VEHICLE,CURVE & GRADE,DAYLIGHT,,,44967.5767,FALSE,143,Accepted,5,5,O,,INATTENTION,
31218613,0050100,GLASGOW POLICE DEPARTMENT,Accepted,BARREN,,,CLEVELAND,AVE,,,,,,,,36.9892928,-85.93225127,0.003,2/10/2023,1206,2,2,0,0,CLEAR,DRY,FALSE,REAR END IN TRAFFIC LANES BOTH VEHICLES MOVING,REAR END,STRAIGHT & LEVEL,DAYLIGHT,,,44967.79435,FALSE,2279,Accepted,5,5,O,,INATTENTION,
31220185,0050100,GLASGOW POLICE DEPARTMENT,Accepted,BARREN,KY0090,,BURKESVILLE,RD,,LN9008,LN9008 E EXIT14 OFF RAMP TO KY90 E,,,,,36.98243828,-85.8939818,11.237,2/9/2023,2240,1,1,0,0,CLEAR,DRY,FALSE,COLLISION WITH FIXED OBJECT IN INTERSECTION - FIRST EVENT COLLISION 09 - 32,SINGLE VEHICLE,CURVE & HILLCREST,DARK-HWY NOT LIGHTED,,,44968.29999,FALSE,2293,Accepted,5,5,O,,INATTENTION,
31223028,0050100,GLASGOW POLICE DEPARTMENT,Accepted,BARREN,US0031E,,L ROGERS WELLS,BLVD,S,,GRANDVIEW,,,,,36.99582397,-85.93068131,13.765,1/25/2023,2000,3,3,0,0,CLEAR,DRY,FALSE,ANGLE COLLISION - ONE VEHICLE TURNING LEFT,ANGLE,STRAIGHT & LEVEL,DARK-HWY LIGHTED/ON,,,44969.24187,FALSE,32,Accepted,5,5,O,,INATTENTION,
31226937,0050100,GLASGOW POLICE DEPARTMENT,Accepted,BARREN,LN9008,,LN9008 W,,,,,,,,,36.98329507,-85.94429409,10.854,2/2/2023,2121,1,1,0,0,CLEAR,DRY,FALSE,OTHER ROADWAY OR MID-BLOCK COLLISION,SINGLE VEHICLE,STRAIGHT & LEVEL,DARK-HWY NOT LIGHTED,,,44970.35992,FALSE,2225,Accepted,5,5,O,DEBRIS IN ROADWAY,,
31227351,0050000,BARREN COUNTY SHERIFF DEPT.,Accepted,BARREN,KY1307,,LICK BRANCH,RD,,,,,,,,36.9658668,-85.82417889,2.638,2/8/2023,2137,1,1,0,0,CLEAR,DRY,FALSE,COLLISION WITH FIXED OBJECT NON - INTERSECTION - FIRST EVENT COLLISION 09 - 32 EXCLUDING 16,SINGLE VEHICLE,STRAIGHT & LEVEL,DARK-HWY NOT LIGHTED,,,44970.40191,FALSE,174,Accepted,5,5,O,,NOT UNDER PROPER CONTROL,
31237352,0050000,BARREN COUNTY SHERIFF DEPT.,Accepted,BARREN,KY0921,,BEWLEYTOWN,RD,,,,,,,,36.76293743,-86.03438772,0.104,2/9/2023,442,1,1,0,0,CLEAR,DRY,FALSE,COLLISION WITH FIXED OBJECT NON - INTERSECTION - FIRST EVENT COLLISION 09 - 32 EXCLUDING 16,SINGLE VEHICLE,STRAIGHT & LEVEL,DARK-HWY NOT LIGHTED,,,44972.34596,FALSE,182,Accepted,5,5,O,DEBRIS IN ROADWAY,INATTENTION,
31237362,0050000,BARREN COUNTY SHERIFF DEPT.,Accepted,BARREN,,,A L SHIRLEY,RD,,,BIG MEADOW,,,,,37.05516556,-85.77127569,3.242,2/14/2023,1116,1,1,0,0,CLOUDY,DRY,FALSE,COLLISION WITH FIXED OBJECT IN INTERSECTION - FIRST EVENT COLLISION 09 - 32,SINGLE VEHICLE,STRAIGHT & HILLCREST,DAYLIGHT,,,44972.34613,FALSE,170,Accepted,5,5,O,,,
31237364,0050000,BARREN COUNTY SHERIFF DEPT.,Accepted,BARREN,US0031W,,LOUISVILLE,RD,,,,,,,,37.09993541,-86.00576937,3.728,2/14/2023,1723,1,1,0,0,CLEAR,DRY,FALSE,COLLISION WITH ANIMAL NON INTERSECTION,SINGLE VEHICLE,STRAIGHT & LEVEL,DUSK,,,44972.34617,FALSE,177,Accepted,5,5,O,,,
31242706,0050100,GLASGOW POLICE DEPARTMENT,Accepted,BARREN,US0068X,,MAIN,ST,W,,,US0031E,L ROGERS WELLS,,SHANE,37.0025016,-85.92716878,1.638,2/15/2023,1215,3,3,0,0,CLEAR,DRY,FALSE,OTHER ROADWAY OR MID-BLOCK COLLISION,REAR END,STRAIGHT & GRADE,DAYLIGHT,,,44973.33959,FALSE,50,Accepted,5,5,O,,INATTENTION,
31242708,0050100,GLASGOW POLICE DEPARTMENT,Accepted,BARREN,,,REYNOLDS,RD,,,,,YMCA,,COMMERCE,37.01367952,-85.93129202,0.481,2/15/2023,804,2,2,0,0,CLEAR,DRY,FALSE,1 VEHICLE ENTERING/LEAVING ENTRANCE,ANGLE,STRAIGHT & LEVEL,DAYLIGHT,,,44973.33964,FALSE,50,Accepted,5,5,O,OTHER,INATTENTION,
31246927,0050100,GLASGOW POLICE DEPARTMENT,Accepted,BARREN,KY0090,,HAPPY VALLEY,RD,,,,,,,,37.02943542,-85.94083466,8.167,2/13/2023,1613,3,3,0,1,CLEAR,DRY,FALSE,OTHER ROADWAY OR MID-BLOCK COLLISION,REAR END,CURVE & GRADE,DAYLIGHT,,,44974.27557,FALSE,2289,Accepted,5,2,A,,INATTENTION,
31246930,0050100,GLASGOW POLICE DEPARTMENT,Accepted,BARREN,US0068X,,MAIN,ST,W,,,,,,,37.00248225,-85.92711375,1.641,2/13/2023,1703,3,3,0,0,CLEAR,DRY,FALSE,OTHER ROADWAY OR MID-BLOCK COLLISION,OPPOSING LEFT TURN,STRAIGHT & LEVEL,DAYLIGHT,,,44974.27567,FALSE,2300,Accepted,5,5,O,,INATTENTION,
31246931,0050100,GLASGOW POLICE DEPARTMENT,Accepted,BARREN,US0068X,,MAIN,ST,W,,OIL CITY,,,,,37.01003758,-85.9437137,0.526,2/16/2023,746,2,2,0,0,CLOUDY,WET,FALSE,OPPOSING LEFT TURN,OPPOSING LEFT TURN,STRAIGHT & LEVEL,DAYLIGHT,,,44974.27572,FALSE,2300,Accepted,5,5,O,,INATTENTION,
31246932,0050100,GLASGOW POLICE DEPARTMENT,Accepted,BARREN,,,COLLEGE,ST,E,,,,,,,36.99157718,-85.90923885,0.002,2/16/2023,1619,2,2,0,0,CLOUDY,WET,FALSE,REAR END IN TRAFFIC LANES BOTH VEHICLES MOVING,REAR END,CURVE & LEVEL,DAYLIGHT,,,44974.27578,FALSE,2300,Accepted,5,5,O,,,
31247468,0050000,BARREN COUNTY SHERIFF DEPT.,Accepted,BARREN,US0068,,NEW BOWLING GREEN,RD,,,,,,,,37.02793757,-86.11840045,0.493,2/16/2023,1355,1,1,0,0,RAINING,WATER (STANDING OR MOVING),FALSE,COLLISION WITH FIXED OBJECT NON - INTERSECTION - FIRST EVENT COLLISION 09 - 32 EXCLUDING 16,SINGLE VEHICLE,CURVE & GRADE,DAYLIGHT,,,44974.3871,FALSE,146,Accepted,5,5,O,WATER POOLING,,
31255610,0050100,GLASGOW POLICE DEPARTMENT,Accepted,BARREN,,,SAMSON,ST,,US0068X,MAIN,,,,,36.99867634,-85.91923723,0.001,2/18/2023,1551,2,2,0,0,CLEAR,DRY,TRUE,OTHER INTERSECTION COLLISIONS,REAR END,STRAIGHT & LEVEL,DAYLIGHT,,,44976.81123,FALSE,2666,Accepted,5,5,O,,ALCOHOL INVOLVEMENT,
31257926,0050000,BARREN COUNTY SHERIFF DEPT.,Accepted,BARREN,,3400,LECTA KINO,RD,,,,,,,,36.99040851,-85.8041224,3.438,2/15/2023,930,1,1,0,0,CLOUDY,WET,FALSE,COLLISION WITH FIXED OBJECT NON - INTERSECTION - FIRST EVENT COLLISION 09 - 32 EXCLUDING 16,SINGLE VEHICLE,CURVE & GRADE,DAYLIGHT,,,44977.32838,FALSE,125,Accepted,5,5,O,,FELL ASLEEP,
31257927,0050000,BARREN COUNTY SHERIFF DEPT.,Accepted,BARREN,KY1307,,NEW SALEM,RD,,,SPENCER,,,,,36.98094352,-85.84047421,4.498,2/16/2023,654,2,2,0,0,RAINING,WET,FALSE,OPPOSITE DIRECTION - BOTH VEHICLES GOING STRAIGHT AHEAD,SIDESWIPE-OPPOSITE DIRECTION,CURVE & GRADE,DAYLIGHT,,,44977.32842,FALSE,125,Accepted,5,5,O,,,
31257928,0050000,BARREN COUNTY SHERIFF DEPT.,Accepted,BARREN,KY0090,,BURKESVILLE,RD,,,WITTY,,,,,36.94677045,-85.83972873,15.21,2/16/2023,1434,1,1,0,0,RAINING,WET,FALSE,COLLISION WITH FIXED OBJECT IN INTERSECTION - FIRST EVENT COLLISION 09 - 32,SINGLE VEHICLE,CURVE & GRADE,DAYLIGHT,,,44977.32847,FALSE,125,Accepted,5,5,O,SLIPPERY SURFACE,,
31257929,0050000,BARREN COUNTY SHERIFF DEPT.,Accepted,BARREN,US0068,3523,NEW BOWLING GREEN,RD,,,,,,,,37.01741369,-85.97299643,8.899,2/17/2023,1518,2,2,0,1,CLOUDY,DRY,FALSE,REAR END IN TRAFFIC LANES BOTH VEHICLES MOVING,REAR END,STRAIGHT & GRADE,DAYLIGHT,,,44977.32851,FALSE,125,Accepted,5,4,C,,INATTENTION,
31257930,0050000,BARREN COUNTY SHERIFF DEPT.,Accepted,BARREN,KY0063,,TOMPKINSVILLE,RD,,,,,,,,36.92857226,-85.87509242,9.342,2/15/2023,1752,2,2,0,0,CLEAR,DRY,FALSE,REAR END IN TRAFFIC LANES BOTH VEHICLES MOVING,REAR END,STRAIGHT & GRADE,DARK-HWY NOT LIGHTED,,,44977.32856,FALSE,174,Accepted,5,5,O,,INATTENTION,
31257931,0050000,BARREN COUNTY SHERIFF DEPT.,Accepted,BARREN,,,HORTON RIGDON,RD,,,,,,,,37.07166289,-85.88380468,0.451,2/16/2023,1934,1,1,0,0,RAINING,WET,FALSE,COLLISION WITH FIXED OBJECT NON - INTERSECTION - FIRST EVENT COLLISION 09 - 32 EXCLUDING 16,SINGLE VEHICLE,CURVE & LEVEL,DARK-HWY NOT LIGHTED,,,44977.32861,FALSE,174,Accepted,5,5,O,SLIPPERY SURFACE,NOT UNDER PROPER CONTROL,
31261308,0050100,GLASGOW POLICE DEPARTMENT,Accepted,BARREN,,,LEWIS,ST,S,,,,,,,36.99248261,-85.91128779,0.265,2/14/2023,1509,2,2,0,0,CLEAR,DRY,FALSE,1 VEHICLE ENTERING/LEAVING ENTRANCE,ANGLE,STRAIGHT & LEVEL,DAYLIGHT,,,44977.80173,FALSE,2279,Accepted,5,5,O,,INATTENTION,
31271098,0050200,CAVE CITY POLICE DEPARTMENT,Accepted,BARREN,US0031W,,DIXIE,HWY,N,,,,,,,37.13835103,-85.95299155,7.634,2/4/2023,32,1,1,0,0,CLEAR,DRY,FALSE,COLLISION WITH FIXED OBJECT NON - INTERSECTION - FIRST EVENT COLLISION 09 - 32 EXCLUDING 16,SINGLE VEHICLE,STRAIGHT & LEVEL,DARK-HWY LIGHTED/ON,,,44979.64551,FALSE,610,Accepted,5,5,O,,ALCOHOL INVOLVEMENT,
31271105,0050200,CAVE CITY POLICE DEPARTMENT,Accepted,BARREN,KY0070,,BROADWAY,ST,,,,,,,,37.13753947,-85.95802925,6.57,2/4/2023,1925,2,1,0,1,CLEAR,DRY,FALSE,COLLISION WITH PEDESTRIAN NON - INTERSECTION,SINGLE VEHICLE,STRAIGHT & LEVEL,DARK-HWY LIGHTED/ON,,,44979.64575,FALSE,610,Accepted,5,2,A,,,
31271135,0050200,CAVE CITY POLICE DEPARTMENT,Accepted,BARREN,KY0090,,HAPPY VALLEY,RD,,,,,,,,37.11842124,-85.96268735,1.513,2/6/2023,1157,2,2,0,0,CLEAR,DRY,FALSE,1 VEHICLE ENTERING/LEAVING ENTRANCE,ANGLE,STRAIGHT & LEVEL,DAYLIGHT,,,44979.64718,FALSE,607,Accepted,5,5,O,,"INATTENTION, TURNING IMPROPERLY",
31272123,0050100,GLASGOW POLICE DEPARTMENT,Accepted,BARREN,US0031E,,L ROGERS WELLS,BLVD,N,,HAPPY VALLEY,,,,,37.00958379,-85.92141944,14.849,2/22/2023,1610,2,2,0,0,CLEAR,DRY,FALSE,ANGLE COLLISION - OTHER,ANGLE,STRAIGHT & LEVEL,DAYLIGHT,,,44979.79008,FALSE,2285,Accepted,5,5,O,,MISJUDGE CLEARANCE,
31274060,0050100,GLASGOW POLICE DEPARTMENT,Accepted,BARREN,US0031E,,L ROGERS WELLS,BLVD,S,,,,,,,36.99609612,-85.93042476,13.788,2/17/2023,1423,2,2,0,0,CLOUDY,DRY,FALSE,SIDESWIPE COLLISION - SAME DIRECTION,SIDESWIPE-SAME DIRECTION,STRAIGHT & LEVEL,DAYLIGHT,,,44980.35248,FALSE,33,Accepted,5,5,O,,INATTENTION,
31274061,0050100,GLASGOW POLICE DEPARTMENT,Accepted,BARREN,US0031E,,L ROGERS WELLS,BLVD,N,,LEXINGTON,,,,,37.01436992,-85.91543318,15.296,2/17/2023,1127,2,2,0,0,CLOUDY,WET,FALSE,ANGLE COLLISION - OTHER,ANGLE,STRAIGHT & LEVEL,DAYLIGHT,,,44980.35255,FALSE,35,Accepted,5,5,O,,DISREGARD TRAFFIC CONTROL,
31274425,0050100,GLASGOW POLICE DEPARTMENT,Accepted,BARREN,KY1297,,OLD BOWLING GREEN,RD,,,GLEN GARRY,,,,,36.99313168,-85.95334699,11.529,2/18/2023,1046,2,2,0,3,CLEAR,DRY,FALSE,ANGLE COLLISION - OTHER,ANGLE,STRAIGHT & GRADE,DAYLIGHT,,,44980.40413,FALSE,2237,Accepted,5,2,A,,"ALCOHOL INVOLVEMENT, DISREGARD TRAFFIC CONTROL, INATTENTION",
31279135,0050100,GLASGOW POLICE DEPARTMENT,Accepted,BARREN,US0031EX,516,RACE,ST,N,,,,,,,37.00143229,-85.90945997,1.915,2/8/2023,2002,2,2,0,0,CLEAR,DRY,FALSE,VEHICLE BACKING NON INTERSECTION,BACKING,STRAIGHT & LEVEL,DARK-HWY LIGHTED/ON,,,44981.36972,FALSE,2287,Accepted,5,5,O,,INATTENTION,
31279137,0050100,GLASGOW POLICE DEPARTMENT,Accepted,BARREN,,,TROJAN,TRL,,,,US0031E,SCOTTSVILLE,,HILLTOPPER,36.97612367,-85.92648907,0.865,2/16/2023,1453,2,2,0,0,RAINING,WET,FALSE,SIDESWIPE COLLISION - SAME DIRECTION,SIDESWIPE-SAME DIRECTION,STRAIGHT & LEVEL,DAYLIGHT,,,44981.36982,FALSE,2246,Accepted,5,5,O,,INATTENTION,
31281498,0050100,GLASGOW POLICE DEPARTMENT,Accepted,BARREN,US0068X,,MAIN,ST,W,,CROSS,,,,,37.00076376,-85.92422145,1.838,2/24/2023,1329,2,2,0,1,CLOUDY,DRY,FALSE,ANGLE COLLISION - OTHER,ANGLE,STRAIGHT & LEVEL,DAYLIGHT,,,44981.813,FALSE,2666,Accepted,5,3,B,,"INATTENTION, MISJUDGE CLEARANCE",
31282999,0050100,GLASGOW POLICE DEPARTMENT,Accepted,BARREN,US0031EX,,RACE,ST,N,US0031EX,PUBLIC,,,,,36.99634618,-85.91285657,1.52,2/20/2023,1807,2,2,0,0,CLEAR,DRY,TRUE,OTHER INTERSECTION COLLISIONS,REAR END,STRAIGHT & LEVEL,DARK-HWY LIGHTED/ON,,,44982.30336,FALSE,2293,Accepted,5,5,O,,INATTENTION,
31283001,0050100,GLASGOW POLICE DEPARTMENT,Accepted,BARREN,,,HOMEWOOD,BLVD,,,CLARK,,,,,37.01673535,-85.90531377,0.062,2/22/2023,2327,1,1,0,0,RAINING,WET,FALSE,COLLISION WITH FIXED OBJECT IN INTERSECTION - FIRST EVENT COLLISION 09 - 32,SINGLE VEHICLE,STRAIGHT & GRADE,DARK-HWY LIGHTED/ON,,,44982.30346,FALSE,2293,Accepted,5,5,O,OTHER,OVERCORRECTING/OVERSTEERING,
31287462,KSP0300,"KY STATE POLICE, POST 03",Accepted,BARREN,KY1297,8051,OLD BOWLING GREEN,RD,,,,,,,,36.98466053,-86.04891621,5.89,10/17/2022,807,2,1,1,3,CLEAR,DRY,FALSE,OTHER ROADWAY OR MID-BLOCK COLLISION,SINGLE VEHICLE,STRAIGHT & GRADE,DAYLIGHT,,,44983.91187,FALSE,772,Accepted,5,1,K,GLARE (SUN),"FAILED TO YIELD RIGHT OF WAY, INATTENTION",
31289619,0050100,GLASGOW POLICE DEPARTMENT,Accepted,BARREN,US0068X,,MAIN,ST,W,US0031E,L ROGERS WELLS,,,,,37.00199302,-85.92627866,1.685,2/23/2023,1445,2,2,0,0,RAINING,WET,FALSE,REAR END - ONE VEHICLE TURNING RIGHT,REAR END,STRAIGHT & GRADE,DAYLIGHT,,,44984.34421,FALSE,2196,Accepted,5,5,O,,INATTENTION,
31289877,0050100,GLASGOW POLICE DEPARTMENT,Accepted,BARREN,KY0090,,HAPPY VALLEY,RD,,,MAX WAGNER,,,,,37.02299022,-85.93463811,8.712,2/25/2023,1519,2,2,0,0,CLEAR,DRY,FALSE,REAR END - ONE VEHICLE TURNING RIGHT,REAR END,STRAIGHT & HILLCREST,DAYLIGHT,,,44984.37865,FALSE,2285,Accepted,5,5,O,,INATTENTION,
31289880,0050100,GLASGOW POLICE DEPARTMENT,Accepted,BARREN,,,REGENCY PARK APARTMENTS,,,,,,,,,36.99908328,-85.90815899,0.082,2/21/2023,1531,2,2,0,0,CLEAR,DRY,FALSE,SIDESWIPE COLLISION - SAME DIRECTION,SIDESWIPE-SAME DIRECTION,STRAIGHT & LEVEL,DAYLIGHT,,,44984.37886,FALSE,2289,Accepted,5,5,O,,MISJUDGE CLEARANCE,
31290817,0050000,BARREN COUNTY SHERIFF DEPT.,Accepted,BARREN,KY0090,,BURKESVILLE,RD,,,,,,,,36.98205577,-85.89339272,11.278,2/22/2023,1735,2,2,0,0,CLEAR,DRY,FALSE,1 VEHICLE ENTERING/LEAVING ENTRANCE,ANGLE,STRAIGHT & LEVEL,DUSK,,,44984.47832,FALSE,181,Accepted,5,5,O,,INATTENTION,
31290820,0050000,BARREN COUNTY SHERIFF DEPT.,Accepted,BARREN,US0068,,EDMONTON,RD,,,,,,,,37.01084006,-85.86738172,16.168,2/26/2023,1847,1,1,0,0,CLEAR,WET,FALSE,COLLISION WITH ANIMAL NON INTERSECTION,SINGLE VEHICLE,STRAIGHT & LEVEL,DARK-HWY NOT LIGHTED,,,44984.47915,FALSE,181,Accepted,5,5,O,ANIMALS ACTION,,
31290924,0050000,BARREN COUNTY SHERIFF DEPT.,Accepted,BARREN,KY0740,1660,HISEVILLE PARK,RD,,,,,,,,37.11870983,-85.79298177,9.276,2/22/2023,2241,1,1,0,1,CLEAR,WET,FALSE,OTHER COLLISIONS ON SHOULDER,SINGLE VEHICLE,CURVE & LEVEL,DARK-HWY NOT LIGHTED,,,44984.49346,FALSE,173,Accepted,5,4,C,,INATTENTION,
31290936,0050000,BARREN COUNTY SHERIFF DEPT.,Accepted,BARREN,US0031E,,SCOTTSVILLE,RD,,,,,,,,36.90106114,-86.00392641,5.671,2/27/2023,642,2,2,0,0,CLOUDY,WET,FALSE,SIDESWIPE COLLISION - SAME DIRECTION,SIDESWIPE-SAME DIRECTION,CURVE & GRADE,DAYLIGHT,,,44984.49704,FALSE,170,Accepted,5,5,O,SLIPPERY SURFACE,,
31297363,0050100,GLASGOW POLICE DEPARTMENT,Accepted,BARREN,KY0090,,MAIN,ST,E,,MORGAN,,,,,36.99456401,-85.90861662,10.055,2/23/2023,735,2,2,0,0,CLEAR,WET,FALSE,ANGLE COLLISION - OTHER,ANGLE,STRAIGHT & LEVEL,DAYLIGHT,,,44985.63623,FALSE,2237,Accepted,5,5,O,,FAILED TO YIELD RIGHT OF WAY,
31300594,0050100,GLASGOW POLICE DEPARTMENT,Accepted,BARREN,KY1297,,OLD BOWLING GREEN,RD,,US0031E,L ROGERS WELLS,,,,,36.98922065,-85.93257643,12.784,2/28/2023,1715,3,3,0,0,CLEAR,DRY,FALSE,OTHER INTERSECTION COLLISIONS,REAR END,STRAIGHT & LEVEL,DUSK,,,44986.27456,FALSE,2260,Accepted,5,5,O,,NOT UNDER PROPER CONTROL,
31301260,0050000,BARREN COUNTY SHERIFF DEPT.,Accepted,BARREN,KY0090,,HAPPY VALLEY,RD,,,,,,,,37.11775127,-85.96279933,1.56,2/28/2023,959,2,2,0,0,CLEAR,DRY,FALSE,REAR END IN TRAFFIC LANES BOTH VEHICLES MOVING,REAR END,STRAIGHT & LEVEL,DAYLIGHT,,,44986.38909,FALSE,184,Accepted,5,5,O,,INATTENTION,
31304061,0050100,GLASGOW POLICE DEPARTMENT,Accepted,BARREN,,,TROJAN,TRL,,,,US0031E,SCOTTSVILLE,,HILLTOPPER,36.97877644,-85.92110778,0.507,3/1/2023,1652,2,2,0,0,CLEAR,DRY,FALSE,1 VEHICLE ENTERING/LEAVING ENTRANCE,ANGLE,STRAIGHT & LEVEL,DAYLIGHT,,,44986.80738,FALSE,2666,Accepted,5,5,O,,"INATTENTION, MISJUDGE CLEARANCE",
31305977,0050100,GLASGOW POLICE DEPARTMENT,Accepted,BARREN,KY0090,,HAPPY VALLEY,RD,,,,,,,,37.05111242,-85.95002372,6.583,7/15/2022,2034,1,1,0,0,CLEAR,DRY,FALSE,COLLISION WITH ANIMAL NON INTERSECTION,SINGLE VEHICLE,STRAIGHT & LEVEL,DARK-HWY LIGHTED/OFF,,,44987.36193,FALSE,2220,Accepted,5,5,O,ANIMALS ACTION,,