IncidentID,AgencyORI,AgencyName,IncidentStatusDesc,County,RdwyNumber,Street,RoadwayName,StreetSfx,StreetDir,IntersectionRdwy,IntersectionRdwyName,BetweenStRdwy1,BetweenStRdwyName1,BetweenStRdwy2,BetweenStRdwyName2,Latitude,Longitude,Milepoint,CollisionDate,CollisionTime,UnitsInvolved,MotorVehiclesInvolved,NumberKilled,NumberInjured,Weather,RdwyConditionCode,HitandRun,DirAnalysisCode,MannerofCollision,RdwyCharacter,LightCondition,RampFromRdwyId,RampToRdwyId,AcceptedDate,IsSecondaryCollision,OwnerBadge,IncidentStatus,InjurySeverityCde,KABCO_Code,KABCO,Environmental_Factors,Human_Factors,Vehicular_Factors
31305986,0050000,BARREN COUNTY SHERIFF DEPT.,Accepted,BARREN,KY0249,,ROSEVILLE,RD,,,,,,,,36.91732981,-85.91795626,10.92,2/13/2023,117,1,1,0,0,CLEAR,DRY,FALSE,COLLISION WITH FIXED OBJECT NON - INTERSECTION - FIRST EVENT COLLISION 09 - 32 EXCLUDING 16,SINGLE VEHICLE,STRAIGHT & LEVEL,DARK-HWY NOT LIGHTED,,,44987.36442,FALSE,173,Accepted,5,5,O,,ALCOHOL INVOLVEMENT,
31317109,0050100,GLASGOW POLICE DEPARTMENT,Accepted,BARREN,,,REYNOLDS,RD,,KY0090,HAPPY VALLEY,,,,,37.0150387,-85.92789091,0.692,3/1/2023,1730,2,2,0,0,CLEAR,DRY,FALSE,ANGLE COLLISION - OTHER,ANGLE,STRAIGHT & LEVEL,DUSK,,,44990.5605,FALSE,2260,Accepted,5,5,O,,"FAILED TO YIELD RIGHT OF WAY, INATTENTION",
31320419,0050100,GLASGOW POLICE DEPARTMENT,Accepted,BARREN,US0068X,,EDMONTON,RD,,US0068,VETERANS OUTER,,,,,37.01005605,-85.88032573,4.596,3/4/2023,1033,2,2,0,0,CLEAR,DRY,FALSE,ANGLE COLLISION - OTHER,ANGLE,STRAIGHT & LEVEL,DAYLIGHT,,,44991.34828,FALSE,2249,Accepted,5,5,O,IMPROPER/NON-WORKING TRAFFIC CONTROLS,,
31323622,0050100,GLASGOW POLICE DEPARTMENT,Accepted,BARREN,US0031E,,L ROGERS WELLS,BLVD,N,,ROGERS,,,,,37.00374275,-85.92548702,14.339,3/5/2023,1524,2,2,0,0,CLEAR,DRY,FALSE,ANGLE COLLISION - OTHER,ANGLE,STRAIGHT & LEVEL,DAYLIGHT,,,44991.8142,FALSE,2666,Accepted,5,5,O,,INATTENTION,
31323781,0050100,GLASGOW POLICE DEPARTMENT,Accepted,BARREN,LN9008,,LN9008 EXIT 15,,,,,LN9008,LN9008 W EXIT15 TO KY90 W,KY0090,LN9008 W EXIT 14 TO KY90 W,36.98370815,-85.8945741,0.254,3/3/2023,1245,1,1,0,0,RAINING,WET,FALSE,RAN OFF ROADWAY (1 VEHICLE WITH/EARTH EMBANKMENT/DITCH),SINGLE VEHICLE,STRAIGHT & LEVEL,DAYLIGHT,,,44991.86827,FALSE,2297,Accepted,5,5,O,SLIPPERY SURFACE,NOT UNDER PROPER CONTROL,
31323783,0050100,GLASGOW POLICE DEPARTMENT,Accepted,BARREN,KY0090,,HAPPY VALLEY,RD,,,,US0068,VETERANS OUTER,US0068,VETERANS OUTER,37.02425569,-85.93579718,8.586,3/4/2023,1228,2,2,0,1,CLEAR,DRY,FALSE,1 VEHICLE ENTERING/LEAVING ENTRANCE,ANGLE,STRAIGHT & LEVEL,DAYLIGHT,,,44991.86836,FALSE,2237,Accepted,5,4,C,,OTHER,
31325886,0050100,GLASGOW POLICE DEPARTMENT,Accepted,BARREN,US0068,,VETERANS OUTER,LOOP,,,,,,,,37.01797951,-85.94439151,10.682,3/3/2023,702,1,1,0,1,CLOUDY,WET,FALSE,OTHER ROADWAY OR MID-BLOCK COLLISION,SINGLE VEHICLE,STRAIGHT & LEVEL,DAYLIGHT,,,44992.37079,FALSE,2289,Accepted,5,2,A,,,
31325888,0050100,GLASGOW POLICE DEPARTMENT,Accepted,BARREN,US0031E,,L ROGERS WELLS,BLVD,S,US0031E,SCOTTSVILLE,,,,,36.98477741,-85.93161535,12.98,3/3/2023,1827,2,2,0,0,CLOUDY,DRY,FALSE,OTHER INTERSECTION COLLISIONS,REAR END,STRAIGHT & LEVEL,DARK-HWY LIGHTED/OFF,,,44992.37091,FALSE,2285,Accepted,5,5,O,,OTHER,
31333408,0050000,BARREN COUNTY SHERIFF DEPT.,Accepted,BARREN,,,OAK GROVE CHURCH,RD,,,,,,,,37.04650277,-86.09017016,1.899,3/3/2023,1430,1,1,0,0,SEVERE CROSSWINDS,DRY,FALSE,COLLISION WITH FIXED OBJECT NON - INTERSECTION - FIRST EVENT COLLISION 09 - 32 EXCLUDING 16,SINGLE VEHICLE,STRAIGHT & LEVEL,DAYLIGHT,,,44993.65904,FALSE,174,Accepted,5,5,O,DEBRIS IN ROADWAY,,
31333409,0050000,BARREN COUNTY SHERIFF DEPT.,Accepted,BARREN,,,PACE QUARRY,RD,,,,,,,,37.06172486,-85.95498376,0.128,3/3/2023,843,1,1,0,0,CLOUDY,DRY,FALSE,COLLISION WITH FIXED OBJECT NON - INTERSECTION - FIRST EVENT COLLISION 09 - 32 EXCLUDING 16,SINGLE VEHICLE,STRAIGHT & GRADE,DAYLIGHT,,,44993.65912,FALSE,170,Accepted,5,5,O,,,
31333411,0050000,BARREN COUNTY SHERIFF DEPT.,Accepted,BARREN,KY0063,3700,TOMPKINSVILLE,RD,,,,,,,,36.9505674,-85.88288875,10.974,3/3/2023,1259,1,1,0,0,RAINING,WET,FALSE,COLLISION WITH FIXED OBJECT NON - INTERSECTION - FIRST EVENT COLLISION 09 - 32 EXCLUDING 16,SINGLE VEHICLE,STRAIGHT & LEVEL,DAYLIGHT,,,44993.65922,FALSE,170,Accepted,5,5,O,,,
31333412,0050000,BARREN COUNTY SHERIFF DEPT.,Accepted,BARREN,KY0070,4165,MAMMOTH CAVE,RD,,,,,,,,37.13229714,-86.02307473,2.616,3/3/2023,1423,1,1,0,0,SEVERE CROSSWINDS,WET,FALSE,COLLISION WITH FIXED OBJECT NON - INTERSECTION - FIRST EVENT COLLISION 09 - 32 EXCLUDING 16,SINGLE VEHICLE,STRAIGHT & LEVEL,DAYLIGHT,,,44993.65927,FALSE,170,Accepted,5,5,O,DEBRIS IN ROADWAY,,
31333414,0050000,BARREN COUNTY SHERIFF DEPT.,Accepted,BARREN,KY0090,,BURKESVILLE,RD,,,,,,,,36.93360647,-85.82097468,16.634,3/5/2023,1811,1,1,0,0,CLEAR,DRY,FALSE,COLLISION WITH ANIMAL NON INTERSECTION,SINGLE VEHICLE,STRAIGHT & LEVEL,DARK-HWY NOT LIGHTED,,,44993.65934,FALSE,185,Accepted,5,5,O,ANIMALS ACTION,,
31333415,0050000,BARREN COUNTY SHERIFF DEPT.,Accepted,BARREN,LN9008,,LN9008 E,,,,,,,,,37.0309581,-86.05085167,3.96,3/6/2023,1341,2,2,0,0,CLEAR,DRY,FALSE,REAR END IN TRAFFIC LANES BOTH VEHICLES MOVING,REAR END,STRAIGHT & LEVEL,DAYLIGHT,,,44993.65939,FALSE,170,Accepted,5,5,O,"DEBRIS IN ROADWAY, MAINTENANCE/UTILITY WORK ZONE",,
31333417,0050000,BARREN COUNTY SHERIFF DEPT.,Accepted,BARREN,KY0090,,BURKESVILLE,RD,,,WITTY,,,,,36.94661181,-85.83949164,15.196,2/21/2023,836,2,2,0,0,CLEAR,WET,FALSE,OTHER INTERSECTION COLLISIONS,REAR END,CURVE & GRADE,DAYLIGHT,,,44993.65948,FALSE,125,Accepted,5,5,O,,MISJUDGE CLEARANCE,
31333419,0050000,BARREN COUNTY SHERIFF DEPT.,Accepted,BARREN,,,LECTA KINO,RD,,,GENIE FRANKLIN,,,,,36.95829453,-85.77049606,6.862,2/25/2023,623,1,1,0,0,RAINING,WET,FALSE,COLLISION WITH FIXED OBJECT IN INTERSECTION - FIRST EVENT COLLISION 09 - 32,SINGLE VEHICLE,STRAIGHT & LEVEL,DAYLIGHT,,,44993.65964,FALSE,125,Accepted,5,5,O,SLIPPERY SURFACE,,
31333421,0050000,BARREN COUNTY SHERIFF DEPT.,Accepted,BARREN,KY0090,,HAPPY VALLEY,RD,,,FLINT KNOB,,,,,37.04507566,-85.94746335,7.024,2/28/2023,846,2,2,0,0,CLEAR,DRY,FALSE,OTHER INTERSECTION COLLISIONS,REAR END,STRAIGHT & HILLCREST,DAYLIGHT,,,44993.65976,FALSE,125,Accepted,5,5,O,"NON-HIGHWAY WORK: WORK ZONE (Utility, Tree, etc.)",,
31333428,0050000,BARREN COUNTY SHERIFF DEPT.,Accepted,BARREN,KY0249,,ROSEVILLE,RD,,,MT PLEASANT,,,,,36.90794494,-85.91753441,10.257,3/2/2023,1010,2,2,0,1,CLEAR,DRY,FALSE,OPPOSITE DIRECTION - BOTH VEHICLES GOING STRAIGHT AHEAD,SIDESWIPE-OPPOSITE DIRECTION,STRAIGHT & LEVEL,DAYLIGHT,,,44993.65994,FALSE,125,Accepted,5,4,C,,,STEERING FAILURE
31333430,0050000,BARREN COUNTY SHERIFF DEPT.,Accepted,BARREN,KY0090,,BURKESVILLE,RD,,,WITTY,,,,,36.94677267,-85.83970792,15.209,3/3/2023,733,2,2,0,1,RAINING,WET,FALSE,SIDESWIPE-SAME DIRECTION,SIDESWIPE-SAME DIRECTION,CURVE & GRADE,DAYLIGHT,,,44993.66005,FALSE,125,Accepted,5,4,C,SLIPPERY SURFACE,,
31333431,0050000,BARREN COUNTY SHERIFF DEPT.,Accepted,BARREN,KY0063,5109,TOMPKINSVILLE,RD,,,PATTON,,,,,36.92995128,-85.87602639,9.45,3/3/2023,1244,1,1,0,0,RAINING,WET,FALSE,COLLISION WITH FIXED OBJECT IN INTERSECTION - FIRST EVENT COLLISION 09 - 32,SINGLE VEHICLE,CURVE & GRADE,DAYLIGHT,,,44993.66012,FALSE,125,Accepted,5,5,O,SLIPPERY SURFACE,,
31333434,0050000,BARREN COUNTY SHERIFF DEPT.,Accepted,BARREN,KY0249,,ROSEVILLE,RD,,,BEECHTREE,,,,,36.95642544,-85.91571036,13.709,3/3/2023,740,2,2,0,1,CLOUDY,DRY,FALSE,ANGLE COLLISION - OTHER,ANGLE,STRAIGHT & LEVEL,DAYLIGHT,,,44993.66027,FALSE,157,Accepted,5,4,C,OTHER,INATTENTION,
31339441,0050100,GLASGOW POLICE DEPARTMENT,Accepted,BARREN,US0031E,,L ROGERS WELLS,BLVD,S,,CLEVELAND,,,,,36.98968229,-85.93229473,13.323,3/6/2023,1703,2,2,0,0,CLEAR,DRY,FALSE,SIDESWIPE-SAME DIRECTION,SIDESWIPE-SAME DIRECTION,STRAIGHT & LEVEL,DAYLIGHT,,,44994.80528,FALSE,2666,Accepted,5,5,O,,INATTENTION,
31342029,KSP0300,"KY STATE POLICE, POST 03",Accepted,BARREN,US0031W,,LOUISVILLE,RD,,,,,,,,37.0935926,-86.04874163,1.083,3/8/2023,1230,1,1,0,0,CLOUDY,DRY,FALSE,COLLISION WITH FIXED OBJECT NON - INTERSECTION - FIRST EVENT COLLISION 09 - 32 EXCLUDING 16,SINGLE VEHICLE,STRAIGHT & GRADE,DAYLIGHT,,,44995.46326,FALSE,551,Accepted,5,5,O,,LOST CONSCIOUSNESS/FAINTED,
31342255,0050000,BARREN COUNTY SHERIFF DEPT.,Accepted,BARREN,KY0090,,HAPPY VALLEY,RD,,,,,,,,37.11151594,-85.96659598,2.041,3/1/2023,2013,2,1,0,1,RAINING,WET,FALSE,COLLISION WITH PEDESTRIAN NON - INTERSECTION,SINGLE VEHICLE,STRAIGHT & LEVEL,DARK-HWY NOT LIGHTED,,,44995.50146,FALSE,184,Accepted,5,4,C,OTHER,,
31342267,0050000,BARREN COUNTY SHERIFF DEPT.,Accepted,BARREN,US0068,,NEW BOWLING GREEN,RD,,,BEAVER VALLEY,,,,,37.01578686,-85.9672458,9.236,3/8/2023,1505,2,2,0,0,CLEAR,DRY,FALSE,HEAD-ON COLLISION,HEAD ON,STRAIGHT & LEVEL,DAYLIGHT,,,44995.50171,FALSE,170,Accepted,5,5,O,GLARE (SUN),INATTENTION,
31342268,0050000,BARREN COUNTY SHERIFF DEPT.,Accepted,BARREN,,,OIL WELL,RD,,,BEECHTREE,,,,,36.96190056,-85.94052212,6.007,2/25/2023,856,2,2,0,3,RAINING,WET,FALSE,HEAD-ON COLLISION,HEAD ON,STRAIGHT & GRADE,DAYLIGHT,,,44995.50178,FALSE,172,Accepted,4,4,C,SLIPPERY SURFACE,,
31344261,0050100,GLASGOW POLICE DEPARTMENT,Accepted,BARREN,US0031EX,,GREEN,ST,S,US0031E,L ROGERS WELLS,,,,,36.98277618,-85.93135296,0.002,2/21/2023,1752,2,2,0,0,CLEAR,DRY,FALSE,OTHER INTERSECTION COLLISIONS,REAR TO REAR,STRAIGHT & GRADE,DARK-HWY NOT LIGHTED,,,44995.94057,FALSE,2287,Accepted,5,5,O,,INATTENTION,
31344263,0050100,GLASGOW POLICE DEPARTMENT,Accepted,BARREN,,,REYNOLDS,RD,,,,,YMCA,,COMMERCE,37.01335857,-85.93212775,0.43,3/7/2023,720,2,2,0,0,CLEAR,DRY,FALSE,VEHICLE BACKING NON INTERSECTION,BACKING,STRAIGHT & LEVEL,DAYLIGHT,,,44995.94063,FALSE,2246,Accepted,5,5,O,,INATTENTION,
31344266,0050100,GLASGOW POLICE DEPARTMENT,Accepted,BARREN,,120,QUAIL RIDGE,CIR,,,,,,,,36.99017964,-85.95296044,0.262,3/8/2023,1913,2,2,0,0,CLEAR,DRY,TRUE,1 VEHICLE PARKED POSITION (NOT PARKING LOT/DRIVEWAY),OPPOSING LEFT TURN,CURVE & LEVEL,DARK-HWY LIGHTED/ON,,,44995.94076,FALSE,2300,Accepted,5,5,O,,NOT UNDER PROPER CONTROL,
31348620,0050100,GLASGOW POLICE DEPARTMENT,Accepted,BARREN,US0031EX,,RACE,ST,N,,FRONT,,,,,36.99798384,-85.91179552,1.65,3/11/2023,1115,2,2,0,0,CLEAR,DRY,FALSE,ANGLE COLLISION - OTHER,ANGLE,STRAIGHT & LEVEL,DAYLIGHT,,,44997.32249,FALSE,2289,Accepted,5,5,O,,TURNING IMPROPERLY,
31352149,0050000,BARREN COUNTY SHERIFF DEPT.,Accepted,BARREN,US0031E,,SCOTTSVILLE,RD,,,HAYWOOD CEDAR GROVE,,,,,36.95290691,-85.96366969,10.081,3/9/2023,812,2,2,0,0,CLEAR,DRY,FALSE,OTHER INTERSECTION COLLISIONS,REAR END,STRAIGHT & LEVEL,DAYLIGHT,,,44998.33716,FALSE,125,Accepted,5,5,O,,INATTENTION,
31352151,0050000,BARREN COUNTY SHERIFF DEPT.,Accepted,BARREN,,2944,LECTA KINO,RD,,,,,,,,36.99004378,-85.80528804,3.382,3/11/2023,910,1,1,0,1,CLEAR,DRY,FALSE,COLLISION WITH FIXED OBJECT NON - INTERSECTION - FIRST EVENT COLLISION 09 - 32 EXCLUDING 16,SINGLE VEHICLE,CURVE & LEVEL,DAYLIGHT,,,44998.33731,FALSE,146,Accepted,3,3,B,,INATTENTION,
31352152,0050000,BARREN COUNTY SHERIFF DEPT.,Accepted,BARREN,KY0255,,PARK CITY BON AYR,RD,,,,,,,,37.08118219,-86.05696727,10.655,3/12/2023,1449,2,2,0,0,CLOUDY,DRY,TRUE,SIDESWIPE COLLISION - SAME DIRECTION,SIDESWIPE-SAME DIRECTION,STRAIGHT & LEVEL,DAYLIGHT,,,44998.33747,FALSE,184,Accepted,5,5,O,,OTHER,
31352179,0050100,GLASGOW POLICE DEPARTMENT,Accepted,BARREN,KY0249,,BUNCHE,AVE,,,BROADWAY,,,,,36.98946159,-85.91471326,16.124,3/4/2023,2115,2,2,0,0,CLEAR,DRY,FALSE,SIDESWIPE-SAME DIRECTION,SIDESWIPE-SAME DIRECTION,STRAIGHT & LEVEL,DARK-HWY LIGHTED/ON,,,44998.34319,FALSE,2225,Accepted,5,5,O,,INATTENTION,
31362697,0050000,BARREN COUNTY SHERIFF DEPT.,Accepted,BARREN,,,JENNY,RD,,,,,,,,37.1425614,-86.02139236,0.951,3/11/2023,1721,1,1,0,0,CLEAR,DRY,FALSE,COLLISION WITH FIXED OBJECT NON - INTERSECTION - FIRST EVENT COLLISION 09 - 32 EXCLUDING 16,SINGLE VEHICLE,CURVE & LEVEL,DAYLIGHT,,,45000.35164,FALSE,174,Accepted,5,5,O,,NOT UNDER PROPER CONTROL,
31367848,0050100,GLASGOW POLICE DEPARTMENT,Accepted,BARREN,,234,HOMEWOOD,BLVD,,,,,SCOTTIE,,CLARK,37.01669672,-85.89457716,0.662,3/13/2023,1548,2,2,0,0,CLOUDY,DRY,FALSE,REAR END IN TRAFFIC LANES BOTH VEHICLES MOVING,REAR END,STRAIGHT & GRADE,DAYLIGHT,,,45001.35002,FALSE,2196,Accepted,5,5,O,,INATTENTION,BRAKES DEFECTIVE
31368111,0050100,GLASGOW POLICE DEPARTMENT,Accepted,BARREN,US0031E,,L ROGERS WELLS,BLVD,N,,LEXINGTON,,,,,37.01430301,-85.91547846,15.3,3/11/2023,1104,2,2,0,0,CLEAR,DRY,FALSE,OTHER INTERSECTION COLLISIONS,REAR END,STRAIGHT & LEVEL,DAYLIGHT,,,45001.38092,FALSE,2285,Accepted,5,5,O,,INATTENTION,
31368114,0050100,GLASGOW POLICE DEPARTMENT,Accepted,BARREN,US0031E,,L ROGERS WELLS,BLVD,N,US0068X,MAIN,,,,,37.00207619,-85.92633687,14.26,3/12/2023,918,2,2,0,2,FOG WITH RAIN,WET,FALSE,OPPOSING LEFT TURN,OPPOSING LEFT TURN,STRAIGHT & LEVEL,DAYLIGHT,,,45001.38108,FALSE,2289,Accepted,3,3,B,,MISJUDGE CLEARANCE,
31370069,0050000,BARREN COUNTY SHERIFF DEPT.,Accepted,BARREN,US0068,,NEW BOWLING GREEN,RD,,,,,,,,37.0150205,-85.96422202,9.412,3/9/2023,1515,2,2,0,2,CLOUDY,DRY,FALSE,REAR END IN TRAFFIC LANES BOTH VEHICLES MOVING,REAR END,STRAIGHT & HILLCREST,DAYLIGHT,,,45001.66813,FALSE,143,Accepted,5,4,C,,FOLLOWING TOO CLOSE,
31370081,0050000,BARREN COUNTY SHERIFF DEPT.,Accepted,BARREN,US0068,2698,EDMONTON,RD,,,,,,,,37.01089047,-85.86937538,16.182,3/15/2023,2235,1,1,0,0,CLEAR,DRY,FALSE,OTHER ROADWAY OR MID-BLOCK COLLISION,SINGLE VEHICLE,STRAIGHT & LEVEL,DARK-HWY LIGHTED/ON,,,45001.66886,FALSE,185,Accepted,5,5,O,DEBRIS IN ROADWAY,,
31374035,KSP0300,"KY STATE POLICE, POST 03",Accepted,BARREN,KY0839,,NOBOB,RD,,,,,,,,36.84732359,-85.76875589,0.802,3/13/2023,1530,1,1,1,0,CLOUDY,DRY,FALSE,OTHER COLLISIONS ON SHOULDER,SINGLE VEHICLE,CURVE & HILLCREST,DAYLIGHT,,,45002.56531,FALSE,632,Accepted,5,1,K,,"FAILED TO KEEP PROPER LANE, INATTENTION, MISJUDGE CLEARANCE",
31375474,0050100,GLASGOW POLICE DEPARTMENT,Accepted,BARREN,US0031EX,,GREEN,ST,S,,WASHINGTON,,,,,36.99504231,-85.91241527,1.406,3/13/2023,1618,2,2,0,0,CLEAR,DRY,FALSE,OTHER INTERSECTION COLLISIONS,REAR END,STRAIGHT & LEVEL,DAYLIGHT,,,45002.89059,FALSE,2287,Accepted,5,5,O,,INATTENTION,
31385999,0050100,GLASGOW POLICE DEPARTMENT,Accepted,BARREN,KY0090,804,HAPPY VALLEY,RD,,,,,SHALIMAR,,ENSMINGER,37.01046067,-85.92334937,9.8,3/15/2023,1937,2,2,0,0,CLEAR,DRY,FALSE,SIDESWIPE COLLISION - SAME DIRECTION,SIDESWIPE-SAME DIRECTION,STRAIGHT & LEVEL,DARK-HWY LIGHTED/ON,,,45005.73627,FALSE,2297,Accepted,5,5,O,,INATTENTION,
31386392,0050100,GLASGOW POLICE DEPARTMENT,Accepted,BARREN,,344,PARK,AVE,,,,,ADAMS,,MCGRAH,36.99682114,-85.89699708,0.355,3/20/2023,1330,2,2,0,0,CLEAR,DRY,TRUE,1 VEHICLE PARKED POSITION (NOT PARKING LOT/DRIVEWAY),SIDESWIPE-SAME DIRECTION,STRAIGHT & LEVEL,DAYLIGHT,,,45005.80036,FALSE,2666,Accepted,5,5,O,,,
31388247,0050100,GLASGOW POLICE DEPARTMENT,Accepted,BARREN,US0031E,,L ROGERS WELLS,BLVD,N,,,,WALL,,CHERRY,37.00892539,-85.92215549,14.765,3/17/2023,705,2,2,0,0,RAINING,WET,FALSE,HEAD-ON COLLISION,HEAD ON,STRAIGHT & LEVEL,DAYLIGHT,,,45006.28923,FALSE,2285,Accepted,5,5,O,,FAILED TO KEEP PROPER LANE,
31390324,KSP0300,"KY STATE POLICE, POST 03",Accepted,BARREN,LN9008,,LN9008 E,,,,,,,,,36.98556854,-85.9488153,10.535,3/17/2023,723,2,2,0,1,RAINING,WET,FALSE,SIDESWIPE COLLISION - OPPOSITE DIRECTION,SIDESWIPE-OPPOSITE DIRECTION,STRAIGHT & LEVEL,DAYLIGHT,,,45006.64594,FALSE,638,Accepted,5,3,B,,"FAILED TO YIELD RIGHT OF WAY, INATTENTION",
31396186,0050100,GLASGOW POLICE DEPARTMENT,Accepted,BARREN,,,FRONT,ST,W,,GREEN,,,,,36.99755777,-85.91074264,0.075,3/17/2023,1428,2,2,0,1,CLEAR,WET,FALSE,ANGLE COLLISION - OTHER,ANGLE,STRAIGHT & LEVEL,DAYLIGHT,,,45007.72778,FALSE,2285,Accepted,5,4,C,,"ALCOHOL INVOLVEMENT, NOT UNDER PROPER CONTROL",
31398917,0050000,BARREN COUNTY SHERIFF DEPT.,Accepted,BARREN,LN9008,,LN9008 E,,,,,,,,,37.04870197,-86.08777015,1.544,3/17/2023,751,1,1,0,0,RAINING,WET,FALSE,RAN OFF ROADWAY (1 VEHICLE WITH/EARTH EMBANKMENT/DITCH),SINGLE VEHICLE,STRAIGHT & LEVEL,DAYLIGHT,,,45008.39048,FALSE,181,Accepted,5,5,O,,NOT UNDER PROPER CONTROL,
31398921,0050000,BARREN COUNTY SHERIFF DEPT.,Accepted,BARREN,KY0070,,GRIDERVILLE,RD,,,,,,,,37.11982803,-85.91670525,9.241,3/13/2023,1930,1,1,0,0,CLEAR,DRY,FALSE,COLLISION WITH ANIMAL NON INTERSECTION,SINGLE VEHICLE,STRAIGHT & LEVEL,DARK-HWY NOT LIGHTED,,,45008.39066,FALSE,182,Accepted,5,5,O,ANIMALS ACTION,,
31398922,0050000,BARREN COUNTY SHERIFF DEPT.,Accepted,BARREN,,,OLD MUNFORDVILLE,RD,,,,,,,,37.09861312,-85.90320692,3.685,3/19/2023,1208,2,2,0,0,CLEAR,DRY,TRUE,SIDESWIPE COLLISION - OPPOSITE DIRECTION,SIDESWIPE-OPPOSITE DIRECTION,STRAIGHT & LEVEL,DAYLIGHT,,,45008.39073,FALSE,181,Accepted,5,5,O,,FAILED TO KEEP PROPER LANE,
31398929,0050000,BARREN COUNTY SHERIFF DEPT.,Accepted,BARREN,KY1297,,OLD BOWLING GREEN,RD,,KY0685,BECKTON,,,,,36.98426325,-86.03657371,6.599,3/20/2023,703,1,1,0,0,CLEAR,DRY,FALSE,COLLISION WITH FIXED OBJECT IN INTERSECTION - FIRST EVENT COLLISION 09 - 32,SINGLE VEHICLE,STRAIGHT & LEVEL,DAYLIGHT,,,45008.39095,FALSE,181,Accepted,5,5,O,,,
31398934,0050000,BARREN COUNTY SHERIFF DEPT.,Accepted,BARREN,US0031E,,SCOTTSVILLE,RD,,,,,,,,36.85448707,-86.05272675,1.297,3/9/2023,1727,1,1,0,0,RAINING,WET,FALSE,COLLISION WITH ANIMAL NON INTERSECTION,SINGLE VEHICLE,STRAIGHT & LEVEL,DUSK,,,45008.39108,FALSE,163,Accepted,5,5,O,ANIMALS ACTION,,
31398943,0050000,BARREN COUNTY SHERIFF DEPT.,Accepted,BARREN,US0031W,,LOUISVILLE,RD,,,,,,,,37.09396361,-86.0162545,2.995,3/22/2023,1925,1,1,0,0,CLEAR,DRY,FALSE,COLLISION WITH ANIMAL NON INTERSECTION,SINGLE VEHICLE,STRAIGHT & LEVEL,DARK-HWY NOT LIGHTED,,,45008.39153,FALSE,182,Accepted,5,5,O,ANIMALS ACTION,,
31399833,0050100,GLASGOW POLICE DEPARTMENT,Accepted,BARREN,,121,CEDAR,ST,,,,,MILTON,,PRESTON,37.00424504,-85.91285561,0.126,3/20/2023,1220,2,2,0,0,CLEAR,DRY,FALSE,VEHICLE BACKING NON INTERSECTION,BACKING,STRAIGHT & LEVEL,DAYLIGHT,,,45008.55985,FALSE,50,Accepted,5,5,O,,INATTENTION,
31400863,0050100,GLASGOW POLICE DEPARTMENT,Accepted,BARREN,KY0090,,HAPPY VALLEY,RD,,,,,VALLEY VIEW,,REYNOLDS,37.01378237,-85.9266302,9.493,3/20/2023,724,2,2,0,0,CLEAR,DRY,FALSE,1 VEHICLE ENTERING/LEAVING ENTRANCE,ANGLE,STRAIGHT & LEVEL,DAYLIGHT,,,45008.68413,FALSE,2237,Accepted,5,5,O,,INATTENTION,
31400923,0050200,CAVE CITY POLICE DEPARTMENT,Accepted,BARREN,,240,MARINA,CT,,,,,,,,37.12180494,-85.96478139,,3/21/2023,1330,2,1,0,0,CLOUDY,DRY,FALSE,1 VEHICLE PARKED POSITION (NOT PARKING LOT/DRIVEWAY),BACKING,CURVE & LEVEL,DAYLIGHT,,,45008.6539,FALSE,601,Accepted,5,5,O,,INATTENTION,
31404252,0050100,GLASGOW POLICE DEPARTMENT,Accepted,BARREN,US0068X,,COLUMBIA,AVE,,,FRONT,,,,,36.99708513,-85.90952951,2.751,3/23/2023,1047,2,2,0,0,CLEAR,DRY,FALSE,ANGLE COLLISION - OTHER,ANGLE,STRAIGHT & LEVEL,DAYLIGHT,,,45009.45309,FALSE,2249,Accepted,5,5,O,,"CELL PHONE, DISREGARD TRAFFIC CONTROL, DISTRACTION",
31404255,0050100,GLASGOW POLICE DEPARTMENT,Accepted,BARREN,,,QUAIL RIDGE,CIR,,,,,BOB WHITE,,BOB WHITE,36.99058673,-85.95271404,0.236,3/23/2023,1051,2,2,0,1,CLEAR,DRY,FALSE,1 VEHICLE ENTERING/LEAVING ENTRANCE,ANGLE,STRAIGHT & GRADE,DAYLIGHT,,,45009.45325,FALSE,2196,Accepted,4,4,C,,"INATTENTION, NOT UNDER PROPER CONTROL",
31404371,0050100,GLASGOW POLICE DEPARTMENT,Accepted,BARREN,,,SHALIMAR,DR,,KY0090,HAPPY VALLEY,,,,,37.01066903,-85.92365286,0.002,3/23/2023,1242,2,1,0,0,CLEAR,DRY,FALSE,OTHER INTERSECTION COLLISIONS,REAR END,STRAIGHT & GRADE,DAYLIGHT,,,45009.45331,FALSE,50,Accepted,5,5,O,,INATTENTION,
31405104,0050200,CAVE CITY POLICE DEPARTMENT,Accepted,BARREN,KY0070,,BROADWAY,ST,,,,,,,,37.13684381,-85.95720455,6.636,2/19/2023,958,2,2,0,0,CLEAR,DRY,FALSE,COLLISION WITH FIXED OBJECT NON - INTERSECTION - FIRST EVENT COLLISION 09 - 32 EXCLUDING 16,REAR END,STRAIGHT & GRADE,DAYLIGHT,,,45009.63919,FALSE,608,Accepted,5,5,O,,MISJUDGE CLEARANCE,