IncidentID,AgencyORI,AgencyName,IncidentStatusDesc,County,RdwyNumber,Street,RoadwayName,StreetSfx,StreetDir,IntersectionRdwy,IntersectionRdwyName,BetweenStRdwy1,BetweenStRdwyName1,BetweenStRdwy2,BetweenStRdwyName2,Latitude,Longitude,Milepoint,CollisionDate,CollisionTime,UnitsInvolved,MotorVehiclesInvolved,NumberKilled,NumberInjured,Weather,RdwyConditionCode,HitandRun,DirAnalysisCode,MannerofCollision,RdwyCharacter,LightCondition,RampFromRdwyId,RampToRdwyId,AcceptedDate,IsSecondaryCollision,OwnerBadge,IncidentStatus,InjurySeverityCde,KABCO_Code,KABCO,Environmental_Factors,Human_Factors,Vehicular_Factors
31405112,0050200,CAVE CITY POLICE DEPARTMENT,Accepted,BARREN,US0031W,,DIXIE,HWY,N,,,,,,,37.13586726,-85.95577245,7.41,3/2/2023,1827,2,2,0,0,CLEAR,DRY,FALSE,OTHER ROADWAY OR MID-BLOCK COLLISION,REAR END,STRAIGHT & LEVEL,DARK-HWY LIGHTED/ON,,,45009.63948,FALSE,610,Accepted,5,5,O,,"CELL PHONE, DISTRACTION, INATTENTION",
31405131,0050200,CAVE CITY POLICE DEPARTMENT,Accepted,BARREN,US0031W,,DIXIE,HWY,N,,,,,,,37.13723946,-85.95450297,7.524,3/18/2023,1209,2,2,0,0,CLEAR,DRY,FALSE,SIDESWIPE COLLISION - SAME DIRECTION,SIDESWIPE-SAME DIRECTION,STRAIGHT & LEVEL,DAYLIGHT,,,45009.64043,FALSE,611,Accepted,5,5,O,,INATTENTION,
31405872,0050100,GLASGOW POLICE DEPARTMENT,Accepted,BARREN,US0031E,,L ROGERS WELLS,BLVD,N,,,,ROGERS,,SHANE,37.00512166,-85.92478711,14.406,3/24/2023,1108,3,3,0,0,RAINING,WET,FALSE,VEHICLE BACKING NON INTERSECTION,BACKING,STRAIGHT & LEVEL,DAYLIGHT,,,45009.81189,FALSE,2237,Accepted,5,5,O,,INATTENTION,
31407278,0050100,GLASGOW POLICE DEPARTMENT,Accepted,BARREN,US0031EX,,GREEN,ST,S,,COLLEGE,,,,,36.9933363,-85.91349933,1.269,3/21/2023,1636,2,2,0,0,CLOUDY,DRY,FALSE,OTHER INTERSECTION COLLISIONS,REAR END,STRAIGHT & LEVEL,DAYLIGHT,,,45010.34172,FALSE,2285,Accepted,5,5,O,,INATTENTION,
31411931,KSP0300,"KY STATE POLICE, POST 03",Accepted,BARREN,US0031E,,JACKSON,HWY,N,,,,,,,37.09477915,-85.87931973,21.669,11/30/2022,1529,2,2,1,1,CLEAR,DRY,FALSE,SIDESWIPE COLLISION - OPPOSITE DIRECTION,SIDESWIPE-OPPOSITE DIRECTION,STRAIGHT & GRADE,DAYLIGHT,,,45011.97007,FALSE,772,Accepted,1,1,K,GLARE (SUN),"EXCEEDED STATED SPEED LIMIT, FAILED TO KEEP PROPER LANE, NOT UNDER PROPER CONTROL",
31414157,0050000,BARREN COUNTY SHERIFF DEPT.,Accepted,BARREN,KY0063,,TOMPKINSVILLE,RD,,,,,,,,36.97376721,-85.89497258,12.728,3/24/2023,928,1,1,0,0,RAINING,WET,FALSE,COLLISION WITH FIXED OBJECT NON - INTERSECTION - FIRST EVENT COLLISION 09 - 32 EXCLUDING 16,SINGLE VEHICLE,CURVE & GRADE,DAYLIGHT,,,45012.40481,FALSE,181,Accepted,5,5,O,,FELL ASLEEP,
31414167,0050000,BARREN COUNTY SHERIFF DEPT.,Accepted,BARREN,KY0740,,CORAL HILL,RD,,,,,,,,37.02080522,-85.8749984,0.71,3/24/2023,2027,2,2,0,0,CLEAR,DRY,TRUE,SIDESWIPE COLLISION - OPPOSITE DIRECTION,SIDESWIPE-OPPOSITE DIRECTION,STRAIGHT & HILLCREST,DARK-HWY NOT LIGHTED,,,45012.40526,FALSE,173,Accepted,5,5,O,,FAILED TO KEEP PROPER LANE,
31418746,0050000,BARREN COUNTY SHERIFF DEPT.,Accepted,BARREN,KY0070,,HISEVILLE,RD,,,,,,,,37.07528012,-85.79123187,17.395,3/27/2023,652,1,1,0,0,CLEAR,DRY,FALSE,COLLISION WITH ANIMAL NON INTERSECTION,SINGLE VEHICLE,STRAIGHT & LEVEL,DAYLIGHT,,,45013.34925,FALSE,181,Accepted,5,5,O,,,
31429766,0050100,GLASGOW POLICE DEPARTMENT,Accepted,BARREN,,,TRABUE,ST,,,FRONT,,,,,36.99957858,-85.91566571,0.14,3/28/2023,1523,2,2,0,0,CLOUDY,DRY,FALSE,ANGLE COLLISION - ONE VEHICLE TURNING RIGHT,ANGLE,STRAIGHT & GRADE,DAYLIGHT,,,45015.36249,FALSE,2196,Accepted,5,5,O,,INATTENTION,
31434585,0050100,GLASGOW POLICE DEPARTMENT,Accepted,BARREN,US0031E,,L ROGERS WELLS,BLVD,S,,,,CAVALRY,US0031EX,GREEN,36.98475288,-85.93161273,12.978,3/30/2023,1123,2,2,0,0,CLEAR,DRY,FALSE,SIDESWIPE COLLISION - SAME DIRECTION,SIDESWIPE-SAME DIRECTION,STRAIGHT & LEVEL,DAYLIGHT,,,45016.35334,FALSE,50,Accepted,5,5,O,OTHER,FAILED TO KEEP PROPER LANE,
31435153,0050000,BARREN COUNTY SHERIFF DEPT.,Accepted,BARREN,KY0740,,CORAL HILL,RD,,,NEW CUT,,,,,37.09659333,-85.81894728,7.082,3/28/2023,1310,1,1,0,0,CLEAR,DRY,FALSE,OTHER INTERSECTION COLLISIONS,SINGLE VEHICLE,STRAIGHT & LEVEL,DAYLIGHT,,,45016.43284,FALSE,181,Accepted,5,5,O,,IMPROPER PASSING,
31435162,0050000,BARREN COUNTY SHERIFF DEPT.,Accepted,BARREN,,612,BISHOP,RD,,,,,,,,37.00626061,-85.9994484,0.634,3/11/2023,1326,1,1,0,0,CLOUDY,DRY,FALSE,COLLISION WITH FIXED OBJECT NON - INTERSECTION - FIRST EVENT COLLISION 09 - 32 EXCLUDING 16,SINGLE VEHICLE,STRAIGHT & GRADE,DAYLIGHT,,,45016.43339,FALSE,125,Accepted,5,5,O,,INATTENTION,
31435163,0050000,BARREN COUNTY SHERIFF DEPT.,Accepted,BARREN,,2028,HOLLOW,RD,,,,,,,,36.97754624,-85.85627289,2.028,3/15/2023,722,1,1,0,0,CLEAR,DRY,FALSE,COLLISION WITH FIXED OBJECT NON - INTERSECTION - FIRST EVENT COLLISION 09 - 32 EXCLUDING 16,SINGLE VEHICLE,CURVE & LEVEL,DAWN,,,45016.43348,FALSE,125,Accepted,5,5,O,GLARE (SUN),,
31435164,0050000,BARREN COUNTY SHERIFF DEPT.,Accepted,BARREN,KY0090,,HAPPY VALLEY,RD,,KY0685,WILSON,,,,,37.09642645,-85.9734496,3.178,3/18/2023,857,2,2,0,0,CLEAR,DRY,FALSE,REAR END - ONE VEHICLE TURNING RIGHT,REAR END,STRAIGHT & LEVEL,DAYLIGHT,,,45016.43356,FALSE,125,Accepted,5,5,O,,DISTRACTION,
31435166,0050000,BARREN COUNTY SHERIFF DEPT.,Accepted,BARREN,KY0087,,AUSTIN TRACY,RD,,,LEBANON CHURCH,,,,,36.73841172,-85.95736763,0.475,3/18/2023,1314,1,1,0,0,CLEAR,DRY,FALSE,COLLISION WITH FIXED OBJECT IN INTERSECTION - FIRST EVENT COLLISION 09 - 32,SINGLE VEHICLE,CURVE & LEVEL,DAYLIGHT,,,45016.43364,FALSE,125,Accepted,5,5,O,,,STEERING FAILURE
31435167,0050000,BARREN COUNTY SHERIFF DEPT.,Accepted,BARREN,US0031E,11700,SCOTTSVILLE,RD,,,,,,,,36.87111646,-86.03015412,3.014,3/21/2023,619,1,1,0,0,CLEAR,DRY,FALSE,COLLISION WITH NON-FIXED OBJECT ,SINGLE VEHICLE,CURVE & GRADE,DAYLIGHT,,,45016.43374,FALSE,125,Accepted,5,5,O,,,
31435168,0050000,BARREN COUNTY SHERIFF DEPT.,Accepted,BARREN,KY0740,,CORAL HILL,RD,,US0068,EDMONTON,,,,,37.01059417,-85.87728031,0.003,3/22/2023,701,2,2,0,0,RAINING,WET,FALSE,OTHER INTERSECTION COLLISIONS,REAR END,STRAIGHT & LEVEL,DAYLIGHT,,,45016.43382,FALSE,125,Accepted,5,5,O,,INATTENTION,
31437032,0050100,GLASGOW POLICE DEPARTMENT,Accepted,BARREN,,,SMITH,RD,,,WALL,,,,,37.00746673,-85.92328848,0.135,3/27/2023,1427,2,2,0,0,CLEAR,DRY,FALSE,SIDESWIPE-SAME DIRECTION,SIDESWIPE-SAME DIRECTION,STRAIGHT & LEVEL,DAYLIGHT,,,45016.77257,FALSE,2289,Accepted,5,5,O,,MISJUDGE CLEARANCE,
31437034,0050100,GLASGOW POLICE DEPARTMENT,Accepted,BARREN,KY0090,,MAIN,ST,E,,BROADWAY,,,,,36.99542375,-85.91076064,9.924,3/31/2023,617,2,2,0,0,RAINING,WET,FALSE,ANGLE COLLISION - OTHER,ANGLE,STRAIGHT & LEVEL,DAWN,,,45016.77263,FALSE,2289,Accepted,5,5,O,,DISREGARD TRAFFIC CONTROL,
31438071,0050100,GLASGOW POLICE DEPARTMENT,Accepted,BARREN,US0031E,,L ROGERS WELLS,BLVD,N,,HAPPY VALLEY,,,,,37.00957962,-85.9213942,14.847,3/21/2023,1438,2,1,0,0,CLEAR,DRY,FALSE,OPPOSING LEFT TURN,OPPOSING LEFT TURN,STRAIGHT & LEVEL,DAYLIGHT,,,45017.12763,FALSE,2246,Accepted,5,5,O,,DISREGARD TRAFFIC CONTROL,
31441410,0050100,GLASGOW POLICE DEPARTMENT,Accepted,BARREN,LN9008,,,,,,,,,,,36.98249357,-85.89413681,0.321,3/28/2023,1610,2,2,0,0,CLEAR,DRY,FALSE,OTHER RAMP RELATED COLLISIONS NOT LISTED ABOVE,REAR END,STRAIGHT & GRADE,DAYLIGHT,LN9008,KY0090,45018.32662,FALSE,2264,Accepted,5,5,O,,INATTENTION,
31441612,0050100,GLASGOW POLICE DEPARTMENT,Accepted,BARREN,,,BROADWAY,ST,S,KY0090,MAIN,,,,,36.9956145,-85.91063171,0.01,3/29/2023,1157,2,2,0,0,CLEAR,DRY,FALSE,OTHER INTERSECTION COLLISIONS,REAR END,STRAIGHT & GRADE,DAYLIGHT,,,45018.4365,FALSE,2666,Accepted,5,5,O,,INATTENTION,
31441614,0050100,GLASGOW POLICE DEPARTMENT,Accepted,BARREN,,,TROJAN,TRL,,US0031E,SCOTTSVILLE,,,,,36.97940557,-85.93286584,1.305,4/1/2023,1338,2,2,0,0,CLEAR,DRY,FALSE,SIDESWIPE-SAME DIRECTION,SIDESWIPE-SAME DIRECTION,STRAIGHT & LEVEL,DAYLIGHT,,,45018.43657,FALSE,2666,Accepted,5,5,O,,"INATTENTION, MISJUDGE CLEARANCE",
31445627,0050000,BARREN COUNTY SHERIFF DEPT.,Accepted,BARREN,KY0740,,CORAL HILL,RD,,,,,,,,37.02366217,-85.87453986,0.914,3/31/2023,957,1,1,0,0,RAINING,WET,FALSE,COLLISION WITH FIXED OBJECT NON - INTERSECTION - FIRST EVENT COLLISION 09 - 32 EXCLUDING 16,SINGLE VEHICLE,CURVE & GRADE,DAYLIGHT,,,45019.39756,FALSE,181,Accepted,5,5,O,,NOT UNDER PROPER CONTROL,
31445629,0050000,BARREN COUNTY SHERIFF DEPT.,Accepted,BARREN,LN9008,,LN9008 E,,,,,,,,,36.9952974,-85.9889428,8.193,3/31/2023,1058,1,1,0,0,CLEAR,WET,FALSE,OTHER ROADWAY OR MID-BLOCK COLLISION,SINGLE VEHICLE,STRAIGHT & LEVEL,DAYLIGHT,,,45019.39764,FALSE,181,Accepted,5,5,O,WATER POOLING,NOT UNDER PROPER CONTROL,
31446720,0050100,GLASGOW POLICE DEPARTMENT,Accepted,BARREN,US0031EX,,PUBLIC,SQ,W,,,US0031EX,US31E BUS TURN LANE,US0031EX,US31E BUS TURN LANE,36.99597712,-85.91306461,1.492,3/28/2023,1600,2,2,0,0,CLEAR,DRY,TRUE,REAR END IN TRAFFIC LANES BOTH VEHICLES MOVING,REAR END,STRAIGHT & GRADE,DAYLIGHT,,,45019.58808,FALSE,2249,Accepted,5,5,O,,INATTENTION,
31448335,0050100,GLASGOW POLICE DEPARTMENT,Accepted,BARREN,KY0063,,WOODLAWN,ST,,,,,TEMPLE TRACE,,LENNA,36.98557165,-85.90480738,13.733,4/2/2023,1641,1,1,0,0,CLEAR,DRY,FALSE,COLLISION WITH FIXED OBJECT NON - INTERSECTION - FIRST EVENT COLLISION 09 - 32 EXCLUDING 16,SINGLE VEHICLE,CURVE & HILLCREST,DAYLIGHT,,,45019.84151,FALSE,2237,Accepted,5,5,O,,"ALCOHOL INVOLVEMENT, EXCEEDED STATED SPEED LIMIT, NOT UNDER PROPER CONTROL",
31450764,0050100,GLASGOW POLICE DEPARTMENT,Accepted,BARREN,KY0090,,HAPPY VALLEY,RD,,,BEAVER,,,,,37.02671425,-85.9383034,8.401,3/31/2023,1329,2,2,0,0,RAINING,WET,FALSE,OTHER INTERSECTION COLLISIONS,REAR END,STRAIGHT & LEVEL,DAYLIGHT,,,45020.38073,FALSE,2289,Accepted,5,5,O,SLIPPERY SURFACE,,
31450877,0050000,BARREN COUNTY SHERIFF DEPT.,Accepted,BARREN,KY0090,,HAPPY VALLEY,RD,,,DRIPPING SPRINGS,,,,,37.04144247,-85.94597703,7.286,3/31/2023,852,2,2,0,0,RAINING,WET,FALSE,OTHER INTERSECTION COLLISIONS,REAR END,STRAIGHT & LEVEL,DAYLIGHT,,,45020.39562,FALSE,183,Accepted,5,5,O,SLIPPERY SURFACE,NOT UNDER PROPER CONTROL,
31450880,0050000,BARREN COUNTY SHERIFF DEPT.,Accepted,BARREN,,,LECTA KINO,RD,,,JIM GLOVER,,,,,36.98794897,-85.79687133,3.89,3/31/2023,1028,2,2,0,0,RAINING,WET,FALSE,OPPOSITE DIRECTION - BOTH VEHICLES GOING STRAIGHT AHEAD,SIDESWIPE-OPPOSITE DIRECTION,STRAIGHT & HILLCREST,DAYLIGHT,,,45020.3957,FALSE,183,Accepted,5,5,O,,INATTENTION,
31450881,0050000,BARREN COUNTY SHERIFF DEPT.,Accepted,BARREN,KY0090,,HAPPY VALLEY,RD,,,DRIPPING SPRINGS,,,,,37.04125378,-85.94593199,7.276,4/3/2023,1005,2,2,0,1,CLEAR,DRY,FALSE,COLLISION WITH FIXED OBJECT IN INTERSECTION - FIRST EVENT COLLISION 09 - 32,SIDESWIPE-OPPOSITE DIRECTION,STRAIGHT & LEVEL,DAYLIGHT,,,45020.39582,TRUE,183,Accepted,5,4,C,,"FAILED TO KEEP PROPER LANE, FELL ASLEEP, LOST CONSCIOUSNESS/FAINTED",
31450885,0050000,BARREN COUNTY SHERIFF DEPT.,Accepted,BARREN,KY0820,,CANEY FORK,RD,,,,,,,,36.82731005,-85.89770689,1.664,4/2/2023,2004,1,1,0,0,CLEAR,DRY,FALSE,COLLISION WITH ANIMAL NON INTERSECTION,SINGLE VEHICLE,STRAIGHT & LEVEL,DARK-HWY NOT LIGHTED,,,45020.39604,FALSE,173,Accepted,5,5,O,ANIMALS ACTION,,
31455770,0050100,GLASGOW POLICE DEPARTMENT,Accepted,BARREN,US0031E,,L ROGERS WELLS,BLVD,N,,SMITH,,,,,37.00578899,-85.92450475,14.438,4/4/2023,1305,2,2,0,0,CLEAR,DRY,FALSE,OTHER INTERSECTION COLLISIONS,REAR END,STRAIGHT & LEVEL,DAYLIGHT,,,45021.33925,FALSE,50,Accepted,5,5,O,,INATTENTION,
31460557,0050100,GLASGOW POLICE DEPARTMENT,Accepted,BARREN,US0068,,VETERANS OUTER,LOOP,,US0068X,NEW GLASGOW,,,,,37.01205168,-85.95304212,10.049,4/5/2023,709,2,2,0,0,CLEAR,DRY,FALSE,OTHER INTERSECTION COLLISIONS,REAR END,STRAIGHT & LEVEL,DAYLIGHT,,,45022.38171,FALSE,50,Accepted,5,5,O,,INATTENTION,
31464756,0050000,BARREN COUNTY SHERIFF DEPT.,Accepted,BARREN,,,PATTON,RD,,,,,,,,36.93096804,-85.85480471,1.317,3/27/2023,1806,1,1,0,0,CLEAR,DRY,FALSE,RAN OFF ROADWAY (1 VEHICLE WITH/EARTH EMBANKMENT/DITCH),SINGLE VEHICLE,CURVE & LEVEL,DAYLIGHT,,,45023.38487,FALSE,174,Accepted,5,5,O,,NOT UNDER PROPER CONTROL,
31464757,0050000,BARREN COUNTY SHERIFF DEPT.,Accepted,BARREN,LN9008,,LN9008 W,,,,,,,,,36.99562255,-85.75250381,22.201,3/29/2023,2300,1,1,0,0,CLEAR,DRY,FALSE,COLLISION WITH ANIMAL NON INTERSECTION,SINGLE VEHICLE,STRAIGHT & LEVEL,DARK-HWY NOT LIGHTED,,,45023.38495,FALSE,174,Accepted,5,5,O,ANIMALS ACTION,,
31464758,0050000,BARREN COUNTY SHERIFF DEPT.,Accepted,BARREN,US0031E,,SCOTTSVILLE,RD,,,,,,,,36.85573829,-86.05162588,1.4,3/30/2023,1706,2,2,0,1,CLEAR,DRY,FALSE,REAR END IN TRAFFIC LANES BOTH VEHICLES MOVING,REAR END,STRAIGHT & LEVEL,DAYLIGHT,,,45023.385,FALSE,182,Accepted,5,4,C,,INATTENTION,
31464759,0050000,BARREN COUNTY SHERIFF DEPT.,Accepted,BARREN,,,VERNON SCHOOL,RD,,,,,,,,36.94271297,-85.81772934,1.823,4/2/2023,39,1,1,0,0,CLEAR,DRY,FALSE,COLLISION WITH FIXED OBJECT NON - INTERSECTION - FIRST EVENT COLLISION 09 - 32 EXCLUDING 16,SINGLE VEHICLE,STRAIGHT & LEVEL,DARK-HWY NOT LIGHTED,,,45023.38505,FALSE,182,Accepted,5,5,O,,OTHER,
31464765,0050000,BARREN COUNTY SHERIFF DEPT.,Accepted,BARREN,KY1297,,OLD BOWLING GREEN,RD,,,,,,,,36.98808766,-86.00118353,8.579,4/3/2023,2120,1,1,0,0,CLEAR,DRY,FALSE,RAN OFF ROADWAY (1 VEHICLE WITH/EARTH EMBANKMENT/DITCH),SINGLE VEHICLE,STRAIGHT & LEVEL,DARK-HWY NOT LIGHTED,,,45023.38518,FALSE,182,Accepted,5,5,O,,"EMOTIONAL, FOLLOWING TOO CLOSE",
31464766,0050000,BARREN COUNTY SHERIFF DEPT.,Accepted,BARREN,KY0249,,ROSEVILLE,RD,,,,,,,,36.82990488,-85.9177413,4.576,4/5/2023,2104,2,2,0,0,RAINING,WET,FALSE,1 VEHICLE ENTERING/LEAVING ENTRANCE,ANGLE,STRAIGHT & GRADE,DAYLIGHT,,,45023.38522,FALSE,182,Accepted,5,5,O,SLIPPERY SURFACE,"DISTRACTION, IMPROPER PASSING, INATTENTION",
31466386,0050100,GLASGOW POLICE DEPARTMENT,Accepted,BARREN,US0031E,,L ROGERS WELLS,BLVD,N,,,,WALL,KY0090,HAPPY VALLEY,37.00904558,-85.92196661,14.751,4/1/2023,1000,2,2,0,0,RAINING,WET,TRUE,SIDESWIPE COLLISION - SAME DIRECTION,SIDESWIPE-SAME DIRECTION,STRAIGHT & LEVEL,DAYLIGHT,,,45023.8229,FALSE,2237,Accepted,5,5,O,,INATTENTION,
31470474,0050100,GLASGOW POLICE DEPARTMENT,Accepted,BARREN,US0068X,,MAIN,ST,W,,INDUSTRIAL,,,,,37.00721963,-85.93451973,1.103,3/30/2023,1502,2,2,0,0,CLEAR,DRY,FALSE,VEHICLE BACKING IN INTERSECTION,BACKING,STRAIGHT & LEVEL,DAYLIGHT,,,45025.12247,FALSE,2246,Accepted,5,5,O,,"IMPROPER BACKING, INATTENTION, TURNING IMPROPERLY",
31470475,0050100,GLASGOW POLICE DEPARTMENT,Accepted,BARREN,,,QUAIL RIDGE,CIR,,,,,,,,36.98960958,-85.94963672,0.048,3/30/2023,1939,2,1,0,1,CLEAR,DRY,TRUE,COLLISION WITH BICYCLIST NON INTERSECTION,SINGLE VEHICLE,STRAIGHT & LEVEL,DARK-HWY LIGHTED/ON,,,45025.12254,FALSE,2300,Accepted,5,4,C,,ALCOHOL INVOLVEMENT,
31470480,0050100,GLASGOW POLICE DEPARTMENT,Accepted,BARREN,,,PRITCHARDSVILLE,RD,,,ABERDEEN,,,,,36.97604719,-85.93625156,0.018,3/4/2023,1534,2,2,0,0,SEVERE CROSSWINDS,OTHER,FALSE,VEHICLE BACKING IN INTERSECTION,BACKING,CURVE & GRADE,DAYLIGHT,,,45025.12278,FALSE,2287,Accepted,5,5,O,"DEBRIS IN ROADWAY, NON-HIGHWAY WORK: WORK ZONE (Utility, Tree, etc.)",OTHER,
31472121,0050100,GLASGOW POLICE DEPARTMENT,Accepted,BARREN,,,HAPPY VALLEY,RD,,,LEXINGTON,,,,,37.00525828,-85.91089108,0.65,4/8/2023,1058,2,2,0,0,CLOUDY,DRY,FALSE,OPPOSITE DIRECTION - BOTH VEHICLES GOING STRAIGHT AHEAD,SIDESWIPE-OPPOSITE DIRECTION,STRAIGHT & LEVEL,DAYLIGHT,,,45025.79567,FALSE,2289,Accepted,5,5,O,,FELL ASLEEP,
31476814,0050000,BARREN COUNTY SHERIFF DEPT.,Accepted,BARREN,US0031E,,JACKSON,HWY,N,,,,,,,37.04743862,-85.89873436,18.071,4/7/2023,1749,2,2,0,0,CLEAR,DRY,FALSE,SIDESWIPE COLLISION - OPPOSITE DIRECTION,SIDESWIPE-OPPOSITE DIRECTION,STRAIGHT & LEVEL,DAYLIGHT,,,45026.62985,FALSE,184,Accepted,5,5,O,,INATTENTION,
31477940,0050100,GLASGOW POLICE DEPARTMENT,Accepted,BARREN,US0031EX,,RACE,ST,N,,,,LEECH,,HAPPY VALLEY,37.00308842,-85.90870503,2.04,4/10/2023,1159,3,3,0,0,CLEAR,DRY,FALSE,OTHER ROADWAY OR MID-BLOCK COLLISION,REAR END,STRAIGHT & LEVEL,DAYLIGHT,,,45026.78721,FALSE,2285,Accepted,5,5,O,,MISJUDGE CLEARANCE,
31483007,0050100,GLASGOW POLICE DEPARTMENT,Accepted,BARREN,LN9008,,LN9008 E,,,LN9008,LN9008 E EXIT11 OFF RAMP TO US31E,,,,,36.98210992,-85.94244364,10.963,4/7/2023,2315,1,1,0,0,CLEAR,DRY,FALSE,COLLISION WITH ANIMAL IN INTERSECTION,SINGLE VEHICLE,STRAIGHT & LEVEL,DARK-HWY NOT LIGHTED,,,45027.80953,FALSE,2260,Accepted,5,5,O,ANIMALS ACTION,,
31486622,0050000,BARREN COUNTY SHERIFF DEPT.,Accepted,BARREN,KY1297,,OLD BOWLING GREEN,RD,,,,,,,,36.99466308,-85.96482258,10.872,4/5/2023,1554,1,1,0,1,CLOUDY,DRY,FALSE,RAN OFF ROADWAY (1 VEHICLE WITH/EARTH EMBANKMENT/DITCH),SINGLE VEHICLE,STRAIGHT & LEVEL,DAYLIGHT,,,45028.58715,FALSE,174,Accepted,5,2,A,,"INATTENTION, NOT UNDER PROPER CONTROL",
31486630,0050000,BARREN COUNTY SHERIFF DEPT.,Accepted,BARREN,KY0921,,THOMERSON PARK,RD,,,,,,,,36.80426619,-85.96000437,5.961,4/7/2023,2118,1,1,0,0,CLEAR,DRY,FALSE,COLLISION WITH ANIMAL NON INTERSECTION,SINGLE VEHICLE,STRAIGHT & LEVEL,DARK-HWY NOT LIGHTED,,,45028.58752,FALSE,174,Accepted,5,5,O,ANIMALS ACTION,,
31486636,0050000,BARREN COUNTY SHERIFF DEPT.,Accepted,BARREN,KY0685,,STOVALL,RD,,,,,,,,37.01627391,-86.02387541,2.426,3/28/2023,2218,1,1,0,0,CLEAR,DRY,FALSE,RAN OFF ROADWAY (1 VEHICLE WITH/EARTH EMBANKMENT/DITCH),SINGLE VEHICLE,STRAIGHT & LEVEL,DARK-HWY NOT LIGHTED,,,45028.58794,FALSE,185,Accepted,5,5,O,ANIMALS ACTION,,
31486918,0050000,BARREN COUNTY SHERIFF DEPT.,Accepted,BARREN,LN9008,,LN9008 E,,,,,,,,,36.99519247,-85.9887145,8.207,4/5/2023,1711,1,1,0,0,RAINING,WATER (STANDING OR MOVING),FALSE,COLLISION WITH FIXED OBJECT NON - INTERSECTION - FIRST EVENT COLLISION 09 - 32 EXCLUDING 16,SINGLE VEHICLE,STRAIGHT & GRADE,DAYLIGHT,,,45028.58732,FALSE,174,Accepted,5,5,O,WATER POOLING,,
31490312,0050100,GLASGOW POLICE DEPARTMENT,Accepted,BARREN,US0068,,VETERANS OUTER,LOOP,,US0068,NEW GLASGOW,,,,,37.01203805,-85.95301973,10.051,4/9/2023,1106,2,2,0,1,CLEAR,DRY,FALSE,ANGLE COLLISION - OTHER,ANGLE,STRAIGHT & LEVEL,DAYLIGHT,,,45029.36352,FALSE,2289,Accepted,5,3,B,,DISTRACTION,
31493278,0050100,GLASGOW POLICE DEPARTMENT,Accepted,BARREN,US0031EX,,RACE,ST,N,,,,FRONT,,WATER,36.99781525,-85.9119204,1.634,4/13/2023,1332,2,2,0,0,CLEAR,DRY,TRUE,SIDESWIPE COLLISION - SAME DIRECTION,SIDESWIPE-SAME DIRECTION,STRAIGHT & LEVEL,DAYLIGHT,,,45029.78212,FALSE,2285,Accepted,5,5,O,,FAILED TO KEEP PROPER LANE,
31494596,0050000,BARREN COUNTY SHERIFF DEPT.,Accepted,BARREN,KY0090,,BURKESVILLE,RD,,,WHITES CHAPEL,,,,,36.94839916,-85.84229556,15.031,3/30/2023,1154,2,1,0,0,CLEAR,DRY,FALSE,OTHER INTERSECTION COLLISIONS,REAR END,STRAIGHT & GRADE,DAYLIGHT,,,45030.12695,FALSE,102,Accepted,5,5,O,,INATTENTION,
31503539,0050100,GLASGOW POLICE DEPARTMENT,Accepted,BARREN,KY0090,1612,BURKESVILLE,RD,,,,,,,,36.97895746,-85.89087324,11.531,4/12/2023,1654,2,2,0,0,CLEAR,DRY,FALSE,OTHER ROADWAY OR MID-BLOCK COLLISION,OPPOSING LEFT TURN,STRAIGHT & HILLCREST,DAYLIGHT,,,45032.84572,FALSE,2297,Accepted,5,5,O,,INATTENTION,
31503541,0050100,GLASGOW POLICE DEPARTMENT,Accepted,BARREN,US0031E,,JACKSON,HWY,N,,,,,,,37.02240972,-85.90596898,16.172,4/15/2023,1326,1,1,0,1,CLEAR,DRY,FALSE,OTHER COLLISIONS ON SHOULDER,SINGLE VEHICLE,CURVE & LEVEL,DAYLIGHT,,,45032.84581,FALSE,2297,Accepted,5,4,C,,INATTENTION,
31505115,0050100,GLASGOW POLICE DEPARTMENT,Accepted,BARREN,US0031EX,,PUBLIC,SQ,N,US0031EX,RACE,,,,,36.99631407,-85.91288501,1.5,3/6/2023,1447,1,1,0,0,CLEAR,DRY,FALSE,COLLISION WITH FIXED OBJECT IN INTERSECTION - FIRST EVENT COLLISION 09 - 32,SINGLE VEHICLE,STRAIGHT & LEVEL,DAYLIGHT,,,45033.2704,FALSE,2666,Accepted,5,5,O,,MISJUDGE CLEARANCE,
31505117,0050100,GLASGOW POLICE DEPARTMENT,Accepted,BARREN,,,CHERRY,ST,W,US0031EX,RACE,,,,,37.00170335,-85.90959883,0.867,4/15/2023,1608,2,2,0,0,CLEAR,DRY,FALSE,OTHER INTERSECTION COLLISIONS,REAR END,STRAIGHT & LEVEL,DAYLIGHT,,,45033.27046,FALSE,2666,Accepted,5,5,O,,INATTENTION,
31506306,0050000,BARREN COUNTY SHERIFF DEPT.,Accepted,BARREN,,,COLESBEND,RD,,,GUY JONES,,,,,36.953207,-86.14091297,2.402,4/14/2023,1625,1,1,1,0,CLEAR,DRY,FALSE,COLLISION WITH FIXED OBJECT IN INTERSECTION - FIRST EVENT COLLISION 09 - 32,SINGLE VEHICLE,CURVE & LEVEL,DAYLIGHT,,,45033.42356,FALSE,183,Accepted,5,1,K,,NOT UNDER PROPER CONTROL,