IncidentID,AgencyORI,AgencyName,IncidentStatusDesc,County,RdwyNumber,Street,RoadwayName,StreetSfx,StreetDir,IntersectionRdwy,IntersectionRdwyName,BetweenStRdwy1,BetweenStRdwyName1,BetweenStRdwy2,BetweenStRdwyName2,Latitude,Longitude,Milepoint,CollisionDate,CollisionTime,UnitsInvolved,MotorVehiclesInvolved,NumberKilled,NumberInjured,Weather,RdwyConditionCode,HitandRun,DirAnalysisCode,MannerofCollision,RdwyCharacter,LightCondition,RampFromRdwyId,RampToRdwyId,AcceptedDate,IsSecondaryCollision,OwnerBadge,IncidentStatus,InjurySeverityCde,KABCO_Code,KABCO,Environmental_Factors,Human_Factors,Vehicular_Factors
31506311,0050000,BARREN COUNTY SHERIFF DEPT.,Accepted,BARREN,LN9008,,LN9008 E,,,,,,,,,36.98205678,-85.94238355,10.968,4/16/2023,1543,1,1,0,0,CLEAR,DRY,FALSE,RAN OFF ROADWAY (1 VEHICLE WITH/EARTH EMBANKMENT/DITCH),SINGLE VEHICLE,STRAIGHT & LEVEL,DAYLIGHT,,,45033.42377,FALSE,184,Accepted,5,5,O,,INATTENTION,
31521411,0050000,BARREN COUNTY SHERIFF DEPT.,Accepted,BARREN,LN9008,,LN9008 W,,,,,,,,,37.01218292,-86.02238605,6,4/17/2023,1625,2,2,0,0,CLEAR,DRY,FALSE,HEAD-ON COLLISION,HEAD ON,STRAIGHT & LEVEL,DAYLIGHT,,,45036.35904,FALSE,182,Accepted,5,5,O,,,
31523557,0050100,GLASGOW POLICE DEPARTMENT,Accepted,BARREN,,,SMITH,RD,,US0031E,L ROGERS WELLS,,,,,37.00582982,-85.92447082,0.001,4/14/2023,1613,2,2,0,0,CLEAR,DRY,FALSE,ANGLE COLLISION - OTHER,ANGLE,STRAIGHT & LEVEL,DAYLIGHT,,,45036.69012,FALSE,2285,Accepted,5,5,O,,INATTENTION,
31523564,0050100,GLASGOW POLICE DEPARTMENT,Accepted,BARREN,KY0090,,HAPPY VALLEY,RD,,,ENSMINGER,,,,,37.01002094,-85.92244987,9.858,4/18/2023,1340,2,2,0,0,CLEAR,DRY,FALSE,ANGLE COLLISION - OTHER,ANGLE,STRAIGHT & LEVEL,DAYLIGHT,,,45036.69028,FALSE,2285,Accepted,5,5,O,,FAILED TO YIELD RIGHT OF WAY,
31523565,0050100,GLASGOW POLICE DEPARTMENT,Accepted,BARREN,US0031E,,L ROGERS WELLS,BLVD,S,US0068X,MAIN,,,,,37.00192535,-85.92641169,14.25,4/19/2023,1602,2,2,0,0,CLEAR,DRY,FALSE,OTHER INTERSECTION COLLISIONS,REAR TO REAR,STRAIGHT & LEVEL,DAYLIGHT,,,45036.69048,FALSE,2289,Accepted,5,5,O,,INATTENTION,
31528263,0050200,CAVE CITY POLICE DEPARTMENT,Accepted,BARREN,KY0090,504,HAPPY VALLEY,ST,E,,,,,,,37.12382172,-85.96164591,1.139,3/28/2023,1552,2,2,0,0,CLOUDY,DRY,FALSE,REAR END IN TRAFFIC LANES BOTH VEHICLES MOVING,REAR END,STRAIGHT & LEVEL,DAYLIGHT,,,45037.65459,FALSE,609,Accepted,5,5,O,,INATTENTION,
31528278,0050200,CAVE CITY POLICE DEPARTMENT,Accepted,BARREN,US0031W,,DIXIE,HWY,S,,,,,,,37.12911954,-85.96191806,6.857,3/25/2023,1059,2,2,0,2,CLOUDY,DRY,FALSE,COLLISION WITH FIXED OBJECT NON - INTERSECTION - FIRST EVENT COLLISION 09 - 32 EXCLUDING 16,SIDESWIPE-SAME DIRECTION,STRAIGHT & LEVEL,DAYLIGHT,,,45037.65525,FALSE,608,Accepted,4,3,B,,FAILED TO YIELD RIGHT OF WAY,
31528282,0050200,CAVE CITY POLICE DEPARTMENT,Accepted,BARREN,,901,SANDERS,ST,,,,,,,,37.13478372,-85.97177002,0.059,3/31/2023,2245,1,1,0,0,RAINING,WET,FALSE,COLLISION WITH FIXED OBJECT NON - INTERSECTION - FIRST EVENT COLLISION 09 - 32 EXCLUDING 16,SINGLE VEHICLE,STRAIGHT & LEVEL,DARK-HWY LIGHTED/ON,,,45037.65546,FALSE,605,Accepted,5,5,O,,"INATTENTION, MISJUDGE CLEARANCE",
31528285,0050200,CAVE CITY POLICE DEPARTMENT,Accepted,BARREN,KY0070,,MAMMOTH CAVE,ST,,,GRINSTEAD MILL,,,,,37.13900967,-85.95980067,6.429,3/29/2023,740,2,2,0,0,CLEAR,DRY,FALSE,COLLISION WITH FIXED OBJECT IN INTERSECTION - FIRST EVENT COLLISION 09 - 32,SIDESWIPE-OPPOSITE DIRECTION,STRAIGHT & GRADE,DAYLIGHT,,,45037.65566,FALSE,608,Accepted,5,5,O,GLARE (SUN),"CELL PHONE, FAILED TO YIELD RIGHT OF WAY",
31528292,0050200,CAVE CITY POLICE DEPARTMENT,Accepted,BARREN,US0031W,,DIXIE,HWY,S,,,,,,,37.12852978,-85.96254609,6.807,4/1/2023,1124,2,2,0,0,CLEAR,DRY,FALSE,COLLISION WITH FIXED OBJECT NON - INTERSECTION - FIRST EVENT COLLISION 09 - 32 EXCLUDING 16,REAR END,STRAIGHT & LEVEL,DAYLIGHT,,,45037.65612,FALSE,608,Accepted,5,5,O,,FOLLOWING TOO CLOSE,
31531882,0050100,GLASGOW POLICE DEPARTMENT,Accepted,BARREN,KY1307,,NEW SALEM,RD,,,,,,,,37.00055971,-85.89614363,8.446,4/9/2023,2125,2,2,0,0,CLEAR,DRY,FALSE,SIDESWIPE COLLISION - OPPOSITE DIRECTION,SIDESWIPE-OPPOSITE DIRECTION,CURVE & LEVEL,DARK-HWY LIGHTED/OFF,,,45038.87792,FALSE,2300,Accepted,5,5,O,,"ALCOHOL INVOLVEMENT, NOT UNDER PROPER CONTROL",
31531894,0050100,GLASGOW POLICE DEPARTMENT,Accepted,BARREN,LN9008,,,,,,,,,,,36.98248737,-85.89408495,0.324,4/4/2023,1704,2,2,0,0,CLEAR,DRY,FALSE,OTHER RAMP RELATED COLLISIONS NOT LISTED ABOVE,REAR END,STRAIGHT & HILLCREST,DAYLIGHT,LN9008,KY0090,45038.87824,FALSE,2246,Accepted,5,5,O,,INATTENTION,
31536738,0050100,GLASGOW POLICE DEPARTMENT,Accepted,BARREN,,,LEWIS,ST,N,KY0090,MAIN,,,,,36.9950195,-85.90965976,0.002,4/21/2023,1213,2,2,0,0,CLEAR,DRY,FALSE,ANGLE COLLISION - OTHER,ANGLE,STRAIGHT & GRADE,DAYLIGHT,,,45040.35197,FALSE,2227,Accepted,5,5,O,,FAILED TO YIELD RIGHT OF WAY,
31542527,0050000,BARREN COUNTY SHERIFF DEPT.,Accepted,BARREN,KY0249,,ROSEVILLE,RD,,,,,,,,36.93218655,-85.91934057,11.976,4/22/2023,744,1,1,0,0,CLEAR,WET,FALSE,OTHER ROADWAY OR MID-BLOCK COLLISION,SINGLE VEHICLE,STRAIGHT & LEVEL,DAYLIGHT,,,45041.35544,FALSE,181,Accepted,5,5,O,,NOT UNDER PROPER CONTROL,
31542536,0050000,BARREN COUNTY SHERIFF DEPT.,Accepted,BARREN,,48,RED BUD,LN,,,,,,,,36.9506747,-85.88101425,0.104,4/21/2023,105,2,2,0,0,CLEAR,DRY,FALSE,1 VEHICLE PARKED POSITION (NOT PARKING LOT/DRIVEWAY),BACKING,STRAIGHT & LEVEL,DARK-HWY NOT LIGHTED,,,45041.35564,FALSE,185,Accepted,5,5,O,IMPROPERLY PARKED VEHICLE(S),,
31542539,0050000,BARREN COUNTY SHERIFF DEPT.,Accepted,BARREN,KY0090,,HAPPY VALLEY,RD,,,,,,,,37.09640628,-85.97340301,3.179,4/20/2023,1557,2,2,0,0,CLEAR,DRY,FALSE,1 VEHICLE ENTERING/LEAVING ENTRANCE,ANGLE,STRAIGHT & LEVEL,DAYLIGHT,,,45041.35577,FALSE,174,Accepted,5,5,O,,"FAILED TO YIELD RIGHT OF WAY, INATTENTION",
31542543,0050000,BARREN COUNTY SHERIFF DEPT.,Accepted,BARREN,KY0087,,AUSTIN TRACY,RD,,,,,,,,36.75732573,-85.95289019,1.855,4/22/2023,429,1,1,0,0,CLEAR,DRY,FALSE,RAN OFF ROADWAY (1 VEHICLE WITH/EARTH EMBANKMENT/DITCH),SINGLE VEHICLE,STRAIGHT & LEVEL,DARK-HWY LIGHTED/OFF,,,45041.35585,FALSE,157,Accepted,5,5,O,,INATTENTION,
31542548,0050000,BARREN COUNTY SHERIFF DEPT.,Accepted,BARREN,KY0249,,ROSEVILLE,RD,,,,,,,,36.95303171,-85.91770451,13.46,4/13/2023,1650,2,2,0,0,CLEAR,DRY,FALSE,HEAD-ON COLLISION,HEAD ON,STRAIGHT & GRADE,DAYLIGHT,,,45041.35604,FALSE,163,Accepted,5,5,O,,,LOAD SECUREMENT
31542550,0050000,BARREN COUNTY SHERIFF DEPT.,Accepted,BARREN,US0031E,,SCOTTSVILLE,RD,,,,,,,,36.85654587,-86.05022992,1.492,4/24/2023,10,1,1,0,0,CLEAR,DRY,FALSE,COLLISION WITH ANIMAL NON INTERSECTION,SINGLE VEHICLE,STRAIGHT & LEVEL,DARK-HWY NOT LIGHTED,,,45041.3561,FALSE,173,Accepted,5,5,O,ANIMALS ACTION,,
31550327,0050100,GLASGOW POLICE DEPARTMENT,Accepted,BARREN,US0068X,,COLUMBIA,AVE,,,CHERRY,,,,,36.99816557,-85.90601745,2.954,4/16/2023,10,2,2,0,0,CLEAR,DRY,FALSE,SIDESWIPE-SAME DIRECTION,SIDESWIPE-SAME DIRECTION,STRAIGHT & GRADE,DARK-HWY LIGHTED/ON,,,45042.77116,FALSE,2264,Accepted,5,5,O,VIEW OBSTRUCTED/LIMITED DUE TO RDWY,MISJUDGE CLEARANCE,
31550334,0050100,GLASGOW POLICE DEPARTMENT,Accepted,BARREN,US0031EX,,RACE,ST,N,,,,,,,37.01050591,-85.90333413,2.625,4/17/2023,747,2,2,0,0,CLEAR,DRY,FALSE,OTHER ROADWAY OR MID-BLOCK COLLISION,OPPOSING LEFT TURN,STRAIGHT & LEVEL,DAYLIGHT,,,45042.77136,FALSE,2297,Accepted,5,5,O,GLARE (SUN),INATTENTION,
31550351,0050100,GLASGOW POLICE DEPARTMENT,Accepted,BARREN,US0031E,,L ROGERS WELLS,BLVD,N,,,,ROGERS,US0031E,L ROGERS WELLS,37.00380827,-85.92551284,14.339,4/21/2023,1120,2,2,0,0,CLEAR,DRY,FALSE,1 VEHICLE ENTERING/LEAVING ENTRANCE,ANGLE,STRAIGHT & LEVEL,DAYLIGHT,,,45042.77182,FALSE,2237,Accepted,5,5,O,,FAILED TO YIELD RIGHT OF WAY,
31550438,0050100,GLASGOW POLICE DEPARTMENT,Accepted,BARREN,,,GRANDVIEW,AVE,,,COMMERCIAL,,,,,36.9962401,-85.93239898,0.592,4/26/2023,1604,2,2,0,0,CLEAR,DRY,FALSE,ANGLE COLLISION - OTHER,ANGLE,STRAIGHT & LEVEL,DAYLIGHT,,,45042.80109,FALSE,2666,Accepted,5,5,O,,"INATTENTION, MISJUDGE CLEARANCE",
31552516,0050100,GLASGOW POLICE DEPARTMENT,Accepted,BARREN,US0031E,,L ROGERS WELLS,BLVD,N,US0068X,MAIN,,,,,37.0021453,-85.92647602,14.263,4/24/2023,1153,2,2,0,0,CLOUDY,DRY,FALSE,SIDESWIPE-SAME DIRECTION,SIDESWIPE-SAME DIRECTION,STRAIGHT & LEVEL,DAYLIGHT,,,45043.34187,FALSE,2289,Accepted,5,5,O,,MISJUDGE CLEARANCE,
31552519,0050100,GLASGOW POLICE DEPARTMENT,Accepted,BARREN,US0068X,,MAIN,ST,W,US0031E,L ROGERS WELLS,,,,,37.00203655,-85.92638846,1.692,4/22/2023,1259,2,2,0,0,CLEAR,DRY,FALSE,ANGLE COLLISION - OTHER,ANGLE,STRAIGHT & LEVEL,DAYLIGHT,,,45043.34218,FALSE,2285,Accepted,5,5,O,,"FAILED TO YIELD RIGHT OF WAY, MISJUDGE CLEARANCE",
31564156,0050100,GLASGOW POLICE DEPARTMENT,Accepted,BARREN,US0068X,,COLUMBIA,AVE,,,,,CHERRY,,MCKENNA,36.99815433,-85.90603742,2.953,4/26/2023,1415,2,2,0,0,CLEAR,DRY,FALSE,1 VEHICLE ENTERING/LEAVING ENTRANCE,ANGLE,STRAIGHT & LEVEL,DAYLIGHT,,,45046.36524,FALSE,2237,Accepted,5,5,O,,"FAILED TO YIELD RIGHT OF WAY, INATTENTION",
31565348,0050100,GLASGOW POLICE DEPARTMENT,Accepted,BARREN,KY0090,,HAPPY VALLEY,RD,,,,,SHALIMAR,,ENSMINGER,37.01042861,-85.92315394,9.81,4/29/2023,1353,2,2,0,0,CLOUDY,DRY,FALSE,OTHER ROADWAY OR MID-BLOCK COLLISION,REAR END,STRAIGHT & LEVEL,DAYLIGHT,,,45046.80454,FALSE,2666,Accepted,5,5,O,,"INATTENTION, NOT UNDER PROPER CONTROL",
31567627,0050100,GLASGOW POLICE DEPARTMENT,Accepted,BARREN,,,MILTON,AVE,,,VIRGINIA,,,,,37.00794123,-85.90866736,0.09,4/26/2023,1434,2,1,0,1,CLEAR,DRY,FALSE,COLLISION WITH PEDESTRIAN IN INTERSECTION,SINGLE VEHICLE,STRAIGHT & GRADE,DAYLIGHT,,,45047.35268,FALSE,2249,Accepted,5,2,A,"OTHER, VIEW OBSTRUCTED/LIMITED DUE TO RDWY",,
31568702,0050000,BARREN COUNTY SHERIFF DEPT.,Accepted,BARREN,KY2195,,OLD LEXINGTON,RD,,,,,,,,37.13380276,-85.92170577,1.553,4/24/2023,1043,2,2,0,0,CLEAR,DRY,FALSE,SIDESWIPE COLLISION - OPPOSITE DIRECTION,SIDESWIPE-OPPOSITE DIRECTION,STRAIGHT & LEVEL,DAYLIGHT,,,45047.4891,FALSE,167,Accepted,5,5,O,,MISJUDGE CLEARANCE,
31568704,0050000,BARREN COUNTY SHERIFF DEPT.,Accepted,BARREN,,5401,DRIPPING SPRINGS,RD,,,,,,,,37.03753348,-86.02680496,1.992,4/7/2023,2011,2,2,0,0,CLEAR,DRY,TRUE,REAR END IN TRAFFIC LANES BOTH VEHICLES MOVING,REAR END,STRAIGHT & HILLCREST,DARK-HWY NOT LIGHTED,,,45047.4895,FALSE,173,Accepted,5,5,O,"IMPROPERLY PARKED VEHICLE(S), VIEW OBSTRUCTED/LIMITED DUE TO RDWY",OTHER,
31568709,0050000,BARREN COUNTY SHERIFF DEPT.,Accepted,BARREN,US0031W,,LOUISVILLE,RD,,,,,,,,37.09298113,-86.02307747,2.609,4/25/2023,1526,2,2,0,0,CLEAR,DRY,FALSE,REAR END IN TRAFFIC LANES BOTH VEHICLES MOVING,REAR END,STRAIGHT & LEVEL,DAYLIGHT,,,45047.48982,FALSE,184,Accepted,5,5,O,,INATTENTION,
31568711,0050000,BARREN COUNTY SHERIFF DEPT.,Accepted,BARREN,KY0090,,BURKESVILLE,RD,,,SILOAM,,,,,36.96417199,-85.87797366,12.713,3/31/2023,606,2,2,0,0,RAINING,WET,FALSE,HEAD-ON COLLISION,HEAD ON,STRAIGHT & GRADE,DAWN,,,45047.4901,FALSE,125,Accepted,5,5,O,,,
31568713,0050000,BARREN COUNTY SHERIFF DEPT.,Accepted,BARREN,KY0255,588,PARK CITY BON AYR,RD,,,,,,,,37.03146925,-86.06165117,6.918,3/31/2023,1029,1,1,0,0,RAINING,WET,FALSE,RAN OFF ROADWAY (1 VEHICLE WITH/EARTH EMBANKMENT/DITCH),SINGLE VEHICLE,CURVE & GRADE,DAYLIGHT,,,45047.49035,FALSE,125,Accepted,5,5,O,,,
31568716,0050000,BARREN COUNTY SHERIFF DEPT.,Accepted,BARREN,US0031W,,LOUISVILLE,RD,,,GATEWAY,,,,,37.09630886,-86.01007862,3.37,4/11/2023,1452,2,2,0,0,CLEAR,DRY,FALSE,ANGLE COLLISION - OTHER,ANGLE,STRAIGHT & LEVEL,DAYLIGHT,,,45047.49069,FALSE,125,Accepted,5,5,O,,OTHER,
31568723,0050000,BARREN COUNTY SHERIFF DEPT.,Accepted,BARREN,LN9008,,LN9008 E,,,,,,,,,36.99587527,-85.98991737,8.126,4/24/2023,423,1,1,0,0,CLEAR,DRY,FALSE,COLLISION WITH FIXED OBJECT NON - INTERSECTION - FIRST EVENT COLLISION 09 - 32 EXCLUDING 16,SINGLE VEHICLE,STRAIGHT & LEVEL,DARK-HWY NOT LIGHTED,,,45047.49137,FALSE,173,Accepted,5,5,O,GLARE (OTHER),"NOT UNDER PROPER CONTROL, OVERCORRECTING/OVERSTEERING",
31568726,0050000,BARREN COUNTY SHERIFF DEPT.,Accepted,BARREN,US0031E,,L ROGERS WELLS,BLVD,N,,,,,,,37.00942578,-85.92161167,14.829,4/16/2023,1415,2,2,0,0,CLOUDY,DRY,FALSE,OTHER ROADWAY OR MID-BLOCK COLLISION,REAR END,STRAIGHT & LEVEL,DAYLIGHT,,,45047.49205,FALSE,146,Accepted,5,5,O,,INATTENTION,
31568730,0050000,BARREN COUNTY SHERIFF DEPT.,Accepted,BARREN,KY0090,,BURKESVILLE,RD,,,,,,,,36.95026093,-85.84712452,14.666,4/24/2023,1956,1,1,0,0,CLEAR,DRY,FALSE,COLLISION WITH ANIMAL NON INTERSECTION,SINGLE VEHICLE,STRAIGHT & GRADE,DARK-HWY NOT LIGHTED,,,45047.49265,FALSE,163,Accepted,5,5,O,ANIMALS ACTION,,
31568732,0050000,BARREN COUNTY SHERIFF DEPT.,Accepted,BARREN,US0031E,,SCOTTSVILLE,RD,,,HAYWOOD CEDAR GROVE,,,,,36.95290419,-85.96367449,10.081,4/27/2023,1602,2,2,0,0,RAINING,WET,FALSE,OTHER INTERSECTION COLLISIONS,REAR END,STRAIGHT & LEVEL,DAYLIGHT,,,45047.4931,FALSE,125,Accepted,5,5,O,SLIPPERY SURFACE,,
31568736,0050000,BARREN COUNTY SHERIFF DEPT.,Accepted,BARREN,KY2131,,CORAL HILL HALFWAY,RD,,,,,,,,37.0617649,-85.82242034,1.787,4/27/2023,1830,2,2,0,4,RAINING,WET,FALSE,REAR END IN TRAFFIC LANES BOTH VEHICLES MOVING,REAR END,STRAIGHT & HILLCREST,DAYLIGHT,,,45047.49347,FALSE,174,Accepted,4,4,C,SLIPPERY SURFACE,NOT UNDER PROPER CONTROL,
31568753,0050000,BARREN COUNTY SHERIFF DEPT.,Accepted,BARREN,KY1297,,OLD BOWLING GREEN,RD,,,,,,,,36.99372729,-85.96899923,10.63,4/29/2023,1224,2,2,0,0,RAINING,WET,FALSE,REAR END IN TRAFFIC LANES BOTH VEHICLES MOVING,REAR END,STRAIGHT & GRADE,DAYLIGHT,,,45047.49453,FALSE,181,Accepted,5,5,O,,INATTENTION,
31568759,0050000,BARREN COUNTY SHERIFF DEPT.,Accepted,BARREN,KY0070,,MAMMOTH CAVE,RD,,,,,,,,37.1351614,-86.03714741,1.752,4/30/2023,1359,2,2,0,0,CLOUDY,DRY,FALSE,HEAD-ON COLLISION,HEAD ON,CURVE & LEVEL,DAYLIGHT,,,45047.49489,FALSE,184,Accepted,5,5,O,,INATTENTION,
31568761,0050000,BARREN COUNTY SHERIFF DEPT.,Accepted,BARREN,LN9008,,LN9008 E,,,,,,,,,36.99683228,-85.83521396,17.613,4/27/2023,2245,1,1,0,0,RAINING,WET,FALSE,OTHER COLLISIONS ON SHOULDER,SINGLE VEHICLE,STRAIGHT & LEVEL,DARK-HWY NOT LIGHTED,,,45047.49511,FALSE,173,Accepted,5,5,O,WATER POOLING,TOO FAST FOR CONDITIONS,
31569044,0050000,BARREN COUNTY SHERIFF DEPT.,Accepted,BARREN,LN9008,,LN9008 W,,,,,,,,,37.05123315,-86.09689901,0.985,4/29/2023,854,1,1,0,0,CLEAR,DRY,FALSE,COLLISION WITH ANIMAL NON INTERSECTION,SINGLE VEHICLE,STRAIGHT & LEVEL,DAYLIGHT,,,45047.49403,FALSE,181,Accepted,5,5,O,ANIMALS ACTION,,
31569046,0050000,BARREN COUNTY SHERIFF DEPT.,Accepted,BARREN,KY0070,,HISEVILLE,RD,,,,,,,,37.08846536,-85.79664061,16.405,4/26/2023,2015,2,1,0,0,CLOUDY,DRY,FALSE,SIDESWIPE COLLISION - SAME DIRECTION,SIDESWIPE-SAME DIRECTION,STRAIGHT & LEVEL,DARK-HWY NOT LIGHTED,,,45047.49242,FALSE,146,Accepted,5,5,O,,INATTENTION,
31570987,0050100,GLASGOW POLICE DEPARTMENT,Accepted,BARREN,US0031E,,L ROGERS WELLS,BLVD,N,,HAPPY VALLEY,,,,,37.00946477,-85.92154581,14.835,4/30/2023,1110,2,2,0,0,CLOUDY,DRY,FALSE,OTHER INTERSECTION COLLISIONS,REAR END,STRAIGHT & LEVEL,DAYLIGHT,,,45047.81593,FALSE,2666,Accepted,5,5,O,,INATTENTION,
31573980,0050100,GLASGOW POLICE DEPARTMENT,Accepted,BARREN,KY0090,,MAIN,ST,E,,BROADWAY,,,,,36.99547043,-85.91073955,9.925,4/28/2023,1128,2,2,0,0,CLEAR,DRY,FALSE,ANGLE COLLISION - OTHER,ANGLE,STRAIGHT & LEVEL,DAYLIGHT,,,45048.4954,FALSE,2246,Accepted,5,5,O,,"DISREGARD TRAFFIC CONTROL, INATTENTION",
31579699,0050200,CAVE CITY POLICE DEPARTMENT,Accepted,BARREN,KY0090,,HAPPY VALLEY,RD,,,,,,,,37.04567993,-85.9478899,6.977,4/22/2023,1600,1,1,0,0,CLOUDY,DRY,FALSE,OCCUPANT FELL FROM MOVING VEHICLE,SINGLE VEHICLE,STRAIGHT & LEVEL,DAYLIGHT,,,45049.60653,FALSE,607,Accepted,5,5,O,DEBRIS IN ROADWAY,,
31580269,0050100,GLASGOW POLICE DEPARTMENT,Accepted,BARREN,US0068X,,MAIN,ST,W,,REYNOLDS,,,,,37.00845378,-85.9365522,0.943,5/2/2023,1426,2,2,0,0,CLEAR,DRY,FALSE,OTHER INTERSECTION COLLISIONS,REAR END,STRAIGHT & LEVEL,DAYLIGHT,,,45049.66951,FALSE,2220,Accepted,5,5,O,,INATTENTION,
31582942,0050100,GLASGOW POLICE DEPARTMENT,Accepted,BARREN,KY0090,,HAPPY VALLEY,RD,,,MAX WAGNER,,,,,37.0230306,-85.93466224,8.71,5/3/2023,1354,2,2,0,0,CLEAR,DRY,FALSE,ANGLE COLLISION - OTHER,ANGLE,STRAIGHT & GRADE,DAYLIGHT,,,45050.34089,FALSE,2225,Accepted,5,5,O,,,
31597811,0050100,GLASGOW POLICE DEPARTMENT,Accepted,BARREN,,,RIVERSIDE,DR,,,PARK,,,,,36.99554381,-85.89599974,0.005,4/29/2023,308,1,1,0,0,CLEAR,DRY,TRUE,COLLISION WITH FIXED OBJECT IN INTERSECTION - FIRST EVENT COLLISION 09 - 32,SINGLE VEHICLE,STRAIGHT & LEVEL,DARK-HWY LIGHTED/ON,,,45054.33372,FALSE,2298,Accepted,5,5,O,,"DRUG INVOLVEMENT, INATTENTION, LOST CONSCIOUSNESS/FAINTED",
31597821,0050100,GLASGOW POLICE DEPARTMENT,Accepted,BARREN,US0031E,,L ROGERS WELLS,BLVD,S,,,,,,,36.99615926,-85.93039908,13.793,5/3/2023,1446,2,2,0,0,CLEAR,DRY,FALSE,OTHER ROADWAY OR MID-BLOCK COLLISION,REAR END,STRAIGHT & LEVEL,DAYLIGHT,,,45054.334,FALSE,2300,Accepted,5,5,O,,INATTENTION,
31597833,0050100,GLASGOW POLICE DEPARTMENT,Accepted,BARREN,KY0090,,HAPPY VALLEY,RD,,US0068,VETERANS OUTER,,,,,37.02457859,-85.93607838,8.561,5/3/2023,1006,2,2,0,0,CLEAR,DRY,FALSE,OTHER INTERSECTION COLLISIONS,REAR END,STRAIGHT & GRADE,DAYLIGHT,,,45054.3344,FALSE,2287,Accepted,5,5,O,,OTHER,BRAKES DEFECTIVE
31597838,0050100,GLASGOW POLICE DEPARTMENT,Accepted,BARREN,US0031E,,L ROGERS WELLS,BLVD,N,,,,HAPPY VALLEY,,CHERRY,37.00924314,-85.92182259,14.807,5/7/2023,2126,1,1,0,0,RAINING,WET,FALSE,OTHER ROADWAY OR MID-BLOCK COLLISION,SINGLE VEHICLE,STRAIGHT & LEVEL,DARK-HWY LIGHTED/ON,,,45054.33454,FALSE,2287,Accepted,5,5,O,SLIPPERY SURFACE,,OTHER
31598014,0050100,GLASGOW POLICE DEPARTMENT,Accepted,BARREN,,,DONNELLEY,DR,,,,,MAPLEWOOD,US0068X,NEW BOWLING GREEN,37.01077075,-85.95040672,1.244,5/5/2023,1750,1,1,0,1,RAINING,WET,FALSE,RAN OFF ROADWAY (1 VEHICLE WITH/EARTH EMBANKMENT/DITCH),SINGLE VEHICLE,STRAIGHT & GRADE,DARK-HWY LIGHTED/ON,,,45054.35466,FALSE,2249,Accepted,5,4,C,SLIPPERY SURFACE,NOT UNDER PROPER CONTROL,
31598018,0050100,GLASGOW POLICE DEPARTMENT,Accepted,BARREN,KY0090,,HAPPY VALLEY,RD,,,,,ENSMINGER,US0031E,L ROGERS WELLS,37.00997789,-85.92235035,9.853,5/5/2023,1339,2,2,0,0,CLEAR,DRY,FALSE,REAR END IN TRAFFIC LANES BOTH VEHICLES MOVING,REAR END,STRAIGHT & LEVEL,DAYLIGHT,,,45054.35475,FALSE,2225,Accepted,5,5,O,,INATTENTION,
31598467,0050100,GLASGOW POLICE DEPARTMENT,Accepted,BARREN,US0031E,,L ROGERS WELLS,BLVD,N,,ENSMINGER,,,,,37.00751789,-85.92353682,14.607,3/8/2023,1826,2,2,0,0,CLEAR,DRY,FALSE,ANGLE COLLISION - OTHER,ANGLE,STRAIGHT & LEVEL,DARK-HWY NOT LIGHTED,,,45054.39496,FALSE,2247,Accepted,5,5,O,,INATTENTION,
31598475,0050100,GLASGOW POLICE DEPARTMENT,Accepted,BARREN,US0068X,,MAIN,ST,W,,,US0031E,L ROGERS WELLS,,CROSS,37.00173057,-85.92587438,1.727,3/25/2023,2022,2,2,0,0,CLEAR,DRY,FALSE,1 VEHICLE ENTERING/LEAVING ENTRANCE,ANGLE,STRAIGHT & HILLCREST,DARK-HWY LIGHTED/ON,,,45054.39515,FALSE,2273,Accepted,5,5,O,,MISJUDGE CLEARANCE,
31600172,0050000,BARREN COUNTY SHERIFF DEPT.,Accepted,BARREN,KY1297,11673,OLD BOWLING GREEN,RD,,,,,,,,36.98091207,-86.11016168,2.337,5/3/2023,824,2,2,0,0,CLEAR,DRY,FALSE,SIDESWIPE COLLISION - SAME DIRECTION,SIDESWIPE-SAME DIRECTION,STRAIGHT & GRADE,DAYLIGHT,,,45054.58833,FALSE,170,Accepted,5,5,O,,,
31600176,0050000,BARREN COUNTY SHERIFF DEPT.,Accepted,BARREN,KY0070,,BROADWAY,ST,,,,,,,,37.13667396,-85.95700495,6.652,4/8/2023,1200,2,2,0,0,CLEAR,DRY,FALSE,REAR END IN TRAFFIC LANES BOTH VEHICLES MOVING,REAR END,STRAIGHT & LEVEL,DAYLIGHT,,,45054.58856,FALSE,184,Accepted,5,5,O,,INATTENTION,
31600181,0050000,BARREN COUNTY SHERIFF DEPT.,Accepted,BARREN,KY0090,,BURKESVILLE,RD,,,,,,,,36.95831154,-85.86610312,13.551,5/4/2023,620,1,1,0,0,CLEAR,DRY,FALSE,COLLISION WITH ANIMAL NON INTERSECTION,SINGLE VEHICLE,STRAIGHT & LEVEL,DAYLIGHT,,,45054.58899,FALSE,181,Accepted,5,5,O,,INATTENTION,