IncidentID,AgencyORI,AgencyName,IncidentStatusDesc,County,RdwyNumber,Street,RoadwayName,StreetSfx,StreetDir,IntersectionRdwy,IntersectionRdwyName,BetweenStRdwy1,BetweenStRdwyName1,BetweenStRdwy2,BetweenStRdwyName2,Latitude,Longitude,Milepoint,CollisionDate,CollisionTime,UnitsInvolved,MotorVehiclesInvolved,NumberKilled,NumberInjured,Weather,RdwyConditionCode,HitandRun,DirAnalysisCode,MannerofCollision,RdwyCharacter,LightCondition,RampFromRdwyId,RampToRdwyId,AcceptedDate,IsSecondaryCollision,OwnerBadge,IncidentStatus,InjurySeverityCde,KABCO_Code,KABCO,Environmental_Factors,Human_Factors,Vehicular_Factors
31603569,0050100,GLASGOW POLICE DEPARTMENT,Accepted,BARREN,,,MCKENNA,ST,,,FRANKLIN,,,,,36.99708925,-85.90556201,0.081,5/8/2023,1302,1,1,0,0,CLOUDY,WET,FALSE,COLLISION WITH FIXED OBJECT IN INTERSECTION - FIRST EVENT COLLISION 09 - 32,SINGLE VEHICLE,STRAIGHT & LEVEL,DAYLIGHT,,,45055.3485,FALSE,50,Accepted,5,5,O,SLIPPERY SURFACE,NOT UNDER PROPER CONTROL,
31609372,0050100,GLASGOW POLICE DEPARTMENT,Accepted,BARREN,US0068X,,MAIN,ST,W,,,,INDUSTRIAL,,PORTER,37.00680827,-85.93382373,1.075,5/8/2023,735,2,2,0,0,RAINING,WET,FALSE,REAR END IN TRAFFIC LANES BOTH VEHICLES MOVING,REAR END,STRAIGHT & LEVEL,DAYLIGHT,,,45056.35313,FALSE,2220,Accepted,5,5,O,,INATTENTION,
31610987,0050000,BARREN COUNTY SHERIFF DEPT.,Accepted,BARREN,US0068,,EDMONTON,RD,,,,,,,,37.01092178,-85.84669586,17.472,5/7/2023,1137,2,1,0,0,CLOUDY,DRY,FALSE,COLLISION WITH ANIMAL NON INTERSECTION,SINGLE VEHICLE,STRAIGHT & LEVEL,DAYLIGHT,,,45056.57333,FALSE,146,Accepted,5,5,O,ANIMALS ACTION,,
31610990,0050000,BARREN COUNTY SHERIFF DEPT.,Accepted,BARREN,US0031E,,SCOTTSVILLE,RD,,,,,,,,36.85106778,-86.05944504,0.846,5/6/2023,135,1,1,0,0,CLEAR,DRY,FALSE,COLLISION WITH ANIMAL NON INTERSECTION,SINGLE VEHICLE,STRAIGHT & LEVEL,DARK-HWY NOT LIGHTED,,,45056.57353,FALSE,173,Accepted,5,5,O,ANIMALS ACTION,,
31610997,0050000,BARREN COUNTY SHERIFF DEPT.,Accepted,BARREN,US0031E,,SCOTTSVILLE,RD,,,,,,,,36.95357645,-85.96279016,10.112,4/17/2023,1602,2,2,0,0,CLEAR,DRY,FALSE,OTHER ROADWAY OR MID-BLOCK COLLISION,REAR END,STRAIGHT & LEVEL,DAYLIGHT,,,45056.57389,FALSE,182,Accepted,5,5,O,,INATTENTION,
31610999,0050000,BARREN COUNTY SHERIFF DEPT.,Accepted,BARREN,KY2143,,OLD HAPPY VALLEY,RD,,,,,,,,37.09812842,-85.97488692,1.217,5/7/2023,2244,1,1,0,2,CLEAR,DRY,FALSE,RAN OFF ROADWAY (1 VEHICLE WITH/EARTH EMBANKMENT/DITCH),SINGLE VEHICLE,STRAIGHT & LEVEL,DARK-HWY NOT LIGHTED,,,45056.57411,FALSE,182,Accepted,4,4,C,,"INATTENTION, NOT UNDER PROPER CONTROL, OTHER",
31611000,0050000,BARREN COUNTY SHERIFF DEPT.,Accepted,BARREN,US0031E,,SCOTTSVILLE,RD,,,,,,,,36.95081021,-85.96659323,9.868,5/8/2023,1949,2,2,0,0,CLEAR,DRY,FALSE,COLLISION WITH NON-FIXED OBJECT ,SIDESWIPE-SAME DIRECTION,STRAIGHT & LEVEL,DUSK,,,45056.57427,FALSE,182,Accepted,5,5,O,,,"TIRE FAILURE, TIRES"
31611002,0050000,BARREN COUNTY SHERIFF DEPT.,Accepted,BARREN,LN9008,,LN9008 W,,,,,,,,,36.99557734,-85.76822471,21.33,5/8/2023,738,3,3,0,0,RAINING,WET,FALSE,REAR END IN TRAFFIC LANES BOTH VEHICLES MOVING,REAR END,STRAIGHT & LEVEL,DAYLIGHT,,,45056.57458,FALSE,181,Accepted,5,5,O,DEBRIS IN ROADWAY,INATTENTION,
31611010,0050000,BARREN COUNTY SHERIFF DEPT.,Accepted,BARREN,US0068,,EDMONTON,RD,,,,,,,,37.01418352,-85.78383946,21.155,5/4/2023,1719,2,2,0,0,CLEAR,DRY,FALSE,REAR END IN TRAFFIC LANES BOTH VEHICLES MOVING,REAR END,STRAIGHT & LEVEL,DAYLIGHT,,,45056.57533,FALSE,174,Accepted,5,5,O,,INATTENTION,
31611962,0050100,GLASGOW POLICE DEPARTMENT,Accepted,BARREN,US0068X,,MAIN,ST,W,US0031E,L ROGERS WELLS,,,,,37.00218324,-85.92662866,1.675,5/10/2023,1128,2,2,0,0,CLEAR,DRY,FALSE,OTHER INTERSECTION COLLISIONS,REAR END,STRAIGHT & HILLCREST,DAYLIGHT,,,45056.68601,FALSE,50,Accepted,5,5,O,,INATTENTION,
31619867,0050100,GLASGOW POLICE DEPARTMENT,Accepted,BARREN,KY1297,1765,OLD BOWLING GREEN,RD,,,,,,,,36.99470503,-85.95875563,11.216,5/8/2023,620,1,1,0,1,RAINING,WET,FALSE,OTHER ROADWAY OR MID-BLOCK COLLISION,SINGLE VEHICLE,STRAIGHT & LEVEL,DAYLIGHT,,,45058.4118,FALSE,2300,Accepted,5,3,B,,,
31619877,0050100,GLASGOW POLICE DEPARTMENT,Accepted,BARREN,KY0090,810,HAPPY VALLEY,RD,,,,,,,,37.0109976,-85.92415745,9.741,5/11/2023,1554,2,2,0,0,CLOUDY,DRY,FALSE,OTHER ROADWAY OR MID-BLOCK COLLISION,OPPOSING LEFT TURN,STRAIGHT & LEVEL,DAYLIGHT,,,45058.41272,FALSE,2300,Accepted,5,5,O,,TURNING IMPROPERLY,
31621868,0050100,GLASGOW POLICE DEPARTMENT,Accepted,BARREN,US0031E,,L ROGERS WELLS,BLVD,N,US0068X,MAIN,,,,,37.00204372,-85.9264682,14.261,5/7/2023,2136,2,2,0,0,RAINING,WET,FALSE,OTHER INTERSECTION COLLISIONS,REAR END,STRAIGHT & LEVEL,DARK-HWY LIGHTED/ON,,,45058.78788,FALSE,2289,Accepted,5,5,O,SLIPPERY SURFACE,,
31621871,0050100,GLASGOW POLICE DEPARTMENT,Accepted,BARREN,US0031EX,,RACE,ST,N,,,,LEECH,,CHERRY,37.00281729,-85.90885357,2.019,5/12/2023,1209,2,2,0,0,RAINING,WET,FALSE,1 VEHICLE ENTERING/LEAVING ENTRANCE,ANGLE,STRAIGHT & LEVEL,DAYLIGHT,,,45058.788,FALSE,2285,Accepted,5,5,O,,INATTENTION,
31623438,0050100,GLASGOW POLICE DEPARTMENT,Accepted,BARREN,KY0090,,HAPPY VALLEY,RD,,,,,PIN OAK,,SHALIMAR,37.01120714,-85.92444366,9.716,5/9/2023,1835,2,2,0,0,CLEAR,DRY,FALSE,REAR END IN TRAFFIC LANES BOTH VEHICLES MOVING,REAR END,STRAIGHT & LEVEL,DAYLIGHT,,,45059.35116,FALSE,2237,Accepted,5,5,O,,OTHER,OTHER
31623439,0050100,GLASGOW POLICE DEPARTMENT,Accepted,BARREN,US0031E,619,L ROGERS WELLS,BLVD,S,,,,CAVALRY,US0031EX,GREEN,36.98468112,-85.93161291,12.973,5/9/2023,733,3,3,0,0,CLOUDY,WET,FALSE,SIDESWIPE COLLISION - SAME DIRECTION,SIDESWIPE-SAME DIRECTION,STRAIGHT & LEVEL,DAYLIGHT,,,45059.3512,FALSE,2297,Accepted,5,5,O,,"CELL PHONE, INATTENTION",
31623530,0050100,GLASGOW POLICE DEPARTMENT,Accepted,BARREN,US0031E,,L ROGERS WELLS,BLVD,S,,CAVALRY,,,,,36.98478721,-85.93161167,12.979,5/12/2023,720,2,2,0,0,CLOUDY,DRY,FALSE,OTHER INTERSECTION COLLISIONS,REAR END,STRAIGHT & LEVEL,DAYLIGHT,,,45059.4268,FALSE,2225,Accepted,5,5,O,,INATTENTION,
31624692,0050100,GLASGOW POLICE DEPARTMENT,Accepted,BARREN,KY0090,746,MAIN,ST,E,,,,,,,36.98795461,-85.90005509,10.537,5/9/2023,653,2,2,0,0,CLEAR,DRY,FALSE,SIDESWIPE COLLISION - SAME DIRECTION,SIDESWIPE-SAME DIRECTION,STRAIGHT & GRADE,DAYLIGHT,,,45059.82187,FALSE,2293,Accepted,5,5,O,,INATTENTION,
31629337,0050100,GLASGOW POLICE DEPARTMENT,Accepted,BARREN,,,ENSMINGER,DR,,US0031E,L ROGERS WELLS,,,,,37.00757051,-85.92360149,0.212,5/14/2023,1645,2,2,0,0,CLEAR,DRY,FALSE,REAR END - ONE VEHICLE TURNING RIGHT,REAR END,STRAIGHT & GRADE,DAYLIGHT,,,45061.33625,FALSE,2249,Accepted,5,5,O,,DISTRACTION,
31632420,0050100,GLASGOW POLICE DEPARTMENT,Accepted,BARREN,,,OIL CITY,RD,,US0068,VETERANS OUTER,,,,,37.01533355,-85.94814646,0.472,5/15/2023,1034,2,2,0,0,CLEAR,DRY,FALSE,OTHER INTERSECTION COLLISIONS,REAR END,STRAIGHT & LEVEL,DAYLIGHT,,,45061.69531,FALSE,50,Accepted,5,5,O,,INATTENTION,
31634801,0050100,GLASGOW POLICE DEPARTMENT,Accepted,BARREN,US0031E,,L ROGERS WELLS,BLVD,S,,COMMERCIAL,,,,,36.9973193,-85.92917009,13.87,5/10/2023,1656,2,2,0,0,CLOUDY,DRY,FALSE,OTHER INTERSECTION COLLISIONS,REAR END,STRAIGHT & LEVEL,DAYLIGHT,,,45062.30754,FALSE,2297,Accepted,5,5,O,,INATTENTION,
31634803,0050100,GLASGOW POLICE DEPARTMENT,Accepted,BARREN,US0068,3300,VETERANS OUTER,LOOP,,,,,,,,37.02134471,-85.94102889,10.974,5/5/2023,1208,2,2,0,2,CLEAR,DRY,FALSE,OTHER ROADWAY OR MID-BLOCK COLLISION,OPPOSING LEFT TURN,STRAIGHT & LEVEL,DAYLIGHT,,,45062.30764,FALSE,2297,Accepted,5,3,B,,INATTENTION,
31634805,0050100,GLASGOW POLICE DEPARTMENT,Accepted,BARREN,US0031E,,L ROGERS WELLS,BLVD,S,,CAVALRY,,,,,36.9847741,-85.93160866,12.98,5/15/2023,1812,2,2,0,0,CLEAR,DRY,FALSE,ANGLE COLLISION - ONE VEHICLE TURNING LEFT,ANGLE,STRAIGHT & LEVEL,DAYLIGHT,,,45062.30783,FALSE,2666,Accepted,5,5,O,,INATTENTION,
31644679,0050100,GLASGOW POLICE DEPARTMENT,Accepted,BARREN,KY0090,2345,HAPPY VALLEY,RD,,,,US0068,VETERANS OUTER,,MAX WAGNER,37.02371663,-85.9352939,8.64,5/9/2023,1639,2,2,0,0,CLEAR,DRY,FALSE,1 VEHICLE PARKED POSITION (NOT PARKING LOT/DRIVEWAY),SIDESWIPE-SAME DIRECTION,STRAIGHT & GRADE,DAYLIGHT,,,45064.31953,FALSE,2219,Accepted,5,5,O,,INATTENTION,
31648041,0050100,GLASGOW POLICE DEPARTMENT,Accepted,BARREN,US0031E,,L ROGERS WELLS,BLVD,N,,,KY0090,HAPPY VALLEY,,CHERRY,37.00956844,-85.92144955,14.846,5/14/2023,1023,2,2,0,0,CLOUDY,DRY,TRUE,SIDESWIPE COLLISION - SAME DIRECTION,SIDESWIPE-SAME DIRECTION,STRAIGHT & LEVEL,DAYLIGHT,,,45064.82837,FALSE,2268,Accepted,5,5,O,,"INATTENTION, MISJUDGE CLEARANCE",
31648044,0050100,GLASGOW POLICE DEPARTMENT,Accepted,BARREN,,,BROWN,ST,W,,,US0031EX,GREEN,,RACE,36.99251997,-85.91408283,0.002,5/18/2023,749,2,2,0,0,CLEAR,DRY,FALSE,REAR END IN TRAFFIC LANES BOTH VEHICLES MOVING,REAR END,STRAIGHT & GRADE,DAYLIGHT,,,45064.82849,FALSE,2268,Accepted,5,5,O,,INATTENTION,
31648046,0050100,GLASGOW POLICE DEPARTMENT,Accepted,BARREN,US0031E,,L ROGERS WELLS,BLVD,N,,,,LEXINGTON,,LEXINGTON,37.01430912,-85.91547238,15.3,5/18/2023,1315,3,3,0,1,CLEAR,DRY,FALSE,1 VEHICLE ENTERING/LEAVING ENTRANCE,ANGLE,STRAIGHT & LEVEL,DAYLIGHT,,,45064.82855,FALSE,2268,Accepted,5,4,C,,"DISREGARD TRAFFIC CONTROL, INATTENTION",
31648838,0050100,GLASGOW POLICE DEPARTMENT,Accepted,BARREN,,,PROFESSIONAL PARK,DR,,,,US0031EX,RACE,,TRISTA,37.01021318,-85.90280601,0.023,5/15/2023,730,2,2,0,0,CLOUDY,DRY,FALSE,1 VEHICLE ENTERING/LEAVING ENTRANCE,ANGLE,STRAIGHT & LEVEL,DAYLIGHT,,,45065.02292,FALSE,2264,Accepted,5,5,O,,"INATTENTION, MISJUDGE CLEARANCE",
31650101,0050100,GLASGOW POLICE DEPARTMENT,Accepted,BARREN,,,1ST,ST,,,GRAND,,,,,37.00240124,-85.8997162,0.021,5/15/2023,1819,1,1,0,1,CLEAR,DRY,FALSE,NON-COLLISION OBJECT COLLISION,SINGLE VEHICLE,STRAIGHT & HILLCREST,DAYLIGHT,,,45065.34714,FALSE,2297,Accepted,5,2,A,IMPROPERLY PARKED VEHICLE(S),INATTENTION,
31650824,0050200,CAVE CITY POLICE DEPARTMENT,Accepted,BARREN,KY0090,,HAPPY VALLEY,ST,,,,,,,,37.13068311,-85.96639058,0.559,5/9/2023,1745,1,1,0,0,CLEAR,DRY,FALSE,OCCUPANT FELL FROM MOVING VEHICLE,SINGLE VEHICLE,STRAIGHT & GRADE,DAYLIGHT,,,45065.47178,FALSE,605,Accepted,5,5,O,DEBRIS IN ROADWAY,,
31650826,0050200,CAVE CITY POLICE DEPARTMENT,Accepted,BARREN,KY0070,,MAMMOTH CAVE,ST,,,,,,,,37.13979605,-85.96391378,6.19,5/9/2023,2047,2,2,0,0,CLEAR,DRY,FALSE,OCCUPANT FELL FROM MOVING VEHICLE,ANGLE,CURVE & LEVEL,DARK-HWY LIGHTED/ON,,,45065.47185,FALSE,605,Accepted,5,5,O,,OTHER,
31656880,0050100,GLASGOW POLICE DEPARTMENT,Accepted,BARREN,KY1297,,OLD BOWLING GREEN,RD,,US0031E,L ROGERS WELLS,,,,,36.9893173,-85.93229557,12.801,4/27/2023,1715,2,2,0,0,RAINING,WET,FALSE,OTHER INTERSECTION COLLISIONS,REAR END,STRAIGHT & HILLCREST,DAYLIGHT,,,45067.63601,FALSE,2246,Accepted,5,5,O,,INATTENTION,
31656882,0050100,GLASGOW POLICE DEPARTMENT,Accepted,BARREN,US0031E,,SCOTTSVILLE,RD,,,,LN9008,LN9008 W EXIT11 CROSSOVER US31E,LN9008,LN9008 W EXIT11 OFF RAMP TO US31E S,36.97823376,-85.93476297,12.466,5/12/2023,1721,2,2,0,0,CLEAR,DRY,FALSE,OTHER ROADWAY OR MID-BLOCK COLLISION,REAR END,STRAIGHT & LEVEL,DAYLIGHT,,,45067.63609,FALSE,2285,Accepted,5,5,O,,INATTENTION,
31656883,0050100,GLASGOW POLICE DEPARTMENT,Accepted,BARREN,,,OIL CITY,RD,,US0068,VETERANS OUTER,,,,,37.01543894,-85.94820403,0.48,5/16/2023,1044,2,2,0,0,CLEAR,DRY,FALSE,OTHER INTERSECTION COLLISIONS,REAR END,STRAIGHT & LEVEL,DAYLIGHT,,,45067.63614,FALSE,2285,Accepted,5,5,O,,INATTENTION,
31656888,0050100,GLASGOW POLICE DEPARTMENT,Accepted,BARREN,,,SMITH,RD,,US0031E,L ROGERS WELLS,,,,,37.00578662,-85.92427753,0.012,5/17/2023,1530,2,2,0,0,CLEAR,DRY,FALSE,ANGLE COLLISION - OTHER,ANGLE,STRAIGHT & LEVEL,DAYLIGHT,,,45067.63629,FALSE,2285,Accepted,5,5,O,,FAILED TO YIELD RIGHT OF WAY,
31656889,0050100,GLASGOW POLICE DEPARTMENT,Accepted,BARREN,KY1297,,OLD BOWLING GREEN,RD,,,INDUSTRIAL,,,,,36.99316599,-85.95332114,11.526,5/12/2023,947,2,2,1,0,RAINING,WET,FALSE,ANGLE COLLISION - OTHER,ANGLE,STRAIGHT & GRADE,DAYLIGHT,,,45067.63634,FALSE,2300,Accepted,5,1,K,,INATTENTION,
31658778,0050100,GLASGOW POLICE DEPARTMENT,Accepted,BARREN,,,HAPPY VALLEY,RD,,,,,WALL,US0031E,L ROGERS WELLS,37.00951878,-85.92124178,0.011,5/17/2023,1547,2,2,0,0,CLEAR,DRY,FALSE,OTHER ROADWAY OR MID-BLOCK COLLISION,REAR END,STRAIGHT & GRADE,DAYLIGHT,,,45068.16131,FALSE,30,Accepted,5,5,O,,INATTENTION,
31659052,0050100,GLASGOW POLICE DEPARTMENT,Accepted,BARREN,KY0090,,MAIN,ST,E,,BROADWAY,,,,,36.99543051,-85.91079623,9.925,5/20/2023,1825,3,3,0,0,CLEAR,DRY,FALSE,ANGLE COLLISION - OTHER,ANGLE,STRAIGHT & HILLCREST,DAYLIGHT,,,45068.22464,FALSE,2298,Accepted,5,5,O,,"DISREGARD TRAFFIC CONTROL, INATTENTION",
31662285,KSP0300,"KY STATE POLICE, POST 03",Accepted,BARREN,KY0070,,MAMMOTH CAVE,RD,,,,,,,,37.13252028,-86.0141533,3.118,5/18/2023,835,1,1,0,0,CLEAR,DRY,FALSE,OTHER COLLISIONS ON SHOULDER,SINGLE VEHICLE,CURVE & HILLCREST,DAYLIGHT,,,45068.66562,FALSE,767,Accepted,5,5,O,,FELL ASLEEP,
31662293,KSP0300,"KY STATE POLICE, POST 03",Accepted,BARREN,US0031E,,SCOTTSVILLE,RD,,,,,,,,36.97957594,-85.93311557,12.592,5/21/2023,1623,2,2,0,0,CLEAR,DRY,FALSE,REAR END IN TRAFFIC LANES BOTH VEHICLES MOVING,REAR END,STRAIGHT & LEVEL,DAYLIGHT,,,45068.66612,FALSE,162,Accepted,5,5,O,,INATTENTION,
31670712,0050000,BARREN COUNTY SHERIFF DEPT.,Accepted,BARREN,KY0090,,HAPPY VALLEY,RD,,,,,,,,37.04144076,-85.94603886,7.288,3/30/2023,1631,2,1,0,0,CLEAR,DRY,TRUE,REAR END IN TRAFFIC LANES BOTH VEHICLES MOVING,REAR END,STRAIGHT & LEVEL,DAYLIGHT,,,45070.34711,FALSE,163,Accepted,5,5,O,,INATTENTION,
31677053,0050100,GLASGOW POLICE DEPARTMENT,Accepted,BARREN,US0031E,,L ROGERS WELLS,BLVD,S,,,,,,,36.9958257,-85.93068123,13.765,5/20/2023,1236,3,3,0,0,CLOUDY,DRY,FALSE,OTHER ROADWAY OR MID-BLOCK COLLISION,REAR TO REAR,STRAIGHT & LEVEL,DAYLIGHT,,,45071.52365,TRUE,2300,Accepted,5,5,O,,INATTENTION,
31680337,0050100,GLASGOW POLICE DEPARTMENT,Accepted,BARREN,KY0090,,BURKESVILLE,RD,,LN9008,LN9008 E EXIT14 OFF RAMP TO KY90 E,,,,,36.9824392,-85.89398231,11.237,5/22/2023,1551,2,2,0,0,CLEAR,DRY,FALSE,OTHER INTERSECTION COLLISIONS,REAR END,STRAIGHT & LEVEL,DAYLIGHT,,,45072.09739,FALSE,30,Accepted,5,5,O,,INATTENTION,
31680345,0050100,GLASGOW POLICE DEPARTMENT,Accepted,BARREN,KY0090,,HAPPY VALLEY,RD,,,,,PIN OAK,,SHALIMAR,37.01092416,-85.92408163,9.748,5/22/2023,2324,2,2,0,0,CLEAR,DRY,FALSE,OTHER ROADWAY OR MID-BLOCK COLLISION,REAR END,STRAIGHT & LEVEL,DAYLIGHT,,,45072.09796,FALSE,30,Accepted,5,5,O,,INATTENTION,
31680575,0050100,GLASGOW POLICE DEPARTMENT,Accepted,BARREN,US0068,,VETERANS OUTER,LOOP,,KY0090,HAPPY VALLEY,,,,,37.0241329,-85.93590748,11.335,5/22/2023,911,2,2,0,0,CLEAR,DRY,FALSE,OTHER INTERSECTION COLLISIONS,REAR END,STRAIGHT & LEVEL,DAYLIGHT,,,45072.18325,FALSE,30,Accepted,5,5,O,,INATTENTION,
31680577,0050100,GLASGOW POLICE DEPARTMENT,Accepted,BARREN,US0031E,,L ROGERS WELLS,BLVD,S,,,,,,,36.99458923,-85.93157082,13.667,5/25/2023,1741,2,2,0,0,CLEAR,DRY,FALSE,SIDESWIPE COLLISION - SAME DIRECTION,SIDESWIPE-SAME DIRECTION,STRAIGHT & LEVEL,DAYLIGHT,,,45072.18392,FALSE,2289,Accepted,5,5,O,,MISJUDGE CLEARANCE,
31682357,0050200,CAVE CITY POLICE DEPARTMENT,Accepted,BARREN,KY0090,502,HAPPY VALLEY,ST,E,,,,,,,37.12584571,-85.96144179,0.993,5/20/2023,1704,1,1,0,1,CLEAR,DRY,FALSE,COLLISION WITH FIXED OBJECT NON - INTERSECTION - FIRST EVENT COLLISION 09 - 32 EXCLUDING 16,SINGLE VEHICLE,CURVE & LEVEL,DAYLIGHT,,,45072.58137,FALSE,611,Accepted,5,4,C,,INATTENTION,
31683455,0050100,GLASGOW POLICE DEPARTMENT,Accepted,BARREN,,,GRANDVIEW,AVE,,US0031E,L ROGERS WELLS,,,,,36.99584803,-85.93066789,0.69,5/21/2023,1241,2,2,0,0,CLEAR,DRY,FALSE,ANGLE COLLISION - OTHER,ANGLE,STRAIGHT & LEVEL,DAYLIGHT,,,45072.78731,FALSE,2300,Accepted,5,5,O,,OTHER,
31683461,0050100,GLASGOW POLICE DEPARTMENT,Accepted,BARREN,KY0090,921,HAPPY VALLEY,RD,,,,,PIN OAK,,VALLEY VIEW,37.01236475,-85.92565132,9.616,5/22/2023,1242,2,2,0,0,CLEAR,DRY,FALSE,OTHER ROADWAY OR MID-BLOCK COLLISION,REAR TO REAR,STRAIGHT & LEVEL,DAYLIGHT,,,45072.78741,FALSE,2300,Accepted,5,5,O,,OTHER,
31686645,0050100,GLASGOW POLICE DEPARTMENT,Accepted,BARREN,,,HAPPY VALLEY,RD,,,,,WALL,US0031E,L ROGERS WELLS,37.00962775,-85.92155646,0.007,5/24/2023,1336,2,2,0,0,CLEAR,DRY,FALSE,SIDESWIPE COLLISION - SAME DIRECTION,SIDESWIPE-SAME DIRECTION,STRAIGHT & LEVEL,DAYLIGHT,,,45073.86338,FALSE,2275,Accepted,5,5,O,,FAILED TO KEEP PROPER LANE,
31688246,0050100,GLASGOW POLICE DEPARTMENT,Accepted,BARREN,,,BEAVER,TRL,,,,KY0090,HAPPY VALLEY,,SOFTBALL,37.02898207,-85.93264987,0.347,5/24/2023,2045,1,1,0,4,CLEAR,DRY,FALSE,COLLISION WITH FIXED OBJECT NON - INTERSECTION - FIRST EVENT COLLISION 09 - 32 EXCLUDING 16,SINGLE VEHICLE,STRAIGHT & LEVEL,DARK-HWY LIGHTED/ON,,,45074.30593,FALSE,2297,Accepted,5,3,B,,"INATTENTION, TURNING IMPROPERLY",
31688247,0050100,GLASGOW POLICE DEPARTMENT,Accepted,BARREN,KY0090,,MAIN,ST,E,,HUMBLE,,,,,36.99200305,-85.9038257,10.378,5/25/2023,400,2,2,0,0,CLEAR,DRY,FALSE,OTHER INTERSECTION COLLISIONS,REAR END,STRAIGHT & HILLCREST,DARK-HWY LIGHTED/ON,,,45074.30606,FALSE,2297,Accepted,5,5,O,,"FOLLOWING TOO CLOSE, INATTENTION",
31688250,0050100,GLASGOW POLICE DEPARTMENT,Accepted,BARREN,US0068X,,MAIN,ST,W,,ROGERS,,,,,37.00020937,-85.92334171,1.899,5/27/2023,2157,2,2,0,0,CLEAR,DRY,FALSE,SIDESWIPE-SAME DIRECTION,SIDESWIPE-SAME DIRECTION,STRAIGHT & HILLCREST,DARK-HWY LIGHTED/ON,,,45074.30614,FALSE,2666,Accepted,5,5,O,,,
31689225,0050100,GLASGOW POLICE DEPARTMENT,Accepted,BARREN,US0031EX,,GREEN,ST,S,US0031E,L ROGERS WELLS,,,,,36.98277247,-85.93138036,,5/18/2023,1512,2,2,0,0,CLEAR,DRY,FALSE,REAR END - ONE VEHICLE TURNING RIGHT,REAR END,STRAIGHT & GRADE,DAYLIGHT,,,45074.76103,FALSE,2249,Accepted,5,5,O,,MISJUDGE CLEARANCE,
31689229,0050100,GLASGOW POLICE DEPARTMENT,Accepted,BARREN,US0068X,,MAIN,ST,W,US0031E,L ROGERS WELLS,,,,,37.00233941,-85.92694759,1.654,5/23/2023,914,2,2,0,0,CLEAR,DRY,FALSE,VEHICLE BACKING IN INTERSECTION,BACKING,STRAIGHT & GRADE,DAYLIGHT,,,45074.76116,FALSE,50,Accepted,5,5,O,,INATTENTION,
31689231,0050100,GLASGOW POLICE DEPARTMENT,Accepted,BARREN,US0031E,,L ROGERS WELLS,BLVD,S,,,US0068X,MAIN,,CROSS,37.00104204,-85.92691563,14.183,5/23/2023,1613,2,2,0,0,CLEAR,DRY,FALSE,REAR END IN TRAFFIC LANES BOTH VEHICLES MOVING,REAR END,STRAIGHT & LEVEL,DAYLIGHT,,,45074.76125,FALSE,2249,Accepted,5,5,O,,"INATTENTION, MISJUDGE CLEARANCE",
31689234,0050100,GLASGOW POLICE DEPARTMENT,Accepted,BARREN,KY0090,,HAPPY VALLEY,RD,,,,,SHALIMAR,,ENSMINGER,37.01014442,-85.92272021,9.841,5/24/2023,718,2,2,0,0,CLEAR,DRY,FALSE,OTHER ROADWAY OR MID-BLOCK COLLISION,OPPOSING LEFT TURN,STRAIGHT & LEVEL,DAYLIGHT,,,45074.7613,FALSE,50,Accepted,5,5,O,,INATTENTION,
31689236,0050100,GLASGOW POLICE DEPARTMENT,Accepted,BARREN,,,KENTUCKY,ST,,,,,MYRTLE,,SAMSON,37.00361673,-85.92068151,0.263,5/26/2023,1523,2,2,0,0,CLEAR,DRY,FALSE,1 VEHICLE ENTERING/LEAVING ENTRANCE,ANGLE,STRAIGHT & GRADE,DAYLIGHT,,,45074.76134,FALSE,2225,Accepted,5,5,O,,"FAILED TO KEEP PROPER LANE, TURNING IMPROPERLY",
31691434,0050000,BARREN COUNTY SHERIFF DEPT.,Accepted,BARREN,US0031E,,SCOTTSVILLE,RD,,,,,,,,36.91785265,-85.99791,6.883,5/15/2023,555,1,1,0,0,CLEAR,DRY,FALSE,COLLISION WITH FIXED OBJECT NON - INTERSECTION - FIRST EVENT COLLISION 09 - 32 EXCLUDING 16,SINGLE VEHICLE,STRAIGHT & LEVEL,DARK-HWY NOT LIGHTED,,,45075.44281,FALSE,170,Accepted,5,5,O,DEBRIS IN ROADWAY,,
31691435,0050000,BARREN COUNTY SHERIFF DEPT.,Accepted,BARREN,KY0255,2500,PARK CITY BON AYR,RD,,,,,,,,37.05901755,-86.05581065,8.893,5/15/2023,809,1,1,0,0,CLEAR,DRY,FALSE,OTHER COLLISIONS ON SHOULDER,SINGLE VEHICLE,CURVE & GRADE,DAYLIGHT,,,45075.44285,FALSE,170,Accepted,5,5,O,ANIMALS ACTION,,
31691436,0050000,BARREN COUNTY SHERIFF DEPT.,Accepted,BARREN,US0031E,,SCOTTSVILLE,RD,,,HAYWOOD CEDAR GROVE,,,,,36.95287492,-85.96368554,10.08,5/12/2023,1114,2,2,0,0,RAINING,WET,FALSE,OTHER INTERSECTION COLLISIONS,REAR END,STRAIGHT & LEVEL,DAYLIGHT,,,45075.4429,FALSE,181,Accepted,5,5,O,,NOT UNDER PROPER CONTROL,
31691440,0050000,BARREN COUNTY SHERIFF DEPT.,Accepted,BARREN,KY0090,,BURKESVILLE,RD,,,,,KINO EIGHTY EIGHT,,CHENOWETH,36.91018664,-85.78351364,19.386,5/12/2023,903,2,2,0,0,RAINING,WET,FALSE,REAR END IN TRAFFIC LANES BOTH VEHICLES MOVING,REAR END,CURVE & GRADE,DAYLIGHT,,,45075.443,FALSE,125,Accepted,5,5,O,SLIPPERY SURFACE,,