IncidentID,AgencyORI,AgencyName,IncidentStatusDesc,County,RdwyNumber,Street,RoadwayName,StreetSfx,StreetDir,IntersectionRdwy,IntersectionRdwyName,BetweenStRdwy1,BetweenStRdwyName1,BetweenStRdwy2,BetweenStRdwyName2,Latitude,Longitude,Milepoint,CollisionDate,CollisionTime,UnitsInvolved,MotorVehiclesInvolved,NumberKilled,NumberInjured,Weather,RdwyConditionCode,HitandRun,DirAnalysisCode,MannerofCollision,RdwyCharacter,LightCondition,RampFromRdwyId,RampToRdwyId,AcceptedDate,IsSecondaryCollision,OwnerBadge,IncidentStatus,InjurySeverityCde,KABCO_Code,KABCO,Environmental_Factors,Human_Factors,Vehicular_Factors
31691441,0050000,BARREN COUNTY SHERIFF DEPT.,Accepted,BARREN,,948,HOLLOW,RD,,,,,,,,36.97909965,-85.87399958,0.947,5/12/2023,820,2,2,0,0,RAINING,WET,FALSE,1 VEHICLE PARKED POSITION (NOT PARKING LOT/DRIVEWAY),REAR END,STRAIGHT & LEVEL,DAYLIGHT,,,45075.44305,FALSE,125,Accepted,5,5,O,,,
31691442,0050000,BARREN COUNTY SHERIFF DEPT.,Accepted,BARREN,KY0070,3653,GRIDERVILLE,RD,,,,,,,,37.12737406,-85.94385424,7.636,5/13/2023,1205,2,2,0,0,CLEAR,DRY,FALSE,1 VEHICLE PARKED POSITION (NOT PARKING LOT/DRIVEWAY),ANGLE,STRAIGHT & LEVEL,DAYLIGHT,,,45075.44309,FALSE,125,Accepted,5,5,O,,,OTHER
31691443,0050000,BARREN COUNTY SHERIFF DEPT.,Accepted,BARREN,US0031W,24606,LOUISVILLE,RD,,,,,,,,37.09467701,-86.04427501,1.341,5/17/2023,652,2,2,0,0,CLEAR,FLOODED,FALSE,1 VEHICLE ENTERING/LEAVING ENTRANCE,ANGLE,STRAIGHT & LEVEL,DAYLIGHT,,,45075.44313,FALSE,125,Accepted,5,5,O,,INATTENTION,
31691444,0050000,BARREN COUNTY SHERIFF DEPT.,Accepted,BARREN,KY0090,,BURKESVILLE,RD,,,CORA WILBORN,,,,,36.89760697,-85.74546048,21.839,5/16/2023,1508,1,1,0,2,RAINING,WET,FALSE,COLLISION WITH FIXED OBJECT IN INTERSECTION - FIRST EVENT COLLISION 09 - 32,SINGLE VEHICLE,CURVE & GRADE,DAYLIGHT,,,45075.44317,FALSE,125,Accepted,2,2,A,SLIPPERY SURFACE,,STEERING FAILURE
31691445,0050000,BARREN COUNTY SHERIFF DEPT.,Accepted,BARREN,,,LECTA KINO,RD,,,,,,,,36.96298587,-85.78171526,6.162,5/16/2023,27,1,1,0,0,CLEAR,DRY,FALSE,COLLISION WITH ANIMAL NON INTERSECTION,SINGLE VEHICLE,CURVE & LEVEL,DARK-HWY NOT LIGHTED,,,45075.44322,FALSE,173,Accepted,5,5,O,ANIMALS ACTION,,
31691446,0050000,BARREN COUNTY SHERIFF DEPT.,Accepted,BARREN,US0031E,,JACKSON,HWY,N,,,,,,,37.09837123,-85.87776017,21.839,5/16/2023,2128,1,1,0,0,CLEAR,DRY,FALSE,COLLISION WITH ANIMAL NON INTERSECTION,SINGLE VEHICLE,STRAIGHT & LEVEL,DARK-HWY NOT LIGHTED,,,45075.44326,FALSE,173,Accepted,5,5,O,ANIMALS ACTION,,
31691447,0050000,BARREN COUNTY SHERIFF DEPT.,Accepted,BARREN,KY0090,,BURKESVILLE,RD,,,,,,,,36.96966879,-85.88334748,12.295,5/11/2023,2342,1,1,0,0,CLEAR,DRY,FALSE,OTHER ROADWAY OR MID-BLOCK COLLISION,SINGLE VEHICLE,STRAIGHT & HILLCREST,DARK-HWY NOT LIGHTED,,,45075.44331,FALSE,185,Accepted,5,5,O,DEBRIS IN ROADWAY,,
31691448,0050000,BARREN COUNTY SHERIFF DEPT.,Accepted,BARREN,LN9008,,LN9008 E,,,,,LN9008,LN9008 E EXIT8 ON RAMP FROM KY3600,LN9008,LN9008 TURN AROUND10,36.98743399,-85.95284083,10.278,5/19/2023,2058,1,1,0,0,CLEAR,DRY,FALSE,COLLISION WITH ANIMAL NON INTERSECTION,SINGLE VEHICLE,STRAIGHT & LEVEL,DARK-HWY NOT LIGHTED,,,45075.44335,FALSE,180,Accepted,5,5,O,ANIMALS ACTION,,
31691449,0050000,BARREN COUNTY SHERIFF DEPT.,Accepted,BARREN,LN9008,,LN9008 W,,,,,KY1297,OLD BOWLING GREEN,LN9008,LN9008 TURN AROUND10,36.99101265,-85.96676685,9.484,5/19/2023,2058,1,1,0,0,CLEAR,DRY,FALSE,COLLISION WITH ANIMAL NON INTERSECTION,SINGLE VEHICLE,STRAIGHT & LEVEL,DARK-HWY NOT LIGHTED,,,45075.44339,FALSE,180,Accepted,5,5,O,ANIMALS ACTION,,
31691451,0050000,BARREN COUNTY SHERIFF DEPT.,Accepted,BARREN,KY0740,,CORAL HILL,RD,,,,,,,,37.06150096,-85.84835459,4.02,5/19/2023,633,1,1,0,1,CLEAR,DRY,FALSE,OTHER ROADWAY OR MID-BLOCK COLLISION,SINGLE VEHICLE,STRAIGHT & LEVEL,DAYLIGHT,,,45075.44345,FALSE,181,Accepted,2,2,A,,OVERCORRECTING/OVERSTEERING,
31691453,0050000,BARREN COUNTY SHERIFF DEPT.,Accepted,BARREN,KY0252,,FINNEY,RD,,,,,,,,36.94516812,-86.00241651,8.755,5/5/2023,1507,1,1,0,1,CLEAR,DRY,FALSE,RAN OFF ROADWAY (1 VEHICLE WITH/EARTH EMBANKMENT/DITCH),SINGLE VEHICLE,CURVE & LEVEL,DAYLIGHT,,,45075.44354,FALSE,181,Accepted,3,3,B,,NOT UNDER PROPER CONTROL,
31691454,0050000,BARREN COUNTY SHERIFF DEPT.,Accepted,BARREN,,,JENNY,RD,,,,,,,,37.13479713,-86.02437585,0.25,5/21/2023,1656,1,1,0,1,CLEAR,DRY,FALSE,RAN OFF ROADWAY (1 VEHICLE WITH/EARTH EMBANKMENT/DITCH),SINGLE VEHICLE,STRAIGHT & GRADE,DAYLIGHT,,,45075.4436,FALSE,146,Accepted,5,2,A,,OTHER,STEERING FAILURE
31691456,0050000,BARREN COUNTY SHERIFF DEPT.,Accepted,BARREN,,,LECTA KINO,RD,,,,,,,,36.98844403,-85.81315484,2.936,5/7/2023,1243,1,1,0,2,RAINING,WET,FALSE,COLLISION WITH FIXED OBJECT NON - INTERSECTION - FIRST EVENT COLLISION 09 - 32 EXCLUDING 16,SINGLE VEHICLE,CURVE & HILLCREST,DAYLIGHT,,,45075.44366,FALSE,181,Accepted,4,3,B,DEBRIS IN ROADWAY,,
31691458,0050000,BARREN COUNTY SHERIFF DEPT.,Accepted,BARREN,KY0839,871,NOBOB,RD,,,,,,,,36.91220842,-85.80060735,5.999,5/21/2023,2301,1,1,0,0,CLEAR,DRY,FALSE,COLLISION WITH FIXED OBJECT NON - INTERSECTION - FIRST EVENT COLLISION 09 - 32 EXCLUDING 16,SINGLE VEHICLE,CURVE & LEVEL,DARK-HWY NOT LIGHTED,,,45075.44374,FALSE,182,Accepted,5,5,O,,INATTENTION,
31691459,0050000,BARREN COUNTY SHERIFF DEPT.,Accepted,BARREN,LN9008,,LN9008 E,,,,,,,,,37.00039872,-85.99775306,7.592,5/22/2023,1454,1,1,0,0,CLEAR,DRY,FALSE,OTHER ROADWAY OR MID-BLOCK COLLISION,SINGLE VEHICLE,STRAIGHT & LEVEL,DAYLIGHT,,,45075.44379,FALSE,181,Accepted,5,5,O,,OVERCORRECTING/OVERSTEERING,
31691464,0050000,BARREN COUNTY SHERIFF DEPT.,Accepted,BARREN,LN9008,,LN9008 W,,,,,,,,,37.00618512,-86.0072953,6.936,5/25/2023,1005,2,2,0,1,CLEAR,DRY,FALSE,REAR END IN TRAFFIC LANES BOTH VEHICLES MOVING,REAR END,STRAIGHT & LEVEL,DAYLIGHT,,,45075.44395,FALSE,183,Accepted,5,4,C,,ALCOHOL INVOLVEMENT,
31691466,0050000,BARREN COUNTY SHERIFF DEPT.,Accepted,BARREN,KY0820,,ETOILE,RD,,,,,,,,36.81736266,-85.87993833,3.211,5/28/2023,1020,2,2,0,0,CLOUDY,DRY,FALSE,SIDESWIPE COLLISION - OPPOSITE DIRECTION,SIDESWIPE-OPPOSITE DIRECTION,STRAIGHT & GRADE,DAYLIGHT,,,45075.44402,FALSE,170,Accepted,5,5,O,,MISJUDGE CLEARANCE,
31693168,0050100,GLASGOW POLICE DEPARTMENT,Accepted,BARREN,KY3600,,GLASGOW OUTER LOOP,,,LN9008,LN9008 E EXIT8 ON RAMP FROM KY3600,,,,,36.99187988,-85.98050733,0.328,5/4/2023,1045,2,2,0,1,CLEAR,DRY,FALSE,ANGLE COLLISION - OTHER,ANGLE,STRAIGHT & LEVEL,DAYLIGHT,,,45075.86003,FALSE,2264,Accepted,5,2,A,,INATTENTION,
31693170,0050100,GLASGOW POLICE DEPARTMENT,Accepted,BARREN,US0031EX,,RACE,ST,N,,HAPPY VALLEY,,,,,37.00411991,-85.90816889,2.117,5/27/2023,1159,2,2,0,0,CLEAR,DRY,FALSE,OTHER INTERSECTION COLLISIONS,REAR END,STRAIGHT & LEVEL,DAYLIGHT,,,45075.8601,FALSE,2264,Accepted,5,5,O,,INATTENTION,
31699973,0050100,GLASGOW POLICE DEPARTMENT,Accepted,BARREN,,,TRABUE,ST,,,FRONT,,,,,36.99956255,-85.91566686,0.138,5/26/2023,751,2,2,0,0,CLEAR,DRY,FALSE,ANGLE COLLISION - OTHER,ANGLE,STRAIGHT & GRADE,DAYLIGHT,,,45076.81508,FALSE,30,Accepted,5,5,O,,MISJUDGE CLEARANCE,
31699975,0050100,GLASGOW POLICE DEPARTMENT,Accepted,BARREN,,219,KELLY,DR,,,,,SEAY,,SHEILA,36.98317994,-85.92472207,0.035,5/26/2023,1526,2,2,0,0,CLEAR,DRY,FALSE,1 VEHICLE PARKED POSITION (NOT PARKING LOT/DRIVEWAY),ANGLE,STRAIGHT & LEVEL,DAYLIGHT,,,45076.81516,FALSE,30,Accepted,5,5,O,,FELL ASLEEP,
31704126,0050000,BARREN COUNTY SHERIFF DEPT.,Accepted,BARREN,KY0249,,ROSEVILLE,RD,,,,,,,,36.89326289,-85.92104145,9.209,5/28/2023,2044,1,1,0,0,CLEAR,DRY,FALSE,COLLISION WITH ANIMAL NON INTERSECTION,SINGLE VEHICLE,STRAIGHT & LEVEL,DARK-HWY NOT LIGHTED,,,45077.62541,FALSE,173,Accepted,5,5,O,ANIMALS ACTION,,
31707495,0050100,GLASGOW POLICE DEPARTMENT,Accepted,BARREN,US0068X,,MAIN,ST,W,,LESLIE,,,,,36.99855024,-85.91892217,2.165,5/31/2023,1000,2,2,0,0,CLEAR,DRY,FALSE,ANGLE COLLISION - OTHER,ANGLE,STRAIGHT & HILLCREST,DAYLIGHT,,,45078.32701,FALSE,50,Accepted,5,5,O,,INATTENTION,
31712705,0050000,BARREN COUNTY SHERIFF DEPT.,Accepted,BARREN,KY1297,,OLD BOWLING GREEN,RD,,,DAVIDSON,,,,,36.98801911,-86.00690275,8.253,4/28/2023,1204,1,1,1,0,CLOUDY,DRY,FALSE,COLLISION WITH FIXED OBJECT IN INTERSECTION - FIRST EVENT COLLISION 09 - 32,SINGLE VEHICLE,CURVE & GRADE,DAYLIGHT,,,45079.36016,FALSE,125,Accepted,1,1,K,,,
31712708,0050000,BARREN COUNTY SHERIFF DEPT.,Accepted,BARREN,LN9008,,LN9008 W,,,,,,,,,36.99584902,-85.75055963,22.31,5/20/2023,644,1,1,0,0,RAINING,WET,FALSE,RAN OFF ROADWAY (1 VEHICLE WITH/EARTH EMBANKMENT/DITCH),SINGLE VEHICLE,STRAIGHT & GRADE,DAYLIGHT,,,45079.36043,FALSE,125,Accepted,5,5,O,SLIPPERY SURFACE,,
31712711,0050000,BARREN COUNTY SHERIFF DEPT.,Accepted,BARREN,KY0090,11820,BURKESVILLE,RD,,,,,,,,36.89865322,-85.74704524,21.727,5/25/2023,719,1,1,0,3,CLEAR,DRY,FALSE,RAN OFF ROADWAY (1 VEHICLE WITH/EARTH EMBANKMENT/DITCH),SINGLE VEHICLE,STRAIGHT & LEVEL,DAYLIGHT,,,45079.36054,FALSE,125,Accepted,4,3,B,,,
31712713,0050000,BARREN COUNTY SHERIFF DEPT.,Accepted,BARREN,,,MILBURN TAYLOR,RD,,,LAMB,,,,,36.76252802,-85.92168219,1.998,6/1/2023,1124,2,2,0,0,CLEAR,DRY,FALSE,ANGLE COLLISION - ONE VEHICLE TURNING LEFT,ANGLE,CURVE & GRADE,DAYLIGHT,,,45079.36081,FALSE,125,Accepted,5,5,O,,,
31724535,0050000,BARREN COUNTY SHERIFF DEPT.,Accepted,BARREN,US0031E,,JACKSON,HWY,N,,,,TICK RIDGE,,WALLACE,37.0510341,-85.89491622,18.398,5/30/2023,1318,2,2,0,0,CLEAR,DRY,FALSE,1 VEHICLE ENTERING/LEAVING ENTRANCE,ANGLE,CURVE & LEVEL,DAYLIGHT,,,45082.46283,FALSE,183,Accepted,5,5,O,SLIPPERY SURFACE,,OTHER
31724538,0050000,BARREN COUNTY SHERIFF DEPT.,Accepted,BARREN,,1733,BISHOP,RD,,,,,,CR1444,SMITH NO 1,37.00082373,-86.01101556,1.475,6/3/2023,921,2,2,0,0,CLEAR,DRY,FALSE,1 VEHICLE PARKED POSITION (NOT PARKING LOT/DRIVEWAY),REAR END,CURVE & LEVEL,DAYLIGHT,,,45082.46317,FALSE,172,Accepted,5,5,O,,,OTHER
31724539,0050000,BARREN COUNTY SHERIFF DEPT.,Accepted,BARREN,LN9008,,LN9008 W,,,,,,,,,37.04751154,-86.08216693,1.845,6/2/2023,454,2,2,0,0,CLEAR,DRY,FALSE,SIDESWIPE COLLISION - SAME DIRECTION,SIDESWIPE-SAME DIRECTION,STRAIGHT & LEVEL,DAYLIGHT,,,45082.46332,FALSE,185,Accepted,5,5,O,,"FAILED TO KEEP PROPER LANE, FOLLOWING TOO CLOSE, IMPROPER PASSING",
31724542,0050000,BARREN COUNTY SHERIFF DEPT.,Accepted,BARREN,KY0090,,BURKESVILLE,RD,,,,,,,,36.96281406,-85.87585184,12.928,5/4/2023,1657,2,2,0,0,CLEAR,DRY,FALSE,OTHER ROADWAY OR MID-BLOCK COLLISION,REAR END,STRAIGHT & GRADE,DAYLIGHT,,,45082.46377,FALSE,163,Accepted,5,5,O,,INATTENTION,
31724544,0050000,BARREN COUNTY SHERIFF DEPT.,Accepted,BARREN,US0068,,NEW BOWLING GREEN,RD,,,,,,,,37.02082652,-86.04573019,4.736,5/15/2023,1703,1,1,0,2,CLEAR,DRY,FALSE,RAN OFF ROADWAY (1 VEHICLE WITH/EARTH EMBANKMENT/DITCH),SINGLE VEHICLE,STRAIGHT & LEVEL,DAYLIGHT,,,45082.46395,FALSE,163,Accepted,5,4,C,,NOT UNDER PROPER CONTROL,
31724545,0050000,BARREN COUNTY SHERIFF DEPT.,Accepted,BARREN,,222,MATTHEWS,RD,,,,KY0063,TOMPKINSVILLE,,D B SMITH,36.85920515,-85.8391878,0.376,5/31/2023,1611,2,2,0,0,CLEAR,DRY,FALSE,1 VEHICLE PARKED POSITION (NOT PARKING LOT/DRIVEWAY),BACKING,STRAIGHT & LEVEL,DAYLIGHT,,,45082.46411,FALSE,180,Accepted,5,5,O,,MISJUDGE CLEARANCE,
31733551,0050100,GLASGOW POLICE DEPARTMENT,Accepted,BARREN,KY0090,,HAPPY VALLEY,RD,,,,,WESTERN HILLS,,COMMERCE,37.01750267,-85.92975112,9.194,6/7/2023,314,1,1,0,0,CLEAR,DRY,FALSE,COLLISION WITH ANIMAL NON INTERSECTION,SINGLE VEHICLE,STRAIGHT & GRADE,DARK-HWY LIGHTED/ON,,,45084.30511,FALSE,2666,Accepted,5,5,O,ANIMALS ACTION,,
31733744,0050100,GLASGOW POLICE DEPARTMENT,Accepted,BARREN,US0031E,,SCOTTSVILLE,RD,,,,US0031EX,GREEN,,JAMES T ROGERS,36.98065372,-85.93228177,12.682,6/6/2023,1147,2,2,0,0,CLEAR,DRY,FALSE,1 VEHICLE ENTERING/LEAVING ENTRANCE,ANGLE,STRAIGHT & LEVEL,DAYLIGHT,,,45084.34196,FALSE,50,Accepted,5,5,O,,INATTENTION,
31736628,0050100,GLASGOW POLICE DEPARTMENT,Accepted,BARREN,,,PRESTON,ST,,,,,CHERRY,,CEDAR,37.00354225,-85.91358084,0.174,6/5/2023,919,2,2,0,0,CLEAR,DRY,FALSE,VEHICLE BACKING NON INTERSECTION,BACKING,STRAIGHT & LEVEL,DAYLIGHT,,,45084.71631,FALSE,2237,Accepted,5,5,O,,INATTENTION,
31736630,0050100,GLASGOW POLICE DEPARTMENT,Accepted,BARREN,US0031E,,L ROGERS WELLS,BLVD,S,,,,COMMERCIAL AVE CONN,,COMMERCIAL,36.99846069,-85.92823202,13.992,6/5/2023,1503,2,2,0,0,CLEAR,DRY,FALSE,REAR END IN TRAFFIC LANES BOTH VEHICLES MOVING,REAR END,STRAIGHT & LEVEL,DAYLIGHT,,,45084.71655,FALSE,2237,Accepted,5,5,O,,,BRAKES DEFECTIVE
31737127,0050100,GLASGOW POLICE DEPARTMENT,Accepted,BARREN,KY0090,2345,HAPPY VALLEY,RD,,,,,,,,37.0227981,-85.93517393,8.28,5/27/2023,1403,2,2,0,0,CLEAR,DRY,FALSE,1 VEHICLE ENTERING/LEAVING ENTRANCE,ANGLE,STRAIGHT & LEVEL,DAYLIGHT,,,45084.84095,FALSE,2293,Accepted,5,5,O,,INATTENTION,
31737129,0050100,GLASGOW POLICE DEPARTMENT,Accepted,BARREN,KY1297,,OLD BOWLING GREEN,RD,,,,,LOVERS,,PARKVIEW,36.98828697,-85.9392867,12.396,5/27/2023,530,1,1,0,0,CLEAR,DRY,FALSE,RAN OFF ROADWAY (1 VEHICLE WITH/EARTH EMBANKMENT/DITCH),SINGLE VEHICLE,CURVE & HILLCREST,DAWN,,,45084.84115,FALSE,2275,Accepted,5,5,O,ANIMALS ACTION,INATTENTION,
31737132,0050100,GLASGOW POLICE DEPARTMENT,Accepted,BARREN,US0068,,VETERANS OUTER,LOOP,,,BEAVER,,,,,37.02257623,-85.9385242,11.131,5/27/2023,854,2,2,0,0,CLEAR,DRY,FALSE,ANGLE COLLISION - OTHER,ANGLE,STRAIGHT & LEVEL,DAYLIGHT,,,45084.84127,FALSE,2275,Accepted,5,5,O,,"FAILED TO YIELD RIGHT OF WAY, INATTENTION",
31737135,0050100,GLASGOW POLICE DEPARTMENT,Accepted,BARREN,KY0090,,HAPPY VALLEY,RD,,,,,BEAVER,,AIRPORT,37.02648561,-85.93807696,8.419,5/23/2023,1707,2,2,0,2,CLEAR,DRY,FALSE,1 VEHICLE ENTERING/LEAVING ENTRANCE,ANGLE,STRAIGHT & LEVEL,DAYLIGHT,,,45084.84141,FALSE,2275,Accepted,5,3,B,,INATTENTION,
31737136,0050100,GLASGOW POLICE DEPARTMENT,Accepted,BARREN,US0031E,,L ROGERS WELLS,BLVD,N,,,US0031E,L ROGERS WELLS,US0068X,MAIN,37.00208552,-85.92636334,14.26,5/23/2023,1643,2,2,0,0,CLEAR,DRY,FALSE,OTHER ROADWAY OR MID-BLOCK COLLISION,REAR END,STRAIGHT & LEVEL,DAYLIGHT,,,45084.84168,FALSE,2275,Accepted,5,5,O,,INATTENTION,
31737137,0050100,GLASGOW POLICE DEPARTMENT,Accepted,BARREN,US0068X,2000,EDMONTON,RD,,,,,,,,37.01028314,-85.8826516,4.475,5/27/2023,720,1,1,0,0,CLEAR,DRY,FALSE,COLLISION WITH FIXED OBJECT NON - INTERSECTION - FIRST EVENT COLLISION 09 - 32 EXCLUDING 16,SINGLE VEHICLE,STRAIGHT & LEVEL,DAYLIGHT,,,45084.84177,FALSE,2293,Accepted,5,5,O,,"INATTENTION, MISJUDGE CLEARANCE",
31737146,0050100,GLASGOW POLICE DEPARTMENT,Accepted,BARREN,US0068X,1006,MAIN,ST,W,,,,,,,37.0020747,-85.92754366,1.496,6/2/2023,1614,2,2,0,0,CLEAR,DRY,FALSE,1 VEHICLE ENTERING/LEAVING ENTRANCE,ANGLE,STRAIGHT & LEVEL,DAYLIGHT,,,45084.84245,FALSE,2293,Accepted,5,5,O,,"FAILED TO YIELD RIGHT OF WAY, INATTENTION",
31737151,0050100,GLASGOW POLICE DEPARTMENT,Accepted,BARREN,US0031E,,L ROGERS WELLS,BLVD,N,,,,ENSMINGER,,SMITH,37.00664658,-85.92408905,14.519,6/6/2023,1557,2,2,0,0,CLEAR,DRY,FALSE,REAR END IN TRAFFIC LANES BOTH VEHICLES MOVING,REAR END,STRAIGHT & LEVEL,DAYLIGHT,,,45084.84265,FALSE,2268,Accepted,5,5,O,,INATTENTION,
31737152,0050100,GLASGOW POLICE DEPARTMENT,Accepted,BARREN,US0031E,,L ROGERS WELLS,BLVD,S,,,,CAVALRY,US0031E,SCOTTSVILLE,36.98277124,-85.9313834,12.84,6/7/2023,1446,2,2,0,0,RAINING,WET,FALSE,1 VEHICLE ENTERING/LEAVING ENTRANCE,ANGLE,STRAIGHT & LEVEL,DAYLIGHT,,,45084.8427,FALSE,2268,Accepted,5,5,O,,"DISREGARD TRAFFIC CONTROL, INATTENTION",
31738812,0050100,GLASGOW POLICE DEPARTMENT,Accepted,BARREN,,,CHILDRESS,RD,,KY1297,OLD BOWLING GREEN,,,,,36.99099748,-85.94843014,0.004,6/7/2023,1950,1,1,0,0,CLOUDY,DRY,FALSE,COLLISION WITH FIXED OBJECT IN INTERSECTION - FIRST EVENT COLLISION 09 - 32,SINGLE VEHICLE,STRAIGHT & LEVEL,DAWN,,,45085.30637,FALSE,2260,Accepted,5,5,O,,NOT UNDER PROPER CONTROL,
31742221,0050100,GLASGOW POLICE DEPARTMENT,Accepted,BARREN,US0031EX,,PUBLIC,SQ,N,,,US0031EX,US31E BUS TURN LANE,US0031EX,US31E BUS TURN LANE,36.99609229,-85.91235628,1.488,5/26/2023,1630,2,2,0,0,CLEAR,DRY,TRUE,1 VEHICLE PARKED POSITION (NOT PARKING LOT/DRIVEWAY),ANGLE,CURVE & LEVEL,DAYLIGHT,,,45085.78103,FALSE,2300,Accepted,5,5,O,,INATTENTION,
31742222,0050100,GLASGOW POLICE DEPARTMENT,Accepted,BARREN,KY0090,,HAPPY VALLEY,RD,,US0068,VETERANS OUTER,,,,,37.02424652,-85.9357547,8.564,5/25/2023,1613,3,3,0,0,CLEAR,DRY,FALSE,OTHER INTERSECTION COLLISIONS,REAR END,STRAIGHT & GRADE,DAYLIGHT,,,45085.7811,FALSE,32,Accepted,5,5,O,,INATTENTION,
31742223,0050100,GLASGOW POLICE DEPARTMENT,Accepted,BARREN,,,BROADWAY,ST,S,KY0090,MAIN,,,,,36.99543816,-85.91076246,,5/26/2023,1000,2,2,0,1,CLEAR,DRY,FALSE,OPPOSING LEFT TURN,OPPOSING LEFT TURN,STRAIGHT & GRADE,DAYLIGHT,,,45085.78117,FALSE,32,Accepted,5,3,B,,DISREGARD TRAFFIC CONTROL,
31742226,0050100,GLASGOW POLICE DEPARTMENT,Accepted,BARREN,US0068X,,MAIN,ST,W,,AMERICAN,,,,,37.01003285,-85.9409095,0.691,5/30/2023,1503,2,2,0,0,CLEAR,DRY,FALSE,ANGLE COLLISION - OTHER,ANGLE,STRAIGHT & LEVEL,DAYLIGHT,,,45085.78134,FALSE,2300,Accepted,5,5,O,,"TURNING IMPROPERLY, INATTENTION",
31742228,0050100,GLASGOW POLICE DEPARTMENT,Accepted,BARREN,US0031E,,SCOTTSVILLE,RD,,,PRITCHARDSVILLE,,,,,36.97623725,-85.93646777,12.296,5/31/2023,1108,2,2,0,0,CLEAR,DRY,FALSE,ANGLE COLLISION - OTHER,ANGLE,STRAIGHT & LEVEL,DAYLIGHT,,,45085.78152,FALSE,2300,Accepted,5,5,O,,TURNING IMPROPERLY,
31742229,0050100,GLASGOW POLICE DEPARTMENT,Accepted,BARREN,US0068X,,MAIN,ST,W,,SAMSON,,,,,36.99857373,-85.91902239,2.134,5/31/2023,1432,2,2,0,0,CLEAR,DRY,FALSE,OTHER INTERSECTION COLLISIONS,REAR END,STRAIGHT & LEVEL,DAYLIGHT,,,45085.78162,FALSE,2300,Accepted,5,5,O,,INATTENTION,
31742231,0050100,GLASGOW POLICE DEPARTMENT,Accepted,BARREN,,,MAX WAGNER,DR,,KY0090,HAPPY VALLEY,,,,,37.02299637,-85.93463681,,5/26/2023,1428,2,2,0,0,CLEAR,DRY,FALSE,REAR END - ONE VEHICLE TURNING RIGHT,REAR END,CURVE & GRADE,DAYLIGHT,,,45085.78172,FALSE,32,Accepted,5,5,O,,"FOLLOWING TOO CLOSE, INATTENTION",
31742234,0050100,GLASGOW POLICE DEPARTMENT,Accepted,BARREN,US0031E,403,L ROGERS WELLS,BLVD,S,,,,,,,36.99414995,-85.93177477,13.635,5/30/2023,800,2,2,0,0,CLEAR,DRY,FALSE,1 VEHICLE ENTERING/LEAVING ENTRANCE,ANGLE,CURVE & LEVEL,DAYLIGHT,,,45085.78186,FALSE,32,Accepted,5,5,O,,"FAILED TO KEEP PROPER LANE, MISJUDGE CLEARANCE",
31742238,0050100,GLASGOW POLICE DEPARTMENT,Accepted,BARREN,US0031E,,JACKSON,HWY,N,,,,,,,37.03814856,-85.90195198,17.391,5/31/2023,1207,2,2,0,1,CLEAR,DRY,FALSE,REAR END IN TRAFFIC LANES BOTH VEHICLES MOVING,REAR END,STRAIGHT & LEVEL,DAYLIGHT,,,45085.7822,FALSE,32,Accepted,5,2,A,,"CELL PHONE, DISTRACTION, FOLLOWING TOO CLOSE",
31742239,0050100,GLASGOW POLICE DEPARTMENT,Accepted,BARREN,,,HAPPY VALLEY,RD,,,WALL,,,,,37.00935633,-85.92086905,0.034,6/3/2023,1329,2,2,0,0,CLEAR,DRY,FALSE,SIDESWIPE-SAME DIRECTION,SIDESWIPE-SAME DIRECTION,STRAIGHT & LEVEL,DAYLIGHT,,,45085.78227,FALSE,2300,Accepted,5,5,O,,FAILED TO KEEP PROPER LANE,
31756795,0050000,BARREN COUNTY SHERIFF DEPT.,Accepted,BARREN,,,GOODNIGHT HISEVILLE,RD,,,,,,,,37.08325937,-85.85714843,1.502,6/3/2023,2053,2,2,0,0,CLEAR,DRY,FALSE,SIDESWIPE COLLISION - OPPOSITE DIRECTION,SIDESWIPE-OPPOSITE DIRECTION,STRAIGHT & LEVEL,DARK-HWY NOT LIGHTED,,,45089.6906,FALSE,185,Accepted,5,5,O,,,
31756797,0050000,BARREN COUNTY SHERIFF DEPT.,Accepted,BARREN,,,BRADSHAW,RD,,,,,,,,36.78394868,-86.01681522,0.168,6/6/2023,28,1,1,0,0,CLEAR,DRY,FALSE,COLLISION WITH FIXED OBJECT NON - INTERSECTION - FIRST EVENT COLLISION 09 - 32 EXCLUDING 16,SINGLE VEHICLE,CURVE & LEVEL,DARK-HWY NOT LIGHTED,,,45089.69071,FALSE,185,Accepted,5,5,O,,OVERCORRECTING/OVERSTEERING,
31756803,0050000,BARREN COUNTY SHERIFF DEPT.,Accepted,BARREN,KY0070,1305,HISEVILLE,RD,,,,,,,,37.10890307,-85.84778447,13.128,6/5/2023,1039,2,2,0,0,CLEAR,DRY,FALSE,SIDESWIPE COLLISION - SAME DIRECTION,SIDESWIPE-SAME DIRECTION,STRAIGHT & LEVEL,DAYLIGHT,,,45089.69081,FALSE,177,Accepted,5,5,O,,IMPROPER PASSING,
31756804,0050000,BARREN COUNTY SHERIFF DEPT.,Accepted,BARREN,LN9008,,LN9008 W,,,,,,,,,36.99041835,-85.88726453,14.655,6/8/2023,1200,2,2,0,0,CLEAR,DRY,FALSE,SIDESWIPE COLLISION - SAME DIRECTION,SIDESWIPE-SAME DIRECTION,STRAIGHT & LEVEL,DAYLIGHT,,,45089.69088,FALSE,146,Accepted,5,5,O,,,