IncidentID,AgencyORI,AgencyName,IncidentStatusDesc,County,RdwyNumber,Street,RoadwayName,StreetSfx,StreetDir,IntersectionRdwy,IntersectionRdwyName,BetweenStRdwy1,BetweenStRdwyName1,BetweenStRdwy2,BetweenStRdwyName2,Latitude,Longitude,Milepoint,CollisionDate,CollisionTime,UnitsInvolved,MotorVehiclesInvolved,NumberKilled,NumberInjured,Weather,RdwyConditionCode,HitandRun,DirAnalysisCode,MannerofCollision,RdwyCharacter,LightCondition,RampFromRdwyId,RampToRdwyId,AcceptedDate,IsSecondaryCollision,OwnerBadge,IncidentStatus,InjurySeverityCde,KABCO_Code,KABCO,Environmental_Factors,Human_Factors,Vehicular_Factors
31756808,0050000,BARREN COUNTY SHERIFF DEPT.,Accepted,BARREN,,,A L SHIRLEY,RD,,,,,,,,37.02144114,-85.78999732,0.282,6/10/2023,945,2,2,0,0,CLEAR,DRY,FALSE,SIDESWIPE COLLISION - OPPOSITE DIRECTION,SIDESWIPE-OPPOSITE DIRECTION,CURVE & LEVEL,DAYLIGHT,,,45089.69098,FALSE,146,Accepted,5,5,O,,MISJUDGE CLEARANCE,
31756812,0050000,BARREN COUNTY SHERIFF DEPT.,Accepted,BARREN,LN9008,,LN9008 E,,,,,,,,,36.99557607,-85.98934496,8.164,6/9/2023,1502,2,2,0,0,CLEAR,DRY,FALSE,REAR END IN TRAFFIC LANES BOTH VEHICLES MOVING,REAR END,STRAIGHT & LEVEL,DAYLIGHT,,,45089.69115,FALSE,181,Accepted,5,5,O,CONSTRUCTION WORK ZONE,"FOLLOWING TOO CLOSE, NOT UNDER PROPER CONTROL",
31756816,0050000,BARREN COUNTY SHERIFF DEPT.,Accepted,BARREN,KY2131,,CORAL HILL HALFWAY,RD,,,,,,,,37.05676842,-85.83098922,1.199,6/12/2023,1045,1,1,0,0,CLOUDY,DRY,FALSE,COLLISION WITH ANIMAL NON INTERSECTION,SINGLE VEHICLE,STRAIGHT & HILLCREST,DAYLIGHT,,,45089.69137,FALSE,146,Accepted,5,5,O,ANIMALS ACTION,,
31759753,0050100,GLASGOW POLICE DEPARTMENT,Accepted,BARREN,,,CHERRY,ST,W,,,,,,,37.00812397,-85.92139662,0.069,6/8/2023,1548,2,2,0,0,CLEAR,DRY,FALSE,OTHER ROADWAY OR MID-BLOCK COLLISION,REAR END,STRAIGHT & GRADE,DAYLIGHT,,,45090.39847,FALSE,32,Accepted,5,5,O,,INATTENTION,
31760492,KSP0300,"KY STATE POLICE, POST 03",Accepted,BARREN,KY0063,,TOMPKINSVILLE,RD,,,,,,,,36.96418467,-85.88994005,11.995,6/5/2023,1207,2,2,0,3,CLEAR,DRY,FALSE,HEAD-ON COLLISION,HEAD ON,CURVE & GRADE,DAYLIGHT,,,45090.5106,FALSE,248,Accepted,5,3,B,VIEW OBSTRUCTED/LIMITED DUE TO RDWY,FAILED TO KEEP PROPER LANE,
31760985,0050100,GLASGOW POLICE DEPARTMENT,Accepted,BARREN,US0031E,,L ROGERS WELLS,BLVD,S,,CAVALRY,,,,,36.9847777,-85.93161757,12.98,6/4/2023,1936,2,2,0,1,CLEAR,DRY,FALSE,OPPOSING LEFT TURN,OPPOSING LEFT TURN,STRAIGHT & LEVEL,DAYLIGHT,,,45090.59988,FALSE,2298,Accepted,5,2,A,,INATTENTION,
31760986,0050100,GLASGOW POLICE DEPARTMENT,Accepted,BARREN,US0031E,,L ROGERS WELLS,BLVD,N,,HAPPY VALLEY,,,,,37.00957678,-85.92143572,14.848,6/8/2023,2123,2,2,0,0,CLEAR,DRY,FALSE,OTHER INTERSECTION COLLISIONS,REAR END,STRAIGHT & LEVEL,DARK-HWY LIGHTED/ON,,,45090.60036,FALSE,30,Accepted,5,5,O,,"DISTRACTION, INATTENTION",
31760991,0050100,GLASGOW POLICE DEPARTMENT,Accepted,BARREN,KY0090,,HAPPY VALLEY,RD,,,,,MAX WAGNER,US0068,VETERANS OUTER,37.02324373,-85.93486942,8.688,6/5/2023,1716,3,3,0,0,CLEAR,DRY,FALSE,REAR END IN TRAFFIC LANES BOTH VEHICLES MOVING,REAR END,STRAIGHT & LEVEL,DAYLIGHT,,,45090.60069,FALSE,2298,Accepted,5,5,O,,INATTENTION,
31764611,0050100,GLASGOW POLICE DEPARTMENT,Accepted,BARREN,US0068X,,MAIN,ST,W,,,,SHANE,US0031E,L ROGERS WELLS,37.00331062,-85.92850564,1.543,6/9/2023,1328,2,2,0,0,CLEAR,DRY,FALSE,SIDESWIPE COLLISION - SAME DIRECTION,SIDESWIPE-SAME DIRECTION,STRAIGHT & GRADE,DAYLIGHT,,,45091.34256,FALSE,2225,Accepted,5,5,O,,INATTENTION,
31765436,0050000,BARREN COUNTY SHERIFF DEPT.,Accepted,BARREN,KY0249,,ROSEVILLE,RD,,,,,,,,36.93040566,-85.91949036,11.851,6/12/2023,945,1,1,0,1,CLEAR,DRY,FALSE,COLLISION WITH FIXED OBJECT NON - INTERSECTION - FIRST EVENT COLLISION 09 - 32 EXCLUDING 16,SINGLE VEHICLE,CURVE & GRADE,DAYLIGHT,,,45091.46415,FALSE,181,Accepted,5,3,B,,"NOT UNDER PROPER CONTROL, OVERCORRECTING/OVERSTEERING",
31765470,0050000,BARREN COUNTY SHERIFF DEPT.,Accepted,BARREN,,,GOODNIGHT HISEVILLE,RD,,,,,,,,37.08592663,-85.84595957,2.147,6/11/2023,1356,1,1,0,0,RAINING,WATER (STANDING OR MOVING),FALSE,RAN OFF ROADWAY (1 VEHICLE WITH/EARTH EMBANKMENT/DITCH),SINGLE VEHICLE,CURVE & LEVEL,DAYLIGHT,,,45091.46446,FALSE,181,Accepted,5,5,O,WATER POOLING,,
31765478,0050000,BARREN COUNTY SHERIFF DEPT.,Accepted,BARREN,KY2189,,PARK CITY GLASGOW,RD,,,,,,,,37.06265521,-86.01727302,3.796,6/13/2023,1508,2,1,0,0,CLEAR,DRY,FALSE,COLLISION WITH TRAIN,SINGLE VEHICLE,STRAIGHT & LEVEL,DAYLIGHT,,,45091.46575,FALSE,170,Accepted,5,5,O,,DISTRACTION,
31765806,0050100,GLASGOW POLICE DEPARTMENT,Accepted,BARREN,KY0090,,HAPPY VALLEY,RD,,,REYNOLDS,,,,,37.01510231,-85.92769879,9.395,6/7/2023,1705,2,2,0,0,CLEAR,WET,FALSE,ANGLE COLLISION - OTHER,ANGLE,STRAIGHT & LEVEL,DAYLIGHT,,,45091.53108,FALSE,2293,Accepted,5,5,O,,"INATTENTION, NOT UNDER PROPER CONTROL",
31765821,0050200,CAVE CITY POLICE DEPARTMENT,Accepted,BARREN,US0031W,,DIXIE,HWY,S,,,,,,,37.13362637,-85.95853341,7.203,5/13/2023,1155,1,1,0,0,CLOUDY,DRY,FALSE,COLLISION WITH FIXED OBJECT NON - INTERSECTION - FIRST EVENT COLLISION 09 - 32 EXCLUDING 16,SINGLE VEHICLE,CURVE & LEVEL,DAYLIGHT,,,45091.53364,FALSE,608,Accepted,5,5,O,,DISTRACTION,
31765822,0050200,CAVE CITY POLICE DEPARTMENT,Accepted,BARREN,KY2195,2227,OLD LEXINGTON,RD,,,,,,,,37.13727848,-85.89903407,2.847,4/21/2023,951,1,1,0,0,CLEAR,DRY,FALSE,RAN OFF ROADWAY (1 VEHICLE WITH/EARTH EMBANKMENT/DITCH),SINGLE VEHICLE,CURVE & LEVEL,DAYLIGHT,,,45091.53377,FALSE,608,Accepted,5,5,O,OTHER,OTHER,
31765827,0050200,CAVE CITY POLICE DEPARTMENT,Accepted,BARREN,KY0090,,HAPPY VALLEY,RD,,,,,,,,37.1145597,-85.96406914,1.79,5/26/2023,2145,3,3,0,0,CLEAR,DRY,TRUE,SIDESWIPE COLLISION - OPPOSITE DIRECTION,SIDESWIPE-OPPOSITE DIRECTION,STRAIGHT & LEVEL,DARK-HWY NOT LIGHTED,,,45091.5342,FALSE,610,Accepted,5,5,O,DEBRIS IN ROADWAY,OVERCORRECTING/OVERSTEERING,
31765838,0050200,CAVE CITY POLICE DEPARTMENT,Accepted,BARREN,US0031W,907,DIXIE,HWY,S,KY0090,HAPPY VALLEY,,,,,37.12809043,-85.96303651,6.768,5/25/2023,1106,2,2,0,0,CLEAR,DRY,FALSE,COLLISION WITH FIXED OBJECT IN INTERSECTION - FIRST EVENT COLLISION 09 - 32,ANGLE,STRAIGHT & LEVEL,DAYLIGHT,,,45091.53473,FALSE,608,Accepted,5,5,O,VIEW OBSTRUCTED/LIMITED DUE TO RDWY,FAILED TO YIELD RIGHT OF WAY,
31765851,0050200,CAVE CITY POLICE DEPARTMENT,Accepted,BARREN,US0031W,,DIXIE,HWY,S,,,,,,,37.13198518,-85.95972248,7.078,5/30/2023,1030,2,2,0,0,CLEAR,DRY,FALSE,REAR END IN TRAFFIC LANES BOTH VEHICLES MOVING,REAR END,STRAIGHT & LEVEL,DAYLIGHT,,,45091.53524,FALSE,602,Accepted,5,5,O,,INATTENTION,
31771243,0050100,GLASGOW POLICE DEPARTMENT,Accepted,BARREN,,,COMMERCE,DR,,,REYNOLDS,,,,,37.01455571,-85.92909065,0.109,5/30/2023,1640,1,1,0,0,CLEAR,DRY,FALSE,NON-COLLISION OBJECT COLLISION,SINGLE VEHICLE,STRAIGHT & LEVEL,DAYLIGHT,,,45092.54364,FALSE,2225,Accepted,5,5,O,,,
31771245,0050100,GLASGOW POLICE DEPARTMENT,Accepted,BARREN,,,GREEN,ST,N,,FRONT,,,,,36.99760331,-85.9107815,0.128,6/5/2023,1807,2,2,0,1,CLEAR,DRY,FALSE,ANGLE COLLISION - OTHER,ANGLE,STRAIGHT & LEVEL,DAYLIGHT,,,45092.54381,FALSE,2225,Accepted,5,4,C,,INATTENTION,
31774650,0050100,GLASGOW POLICE DEPARTMENT,Accepted,BARREN,,,LOVERS,LN,,,,KY1297,OLD BOWLING GREEN,,LAUDERDALE,36.98716121,-85.94143974,0.129,6/16/2023,126,1,1,0,0,CLEAR,DRY,FALSE,OTHER ROADWAY OR MID-BLOCK COLLISION,SINGLE VEHICLE,STRAIGHT & LEVEL,DARK-HWY LIGHTED/ON,,,45093.29724,FALSE,2297,Accepted,5,5,O,ANIMALS ACTION,INATTENTION,
31774714,0050100,GLASGOW POLICE DEPARTMENT,Accepted,BARREN,,,FORK,RD,S,US0031E,SCOTTSVILLE,,,,,36.97218349,-85.94118142,0.026,6/9/2023,1344,2,2,0,0,CLEAR,DRY,FALSE,VEHICLE BACKING IN INTERSECTION,BACKING,STRAIGHT & HILLCREST,DAYLIGHT,,,45093.31204,FALSE,2220,Accepted,5,5,O,,INATTENTION,
31774718,0050100,GLASGOW POLICE DEPARTMENT,Accepted,BARREN,US0031E,,L ROGERS WELLS,BLVD,S,,,,COMMERCIAL AVE CONN,,COMMERCIAL,36.99884418,-85.92804816,13.98,6/15/2023,1613,2,2,0,0,CLEAR,DRY,FALSE,1 VEHICLE ENTERING/LEAVING ENTRANCE,ANGLE,STRAIGHT & LEVEL,DAYLIGHT,,,45093.31212,FALSE,2220,Accepted,5,5,O,,FAILED TO YIELD RIGHT OF WAY,
31775498,0050000,BARREN COUNTY SHERIFF DEPT.,Accepted,BARREN,US0031E,,SCOTTSVILLE,RD,,,,,,,,36.85629513,-86.0508335,1.456,6/11/2023,1650,3,3,0,0,CLOUDY,DRY,FALSE,REAR END IN TRAFFIC LANES BOTH VEHICLES MOVING,REAR END,STRAIGHT & GRADE,DAYLIGHT,,,45093.45231,FALSE,174,Accepted,5,5,O,,INATTENTION,
31775499,0050000,BARREN COUNTY SHERIFF DEPT.,Accepted,BARREN,KY1330,,KINO,RD,,,,,,,,36.9315727,-85.81416118,0.01,6/14/2023,1848,2,2,0,0,CLEAR,DRY,FALSE,REAR END IN TRAFFIC LANES BOTH VEHICLES MOVING,REAR END,STRAIGHT & LEVEL,DAYLIGHT,,,45093.45242,FALSE,174,Accepted,5,5,O,GLARE (SUN),INATTENTION,
31775500,0050000,BARREN COUNTY SHERIFF DEPT.,Accepted,BARREN,KY2189,5294,PARK CITY GLASGOW,RD,,,,,,,,37.08720198,-86.0230064,5.613,6/8/2023,420,2,2,0,2,FOG,DRY,FALSE,SIDESWIPE COLLISION - OPPOSITE DIRECTION,SIDESWIPE-OPPOSITE DIRECTION,STRAIGHT & LEVEL,DARK-HWY NOT LIGHTED,,,45093.45251,FALSE,185,Accepted,3,3,B,"VIEW OBSTRUCTED, LIMITED DUE TO WEATHER CONDITIONS",,
31777794,0050100,GLASGOW POLICE DEPARTMENT,Accepted,BARREN,LN9008,,LN9008 W,,,,,,,,,36.99065043,-85.96336529,9.673,6/14/2023,2149,1,1,0,0,CLEAR,DRY,FALSE,OTHER ROADWAY OR MID-BLOCK COLLISION,SINGLE VEHICLE,STRAIGHT & LEVEL,DARK-HWY LIGHTED/OFF,,,45093.99994,FALSE,2289,Accepted,5,5,O,CONSTRUCTION WORK ZONE,INATTENTION,
31781746,0050100,GLASGOW POLICE DEPARTMENT,Accepted,BARREN,US0031E,,SCOTTSVILLE,RD,,,,LN9008,LN9008 W EXIT11 ON RAMP FROM US31E S,,TROJAN,36.97947255,-85.93345513,12.577,6/14/2023,851,2,2,0,0,CLEAR,DRY,FALSE,1 VEHICLE ENTERING/LEAVING ENTRANCE,ANGLE,STRAIGHT & LEVEL,DAYLIGHT,,,45095.47877,FALSE,2300,Accepted,5,5,O,,,MIRRORS
31781747,0050100,GLASGOW POLICE DEPARTMENT,Accepted,BARREN,US0068,,VETERANS OUTER,LOOP,,,,,SOFTBALL,KY0090,HAPPY VALLEY,37.02699449,-85.93171719,11.606,6/14/2023,1109,2,2,0,0,CLEAR,DRY,TRUE,SIDESWIPE COLLISION - SAME DIRECTION,SIDESWIPE-SAME DIRECTION,STRAIGHT & LEVEL,DAYLIGHT,,,45095.47882,FALSE,2300,Accepted,5,5,O,,FAILED TO KEEP PROPER LANE,
31781752,0050100,GLASGOW POLICE DEPARTMENT,Accepted,BARREN,,,QUAIL RIDGE,CIR,,,,,BOB WHITE,,BOB WHITE,36.9901258,-85.95113359,0.154,6/14/2023,1108,2,2,0,0,CLEAR,DRY,FALSE,VEHICLE BACKING NON INTERSECTION,BACKING,STRAIGHT & LEVEL,DAYLIGHT,,,45095.47899,FALSE,32,Accepted,5,5,O,,IMPROPER BACKING,
31790502,KSP0300,"KY STATE POLICE, POST 03",Accepted,BARREN,KY0070,,HISEVILLE,RD,,,,,,,,37.07392578,-85.76604933,18.86,6/19/2023,2109,2,2,0,0,RAINING,WET,FALSE,COLLISION WITH ANIMAL NON INTERSECTION,HEAD ON,STRAIGHT & LEVEL,DARK-HWY NOT LIGHTED,,,45097.41598,FALSE,367,Accepted,5,5,O,ANIMALS ACTION,,
31793203,0050100,GLASGOW POLICE DEPARTMENT,Accepted,BARREN,US0031E,,L ROGERS WELLS,BLVD,N,,,,SMITH,,SHANE,37.00584128,-85.92450298,14.439,6/19/2023,2144,2,2,0,0,RAINING,WET,FALSE,1 VEHICLE ENTERING/LEAVING ENTRANCE,ANGLE,STRAIGHT & LEVEL,DARK-HWY LIGHTED/ON,,,45097.82502,FALSE,2275,Accepted,5,5,O,,ALCOHOL INVOLVEMENT,
31795840,0050000,BARREN COUNTY SHERIFF DEPT.,Accepted,BARREN,KY0249,,ROSEVILLE,RD,,,,,,,,36.86856622,-85.92444678,7.363,6/12/2023,1541,2,2,0,1,CLEAR,DRY,FALSE,SIDESWIPE COLLISION - OPPOSITE DIRECTION,SIDESWIPE-OPPOSITE DIRECTION,STRAIGHT & LEVEL,DAYLIGHT,,,45098.47962,FALSE,181,Accepted,3,3,B,,FAILED TO KEEP PROPER LANE,
31795844,0050000,BARREN COUNTY SHERIFF DEPT.,Accepted,BARREN,KY3600,,GLASGOW OUTER LOOP,,,,,,,,,36.99505121,-85.97865563,0.588,6/13/2023,604,1,1,0,0,FOG,DRY,FALSE,COLLISION WITH FIXED OBJECT NON - INTERSECTION - FIRST EVENT COLLISION 09 - 32 EXCLUDING 16,SINGLE VEHICLE,STRAIGHT & LEVEL,DAYLIGHT,,,45098.47975,FALSE,181,Accepted,5,5,O,"VIEW OBSTRUCTED, LIMITED DUE TO WEATHER CONDITIONS",,
31795856,0050000,BARREN COUNTY SHERIFF DEPT.,Accepted,BARREN,US0068,,EDMONTON,RD,,,SLICK ROCK,,,,,37.0170442,-85.80064491,20.138,6/16/2023,1540,2,2,0,0,CLEAR,DRY,FALSE,SIDESWIPE-SAME DIRECTION,SIDESWIPE-SAME DIRECTION,STRAIGHT & GRADE,DAYLIGHT,,,45098.48027,FALSE,183,Accepted,5,5,O,,"FAILED TO KEEP PROPER LANE, IMPROPER PASSING, MISJUDGE CLEARANCE",
31795861,0050000,BARREN COUNTY SHERIFF DEPT.,Accepted,BARREN,KY0252,,FINNEY,RD,,,,,,,,36.90843502,-86.11413381,1.179,6/17/2023,1515,2,2,0,0,CLEAR,DRY,FALSE,REAR END IN TRAFFIC LANES BOTH VEHICLES MOVING,REAR END,STRAIGHT & LEVEL,DAYLIGHT,,,45098.48058,FALSE,181,Accepted,5,5,O,,DISTRACTION,
31795865,0050000,BARREN COUNTY SHERIFF DEPT.,Accepted,BARREN,KY0087,,AUSTIN TRACY,RD,,,,,,,,36.84243817,-86.04286225,11.144,6/12/2023,1733,2,2,0,1,CLEAR,DRY,FALSE,REAR END IN TRAFFIC LANES BOTH VEHICLES MOVING,REAR END,STRAIGHT & LEVEL,DAYLIGHT,,,45098.48087,FALSE,163,Accepted,5,4,C,,IMPROPER PASSING,
31795871,0050000,BARREN COUNTY SHERIFF DEPT.,Accepted,BARREN,,306,COLESBEND,RD,,,,KY1297,OLD BOWLING GREEN,,LITTRELL,36.97868955,-86.12208092,0.243,6/9/2023,2002,1,1,1,0,CLEAR,DRY,FALSE,RAN OFF ROADWAY (1 VEHICLE WITH/EARTH EMBANKMENT/DITCH),SINGLE VEHICLE,CURVE & LEVEL,DAYLIGHT,,,45098.48104,FALSE,180,Accepted,5,1,K,,"ALCOHOL INVOLVEMENT, NOT UNDER PROPER CONTROL, OVERCORRECTING/OVERSTEERING",
31795877,0050000,BARREN COUNTY SHERIFF DEPT.,Accepted,BARREN,US0068,,NEW BOWLING GREEN,RD,,,,,MILLSTOWN,,RICK,37.02601016,-86.08599157,2.437,6/19/2023,2104,1,1,0,0,RAINING,WET,FALSE,COLLISION WITH FIXED OBJECT NON - INTERSECTION - FIRST EVENT COLLISION 09 - 32 EXCLUDING 16,SINGLE VEHICLE,CURVE & HILLCREST,DARK-HWY NOT LIGHTED,,,45098.48121,FALSE,180,Accepted,5,5,O,SLIPPERY SURFACE,,
31795881,0050000,BARREN COUNTY SHERIFF DEPT.,Accepted,BARREN,LN9008,,LN9008 W,,,,,,,,,36.99590559,-85.75043079,22.317,6/19/2023,1458,1,1,0,0,RAINING,WET,FALSE,RAN OFF ROADWAY (1 VEHICLE WITH/EARTH EMBANKMENT/DITCH),SINGLE VEHICLE,STRAIGHT & LEVEL,DAYLIGHT,,,45098.48136,FALSE,181,Accepted,5,5,O,WATER POOLING,,
31795883,0050000,BARREN COUNTY SHERIFF DEPT.,Accepted,BARREN,,,BLAKEMAN,ST,,,BARDSTOWN,,,,,37.09864883,-86.04123052,0.218,6/14/2023,924,2,2,0,0,CLEAR,DRY,FALSE,COLLISION WITH PARKED VEHICLE,SIDESWIPE-SAME DIRECTION,STRAIGHT & LEVEL,DAYLIGHT,,,45098.48149,FALSE,177,Accepted,5,5,O,MAINTENANCE/UTILITY WORK ZONE,"FAILED TO KEEP PROPER LANE, MISJUDGE CLEARANCE",
31795886,0050000,BARREN COUNTY SHERIFF DEPT.,Accepted,BARREN,,,MILLSTOWN,RD,,,,,,,,37.02762308,-86.09609905,0.274,6/19/2023,1729,2,2,0,1,CLOUDY,WET,FALSE,1 VEHICLE ENTERING/LEAVING ENTRANCE,ANGLE,STRAIGHT & LEVEL,DAYLIGHT,,,45098.48187,FALSE,184,Accepted,5,3,B,,INATTENTION,
31796078,0050000,BARREN COUNTY SHERIFF DEPT.,Accepted,BARREN,,,OLD MUNFORDVILLE,RD,,,,,COMPTON,,PEWITT,37.08811977,-85.90281944,2.958,6/6/2023,1340,2,1,0,0,CLEAR,DRY,TRUE,SIDESWIPE COLLISION - OPPOSITE DIRECTION,SIDESWIPE-OPPOSITE DIRECTION,STRAIGHT & LEVEL,DAYLIGHT,,,45098.47982,FALSE,183,Accepted,5,5,O,,OTHER,
31797718,0050100,GLASGOW POLICE DEPARTMENT,Accepted,BARREN,KY0090,,HAPPY VALLEY,RD,,,BEAVER,,,,,37.02654891,-85.93799517,8.419,6/19/2023,723,4,4,0,1,CLOUDY,WET,FALSE,OTHER INTERSECTION COLLISIONS,REAR END,STRAIGHT & LEVEL,DAYLIGHT,,,45098.83366,TRUE,2300,Accepted,5,4,C,,"INATTENTION, NOT UNDER PROPER CONTROL",
31797719,0050100,GLASGOW POLICE DEPARTMENT,Accepted,BARREN,US0031E,,L ROGERS WELLS,BLVD,S,US0068X,MAIN,,,,,37.00205974,-85.92639001,14.257,6/19/2023,1600,2,2,0,0,RAINING,WET,FALSE,OTHER INTERSECTION COLLISIONS,REAR END,STRAIGHT & LEVEL,DAYLIGHT,,,45098.83373,FALSE,2300,Accepted,5,5,O,,OTHER,
31797736,0050100,GLASGOW POLICE DEPARTMENT,Accepted,BARREN,KY0090,,BURKESVILLE,RD,,,,LN9008,LN9008 W EXIT14 OFF RAMP TO KY90 W,,LENNA,36.98418428,-85.89531707,11.1,6/20/2023,724,2,2,0,0,CLEAR,WET,FALSE,1 VEHICLE ENTERING/LEAVING ENTRANCE,ANGLE,STRAIGHT & LEVEL,DAYLIGHT,,,45098.8391,FALSE,2268,Accepted,5,5,O,,INATTENTION,
31806207,0050100,GLASGOW POLICE DEPARTMENT,Accepted,BARREN,US0068X,,COLUMBIA,AVE,,,,,DAVIS,,EASTVIEW,36.99947272,-85.90317791,3.133,6/19/2023,843,2,2,0,0,CLOUDY,DRY,FALSE,1 VEHICLE ENTERING/LEAVING ENTRANCE,ANGLE,STRAIGHT & GRADE,DAYLIGHT,,,45100.77562,FALSE,32,Accepted,5,5,O,,FOLLOWING TOO CLOSE,
31808463,0050100,GLASGOW POLICE DEPARTMENT,Accepted,BARREN,,402,REYNOLDS,RD,,,,,YMCA,,COMMERCE,37.0132699,-85.93231119,0.418,6/16/2023,1607,2,2,0,0,CLEAR,DRY,FALSE,REAR END IN TRAFFIC LANES BOTH VEHICLES MOVING,REAR END,CURVE & GRADE,DARK-HWY LIGHTED/ON,,,45101.67661,FALSE,2666,Accepted,5,5,O,,"INATTENTION, NOT UNDER PROPER CONTROL",
31808466,0050100,GLASGOW POLICE DEPARTMENT,Accepted,BARREN,US0068X,,MAIN,ST,W,,,,CROSS,US0031E,L ROGERS WELLS,37.00189547,-85.92625457,1.704,6/21/2023,1523,2,2,0,0,CLOUDY,WET,FALSE,SIDESWIPE COLLISION - SAME DIRECTION,SIDESWIPE-SAME DIRECTION,STRAIGHT & LEVEL,DAYLIGHT,,,45101.67667,FALSE,2666,Accepted,5,5,O,,"INATTENTION, TURNING IMPROPERLY",
31811466,0050000,BARREN COUNTY SHERIFF DEPT.,Accepted,BARREN,,25,LAWSON,LN,,,,,,,,37.01606289,-85.79589788,0.03,6/2/2023,1130,2,2,0,0,CLEAR,DRY,FALSE,1 VEHICLE PARKED POSITION (NOT PARKING LOT/DRIVEWAY),BACKING,STRAIGHT & GRADE,DAYLIGHT,,,45102.73496,FALSE,167,Accepted,5,5,O,,INATTENTION,
31811467,0050000,BARREN COUNTY SHERIFF DEPT.,Accepted,BARREN,US0031E,,JACKSON,HWY,N,,,,TICK RIDGE,,WALLACE,37.05057973,-85.89514608,18.365,6/17/2023,1628,2,2,0,0,CLEAR,DRY,FALSE,OTHER COLLISIONS ON SHOULDER,SIDESWIPE-SAME DIRECTION,STRAIGHT & LEVEL,DAYLIGHT,,,45102.73502,FALSE,183,Accepted,5,5,O,,FOLLOWING TOO CLOSE,
31811471,0050000,BARREN COUNTY SHERIFF DEPT.,Accepted,BARREN,,,OIL WELL,RD,,,,,,,,36.93736133,-85.93721506,3.913,6/17/2023,37,1,1,0,0,CLEAR,DRY,FALSE,OTHER COLLISIONS ON SHOULDER,SINGLE VEHICLE,STRAIGHT & LEVEL,DARK-HWY NOT LIGHTED,,,45102.73514,FALSE,173,Accepted,5,5,O,OTHER,ALCOHOL INVOLVEMENT,
31811472,0050000,BARREN COUNTY SHERIFF DEPT.,Accepted,BARREN,,,MATTHEWS MILL,RD,,,,,,,,36.93289635,-85.96773512,1.095,6/21/2023,530,1,1,0,0,CLEAR,DRY,FALSE,COLLISION WITH ANIMAL NON INTERSECTION,SINGLE VEHICLE,STRAIGHT & LEVEL,DARK-HWY NOT LIGHTED,,,45102.73519,FALSE,173,Accepted,5,5,O,ANIMALS ACTION,,
31811475,0050000,BARREN COUNTY SHERIFF DEPT.,Accepted,BARREN,,,COOKTOWN,RD,,,,,,,,36.83325692,-85.95066714,1.878,6/16/2023,1949,1,1,0,1,CLEAR,DRY,FALSE,COLLISION WITH FIXED OBJECT NON - INTERSECTION - FIRST EVENT COLLISION 09 - 32 EXCLUDING 16,SINGLE VEHICLE,CURVE & GRADE,DUSK,,,45102.73526,FALSE,174,Accepted,3,3,B,,NOT UNDER PROPER CONTROL,
31811476,0050000,BARREN COUNTY SHERIFF DEPT.,Accepted,BARREN,US0031E,,SCOTTSVILLE,RD,,,,,,,,36.84473907,-86.07051449,0.088,6/24/2023,515,1,1,0,0,CLEAR,DRY,FALSE,COLLISION WITH ANIMAL NON INTERSECTION,SINGLE VEHICLE,STRAIGHT & LEVEL,DAYLIGHT,,,45102.7353,FALSE,181,Accepted,5,5,O,ANIMALS ACTION,,
31811477,0050000,BARREN COUNTY SHERIFF DEPT.,Accepted,BARREN,,,ROCK CABIN,RD,,KY0070,MAMMOTH CAVE,,,,,37.13427727,-86.04139646,0.31,6/23/2023,1211,2,2,0,0,CLEAR,DRY,FALSE,OPPOSITE DIRECTION - BOTH VEHICLES GOING STRAIGHT AHEAD,SIDESWIPE-OPPOSITE DIRECTION,STRAIGHT & LEVEL,DAYLIGHT,,,45102.73534,FALSE,181,Accepted,5,5,O,,MISJUDGE CLEARANCE,
31811980,0050100,GLASGOW POLICE DEPARTMENT,Accepted,BARREN,,,CHERRY,ST,E,US0031EX,RACE,,,,,37.00168605,-85.90951557,0.001,6/11/2023,1240,2,2,0,0,CLOUDY,DRY,FALSE,ANGLE COLLISION - OTHER,ANGLE,STRAIGHT & LEVEL,DAYLIGHT,,,45102.88505,FALSE,2264,Accepted,5,5,O,,"DISREGARD TRAFFIC CONTROL, INATTENTION",
31813387,0050100,GLASGOW POLICE DEPARTMENT,Accepted,BARREN,US0068X,,MAIN,ST,W,,LIBERTY,,,,,36.99673588,-85.91396803,2.462,6/23/2023,1256,2,2,0,0,CLEAR,DRY,FALSE,ANGLE COLLISION - OTHER,ANGLE,STRAIGHT & HILLCREST,DAYLIGHT,,,45103.34224,FALSE,50,Accepted,5,5,O,,INATTENTION,
31816724,0050100,GLASGOW POLICE DEPARTMENT,Accepted,BARREN,US0031E,,L ROGERS WELLS,BLVD,S,,CAVALRY,,,,,36.98477622,-85.93161535,12.98,6/20/2023,1552,2,2,0,0,CLEAR,DRY,FALSE,OTHER INTERSECTION COLLISIONS,REAR END,STRAIGHT & LEVEL,DAYLIGHT,,,45103.81398,FALSE,2293,Accepted,5,5,O,,INATTENTION,