IncidentID,AgencyORI,AgencyName,IncidentStatusDesc,County,RdwyNumber,Street,RoadwayName,StreetSfx,StreetDir,IntersectionRdwy,IntersectionRdwyName,BetweenStRdwy1,BetweenStRdwyName1,BetweenStRdwy2,BetweenStRdwyName2,Latitude,Longitude,Milepoint,CollisionDate,CollisionTime,UnitsInvolved,MotorVehiclesInvolved,NumberKilled,NumberInjured,Weather,RdwyConditionCode,HitandRun,DirAnalysisCode,MannerofCollision,RdwyCharacter,LightCondition,RampFromRdwyId,RampToRdwyId,AcceptedDate,IsSecondaryCollision,OwnerBadge,IncidentStatus,InjurySeverityCde,KABCO_Code,KABCO,Environmental_Factors,Human_Factors,Vehicular_Factors
31816725,0050100,GLASGOW POLICE DEPARTMENT,Accepted,BARREN,,,TRABUE,ST,,US0068X,MAIN,,,,,36.99779071,-85.91682855,,6/15/2023,1317,2,2,0,0,CLEAR,DRY,FALSE,ANGLE COLLISION - OTHER,ANGLE,STRAIGHT & HILLCREST,DAYLIGHT,,,45103.81402,FALSE,2293,Accepted,5,5,O,,"FAILED TO KEEP PROPER LANE, INATTENTION",
31818229,0050100,GLASGOW POLICE DEPARTMENT,Accepted,BARREN,,,PRITCHARDSVILLE,RD,,,ABERDEEN,,,,,36.97608156,-85.93626998,0.015,6/13/2023,444,2,2,0,2,CLEAR,DRY,FALSE,HEAD-ON COLLISION,HEAD ON,STRAIGHT & LEVEL,DAWN,,,45104.30337,FALSE,2297,Accepted,4,3,B,,INATTENTION,
31818231,0050100,GLASGOW POLICE DEPARTMENT,Accepted,BARREN,US0031E,,SCOTTSVILLE,RD,,KY2207,FORK,,,,,36.97196289,-85.94052587,11.915,6/26/2023,1934,2,2,0,2,CLOUDY,DRY,FALSE,ANGLE COLLISION - OTHER,ANGLE,STRAIGHT & LEVEL,DAYLIGHT,,,45104.30349,FALSE,2297,Accepted,5,4,C,,INATTENTION,
31828564,0050100,GLASGOW POLICE DEPARTMENT,Accepted,BARREN,KY0090,,HAPPY VALLEY,RD,,,,,ENSMINGER,US0031E,L ROGERS WELLS,37.00969896,-85.9216916,9.906,6/27/2023,1123,2,2,0,0,CLEAR,DRY,FALSE,OTHER ROADWAY OR MID-BLOCK COLLISION,REAR END,STRAIGHT & LEVEL,DAYLIGHT,,,45106.33717,FALSE,50,Accepted,5,5,O,,INATTENTION,
31828565,0050100,GLASGOW POLICE DEPARTMENT,Accepted,BARREN,,,BROWN,ST,W,US0031EX,GREEN,,,,,36.99252104,-85.91409835,0.003,6/23/2023,1712,1,1,0,0,CLOUDY,DRY,FALSE,COLLISION WITH FIXED OBJECT IN INTERSECTION - FIRST EVENT COLLISION 09 - 32,SINGLE VEHICLE,STRAIGHT & HILLCREST,DAYLIGHT,,,45106.33727,FALSE,41,Accepted,5,5,O,,,BRAKES DEFECTIVE
31828568,0050100,GLASGOW POLICE DEPARTMENT,Accepted,BARREN,,,FRONT,ST,W,,TRABUE,,,,,36.99957985,-85.91567762,0.38,6/28/2023,1033,2,2,0,0,CLEAR,DRY,FALSE,ANGLE COLLISION - OTHER,ANGLE,STRAIGHT & HILLCREST,DAYLIGHT,,,45106.33739,FALSE,41,Accepted,5,5,O,,INATTENTION,
31832339,0050100,GLASGOW POLICE DEPARTMENT,Accepted,BARREN,,106,FLORAL,DR,,,,,,,,36.9834888,-85.92672131,0.061,6/24/2023,331,1,1,0,0,CLEAR,DRY,FALSE,COLLISION WITH FIXED OBJECT NON - INTERSECTION - FIRST EVENT COLLISION 09 - 32 EXCLUDING 16,SINGLE VEHICLE,STRAIGHT & LEVEL,DARK-HWY LIGHTED/ON,,,45106.94827,FALSE,2289,Accepted,5,5,O,,NOT UNDER PROPER CONTROL,
31833658,0050000,BARREN COUNTY SHERIFF DEPT.,Accepted,BARREN,KY0087,,AUSTIN TRACY,RD,,,,,,,,36.83547805,-86.03360418,10.158,6/24/2023,1438,2,2,0,0,CLEAR,DRY,FALSE,REAR END IN TRAFFIC LANES BOTH VEHICLES MOVING,REAR END,STRAIGHT & LEVEL,DAYLIGHT,,,45107.35007,FALSE,181,Accepted,5,5,O,,INATTENTION,
31833659,0050000,BARREN COUNTY SHERIFF DEPT.,Accepted,BARREN,US0031W,,LOUISVILLE,RD,,,,,,,,37.09093695,-86.06611884,0.129,6/24/2023,527,1,1,0,0,CLEAR,DRY,FALSE,COLLISION WITH ANIMAL NON INTERSECTION,SINGLE VEHICLE,STRAIGHT & LEVEL,DAWN,,,45107.35012,FALSE,185,Accepted,5,5,O,ANIMALS ACTION,,
31833661,0050000,BARREN COUNTY SHERIFF DEPT.,Accepted,BARREN,,,PARRISH,RD,,,,,,,,37.09571351,-85.86617111,0.663,6/26/2023,521,1,1,0,0,CLEAR,WATER (STANDING OR MOVING),FALSE,RAN OFF ROADWAY (1 VEHICLE WITH/EARTH EMBANKMENT/DITCH),SINGLE VEHICLE,STRAIGHT & GRADE,DAWN,,,45107.35017,FALSE,170,Accepted,5,5,O,WATER POOLING,,
31833662,0050000,BARREN COUNTY SHERIFF DEPT.,Accepted,BARREN,,,BEAVER CREEK BOAT RAMP,RD,,,,,,,,36.92866878,-86.02946996,0.004,6/26/2023,949,1,1,0,0,CLEAR,DRY,FALSE,RAN OFF ROADWAY (1 VEHICLE WITH/EARTH EMBANKMENT/DITCH),SINGLE VEHICLE,STRAIGHT & GRADE,DAYLIGHT,,,45107.35021,FALSE,170,Accepted,5,5,O,,,OTHER
31833666,0050000,BARREN COUNTY SHERIFF DEPT.,Accepted,BARREN,,,SILOAM,RD,,KY0063,TOMPKINSVILLE,,,,,36.9549221,-85.88527942,0.009,6/29/2023,1117,2,2,0,0,RAINING,WET,FALSE,HEAD-ON COLLISION,HEAD ON,STRAIGHT & GRADE,DAYLIGHT,,,45107.3503,FALSE,170,Accepted,5,5,O,SLIPPERY SURFACE,TOO FAST FOR CONDITIONS,
31833667,0050000,BARREN COUNTY SHERIFF DEPT.,Accepted,BARREN,US0031E,,SCOTTSVILLE,RD,,,TOBE RUN,,,,,36.859229,-86.04662608,1.77,6/28/2023,2201,1,1,0,0,CLEAR,DRY,FALSE,COLLISION WITH ANIMAL IN INTERSECTION,SINGLE VEHICLE,STRAIGHT & LEVEL,DARK-HWY NOT LIGHTED,,,45107.35036,FALSE,173,Accepted,5,5,O,ANIMALS ACTION,,
31833669,0050000,BARREN COUNTY SHERIFF DEPT.,Accepted,BARREN,LN9008,,LN9008 E,,,,,LN9008,LN9008 TURN AROUND0,I 0065,I65 N EXIT43 RAMP TO LN9008 E,37.05320794,-86.10245237,0.668,6/29/2023,2218,1,1,0,0,CLEAR,WET,FALSE,COLLISION WITH ANIMAL NON INTERSECTION,SINGLE VEHICLE,STRAIGHT & LEVEL,DARK-HWY LIGHTED/ON,,,45107.35044,FALSE,180,Accepted,5,5,O,ANIMALS ACTION,,
31833748,0050100,GLASGOW POLICE DEPARTMENT,Accepted,BARREN,,,SHORTHORN,ST,,,HEREFORD,,,,,37.01710138,-85.89188226,0.067,6/29/2023,1706,2,2,0,0,RAINING,WET,FALSE,ANGLE COLLISION - OTHER,ANGLE,STRAIGHT & GRADE,DAYLIGHT,,,45107.36643,FALSE,2249,Accepted,5,5,O,,"DISREGARD TRAFFIC CONTROL, FAILED TO YIELD RIGHT OF WAY",
31836297,0050100,GLASGOW POLICE DEPARTMENT,Accepted,BARREN,US0031EX,,PUBLIC,SQ,W,US0031EX,US31E BUS TURN LANE,,,,,36.99588328,-85.91311925,1.485,6/26/2023,1345,2,2,0,0,CLEAR,DRY,FALSE,SIDESWIPE-SAME DIRECTION,SIDESWIPE-SAME DIRECTION,STRAIGHT & GRADE,DAYLIGHT,,,45107.85217,FALSE,2264,Accepted,5,5,O,,INATTENTION,
31838654,0050100,GLASGOW POLICE DEPARTMENT,Accepted,BARREN,US0031E,,L ROGERS WELLS,BLVD,N,,SMITH,,,,,37.00583311,-85.92448937,14.44,6/22/2023,1506,2,2,0,0,CLEAR,DRY,FALSE,ANGLE COLLISION - OTHER,ANGLE,STRAIGHT & LEVEL,DAYLIGHT,,,45108.73206,FALSE,32,Accepted,5,5,O,,"INATTENTION, TURNING IMPROPERLY",
31838656,0050100,GLASGOW POLICE DEPARTMENT,Accepted,BARREN,US0068X,,MAIN,ST,W,,REYNOLDS,,,,,37.00848961,-85.93675245,0.955,6/22/2023,1544,2,2,0,0,CLEAR,DRY,FALSE,OPPOSING LEFT TURN,OPPOSING LEFT TURN,STRAIGHT & LEVEL,DAYLIGHT,,,45108.73212,FALSE,32,Accepted,5,5,O,,DISREGARD TRAFFIC CONTROL,
31843514,0050100,GLASGOW POLICE DEPARTMENT,Accepted,BARREN,US0068,,VETERANS OUTER,LOOP,,,,,BEAVER,,OLD MUNFORDVILLE RD CONN,37.03109536,-85.92216441,12.244,6/23/2023,2125,1,1,0,0,FOG,DRY,FALSE,COLLISION WITH ANIMAL NON INTERSECTION,SINGLE VEHICLE,CURVE & LEVEL,DARK-HWY LIGHTED/OFF,,,45110.38868,FALSE,2273,Accepted,5,5,O,,,
31848082,0050200,CAVE CITY POLICE DEPARTMENT,Accepted,BARREN,US0031W,,DIXIE,HWY,N,,,,,,,37.14310513,-85.94753413,8.069,6/12/2023,1147,2,2,0,1,CLEAR,DRY,FALSE,1 VEHICLE ENTERING/LEAVING ENTRANCE,ANGLE,STRAIGHT & LEVEL,DAYLIGHT,,,45111.47474,FALSE,601,Accepted,5,4,C,,"FAILED TO YIELD RIGHT OF WAY, INATTENTION",
31852157,0050200,CAVE CITY POLICE DEPARTMENT,Accepted,BARREN,,,GRINSTEAD MILL,RD,,,,,,,,37.13902925,-85.95978025,0.002,6/9/2023,1509,1,1,0,0,CLEAR,DRY,FALSE,OTHER ROADWAY OR MID-BLOCK COLLISION,SINGLE VEHICLE,STRAIGHT & HILLCREST,DAYLIGHT,,,45112.45271,FALSE,608,Accepted,5,5,O,,,TOW HITCH DEFECTIVE/UNIT SEPARATION
31852527,0050000,BARREN COUNTY SHERIFF DEPT.,Accepted,BARREN,KY0249,,ROSEVILLE,RD,,,,,,,,36.9556775,-85.91608504,13.665,6/20/2023,2114,1,1,0,0,CLEAR,WET,FALSE,COLLISION WITH FIXED OBJECT NON - INTERSECTION - FIRST EVENT COLLISION 09 - 32 EXCLUDING 16,SINGLE VEHICLE,STRAIGHT & LEVEL,DARK-HWY NOT LIGHTED,,,45112.48534,FALSE,182,Accepted,5,5,O,SLIPPERY SURFACE,ALCOHOL INVOLVEMENT,
31852528,0050000,BARREN COUNTY SHERIFF DEPT.,Accepted,BARREN,KY1330,,KINO,RD,,,GEORGE WELLS,,,,,36.94207671,-85.798147,1.348,6/16/2023,1628,1,1,0,0,CLEAR,DRY,FALSE,COLLISION WITH FIXED OBJECT IN INTERSECTION - FIRST EVENT COLLISION 09 - 32,SINGLE VEHICLE,STRAIGHT & HILLCREST,DAYLIGHT,,,45112.48565,FALSE,163,Accepted,5,5,O,VIEW OBSTRUCTED/LIMITED DUE TO RDWY,,
31852531,0050000,BARREN COUNTY SHERIFF DEPT.,Accepted,BARREN,US0031E,,JACKSON,HWY,N,,,,,,,37.05072656,-85.89515947,18.374,6/24/2023,1633,2,2,0,0,CLEAR,DRY,FALSE,REAR END IN TRAFFIC LANES BOTH VEHICLES MOVING,REAR END,CURVE & GRADE,DAYLIGHT,,,45112.48595,FALSE,174,Accepted,5,5,O,,INATTENTION,
31852532,0050000,BARREN COUNTY SHERIFF DEPT.,Accepted,BARREN,,,MOORE,RD,,,,,,,,36.90460112,-85.76920983,0.265,6/19/2023,1626,1,1,0,0,CLOUDY,DRY,FALSE,COLLISION WITH FIXED OBJECT NON - INTERSECTION - FIRST EVENT COLLISION 09 - 32 EXCLUDING 16,SINGLE VEHICLE,STRAIGHT & HILLCREST,DAYLIGHT,,,45112.48611,FALSE,182,Accepted,5,5,O,,,
31861691,0050100,GLASGOW POLICE DEPARTMENT,Accepted,BARREN,US0068X,,COLUMBIA,AVE,,,EASTVIEW,,,,,36.99933086,-85.90335467,3.119,6/27/2023,1644,2,2,0,1,CLEAR,DRY,FALSE,COLLISION WITH FIXED OBJECT IN INTERSECTION - FIRST EVENT COLLISION 09 - 32,ANGLE,STRAIGHT & GRADE,DAYLIGHT,,,45114.36124,FALSE,2285,Accepted,5,3,B,,DISTRACTION,
31862277,0050000,BARREN COUNTY SHERIFF DEPT.,Accepted,BARREN,US0031E,,SCOTTSVILLE,RD,,,WINDY HILL,,,,,36.94142262,-85.97909818,8.922,6/12/2023,1231,2,2,0,0,CLEAR,DRY,FALSE,ANGLE COLLISION - OTHER,ANGLE,STRAIGHT & LEVEL,DAYLIGHT,,,45114.44211,FALSE,181,Accepted,5,5,O,,"INATTENTION, TURNING IMPROPERLY",
31862279,0050000,BARREN COUNTY SHERIFF DEPT.,Accepted,BARREN,KY0090,,BURKESVILLE,RD,,,,,,,,36.89738271,-85.74393022,21.924,6/30/2023,641,2,2,0,0,CLEAR,DRY,FALSE,REAR END IN TRAFFIC LANES BOTH VEHICLES MOVING,REAR END,STRAIGHT & LEVEL,DAYLIGHT,,,45114.44233,FALSE,181,Accepted,5,5,O,,INATTENTION,
31867018,0050100,GLASGOW POLICE DEPARTMENT,Accepted,BARREN,US0031EX,1216,RACE,ST,N,,,,,,,37.01067155,-85.90300981,2.488,6/26/2023,1302,2,2,0,0,CLEAR,DRY,FALSE,1 VEHICLE PARKED POSITION (NOT PARKING LOT/DRIVEWAY),ANGLE,STRAIGHT & LEVEL,DAYLIGHT,,,45115.82137,FALSE,2293,Accepted,5,5,O,,INATTENTION,
31887657,0050100,GLASGOW POLICE DEPARTMENT,Accepted,BARREN,KY0090,,HAPPY VALLEY,RD,,,,,PIN OAK,,VALLEY VIEW,37.01283702,-85.92588729,9.581,6/30/2023,1159,2,2,0,0,CLEAR,DRY,FALSE,REAR END IN TRAFFIC LANES BOTH VEHICLES MOVING,REAR END,STRAIGHT & LEVEL,DAYLIGHT,,,45120.42846,FALSE,2225,Accepted,5,5,O,,DISTRACTION,
31889763,0050100,GLASGOW POLICE DEPARTMENT,Accepted,BARREN,US0031E,,L ROGERS WELLS,BLVD,N,,,,WALL,,SMITH,37.00730953,-85.92368467,14.586,6/30/2023,1150,2,2,0,0,CLEAR,DRY,TRUE,1 VEHICLE ENTERING/LEAVING ENTRANCE,ANGLE,STRAIGHT & LEVEL,DAYLIGHT,,,45120.74303,FALSE,2264,Accepted,5,5,O,,FAILED TO YIELD RIGHT OF WAY,
31922914,0050000,BARREN COUNTY SHERIFF DEPT.,Accepted,BARREN,US0068,4149,NEW BOWLING GREEN,RD,,,,,,,,37.01789687,-85.98130813,8.438,6/1/2023,1535,2,2,0,0,CLOUDY,WET,FALSE,REAR END IN TRAFFIC LANES BOTH VEHICLES MOVING,REAR END,STRAIGHT & GRADE,DAYLIGHT,,,45128.61322,FALSE,125,Accepted,5,5,O,,,
31922918,0050000,BARREN COUNTY SHERIFF DEPT.,Accepted,BARREN,LN9008,,LN9008 W,,,,,,,,,36.99742551,-85.84397347,17.128,6/15/2023,841,2,2,0,0,CLEAR,DRY,FALSE,REAR END IN TRAFFIC LANES BOTH VEHICLES MOVING,REAR END,STRAIGHT & LEVEL,DAYLIGHT,,,45128.61347,FALSE,125,Accepted,5,5,O,,"CELL PHONE, INATTENTION, MISJUDGE CLEARANCE",
31988265,0050000,BARREN COUNTY SHERIFF DEPT.,Accepted,BARREN,KY1297,,OLD BOWLING GREEN,RD,,,,,,,,36.98724095,-86.01494133,7.636,4/25/2023,2302,1,1,0,1,CLEAR,DRY,FALSE,OTHER COLLISIONS ON SHOULDER,SINGLE VEHICLE,STRAIGHT & GRADE,DARK-HWY NOT LIGHTED,,,45139.63984,FALSE,163,Accepted,5,2,A,,"ALCOHOL INVOLVEMENT, NOT UNDER PROPER CONTROL",
32031605,0050000,BARREN COUNTY SHERIFF DEPT.,Accepted,BARREN,KY1297,4989,OLD BOWLING GREEN,RD,,,,,,,,36.98645762,-85.98500919,9.501,5/27/2023,1116,1,1,0,1,CLEAR,DRY,FALSE,COLLISION WITH FIXED OBJECT NON - INTERSECTION - FIRST EVENT COLLISION 09 - 32 EXCLUDING 16,SINGLE VEHICLE,STRAIGHT & LEVEL,DAYLIGHT,,,45149.37679,FALSE,125,Accepted,5,2,A,,,
32140014,0050200,CAVE CITY POLICE DEPARTMENT,Accepted,BARREN,,,GRINSTEAD MILL,RD,,,,,,,,37.14209883,-85.96216338,0.299,5/28/2023,1330,2,1,0,0,CLEAR,DRY,FALSE,COLLISION WITH FIXED OBJECT NON - INTERSECTION - FIRST EVENT COLLISION 09 - 32 EXCLUDING 16,SIDESWIPE-OPPOSITE DIRECTION,STRAIGHT & LEVEL,DAYLIGHT,,,45174.47645,FALSE,608,Accepted,5,5,O,,MISJUDGE CLEARANCE,
32143651,0050100,GLASGOW POLICE DEPARTMENT,Accepted,BARREN,LN9008,,LN9008 E,,,,,,,,,36.97380356,-85.91020336,12.911,4/25/2023,158,1,1,0,0,CLEAR,DRY,FALSE,COLLISION WITH FIXED OBJECT NON - INTERSECTION - FIRST EVENT COLLISION 09 - 32 EXCLUDING 16,SINGLE VEHICLE,STRAIGHT & LEVEL,DARK-HWY LIGHTED/ON,,,45175.28682,FALSE,2300,Accepted,5,5,O,,ALCOHOL INVOLVEMENT,
32175186,0050000,BARREN COUNTY SHERIFF DEPT.,Accepted,BARREN,US0068,8230,NEW BOWLING GREEN,RD,,,,,,,,37.02274137,-86.0530512,4.305,1/4/2022,2112,2,2,0,0,CLEAR,DRY,TRUE,1 VEHICLE PARKED POSITION (NOT PARKING LOT/DRIVEWAY),ANGLE,STRAIGHT & LEVEL,DARK (UNKNOWN ROADWAY LIGHTING),,,45180.45259,FALSE,181,Accepted,5,5,O,,"INATTENTION, NOT UNDER PROPER CONTROL",
32257231,KSP0300,"KY STATE POLICE, POST 03",Accepted,BARREN,KY0090,,BURKESVILLE,RD,,,,,,,,36.93393746,-85.82165479,16.59,11/15/2022,833,3,3,1,4,CLEAR,WET,FALSE,SIDESWIPE COLLISION - OPPOSITE DIRECTION,SIDESWIPE-OPPOSITE DIRECTION,CURVE & LEVEL,DAYLIGHT,,,45196.43218,FALSE,899,Accepted,5,1,K,SLIPPERY SURFACE,"DRUG INVOLVEMENT, FAILED TO KEEP PROPER LANE, FELL ASLEEP",TIRES
32330728,KSP0300,"KY STATE POLICE, POST 03",Accepted,BARREN,US0031W,,DIXIE,HWY,S,,,,,,,37.12942618,-85.96162065,6.883,5/7/2023,110,2,1,1,0,CLEAR,DRY,FALSE,COLLISION WITH PEDESTRIAN NON - INTERSECTION,SINGLE VEHICLE,STRAIGHT & LEVEL,DARK-HWY LIGHTED/ON,,,45213.76444,FALSE,772,Accepted,5,1,K,GLARE (OTHER),,"HEADLIGHTS DEFECTIVE, TIRES"
32330730,KSP0300,"KY STATE POLICE, POST 03",Accepted,BARREN,KY0090,,HAPPY VALLEY,RD,,,,,,,,37.05625633,-85.95361774,6.174,1/13/2023,1242,2,2,3,0,CLEAR,DRY,FALSE,HEAD-ON COLLISION,HEAD ON,STRAIGHT & GRADE,DAYLIGHT,,,45213.76469,FALSE,772,Accepted,5,1,K,,"FAILED TO KEEP PROPER LANE, INATTENTION",
32376385,0050100,GLASGOW POLICE DEPARTMENT,Accepted,BARREN,KY0090,,MAIN,ST,E,,,,,,,36.98620565,-85.89724171,10.922,6/24/2023,617,2,2,0,0,CLEAR,DRY,FALSE,SIDESWIPE COLLISION - SAME DIRECTION,SIDESWIPE-SAME DIRECTION,STRAIGHT & LEVEL,DAYLIGHT,,,45224.87387,FALSE,2274,Accepted,5,5,O,,INATTENTION,
32488355,KSP0300,"KY STATE POLICE, POST 03",Accepted,BARREN,KY0090,9190,HAPPY VALLEY,RD,,,,,,,,37.11758339,-85.96282343,1.572,9/8/2022,1250,2,2,1,0,CLEAR,DRY,FALSE,HEAD-ON COLLISION,HEAD ON,CURVE & LEVEL,DAYLIGHT,,,45251.52082,FALSE,772,Accepted,5,1,K,,"DRUG INVOLVEMENT, FAILED TO KEEP PROPER LANE, NOT UNDER PROPER CONTROL",
32708732,0050000,BARREN COUNTY SHERIFF DEPT.,Accepted,BARREN,,,OAK HILL SCHOOL,RD,,,,,,,,37.02046284,-86.03439444,0.143,10/12/2022,1840,1,1,0,0,RAINING,WET,FALSE,COLLISION WITH FIXED OBJECT NON - INTERSECTION - FIRST EVENT COLLISION 09 - 32 EXCLUDING 16,SINGLE VEHICLE,CURVE & LEVEL,DARK-HWY NOT LIGHTED,,,45301.40028,FALSE,181,Accepted,5,5,O,,NOT UNDER PROPER CONTROL,
32780534,0050000,BARREN COUNTY SHERIFF DEPT.,Accepted,BARREN,US0031E,,SCOTTSVILLE,RD,,,DOCKERY HEIGHTS,,,,,36.96620348,-85.9461067,11.422,1/24/2023,1626,2,2,0,2,RAINING,WET,FALSE,OTHER INTERSECTION COLLISIONS,REAR END,STRAIGHT & LEVEL,DAYLIGHT,,,45320.65029,FALSE,172,Accepted,5,3,B,SLIPPERY SURFACE,,
34329851,0370200,"KY STATE POLICE, CVE",Accepted,BARREN,US0068,,EDMONTON,RD,,,,,,,,37.01005907,-85.88032955,15.548,5/22/2023,1723,2,2,1,2,CLEAR,DRY,FALSE,1 VEHICLE ENTERING/LEAVING ENTRANCE,ANGLE,STRAIGHT & LEVEL,DAYLIGHT,,,45687.65492,FALSE,C-115,Accepted,5,1,K,FIXED OBJECT(S),"FAILED TO YIELD RIGHT OF WAY, DRUG INVOLVEMENT, EXCEEDED STATED SPEED LIMIT",
35101198,0050100,GLASGOW POLICE DEPARTMENT,Accepted,BARREN,US0068X,,MAIN,ST,E,,GREEN,,,,,36.99591472,-85.91184092,2.531,8/2/2025,1413,2,2,0,0,CLEAR,DRY,FALSE,ANGLE COLLISION - OTHER,ANGLE,STRAIGHT & LEVEL,DAYLIGHT,,,45873.78094,FALSE,322,Accepted,5,5,O,,INATTENTION,
35101201,0050100,GLASGOW POLICE DEPARTMENT,Accepted,BARREN,,,BROWN,ST,E,,,,LEWIS,,MORGAN,36.99128709,-85.9110311,0.12,8/2/2025,1018,2,2,0,0,CLEAR,DRY,FALSE,1 VEHICLE PARKED POSITION (NOT PARKING LOT/DRIVEWAY),BACKING,STRAIGHT & LEVEL,DAYLIGHT,,,45873.78101,FALSE,254,Accepted,5,5,O,,MISJUDGE CLEARANCE,
35103256,0050100,GLASGOW POLICE DEPARTMENT,Accepted,BARREN,KY0090,2345,HAPPY VALLEY,RD,,,,,,,,37.02286946,-85.93456709,8.703,8/1/2025,1345,2,2,0,0,CLEAR,DRY,FALSE,1 VEHICLE ENTERING/LEAVING ENTRANCE,ANGLE,STRAIGHT & LEVEL,DAYLIGHT,,,45874.35975,FALSE,236,Accepted,5,5,O,,FAILED TO KEEP PROPER LANE,
35111011,0050100,GLASGOW POLICE DEPARTMENT,Accepted,BARREN,US0068X,,BROADWAY,ST,N,,FRONT,,,,,36.99702457,-85.90970289,2.739,8/6/2025,905,1,1,0,0,CLEAR,DRY,FALSE,COLLISION WITH FIXED OBJECT IN INTERSECTION - FIRST EVENT COLLISION 09 - 32,SINGLE VEHICLE,CURVE & LEVEL,DAYLIGHT,,,45875.87896,FALSE,208,Accepted,5,5,O,,"INATTENTION, NOT UNDER PROPER CONTROL",
35119672,0050100,GLASGOW POLICE DEPARTMENT,Accepted,BARREN,US0031E,,L ROGERS WELLS,BLVD,S,,CAVALRY,,,,,36.98477556,-85.93161505,12.98,8/4/2025,1515,2,2,0,0,CLOUDY,DRY,FALSE,OPPOSING LEFT TURN,OPPOSING LEFT TURN,STRAIGHT & LEVEL,DAYLIGHT,,,45877.79771,FALSE,124,Accepted,5,5,O,,"DISREGARD TRAFFIC CONTROL, INATTENTION",
35119674,0050100,GLASGOW POLICE DEPARTMENT,Accepted,BARREN,US0031EX,,PUBLIC,SQ,N,,,US0068X,MAIN,US0068X,MAIN,36.99605908,-85.91244299,1.491,8/8/2025,1104,3,3,0,0,CLEAR,DRY,FALSE,1 VEHICLE PARKED POSITION (NOT PARKING LOT/DRIVEWAY),ANGLE,STRAIGHT & LEVEL,DAYLIGHT,,,45877.79777,FALSE,322,Accepted,5,5,O,,NOT UNDER PROPER CONTROL,
35132562,0050100,GLASGOW POLICE DEPARTMENT,Accepted,BARREN,,,TRABUE,ST,,US0068X,MAIN,,,,,36.9977887,-85.91682973,,8/1/2025,1952,2,2,0,0,CLEAR,DRY,FALSE,OPPOSITE DIRECTION - BOTH VEHICLES GOING STRAIGHT AHEAD,SIDESWIPE-OPPOSITE DIRECTION,STRAIGHT & GRADE,DAYLIGHT,,,45881.4055,FALSE,241,Accepted,5,5,O,,OTHER,
35132563,0050100,GLASGOW POLICE DEPARTMENT,Accepted,BARREN,US0068,,VETERANS OUTER,LOOP,,US0031E,JACKSON,,,,,37.03290946,-85.90577828,13.268,8/7/2025,1529,4,4,0,2,CLEAR,DRY,FALSE,ANGLE COLLISION - OTHER,ANGLE,STRAIGHT & LEVEL,DAYLIGHT,,,45881.40556,FALSE,321,Accepted,5,3,B,,"DISREGARD TRAFFIC CONTROL, INATTENTION",
35132564,0050100,GLASGOW POLICE DEPARTMENT,Accepted,BARREN,,,TRABUE,ST,,US0068X,MAIN,,,,,36.99779275,-85.91682578,,8/2/2025,1501,2,2,0,0,CLEAR,DRY,FALSE,OPPOSITE DIRECTION - BOTH VEHICLES GOING STRAIGHT AHEAD,SIDESWIPE-OPPOSITE DIRECTION,STRAIGHT & GRADE,DAYLIGHT,,,45881.40563,FALSE,241,Accepted,5,5,O,,MISJUDGE CLEARANCE,
35134725,0050100,GLASGOW POLICE DEPARTMENT,Accepted,BARREN,US0031E,,L ROGERS WELLS,BLVD,N,US0068X,MAIN,,,,,37.00219683,-85.92629957,14.266,8/7/2025,1615,2,2,0,0,CLEAR,DRY,FALSE,SIDESWIPE-SAME DIRECTION,SIDESWIPE-SAME DIRECTION,STRAIGHT & LEVEL,DAYLIGHT,,,45881.79095,FALSE,124,Accepted,5,5,O,,INATTENTION,
35134731,0050100,GLASGOW POLICE DEPARTMENT,Accepted,BARREN,KY0090,,MAIN,ST,E,,LEWIS,,,,,36.99499366,-85.90964667,9.992,8/7/2025,1003,2,2,0,0,CLEAR,DRY,FALSE,ANGLE COLLISION - OTHER,ANGLE,STRAIGHT & GRADE,DAYLIGHT,,,45881.7911,FALSE,205,Accepted,5,5,O,,INATTENTION,
35141044,0050200,CAVE CITY POLICE DEPARTMENT,Accepted,BARREN,KY0090,,HAPPY VALLEY,ST,,US0031W,LOUISVILLE,,,,,37.12810037,-85.96328588,0.805,8/3/2025,1617,2,1,0,0,CLEAR,DRY,FALSE,OTHER INTERSECTION COLLISIONS,REAR END,STRAIGHT & LEVEL,DAYLIGHT,,,45883.12635,FALSE,603,Accepted,5,5,O,,INATTENTION,
35141932,0050100,GLASGOW POLICE DEPARTMENT,Accepted,BARREN,KY1297,1511,OLD BOWLING GREEN,RD,,,,,,,,36.99050642,-85.94463082,12.058,8/11/2025,1030,1,1,0,1,CLOUDY,DRY,FALSE,COLLISION WITH FIXED OBJECT NON - INTERSECTION - FIRST EVENT COLLISION 09 - 32 EXCLUDING 16,SINGLE VEHICLE,CURVE & HILLCREST,DAYLIGHT,,,45883.41215,FALSE,321,Accepted,5,2,A,,INATTENTION,
35141934,0050100,GLASGOW POLICE DEPARTMENT,Accepted,BARREN,US0031EX,,GREEN,ST,S,US0031E,L ROGERS WELLS,,,,,36.98277195,-85.93137983,,8/8/2025,1515,2,2,0,0,CLEAR,DRY,FALSE,OTHER INTERSECTION COLLISIONS,REAR END,STRAIGHT & GRADE,DAYLIGHT,,,45883.41226,FALSE,241,Accepted,5,5,O,,MISJUDGE CLEARANCE,