IncidentID,AgencyORI,AgencyName,IncidentStatusDesc,County,RdwyNumber,Street,RoadwayName,StreetSfx,StreetDir,IntersectionRdwy,IntersectionRdwyName,BetweenStRdwy1,BetweenStRdwyName1,BetweenStRdwy2,BetweenStRdwyName2,Latitude,Longitude,Milepoint,CollisionDate,CollisionTime,UnitsInvolved,MotorVehiclesInvolved,NumberKilled,NumberInjured,Weather,RdwyConditionCode,HitandRun,DirAnalysisCode,MannerofCollision,RdwyCharacter,LightCondition,RampFromRdwyId,RampToRdwyId,AcceptedDate,IsSecondaryCollision,OwnerBadge,IncidentStatus,InjurySeverityCde,KABCO_Code,KABCO,Environmental_Factors,Human_Factors,Vehicular_Factors
35141935,0050100,GLASGOW POLICE DEPARTMENT,Accepted,BARREN,US0068X,,MAIN,ST,W,,SHANE,,,,,37.0035942,-85.9289861,1.509,8/12/2025,1132,2,2,0,1,CLOUDY,DRY,FALSE,ANGLE COLLISION - ONE VEHICLE TURNING LEFT,ANGLE,STRAIGHT & LEVEL,DAYLIGHT,,,45883.4123,FALSE,321,Accepted,5,2,A,,INATTENTION,
35157526,0050100,GLASGOW POLICE DEPARTMENT,Accepted,BARREN,US0031E,,SCOTTSVILLE,RD,,,,LN9008,LN9008 W EXIT11 ON RAMP FROM US31E N,LN9008,LN9008 E EXIT11 OFF RAMP TO US31E N,36.97830853,-85.93472996,12.471,8/9/2025,1251,2,2,0,0,CLEAR,DRY,FALSE,SIDESWIPE COLLISION - SAME DIRECTION,SIDESWIPE-SAME DIRECTION,STRAIGHT & LEVEL,DAYLIGHT,,,45887.42539,FALSE,254,Accepted,5,5,O,,MISJUDGE CLEARANCE,
35157527,0050100,GLASGOW POLICE DEPARTMENT,Accepted,BARREN,US0031EX,,GREEN,ST,S,,,,SEAY,,BROOKDALE,36.98534265,-85.92564115,0.369,8/12/2025,920,2,2,0,0,CLEAR,DRY,FALSE,REAR END IN TRAFFIC LANES BOTH VEHICLES MOVING,REAR END,STRAIGHT & LEVEL,DAYLIGHT,,,45887.42543,FALSE,403,Accepted,5,5,O,,FOLLOWING TOO CLOSE,
35159939,0050100,GLASGOW POLICE DEPARTMENT,Accepted,BARREN,US0068X,,MAIN,ST,E,,,US0068X,BROADWAY,,GREEN,36.99568424,-85.91121011,2.569,8/18/2025,829,1,1,0,0,CLEAR,DRY,FALSE,COLLISION WITH FIXED OBJECT NON - INTERSECTION - FIRST EVENT COLLISION 09 - 32 EXCLUDING 16,SINGLE VEHICLE,STRAIGHT & GRADE,DAYLIGHT,,,45887.79078,FALSE,322,Accepted,5,5,O,,,OTHER
35159941,0050100,GLASGOW POLICE DEPARTMENT,Accepted,BARREN,,,OIL CITY,RD,,US0068,VETERANS OUTER,,,,,37.01544528,-85.94821141,0.481,8/17/2025,1307,2,2,0,0,CLOUDY,WET,FALSE,OTHER INTERSECTION COLLISIONS,REAR END,STRAIGHT & LEVEL,DAYLIGHT,,,45887.79093,FALSE,403,Accepted,5,5,O,,INATTENTION,
35171143,0050100,GLASGOW POLICE DEPARTMENT,Accepted,BARREN,,170,TROJAN,TRL,,,,,,,,36.98204927,-85.91342201,0.001,8/15/2025,2313,1,1,0,0,CLOUDY,DRY,FALSE,COLLISION WITH FIXED OBJECT NON - INTERSECTION - FIRST EVENT COLLISION 09 - 32 EXCLUDING 16,SINGLE VEHICLE,STRAIGHT & LEVEL,DARK-HWY LIGHTED/ON,,,45890.30305,FALSE,250,Accepted,5,5,O,,MISJUDGE CLEARANCE,
35173569,0050100,GLASGOW POLICE DEPARTMENT,Accepted,BARREN,,,FRONT,ST,W,,GREEN,,,,,36.99757477,-85.91073042,0.074,8/7/2025,1427,2,2,0,0,CLEAR,DRY,FALSE,OPPOSITE DIRECTION - BOTH VEHICLES GOING STRAIGHT AHEAD,SIDESWIPE-OPPOSITE DIRECTION,STRAIGHT & GRADE,DAYLIGHT,,,45890.69275,FALSE,241,Accepted,5,5,O,VIEW OBSTRUCTED/LIMITED DUE TO RDWY,INATTENTION,
35173570,0050100,GLASGOW POLICE DEPARTMENT,Accepted,BARREN,US0031E,,L ROGERS WELLS,BLVD,N,,LEXINGTON,,,,,37.01427262,-85.91539912,15.296,8/15/2025,1250,2,2,0,0,CLOUDY,DRY,FALSE,OTHER INTERSECTION COLLISIONS,REAR END,STRAIGHT & LEVEL,DAYLIGHT,,,45890.69279,FALSE,321,Accepted,5,5,O,,INATTENTION,
35173572,0050100,GLASGOW POLICE DEPARTMENT,Accepted,BARREN,,,CLEVELAND,AVE,,,COMBS,,,,,36.99181355,-85.92492496,0.439,8/14/2025,1259,2,2,0,0,CLEAR,DRY,FALSE,ANGLE COLLISION - OTHER,ANGLE,STRAIGHT & LEVEL,DAYLIGHT,,,45890.69286,FALSE,241,Accepted,5,5,O,VIEW OBSTRUCTED/LIMITED DUE TO RDWY,OTHER,
35174148,0050100,GLASGOW POLICE DEPARTMENT,Accepted,BARREN,LN9008,,,,,,,LN9008,LN9008 W,LN9008,LN9008 W EXIT15 CROSSOVER KY1519,36.99535922,-85.8709288,0.204,8/18/2025,1825,1,1,0,0,CLEAR,DRY,FALSE,COLLISION WITH ANIMAL NON INTERSECTION,SINGLE VEHICLE,STRAIGHT & LEVEL,DAYLIGHT,,,45890.78723,FALSE,124,Accepted,5,5,O,"ANIMALS ACTION, GLARE (SUN)",,
35174149,0050100,GLASGOW POLICE DEPARTMENT,Accepted,BARREN,KY0090,,HAPPY VALLEY,RD,,,REYNOLDS,,,,,37.01508264,-85.92766402,9.35,8/18/2025,743,2,2,0,0,CLEAR,DRY,FALSE,SIDESWIPE-SAME DIRECTION,SIDESWIPE-SAME DIRECTION,STRAIGHT & LEVEL,DAYLIGHT,,,45890.78726,FALSE,403,Accepted,5,5,O,,INATTENTION,
35176217,0050100,GLASGOW POLICE DEPARTMENT,Accepted,BARREN,US0068X,,MAIN,ST,W,,,,MARIE,,OIL CITY,37.01014967,-85.94424198,0.498,8/21/2025,2108,2,2,0,0,CLEAR,DRY,FALSE,OTHER ROADWAY OR MID-BLOCK COLLISION,OPPOSING LEFT TURN,STRAIGHT & LEVEL,DARK-HWY LIGHTED/ON,,,45891.30235,FALSE,226,Accepted,5,5,O,,INATTENTION,
35188019,0050100,GLASGOW POLICE DEPARTMENT,Accepted,BARREN,,,PARKVIEW,DR,,,BARLOW CEMETERY,,,,,36.98360987,-85.93667705,0.47,8/19/2025,703,2,2,0,0,CLEAR,DRY,FALSE,ANGLE COLLISION - OTHER,ANGLE,STRAIGHT & LEVEL,DAYLIGHT,,,45894.53851,FALSE,337,Accepted,5,5,O,,INATTENTION,
35188020,0050100,GLASGOW POLICE DEPARTMENT,Accepted,BARREN,,,MCGRAH,AVE,,,HUMBLE,,,,,36.99618093,-85.89767145,0.241,8/20/2025,1642,2,1,0,0,CLEAR,DRY,FALSE,COLLISION WITH BICYCLE IN INTERSECTION,SINGLE VEHICLE,CURVE & LEVEL,DAYLIGHT,,,45894.53856,FALSE,337,Accepted,5,5,O,,,
35192017,KSP0300,"KY STATE POLICE, POST 03",Accepted,BARREN,LN9008,,LN9008 EB,,,,,,,,,36.98624549,-85.89217829,14.268,8/24/2025,1740,1,1,0,0,CLEAR,DRY,FALSE,COLLISION WITH ANIMAL NON INTERSECTION,SINGLE VEHICLE,STRAIGHT & LEVEL,DAYLIGHT,,,45895.43045,FALSE,677,Accepted,5,5,O,ANIMALS ACTION,,
35196632,0050100,GLASGOW POLICE DEPARTMENT,Accepted,BARREN,US0031E,,L ROGERS WELLS,BLVD,S,,,US0031E,L ROGERS WELLS,,CROSS,37.00106475,-85.92688177,14.186,8/25/2025,1354,2,2,0,0,CLEAR,DRY,FALSE,REAR END IN TRAFFIC LANES BOTH VEHICLES MOVING,REAR END,STRAIGHT & LEVEL,DAYLIGHT,,,45896.42852,FALSE,257,Accepted,5,5,O,,OTHER,
35197663,0050000,BARREN COUNTY SHERIFF DEPT.,Accepted,BARREN,KY0070,,MAMMOTH CAVE,RD,,,,,,,,37.13532377,-85.97705718,5.19,8/1/2025,2118,2,2,0,0,CLEAR,DRY,FALSE,SIDESWIPE COLLISION - SAME DIRECTION,SIDESWIPE-SAME DIRECTION,STRAIGHT & LEVEL,DARK-HWY LIGHTED/ON,,,45896.6072,FALSE,180,Accepted,5,5,O,,"FAILED TO YIELD RIGHT OF WAY, MISJUDGE CLEARANCE",
35197664,0050000,BARREN COUNTY SHERIFF DEPT.,Accepted,BARREN,KY0087,,AUSTIN TRACY,RD,,,,,,,,36.82822449,-86.02810501,9.474,8/3/2025,924,1,1,0,1,RAINING,WET,FALSE,RAN OFF ROADWAY (1 VEHICLE WITH/EARTH EMBANKMENT/DITCH),SINGLE VEHICLE,CURVE & LEVEL,DAYLIGHT,,,45896.60724,FALSE,181,Accepted,5,3,B,,OVERCORRECTING/OVERSTEERING,
35197667,0050000,BARREN COUNTY SHERIFF DEPT.,Accepted,BARREN,KY2189,4421,PARK CITY GLASGOW,RD,,,,,,,,37.07193069,-86.02047638,4.538,8/3/2025,1320,1,1,0,0,CLOUDY,DRY,FALSE,OTHER ROADWAY OR MID-BLOCK COLLISION,SINGLE VEHICLE,STRAIGHT & GRADE,DAYLIGHT,,,45896.6073,FALSE,170,Accepted,5,5,O,,,
35197668,0050000,BARREN COUNTY SHERIFF DEPT.,Accepted,BARREN,KY0090,,HAPPY VALLEY,RD,,,,,GIBBONS,,PACE QUARRY,37.06533166,-85.95986387,5.461,8/2/2025,1118,1,1,0,0,CLEAR,DRY,FALSE,COLLISION WITH FIXED OBJECT NON - INTERSECTION - FIRST EVENT COLLISION 09 - 32 EXCLUDING 16,SINGLE VEHICLE,STRAIGHT & GRADE,DAYLIGHT,,,45896.60734,FALSE,186,Accepted,5,5,O,,"NOT UNDER PROPER CONTROL, OTHER",
35197674,0050000,BARREN COUNTY SHERIFF DEPT.,Accepted,BARREN,US0068,,VETERANS OUTER,LOOP,,,,,,,,37.01038895,-85.88052453,15.523,8/8/2025,734,2,2,0,0,CLEAR,DRY,FALSE,SIDESWIPE COLLISION - SAME DIRECTION,SIDESWIPE-SAME DIRECTION,STRAIGHT & LEVEL,DAYLIGHT,,,45896.60748,FALSE,181,Accepted,5,5,O,,TURNING IMPROPERLY,
35197678,0050000,BARREN COUNTY SHERIFF DEPT.,Accepted,BARREN,,,CROW,RD,,,,,LUCAS,,GRIMES,36.90127103,-86.0356949,0.372,8/12/2025,743,2,2,0,1,CLEAR,DRY,FALSE,1 VEHICLE ENTERING/LEAVING ENTRANCE,ANGLE,STRAIGHT & LEVEL,DAYLIGHT,,,45896.60758,FALSE,183,Accepted,5,4,C,,"FAILED TO KEEP PROPER LANE, NOT UNDER PROPER CONTROL, OVERCORRECTING/OVERSTEERING",
35197688,0050000,BARREN COUNTY SHERIFF DEPT.,Accepted,BARREN,US0031E,,SCOTTSVILLE,RD,,,,,,,,36.89859694,-86.00762838,5.394,8/11/2025,1044,1,1,0,0,CLEAR,DRY,FALSE,OTHER ROADWAY OR MID-BLOCK COLLISION,SINGLE VEHICLE,STRAIGHT & LEVEL,DAYLIGHT,,,45896.60786,FALSE,181,Accepted,5,5,O,,,
35197690,0050000,BARREN COUNTY SHERIFF DEPT.,Accepted,BARREN,LN9008,,LN9008 W,,,,,,,,,36.99588917,-85.7713685,21.155,8/14/2025,420,1,1,0,0,CLEAR,DRY,FALSE,COLLISION WITH ANIMAL NON INTERSECTION,SINGLE VEHICLE,STRAIGHT & LEVEL,DARK-HWY NOT LIGHTED,,,45896.60792,FALSE,173,Accepted,5,5,O,ANIMALS ACTION,,
35197693,0050000,BARREN COUNTY SHERIFF DEPT.,Accepted,BARREN,US0031E,,SCOTTSVILLE,RD,,,GORBY,,,,,36.95756876,-85.95743999,10.555,8/8/2025,1501,2,2,0,1,CLEAR,DRY,FALSE,OTHER INTERSECTION COLLISIONS,REAR END,STRAIGHT & LEVEL,DAYLIGHT,,,45896.60796,FALSE,180,Accepted,5,2,A,,INATTENTION,
35197696,0050000,BARREN COUNTY SHERIFF DEPT.,Accepted,BARREN,,,WHITES CHAPEL,RD,,,,,,,,36.92664911,-85.84357273,1.573,8/9/2025,1851,1,1,0,0,CLEAR,DRY,FALSE,COLLISION WITH FIXED OBJECT NON - INTERSECTION - FIRST EVENT COLLISION 09 - 32 EXCLUDING 16,SINGLE VEHICLE,STRAIGHT & GRADE,DAYLIGHT,,,45896.60799,FALSE,180,Accepted,5,5,O,,LOST CONSCIOUSNESS/FAINTED,
35197699,0050000,BARREN COUNTY SHERIFF DEPT.,Accepted,BARREN,KY0252,,FINNEY,RD,,,,,,,,36.94343578,-86.05034624,5.748,8/11/2025,1344,2,1,0,0,CLEAR,DRY,FALSE,OTHER ROADWAY OR MID-BLOCK COLLISION,SINGLE VEHICLE,STRAIGHT & GRADE,DAYLIGHT,,,45896.60803,FALSE,180,Accepted,5,5,O,ANIMALS ACTION,IMPROPER PASSING,
35197703,0050000,BARREN COUNTY SHERIFF DEPT.,Accepted,BARREN,KY2189,,PARK CITY GLASGOW,RD,,US0068,NEW BOWLING GREEN,,,,,37.01646586,-85.99117214,0.017,8/14/2025,1615,2,2,0,0,CLOUDY,DRY,FALSE,VEHICLE BACKING IN INTERSECTION,BACKING,STRAIGHT & LEVEL,DAYLIGHT,,,45896.60815,FALSE,152,Accepted,5,5,O,,INATTENTION,
35197704,0050000,BARREN COUNTY SHERIFF DEPT.,Accepted,BARREN,KY1297,,OLD BOWLING GREEN,RD,,,,,,,,36.99214073,-85.97384573,10.329,8/15/2025,1301,2,2,0,0,CLEAR,DRY,FALSE,COLLISION WITH NON-FIXED OBJECT ,SIDESWIPE-OPPOSITE DIRECTION,STRAIGHT & GRADE,DAYLIGHT,,,45896.60819,FALSE,181,Accepted,5,5,O,,,TIRE FAILURE
35197706,0050000,BARREN COUNTY SHERIFF DEPT.,Accepted,BARREN,KY0090,,BURKESVILLE,RD,,KY0839,NOBOB,,,,,36.92300829,-85.80146827,17.972,8/16/2025,1500,2,2,0,0,CLEAR,DRY,FALSE,OTHER INTERSECTION COLLISIONS,REAR END,STRAIGHT & LEVEL,DAYLIGHT,,,45896.60824,FALSE,181,Accepted,5,5,O,,INATTENTION,
35197708,0050000,BARREN COUNTY SHERIFF DEPT.,Accepted,BARREN,US0068,8500,NEW BOWLING GREEN,RD,,KY0255,PARK CITY BON AYR,,,,,37.02316905,-86.05916864,3.967,8/19/2025,657,2,2,0,0,CLEAR,DRY,FALSE,ANGLE COLLISION - OTHER,ANGLE,STRAIGHT & LEVEL,DAYLIGHT,,,45896.60827,FALSE,170,Accepted,5,5,O,,INATTENTION,
35197709,0050000,BARREN COUNTY SHERIFF DEPT.,Accepted,BARREN,,5434,WHITNEY WOODS,RD,,,,,ESTES,,CAVELAND,37.11878622,-85.9576466,0.53,8/16/2025,1453,2,2,0,0,CLEAR,DRY,FALSE,HEAD-ON COLLISION,HEAD ON,CURVE & GRADE,DAYLIGHT,,,45896.6083,FALSE,152,Accepted,5,5,O,,INATTENTION,
35197711,0050000,BARREN COUNTY SHERIFF DEPT.,Accepted,BARREN,KY0087,6300,AUSTIN TRACY,RD,,,,,,,,36.80498094,-85.97991141,5.816,8/20/2025,1502,2,2,0,0,CLEAR,DRY,FALSE,OTHER COLLISIONS ON SHOULDER,SIDESWIPE-OPPOSITE DIRECTION,STRAIGHT & LEVEL,DAYLIGHT,,,45896.60834,FALSE,170,Accepted,5,5,O,,,STEERING FAILURE
35197712,0050000,BARREN COUNTY SHERIFF DEPT.,Accepted,BARREN,KY0070,,HISEVILLE,RD,,,,,,,,37.11286018,-85.86972552,11.872,8/4/2025,1643,2,2,0,0,CLEAR,DRY,FALSE,OTHER ROADWAY OR MID-BLOCK COLLISION,REAR END,STRAIGHT & GRADE,DAYLIGHT,,,45896.60838,FALSE,163,Accepted,5,5,O,,INATTENTION,
35197714,0050000,BARREN COUNTY SHERIFF DEPT.,Accepted,BARREN,US0031E,,SCOTTSVILLE,RD,,,,,,,,36.92024591,-85.99726849,7.053,8/14/2025,1742,1,1,0,0,CLEAR,DRY,FALSE,COLLISION WITH ANIMAL NON INTERSECTION,SINGLE VEHICLE,STRAIGHT & LEVEL,DAYLIGHT,,,45896.60843,FALSE,163,Accepted,5,5,O,ANIMALS ACTION,,
35197716,0050000,BARREN COUNTY SHERIFF DEPT.,Accepted,BARREN,US0068,,EDMONTON,RD,,,,,,,,37.00834785,-85.766082,22.236,8/19/2025,606,1,1,0,1,CLEAR,DRY,FALSE,RAN OFF ROADWAY (1 VEHICLE WITH/EARTH EMBANKMENT/DITCH),SINGLE VEHICLE,STRAIGHT & LEVEL,DAYLIGHT,,,45896.60847,FALSE,125,Accepted,3,3,B,,,
35197717,0050000,BARREN COUNTY SHERIFF DEPT.,Accepted,BARREN,KY1297,,OLD BOWLING GREEN,RD,,,,,,,,36.9804503,-86.07110861,4.566,8/20/2025,1512,1,1,0,1,CLEAR,DRY,FALSE,RAN OFF ROADWAY (1 VEHICLE WITH/EARTH EMBANKMENT/DITCH),SINGLE VEHICLE,CURVE & GRADE,DAYLIGHT,,,45896.6085,FALSE,125,Accepted,4,4,C,,,STEERING FAILURE
35197718,0050000,BARREN COUNTY SHERIFF DEPT.,Accepted,BARREN,,1893,LECTA KINO,RD,,,,,,,,36.99217714,-85.83157396,1.833,8/22/2025,1444,2,2,0,0,CLEAR,DRY,FALSE,REAR END IN TRAFFIC LANES BOTH VEHICLES MOVING,REAR END,CURVE & LEVEL,DAYLIGHT,,,45896.60853,FALSE,125,Accepted,5,5,O,,INATTENTION,
35197720,0050000,BARREN COUNTY SHERIFF DEPT.,Accepted,BARREN,KY2207,,FORK,RD,S,,,,,,,36.9715589,-85.95752468,3.468,8/20/2025,1636,1,1,0,1,CLEAR,DRY,FALSE,COLLISION WITH FIXED OBJECT NON - INTERSECTION - FIRST EVENT COLLISION 09 - 32 EXCLUDING 16,SINGLE VEHICLE,STRAIGHT & LEVEL,DAYLIGHT,,,45896.60858,FALSE,174,Accepted,3,3,B,,NOT UNDER PROPER CONTROL,TIRES
35197723,0050000,BARREN COUNTY SHERIFF DEPT.,Accepted,BARREN,US0031E,,SCOTTSVILLE,RD,,,,,,,,36.94994727,-85.96771768,9.782,8/25/2025,726,2,2,0,0,CLEAR,DRY,FALSE,REAR END IN TRAFFIC LANES BOTH VEHICLES MOVING,REAR END,STRAIGHT & LEVEL,DAYLIGHT,,,45896.60864,FALSE,181,Accepted,5,5,O,,INATTENTION,OTHER
35197727,0050000,BARREN COUNTY SHERIFF DEPT.,Accepted,BARREN,,,DRIPPING SPRINGS,RD,,,,,,,,37.03774116,-85.96524549,5.834,8/14/2025,2144,1,1,0,0,CLEAR,DRY,FALSE,COLLISION WITH FIXED OBJECT NON - INTERSECTION - FIRST EVENT COLLISION 09 - 32 EXCLUDING 16,SINGLE VEHICLE,STRAIGHT & GRADE,DARK-HWY NOT LIGHTED,,,45896.60873,FALSE,180,Accepted,5,5,O,SHOULDERS DEFECTIVE/DROP-OFF,,
35197728,0050000,BARREN COUNTY SHERIFF DEPT.,Accepted,BARREN,US0031W,,LOUISVILLE,RD,,,,,,,,37.11397915,-85.98340025,5.199,8/25/2025,943,2,2,0,0,CLEAR,DRY,FALSE,REAR END IN TRAFFIC LANES BOTH VEHICLES MOVING,REAR END,STRAIGHT & LEVEL,DAYLIGHT,,,45896.60876,FALSE,152,Accepted,5,5,O,,INATTENTION,BRAKES DEFECTIVE
35201652,0050100,GLASGOW POLICE DEPARTMENT,Accepted,BARREN,US0068X,1320,MAIN,ST,W,,,,,,,37.00896383,-85.93865845,0.832,8/25/2025,1508,2,2,0,0,CLEAR,DRY,FALSE,SIDESWIPE COLLISION - OPPOSITE DIRECTION,SIDESWIPE-OPPOSITE DIRECTION,STRAIGHT & LEVEL,DAYLIGHT,,,45897.40369,FALSE,236,Accepted,5,5,O,,FAILED TO KEEP PROPER LANE,
35221538,0050000,BARREN COUNTY SHERIFF DEPT.,Accepted,BARREN,LN9008,,LN9008 E,,,,,,,,,36.99693015,-85.79152682,20.034,8/23/2025,1756,1,1,0,0,CLEAR,DRY,FALSE,OTHER ROADWAY OR MID-BLOCK COLLISION,SINGLE VEHICLE,STRAIGHT & LEVEL,DAYLIGHT,,,45902.4014,FALSE,174,Accepted,5,5,O,DEBRIS IN ROADWAY,,
35221539,0050000,BARREN COUNTY SHERIFF DEPT.,Accepted,BARREN,US0031W,,LOUISVILLE,RD,,,,,,,,37.09294045,-86.05131261,0.934,8/23/2025,2255,1,1,0,0,CLEAR,DRY,FALSE,RAN OFF ROADWAY (1 VEHICLE WITH/EARTH EMBANKMENT/DITCH),SINGLE VEHICLE,STRAIGHT & LEVEL,DARK-HWY LIGHTED/ON,,,45902.40144,FALSE,174,Accepted,5,5,O,,NOT UNDER PROPER CONTROL,
35221540,0050000,BARREN COUNTY SHERIFF DEPT.,Accepted,BARREN,US0031E,,SCOTTSVILLE,RD,,,,,,,,36.88506638,-86.02280969,4.016,8/23/2025,2023,2,2,0,0,CLEAR,DRY,FALSE,SIDESWIPE COLLISION - SAME DIRECTION,SIDESWIPE-SAME DIRECTION,STRAIGHT & LEVEL,DARK-HWY NOT LIGHTED,,,45902.40148,FALSE,174,Accepted,5,5,O,,OTHER,
35221541,0050000,BARREN COUNTY SHERIFF DEPT.,Accepted,BARREN,KY0090,7999,BURKESVILLE,RD,,,,,,,,36.92305607,-85.80235269,17.925,8/28/2025,837,1,1,0,0,CLEAR,DRY,FALSE,OTHER COLLISIONS ON SHOULDER,SINGLE VEHICLE,CURVE & GRADE,DAYLIGHT,,,45902.40151,FALSE,170,Accepted,5,5,O,,FATIGUE,
35221542,0050000,BARREN COUNTY SHERIFF DEPT.,Accepted,BARREN,KY0087,,AUSTIN TRACY,RD,,US0031E,SCOTTSVILLE,,,,,36.85351694,-86.05331845,12.243,8/30/2025,1113,2,2,0,0,CLEAR,DRY,FALSE,OPPOSITE DIRECTION - BOTH VEHICLES GOING STRAIGHT AHEAD,SIDESWIPE-OPPOSITE DIRECTION,STRAIGHT & LEVEL,DAYLIGHT,,,45902.40154,FALSE,181,Accepted,5,5,O,,MISJUDGE CLEARANCE,
35221543,0050000,BARREN COUNTY SHERIFF DEPT.,Accepted,BARREN,US0068,,NEW BOWLING GREEN,RD,,KY2189,PARK CITY GLASGOW,,,,,37.01628119,-85.99103655,7.88,8/23/2025,1729,2,2,0,0,CLEAR,DRY,FALSE,OPPOSING LEFT TURN,OPPOSING LEFT TURN,STRAIGHT & LEVEL,DAYLIGHT,,,45902.40158,FALSE,180,Accepted,5,5,O,,FAILED TO YIELD RIGHT OF WAY,
35221545,0050000,BARREN COUNTY SHERIFF DEPT.,Accepted,BARREN,,,HAPPY VALLEY,RD,,US0031E,L ROGERS WELLS,,,,,37.00957396,-85.92139434,0.001,8/30/2025,2124,2,2,0,0,CLEAR,DRY,FALSE,OTHER INTERSECTION COLLISIONS,REAR END,STRAIGHT & GRADE,DARK-HWY LIGHTED/ON,,,45902.40162,FALSE,180,Accepted,5,5,O,,"DISTRACTION, IMPROPER BACKING",
35229753,0050100,GLASGOW POLICE DEPARTMENT,Accepted,BARREN,LN9008,,,,,,,,,,,36.98244601,-85.89402908,0.327,9/2/2025,1536,2,2,0,0,RAINING,WET,FALSE,OTHER RAMP RELATED COLLISIONS NOT LISTED ABOVE,REAR END,CURVE & GRADE,DAYLIGHT,LN9008,KY0090,45903.82828,FALSE,298,Accepted,5,5,O,,"FOLLOWING TOO CLOSE, INATTENTION, MISJUDGE CLEARANCE",
35229806,0050100,GLASGOW POLICE DEPARTMENT,Accepted,BARREN,US0031E,,L ROGERS WELLS,BLVD,N,,,,,,,37.00609027,-85.92430583,14.467,8/29/2025,1138,2,2,0,1,CLEAR,DRY,FALSE,REAR END IN TRAFFIC LANES BOTH VEHICLES MOVING,REAR END,STRAIGHT & LEVEL,DAYLIGHT,,,45903.83972,FALSE,345,Accepted,4,4,C,BACKUP DUE TO REGULAR CONGESTION,FOLLOWING TOO CLOSE,
35230375,0050100,GLASGOW POLICE DEPARTMENT,Accepted,BARREN,US0031E,,L ROGERS WELLS,BLVD,S,,,,CLEVELAND,KY1297,OLD BOWLING GREEN,36.99234771,-85.93234405,13.472,8/29/2025,1456,2,2,0,1,CLEAR,DRY,FALSE,REAR END IN TRAFFIC LANES BOTH VEHICLES MOVING,REAR END,STRAIGHT & LEVEL,DAYLIGHT,,,45903.95395,FALSE,129,Accepted,4,4,C,DEBRIS IN ROADWAY,,
35230377,0050100,GLASGOW POLICE DEPARTMENT,Accepted,BARREN,,,MYRTLE,ST,,,,,KENTUCKY,,LINCOLN,37.00371687,-85.92089852,0.004,9/2/2025,750,2,2,0,0,CLEAR,DRY,FALSE,1 VEHICLE ENTERING/LEAVING ENTRANCE,ANGLE,STRAIGHT & LEVEL,DAYLIGHT,,,45903.954,TRUE,294,Accepted,5,5,O,,INATTENTION,
35249920,0050100,GLASGOW POLICE DEPARTMENT,Accepted,BARREN,US0068X,,COLUMBIA,AVE,,,,KY1307,NEW SALEM,,SHANGRI LA,37.00271337,-85.89736627,3.505,9/3/2025,1516,2,2,0,0,CLEAR,DRY,FALSE,REAR END IN TRAFFIC LANES BOTH VEHICLES MOVING,REAR END,STRAIGHT & LEVEL,DAYLIGHT,,,45908.67966,FALSE,257,Accepted,5,5,O,,"CELL PHONE, INATTENTION",
35250799,0050100,GLASGOW POLICE DEPARTMENT,Accepted,BARREN,US0031EX,,PUBLIC,SQ,E,US0031EX,US31E BUS TURN LANE,,,,,36.99562316,-85.91201421,1.444,9/2/2025,143,1,1,0,0,CLOUDY,DRY,FALSE,OTHER INTERSECTION COLLISIONS,SINGLE VEHICLE,STRAIGHT & LEVEL,DAYLIGHT,,,45908.8369,FALSE,250,Accepted,5,5,O,,FAILED TO KEEP PROPER LANE,
35250810,0050100,GLASGOW POLICE DEPARTMENT,Accepted,BARREN,,306,FRAZIER,AVE,,,,,SIMMONS,,HUMBLE,36.99593057,-85.90091599,,9/5/2025,1340,2,2,0,0,CLEAR,DRY,TRUE,1 VEHICLE PARKED POSITION (NOT PARKING LOT/DRIVEWAY),BACKING,STRAIGHT & GRADE,DAYLIGHT,,,45908.83982,FALSE,345,Accepted,5,5,O,,,
35250811,0050100,GLASGOW POLICE DEPARTMENT,Accepted,BARREN,KY0090,,HAPPY VALLEY,RD,,,BEAVER,,,,,37.02655792,-85.9380514,8.418,9/7/2025,1739,2,2,0,0,CLEAR,DRY,FALSE,OTHER INTERSECTION COLLISIONS,REAR END,STRAIGHT & GRADE,DAYLIGHT,,,45908.83986,FALSE,236,Accepted,5,5,O,,INATTENTION,
35257575,0050100,GLASGOW POLICE DEPARTMENT,Accepted,BARREN,KY0063,,COLLEGE,ST,E,,MORGAN,,,,,36.99201254,-85.91030845,14.371,8/18/2025,839,2,2,0,0,CLEAR,DRY,FALSE,ANGLE COLLISION - OTHER,ANGLE,STRAIGHT & LEVEL,DAYLIGHT,,,45910.27009,FALSE,254,Accepted,5,5,O,,"FAILED TO YIELD RIGHT OF WAY, INATTENTION",
35257581,0050100,GLASGOW POLICE DEPARTMENT,Accepted,BARREN,KY0090,800,HAPPY VALLEY,RD,,,,US0031E,L ROGERS WELLS,,ENSMINGER,37.00969028,-85.92164364,9.908,8/13/2025,1302,1,1,0,0,CLEAR,DRY,FALSE,COLLISION WITH FIXED OBJECT NON - INTERSECTION - FIRST EVENT COLLISION 09 - 32 EXCLUDING 16,SINGLE VEHICLE,STRAIGHT & LEVEL,DAYLIGHT,,,45910.27029,FALSE,403,Accepted,5,5,O,,"DISTRACTION, INATTENTION",
35257585,0050100,GLASGOW POLICE DEPARTMENT,Accepted,BARREN,,,LEXINGTON,DR,,US0031E,L ROGERS WELLS,,,,,37.01417498,-85.9154086,0.698,8/26/2025,1014,2,2,0,0,CLEAR,DRY,FALSE,SIDESWIPE-SAME DIRECTION,SIDESWIPE-SAME DIRECTION,STRAIGHT & LEVEL,DAYLIGHT,,,45910.27044,FALSE,322,Accepted,5,5,O,,INATTENTION,