IncidentID,AgencyORI,AgencyName,IncidentStatusDesc,County,RdwyNumber,Street,RoadwayName,StreetSfx,StreetDir,IntersectionRdwy,IntersectionRdwyName,BetweenStRdwy1,BetweenStRdwyName1,BetweenStRdwy2,BetweenStRdwyName2,Latitude,Longitude,Milepoint,CollisionDate,CollisionTime,UnitsInvolved,MotorVehiclesInvolved,NumberKilled,NumberInjured,Weather,RdwyConditionCode,HitandRun,DirAnalysisCode,MannerofCollision,RdwyCharacter,LightCondition,RampFromRdwyId,RampToRdwyId,AcceptedDate,IsSecondaryCollision,OwnerBadge,IncidentStatus,InjurySeverityCde,KABCO_Code,KABCO,Environmental_Factors,Human_Factors,Vehicular_Factors
35257591,0050100,GLASGOW POLICE DEPARTMENT,Accepted,BARREN,KY0090,,HAPPY VALLEY,RD,,US0068,VETERANS OUTER,,,,,37.02424136,-85.93577858,8.587,8/30/2025,1420,2,2,0,0,CLEAR,DRY,FALSE,ANGLE COLLISION - OTHER,ANGLE,STRAIGHT & LEVEL,DAYLIGHT,,,45910.27058,FALSE,403,Accepted,5,5,O,,INATTENTION,
35257596,0050100,GLASGOW POLICE DEPARTMENT,Accepted,BARREN,US0031E,,L ROGERS WELLS,BLVD,S,US0068X,MAIN,,,,,37.00202823,-85.92640241,14.257,8/20/2025,831,2,2,0,0,CLEAR,DRY,FALSE,ANGLE COLLISION - OTHER,ANGLE,STRAIGHT & LEVEL,DAYLIGHT,,,45910.27069,FALSE,322,Accepted,5,5,O,,INATTENTION,
35257597,0050100,GLASGOW POLICE DEPARTMENT,Accepted,BARREN,US0031EX,,GREEN,ST,S,,SUNSET,,,,,36.98712946,-85.92160845,0.632,8/26/2025,1622,2,2,0,1,CLEAR,DRY,FALSE,SIDESWIPE-SAME DIRECTION,SIDESWIPE-SAME DIRECTION,STRAIGHT & LEVEL,DAYLIGHT,,,45910.27072,FALSE,322,Accepted,5,3,B,,"ALCOHOL INVOLVEMENT, DRUG INVOLVEMENT",
35257598,0050100,GLASGOW POLICE DEPARTMENT,Accepted,BARREN,,,ROGERS,RD,,US0031E,L ROGERS WELLS,,,,,37.00376854,-85.92551314,0.374,8/29/2025,1320,2,2,0,0,CLEAR,DRY,FALSE,ANGLE COLLISION - OTHER,ANGLE,STRAIGHT & LEVEL,DAYLIGHT,,,45910.27076,FALSE,124,Accepted,5,5,O,,FAILED TO YIELD RIGHT OF WAY,
35257599,0050100,GLASGOW POLICE DEPARTMENT,Accepted,BARREN,US0031E,,SCOTTSVILLE,RD,,LN9008,LN9008 W EXIT11 CROSSOVER US31E,,,,,36.97879639,-85.93410347,12.515,8/31/2025,1219,2,2,0,0,CLEAR,DRY,FALSE,ANGLE COLLISION - OTHER,ANGLE,STRAIGHT & LEVEL,DAYLIGHT,,,45910.27079,FALSE,403,Accepted,5,5,O,,"FAILED TO YIELD RIGHT OF WAY, INATTENTION",
35257605,0050100,GLASGOW POLICE DEPARTMENT,Accepted,BARREN,,,FRONT,ST,W,,TRABUE,,,,,36.99963053,-85.91568243,0.378,8/27/2025,1148,2,2,0,0,CLEAR,DRY,FALSE,HEAD-ON COLLISION,HEAD ON,STRAIGHT & HILLCREST,DAYLIGHT,,,45910.27094,FALSE,254,Accepted,5,5,O,GLARE (SUN),TURNING IMPROPERLY,
35260643,0050100,GLASGOW POLICE DEPARTMENT,Accepted,BARREN,US0031E,2292,SCOTTSVILLE,RD,,,,,,,,36.97321036,-85.93948766,12.029,9/10/2025,546,1,1,0,0,CLEAR,DRY,FALSE,COLLISION WITH ANIMAL NON INTERSECTION,SINGLE VEHICLE,STRAIGHT & LEVEL,DUSK,,,45910.83211,FALSE,317,Accepted,5,5,O,ANIMALS ACTION,,
35260644,0050100,GLASGOW POLICE DEPARTMENT,Accepted,BARREN,,321,REYNOLDS,RD,,,,,,,,37.01173956,-85.93462389,0.254,9/10/2025,849,2,2,0,1,CLEAR,DRY,FALSE,1 VEHICLE PARKED POSITION (NOT PARKING LOT/DRIVEWAY),HEAD ON,STRAIGHT & LEVEL,DAYLIGHT,,,45910.83215,FALSE,317,Accepted,5,2,A,,LOST CONSCIOUSNESS/FAINTED,
35260662,0050200,CAVE CITY POLICE DEPARTMENT,Accepted,BARREN,,103,PARK HAVEN,DR,,,,,,,,37.13334987,-85.96342329,0.002,8/16/2025,2349,2,2,0,0,CLEAR,DRY,FALSE,1 VEHICLE PARKED POSITION (NOT PARKING LOT/DRIVEWAY),BACKING,STRAIGHT & GRADE,DARK-HWY LIGHTED/ON,,,45910.83603,FALSE,606,Accepted,5,5,O,,ALCOHOL INVOLVEMENT,OTHER
35260666,0050200,CAVE CITY POLICE DEPARTMENT,Accepted,BARREN,US0031W,,DIXIE,HWY,N,,,,,,,37.14064524,-85.95077705,7.829,8/31/2025,1419,2,2,0,0,CLEAR,DRY,FALSE,REAR END IN TRAFFIC LANES BOTH VEHICLES MOVING,REAR END,STRAIGHT & LEVEL,DAYLIGHT,,,45910.83612,FALSE,606,Accepted,5,5,O,"GLARE (SUN), BACKUP DUE TO REGULAR CONGESTION",,
35269485,0050100,GLASGOW POLICE DEPARTMENT,Accepted,BARREN,,,HUTCHERSON,DR,,,,,,,,37.0085126,-85.90700965,0.106,9/8/2025,1651,2,2,0,0,CLEAR,DRY,FALSE,VEHICLE BACKING NON INTERSECTION,BACKING,CURVE & GRADE,DAYLIGHT,,,45912.84466,FALSE,298,Accepted,5,5,O,,"FAILED TO YIELD RIGHT OF WAY, INATTENTION, OTHER",
35271164,0050100,GLASGOW POLICE DEPARTMENT,Accepted,BARREN,,,GREEN,ST,N,,FRONT,,,,,36.99755316,-85.91073471,0.13,9/10/2025,1630,2,2,0,0,CLOUDY,DRY,FALSE,OPPOSING LEFT TURN,OPPOSING LEFT TURN,STRAIGHT & LEVEL,DAYLIGHT,,,45913.36982,FALSE,226,Accepted,5,5,O,,INATTENTION,
35277355,0050000,BARREN COUNTY SHERIFF DEPT.,Accepted,BARREN,KY0090,,HAPPY VALLEY,RD,,,,,,,,37.08478461,-85.96996482,4.009,9/2/2025,1323,2,2,0,0,CLOUDY,WET,FALSE,REAR END IN TRAFFIC LANES BOTH VEHICLES MOVING,REAR END,STRAIGHT & HILLCREST,DAYLIGHT,,,45915.38532,FALSE,184,Accepted,5,5,O,SLIPPERY SURFACE,"DISREGARD TRAFFIC CONTROL, INATTENTION",
35277359,0050000,BARREN COUNTY SHERIFF DEPT.,Accepted,BARREN,,,BARBOUR,RD,,,,,KINGREY,KY0839,NOBOB,36.90610749,-85.80028705,0.17,8/26/2025,1539,2,2,0,0,CLEAR,DRY,FALSE,SIDESWIPE COLLISION - OPPOSITE DIRECTION,SIDESWIPE-OPPOSITE DIRECTION,CURVE & GRADE,DAYLIGHT,,,45915.38539,FALSE,125,Accepted,5,5,O,SHOULDERS DEFECTIVE/DROP-OFF,MISJUDGE CLEARANCE,
35277360,0050000,BARREN COUNTY SHERIFF DEPT.,Accepted,BARREN,,1767,LYON SCHOOL,RD,,,,,,,,36.84370481,-85.86705938,1.881,8/27/2025,1500,2,2,0,0,CLEAR,DRY,FALSE,1 VEHICLE PARKED POSITION (NOT PARKING LOT/DRIVEWAY),BACKING,STRAIGHT & LEVEL,DAYLIGHT,,,45915.38543,FALSE,125,Accepted,5,5,O,,MISJUDGE CLEARANCE,
35277361,0050000,BARREN COUNTY SHERIFF DEPT.,Accepted,BARREN,KY1330,,KINO,RD,,,,,,,,36.94354435,-85.75646689,3.923,8/27/2025,1023,2,2,0,0,CLEAR,DRY,FALSE,VEHICLE BACKING NON INTERSECTION,BACKING,STRAIGHT & GRADE,DAYLIGHT,,,45915.38548,FALSE,125,Accepted,5,5,O,,MISJUDGE CLEARANCE,
35277362,0050000,BARREN COUNTY SHERIFF DEPT.,Accepted,BARREN,KY0090,,BURKESVILLE,RD,,,,,,,,36.90877566,-85.77375927,20.009,9/3/2025,1606,2,2,0,1,CLEAR,DRY,FALSE,OTHER ROADWAY OR MID-BLOCK COLLISION,REAR END,STRAIGHT & GRADE,DAYLIGHT,,,45915.38555,FALSE,163,Accepted,5,2,A,,INATTENTION,
35277367,0050000,BARREN COUNTY SHERIFF DEPT.,Accepted,BARREN,KY0070,,MAMMOTH CAVE,RD,,,,,,,,37.12741333,-86.05395289,0.5,9/6/2025,1315,2,2,0,0,CLOUDY,WET,FALSE,REAR END IN TRAFFIC LANES BOTH VEHICLES MOVING,REAR END,STRAIGHT & GRADE,DAYLIGHT,,,45915.38577,FALSE,181,Accepted,5,5,O,,INATTENTION,
35277368,0050000,BARREN COUNTY SHERIFF DEPT.,Accepted,BARREN,KY0090,2345,HAPPY VALLEY,RD,,,,,,,,37.0224267,-85.93592937,8.278,9/6/2025,1500,2,2,0,0,CLEAR,DRY,FALSE,VEHICLE BACKING NON INTERSECTION,BACKING,STRAIGHT & LEVEL,DAYLIGHT,,,45915.38584,FALSE,181,Accepted,5,5,O,,INATTENTION,
35277369,0050000,BARREN COUNTY SHERIFF DEPT.,Accepted,BARREN,KY0249,,ROSEVILLE,RD,,,,,BRISTLETOWN,,MT PLEASANT,36.91663956,-85.91788283,10.871,9/7/2025,945,1,1,0,0,CLEAR,DRY,FALSE,OTHER ROADWAY OR MID-BLOCK COLLISION,SINGLE VEHICLE,STRAIGHT & LEVEL,DAYLIGHT,,,45915.38592,FALSE,186,Accepted,5,5,O,,,
35277370,0050000,BARREN COUNTY SHERIFF DEPT.,Accepted,BARREN,KY0090,8042,HAPPY VALLEY,RD,,,,,,,,37.10757682,-85.97019997,2.381,9/8/2025,732,1,1,0,0,CLEAR,DRY,FALSE,COLLISION WITH ANIMAL NON INTERSECTION,SINGLE VEHICLE,STRAIGHT & LEVEL,DAYLIGHT,,,45915.38598,FALSE,152,Accepted,5,5,O,ANIMALS ACTION,,
35277372,0050000,BARREN COUNTY SHERIFF DEPT.,Accepted,BARREN,KY0087,,AUSTIN TRACY,RD,,,,,LEBANON CHURCH,,HAGAN,36.73591445,-85.95859652,0.304,9/9/2025,644,1,1,0,0,CLEAR,DRY,FALSE,COLLISION WITH ANIMAL NON INTERSECTION,SINGLE VEHICLE,STRAIGHT & HILLCREST,DAYLIGHT,,,45915.38604,FALSE,152,Accepted,5,5,O,ANIMALS ACTION,,
35277374,0050000,BARREN COUNTY SHERIFF DEPT.,Accepted,BARREN,KY0249,,ROSEVILLE,RD,,,,,,,,36.95028966,-85.91943513,13.249,9/3/2025,1,2,2,0,0,CLEAR,DRY,FALSE,SIDESWIPE COLLISION - OPPOSITE DIRECTION,SIDESWIPE-OPPOSITE DIRECTION,STRAIGHT & GRADE,DARK-HWY NOT LIGHTED,,,45915.38609,FALSE,174,Accepted,5,5,O,,FAILED TO KEEP PROPER LANE,
35277375,0050000,BARREN COUNTY SHERIFF DEPT.,Accepted,BARREN,KY0063,,TOMPKINSVILLE,RD,,,,,,,,36.95335002,-85.88449616,11.187,9/7/2025,2001,2,2,0,0,CLEAR,DRY,FALSE,SIDESWIPE COLLISION - OPPOSITE DIRECTION,SIDESWIPE-OPPOSITE DIRECTION,STRAIGHT & LEVEL,DARK-HWY NOT LIGHTED,,,45915.38612,FALSE,173,Accepted,5,5,O,OTHER,,
35277376,0050000,BARREN COUNTY SHERIFF DEPT.,Accepted,BARREN,,,ARNETT GROVE,RD,,,,,,,,37.02631232,-85.80407989,0.806,8/1/2025,418,2,2,0,0,CLEAR,DRY,FALSE,1 VEHICLE PARKED POSITION (NOT PARKING LOT/DRIVEWAY),SIDESWIPE-OPPOSITE DIRECTION,STRAIGHT & LEVEL,DARK-HWY NOT LIGHTED,,,45915.38616,FALSE,182,Accepted,5,5,O,,INATTENTION,
35277377,0050000,BARREN COUNTY SHERIFF DEPT.,Accepted,BARREN,KY0090,,HAPPY VALLEY,RD,,,,,,,,37.0525958,-85.95108896,6.465,8/19/2025,2044,1,1,0,0,CLEAR,DRY,FALSE,RAN OFF ROADWAY (1 VEHICLE WITH/EARTH EMBANKMENT/DITCH),SINGLE VEHICLE,STRAIGHT & LEVEL,DARK-HWY LIGHTED/ON,,,45915.3862,FALSE,182,Accepted,5,5,O,ANIMALS ACTION,,
35277378,0050000,BARREN COUNTY SHERIFF DEPT.,Accepted,BARREN,,,WHITES CHAPEL,RD,,,,,,,,36.93042933,-85.84514285,1.285,9/3/2025,500,1,1,0,0,FOG,DRY,FALSE,COLLISION WITH FIXED OBJECT NON - INTERSECTION - FIRST EVENT COLLISION 09 - 32 EXCLUDING 16,SINGLE VEHICLE,CURVE & GRADE,DARK-HWY NOT LIGHTED,,,45915.38624,FALSE,182,Accepted,5,5,O,"VIEW OBSTRUCTED, LIMITED DUE TO WEATHER CONDITIONS",DISTRACTION,
35277379,0050000,BARREN COUNTY SHERIFF DEPT.,Accepted,BARREN,,,HOLLOW,RD,,,,,,,,36.97921485,-85.88419782,0.321,9/5/2025,2038,2,2,0,0,CLEAR,DRY,FALSE,SIDESWIPE COLLISION - OPPOSITE DIRECTION,SIDESWIPE-OPPOSITE DIRECTION,CURVE & LEVEL,DARK-HWY NOT LIGHTED,,,45915.38627,FALSE,182,Accepted,5,5,O,,INATTENTION,
35277399,0050000,BARREN COUNTY SHERIFF DEPT.,Accepted,BARREN,US0031E,,JACKSON,HWY,N,KY0070,HISEVILLE,,,,,37.11292827,-85.87030678,23.043,8/25/2025,830,2,2,0,1,CLEAR,DRY,FALSE,ANGLE COLLISION - OTHER,ANGLE,STRAIGHT & LEVEL,DAYLIGHT,,,45915.38882,FALSE,181,Accepted,5,2,A,,INATTENTION,
35277402,0050000,BARREN COUNTY SHERIFF DEPT.,Accepted,BARREN,KY0249,,ROSEVILLE,RD,,,,,PAYNE MILL,KY0820,CANEY FORK,36.84088739,-85.91765705,5.316,9/9/2025,1317,2,2,0,0,CLEAR,DRY,FALSE,SIDESWIPE COLLISION - OPPOSITE DIRECTION,SIDESWIPE-OPPOSITE DIRECTION,STRAIGHT & HILLCREST,DAYLIGHT,,,45915.3889,FALSE,152,Accepted,5,5,O,,MISJUDGE CLEARANCE,
35277405,0050000,BARREN COUNTY SHERIFF DEPT.,Accepted,BARREN,KY0090,,HAPPY VALLEY,ST,E,,,,,,,37.12252174,-85.96205668,1.229,9/11/2025,946,2,2,0,0,CLEAR,DRY,FALSE,1 VEHICLE ENTERING/LEAVING ENTRANCE,ANGLE,STRAIGHT & LEVEL,DAYLIGHT,,,45915.38893,FALSE,184,Accepted,5,5,O,,INATTENTION,
35277407,0050000,BARREN COUNTY SHERIFF DEPT.,Accepted,BARREN,,,HOWSER,RD,,,,,,,,37.00696816,-86.13516636,1.248,9/10/2025,1726,2,2,0,0,CLEAR,DRY,FALSE,SIDESWIPE COLLISION - OPPOSITE DIRECTION,SIDESWIPE-OPPOSITE DIRECTION,STRAIGHT & LEVEL,DAYLIGHT,,,45915.38898,FALSE,174,Accepted,5,5,O,,FAILED TO KEEP PROPER LANE,
35277409,0050000,BARREN COUNTY SHERIFF DEPT.,Accepted,BARREN,,,WINDY HILL,RD,,,,,,,,36.94248553,-85.98041162,0.098,8/31/2025,2045,1,1,0,0,CLEAR,DRY,FALSE,COLLISION WITH FIXED OBJECT NON - INTERSECTION - FIRST EVENT COLLISION 09 - 32 EXCLUDING 16,SINGLE VEHICLE,STRAIGHT & GRADE,DARK-HWY NOT LIGHTED,,,45915.38903,FALSE,163,Accepted,5,5,O,,"NOT UNDER PROPER CONTROL, PHYSICAL DISABILITY, SICK",
35277410,0050000,BARREN COUNTY SHERIFF DEPT.,Accepted,BARREN,KY0090,,HAPPY VALLEY,RD,,,,,,,,37.06544392,-85.95997433,5.451,9/7/2025,1852,2,2,0,3,CLEAR,DRY,FALSE,1 VEHICLE ENTERING/LEAVING ENTRANCE,ANGLE,STRAIGHT & GRADE,DAYLIGHT,,,45915.38907,FALSE,163,Accepted,5,3,B,,NOT UNDER PROPER CONTROL,
35282000,0050100,GLASGOW POLICE DEPARTMENT,Accepted,BARREN,US0068X,,MAIN,ST,W,US0031E,L ROGERS WELLS,,,,,37.00206636,-85.92642947,1.689,9/9/2025,2030,2,2,0,0,CLEAR,DRY,FALSE,OTHER INTERSECTION COLLISIONS,REAR END,STRAIGHT & LEVEL,DARK-HWY LIGHTED/ON,,,45916.28009,FALSE,124,Accepted,5,5,O,,INATTENTION,
35282005,0050100,GLASGOW POLICE DEPARTMENT,Accepted,BARREN,US0031EX,,RACE,ST,N,,CHERRY,,,,,37.00172325,-85.90956055,1.928,9/10/2025,2000,2,2,0,0,CLEAR,DRY,FALSE,OPPOSING LEFT TURN,OPPOSING LEFT TURN,STRAIGHT & LEVEL,DARK-HWY LIGHTED/ON,,,45916.28019,FALSE,205,Accepted,5,5,O,,FAILED TO YIELD RIGHT OF WAY,
35282595,0050100,GLASGOW POLICE DEPARTMENT,Accepted,BARREN,US0031EX,,RACE,ST,N,,,,GLENVIEW,,ADAIRLAND,37.01147875,-85.90307925,2.715,9/7/2025,1959,1,1,0,0,CLEAR,DRY,FALSE,COLLISION WITH FIXED OBJECT NON - INTERSECTION - FIRST EVENT COLLISION 09 - 32 EXCLUDING 16,SINGLE VEHICLE,CURVE & LEVEL,DARK-HWY LIGHTED/ON,,,45916.39578,FALSE,257,Accepted,5,5,O,OTHER,"ALCOHOL INVOLVEMENT, OTHER",
35282597,0050100,GLASGOW POLICE DEPARTMENT,Accepted,BARREN,US0031EX,,GREEN,ST,S,US0031E,L ROGERS WELLS,,,,,36.98277018,-85.93137671,,9/11/2025,1553,2,2,0,0,CLOUDY,DRY,FALSE,OTHER INTERSECTION COLLISIONS,REAR END,STRAIGHT & HILLCREST,DAYLIGHT,,,45916.39584,FALSE,321,Accepted,5,5,O,,INATTENTION,
35285405,0050100,GLASGOW POLICE DEPARTMENT,Accepted,BARREN,,,TROJAN,TRL,,,,,,,,36.97607701,-85.92765767,0.922,9/12/2025,1505,2,2,0,0,CLEAR,DRY,FALSE,REAR END IN TRAFFIC LANES BOTH VEHICLES MOVING,REAR END,STRAIGHT & LEVEL,DAYLIGHT,,,45916.83399,FALSE,293,Accepted,5,5,O,,INATTENTION,
35290348,0050100,GLASGOW POLICE DEPARTMENT,Accepted,BARREN,KY0090,,HAPPY VALLEY,RD,,,,,WESTERN HILLS,,COMMERCE,37.01638956,-85.92887094,9.285,9/12/2025,1105,2,2,0,0,CLEAR,DRY,FALSE,SIDESWIPE COLLISION - SAME DIRECTION,SIDESWIPE-SAME DIRECTION,STRAIGHT & HILLCREST,DAYLIGHT,,,45917.87565,FALSE,294,Accepted,5,5,O,,INATTENTION,
35297442,0050100,GLASGOW POLICE DEPARTMENT,Accepted,BARREN,US0031E,,L ROGERS WELLS,BLVD,N,US0068X,MAIN,,,,,37.00206484,-85.92639473,14.259,9/16/2025,1253,2,2,0,0,CLEAR,DRY,FALSE,ANGLE COLLISION - ONE VEHICLE TURNING LEFT,ANGLE,STRAIGHT & LEVEL,DAYLIGHT,,,45919.53866,FALSE,436,Accepted,5,5,O,,"DISREGARD TRAFFIC CONTROL, INATTENTION",
35297443,0050100,GLASGOW POLICE DEPARTMENT,Accepted,BARREN,US0031EX,,RACE,ST,N,,,,PROFESSIONAL PARK,,GLENVIEW,37.01028122,-85.90324482,2.634,9/17/2025,1101,2,2,0,0,CLEAR,DRY,FALSE,OTHER ROADWAY OR MID-BLOCK COLLISION,OPPOSING LEFT TURN,STRAIGHT & LEVEL,DAYLIGHT,,,45919.53872,FALSE,257,Accepted,5,5,O,,"FAILED TO YIELD RIGHT OF WAY, INATTENTION",
35297468,0050100,GLASGOW POLICE DEPARTMENT,Accepted,BARREN,US0068X,1601,COLUMBIA,AVE,,,,,,,,37.00843368,-85.88655215,4.239,8/28/2025,1514,2,2,0,0,CLEAR,DRY,FALSE,1 VEHICLE ENTERING/LEAVING ENTRANCE,ANGLE,STRAIGHT & LEVEL,DAYLIGHT,,,45919.54205,FALSE,321,Accepted,5,5,O,,INATTENTION,
35297469,0050100,GLASGOW POLICE DEPARTMENT,Accepted,BARREN,KY3600,,GLASGOW OUTER LOOP,,,LN9008,LN9008 E EXIT8 OFF RAMP TO KY3600,,,,,36.99189044,-85.98062739,0.328,8/28/2025,1637,2,2,0,0,CLEAR,DRY,FALSE,OPPOSITE DIRECTION - BOTH VEHICLES GOING STRAIGHT AHEAD,SIDESWIPE-OPPOSITE DIRECTION,STRAIGHT & LEVEL,DUSK,,,45919.54209,FALSE,241,Accepted,5,5,O,,FAILED TO YIELD RIGHT OF WAY,
35297471,0050100,GLASGOW POLICE DEPARTMENT,Accepted,BARREN,,,GRAND,AVE,,,GREEN,,,,,37.00545355,-85.90356706,0.352,8/29/2025,1625,2,2,0,0,CLEAR,DRY,FALSE,OPPOSITE DIRECTION - BOTH VEHICLES GOING STRAIGHT AHEAD,SIDESWIPE-OPPOSITE DIRECTION,STRAIGHT & GRADE,DAYLIGHT,,,45919.54228,FALSE,241,Accepted,5,5,O,,OTHER,
35297472,0050100,GLASGOW POLICE DEPARTMENT,Accepted,BARREN,US0068X,,COLUMBIA,AVE,,,MCKENNA,,,,,36.99798961,-85.90644292,2.926,8/29/2025,2120,2,2,0,0,CLEAR,DRY,TRUE,SIDESWIPE-SAME DIRECTION,SIDESWIPE-SAME DIRECTION,STRAIGHT & GRADE,DARK-HWY LIGHTED/ON,,,45919.54233,FALSE,241,Accepted,5,5,O,,"ALCOHOL INVOLVEMENT, INATTENTION",
35301430,0050100,GLASGOW POLICE DEPARTMENT,Accepted,BARREN,US0031E,,L ROGERS WELLS,BLVD,S,,GRANDVIEW,,,,,36.99431285,-85.93178248,13.645,9/12/2025,1609,1,1,0,0,CLEAR,DRY,FALSE,NON-COLLISION OBJECT COLLISION,SINGLE VEHICLE,STRAIGHT & LEVEL,DAYLIGHT,,,45920.67496,FALSE,250,Accepted,5,5,O,,DRUG INVOLVEMENT,
35301645,0050100,GLASGOW POLICE DEPARTMENT,Accepted,BARREN,,,TAYLOR,ST,,,,,WITHERS,US0068X,COLUMBIA,37.00182568,-85.89896382,0.004,9/15/2025,1649,1,1,0,0,CLEAR,DRY,FALSE,COLLISION WITH FIXED OBJECT NON - INTERSECTION - FIRST EVENT COLLISION 09 - 32 EXCLUDING 16,SINGLE VEHICLE,STRAIGHT & LEVEL,DAYLIGHT,,,45920.73242,FALSE,294,Accepted,5,5,O,FIXED OBJECT(S),,STEERING FAILURE
35301647,0050100,GLASGOW POLICE DEPARTMENT,Accepted,BARREN,US0068X,,MAIN,ST,W,,,US0031EX,PUBLIC,US0031EX,PUBLIC,36.99632728,-85.91286773,2.526,9/18/2025,1012,2,1,0,0,CLEAR,DRY,FALSE,COLLISION WITH PEDESTRIAN NON - INTERSECTION,SINGLE VEHICLE,STRAIGHT & LEVEL,DAYLIGHT,,,45920.73246,FALSE,294,Accepted,5,5,O,,INATTENTION,
35305869,0050100,GLASGOW POLICE DEPARTMENT,Accepted,BARREN,KY0090,,HAPPY VALLEY,RD,,,,,ENSMINGER,US0031E,L ROGERS WELLS,37.00983137,-85.92199489,9.887,9/21/2025,1248,3,3,0,0,CLOUDY,WET,FALSE,OTHER ROADWAY OR MID-BLOCK COLLISION,REAR END,STRAIGHT & LEVEL,DAYLIGHT,,,45922.28441,FALSE,250,Accepted,5,5,O,SLIPPERY SURFACE,,
35307121,KSP0300,"KY STATE POLICE, POST 03",Accepted,BARREN,KY1297,,OLD BOWLING GREEN,RD,,,,,,,,36.97828399,-86.07566236,4.272,9/16/2025,914,2,2,0,0,CLEAR,DRY,FALSE,SIDESWIPE COLLISION - OPPOSITE DIRECTION,SIDESWIPE-OPPOSITE DIRECTION,STRAIGHT & LEVEL,DAYLIGHT,,,45922.47766,FALSE,369,Accepted,5,5,O,,MISJUDGE CLEARANCE,MIRRORS
35310470,0050100,GLASGOW POLICE DEPARTMENT,Accepted,BARREN,US0031EX,,PUBLIC,SQ,N,,,,,,,36.9961482,-85.91240403,1.492,9/17/2025,1541,2,2,0,0,CLEAR,DRY,FALSE,VEHICLE BACKING NON INTERSECTION,BACKING,STRAIGHT & LEVEL,DAYLIGHT,,,45923.23573,FALSE,236,Accepted,5,5,O,,IMPROPER BACKING,
35310866,0050000,BARREN COUNTY SHERIFF DEPT.,Accepted,BARREN,,,H MILLER,RD,,,,,,,,36.98592616,-85.87456289,0.408,9/11/2025,41,1,1,0,2,CLOUDY,DRY,FALSE,COLLISION WITH FIXED OBJECT NON - INTERSECTION - FIRST EVENT COLLISION 09 - 32 EXCLUDING 16,SINGLE VEHICLE,STRAIGHT & GRADE,DARK-HWY NOT LIGHTED,,,45923.37187,FALSE,174,Accepted,5,2,A,,NOT UNDER PROPER CONTROL,
35310867,0050000,BARREN COUNTY SHERIFF DEPT.,Accepted,BARREN,KY0087,,AUSTIN TRACY,RD,,,,,,,,36.81419578,-86.00385881,7.354,9/13/2025,1944,1,1,0,0,CLEAR,DRY,FALSE,COLLISION WITH ANIMAL NON INTERSECTION,SINGLE VEHICLE,STRAIGHT & LEVEL,DARK-HWY NOT LIGHTED,,,45923.37191,FALSE,174,Accepted,5,5,O,ANIMALS ACTION,,
35310869,0050000,BARREN COUNTY SHERIFF DEPT.,Accepted,BARREN,US0031W,,LOUISVILLE,RD,,,,,,,,37.09290315,-86.02370437,2.555,9/17/2025,1649,2,2,0,0,CLEAR,DRY,FALSE,HEAD-ON COLLISION,HEAD ON,STRAIGHT & LEVEL,DAYLIGHT,,,45923.37195,FALSE,184,Accepted,5,5,O,,INATTENTION,
35310871,0050000,BARREN COUNTY SHERIFF DEPT.,Accepted,BARREN,KY1318,,RENFRO,RD,,,,,,,,36.88515255,-85.93462903,8.894,8/31/2025,2300,1,1,0,0,CLEAR,DRY,TRUE,COLLISION WITH FIXED OBJECT NON - INTERSECTION - FIRST EVENT COLLISION 09 - 32 EXCLUDING 16,SINGLE VEHICLE,CURVE & LEVEL,DARK (UNKNOWN ROADWAY LIGHTING),,,45923.37198,FALSE,181,Accepted,5,5,O,,NOT UNDER PROPER CONTROL,
35310872,0050000,BARREN COUNTY SHERIFF DEPT.,Accepted,BARREN,,,MAYHEW,RD,,,,,,,,37.04115433,-86.03981685,1.285,9/18/2025,1420,2,2,0,1,CLEAR,DRY,FALSE,SIDESWIPE COLLISION - OPPOSITE DIRECTION,SIDESWIPE-OPPOSITE DIRECTION,CURVE & LEVEL,DAYLIGHT,,,45923.37201,FALSE,184,Accepted,4,4,C,,INATTENTION,
35310876,0050000,BARREN COUNTY SHERIFF DEPT.,Accepted,BARREN,KY0090,,HAPPY VALLEY,RD,,,DRIPPING SPRINGS,,,,,37.04147096,-85.94602261,7.29,9/13/2025,2016,2,2,0,1,CLEAR,DRY,FALSE,SIDESWIPE-SAME DIRECTION,SIDESWIPE-SAME DIRECTION,STRAIGHT & LEVEL,DARK-HWY LIGHTED/ON,,,45923.37211,FALSE,189,Accepted,5,4,C,,INATTENTION,
35310877,0050000,BARREN COUNTY SHERIFF DEPT.,Accepted,BARREN,,,BISHOP,RD,,,,,,,,37.01399957,-85.9970643,0.066,9/15/2025,2017,1,1,0,0,CLEAR,DRY,FALSE,COLLISION WITH FIXED OBJECT NON - INTERSECTION - FIRST EVENT COLLISION 09 - 32 EXCLUDING 16,SINGLE VEHICLE,STRAIGHT & GRADE,DARK-HWY NOT LIGHTED,,,45923.37214,FALSE,189,Accepted,5,5,O,ANIMALS ACTION,,
35310881,0050000,BARREN COUNTY SHERIFF DEPT.,Accepted,BARREN,KY0070,,HISEVILLE,RD,,,,,,,,37.08658229,-85.79526332,16.56,9/22/2025,652,1,1,0,1,CLEAR,DRY,FALSE,RAN OFF ROADWAY (1 VEHICLE WITH/EARTH EMBANKMENT/DITCH),SINGLE VEHICLE,STRAIGHT & LEVEL,DAYLIGHT,,,45923.37227,FALSE,181,Accepted,3,3,B,,,