IncidentID,AgencyORI,AgencyName,IncidentStatusDesc,County,RdwyNumber,Street,RoadwayName,StreetSfx,StreetDir,IntersectionRdwy,IntersectionRdwyName,BetweenStRdwy1,BetweenStRdwyName1,BetweenStRdwy2,BetweenStRdwyName2,Latitude,Longitude,Milepoint,CollisionDate,CollisionTime,UnitsInvolved,MotorVehiclesInvolved,NumberKilled,NumberInjured,Weather,RdwyConditionCode,HitandRun,DirAnalysisCode,MannerofCollision,RdwyCharacter,LightCondition,RampFromRdwyId,RampToRdwyId,AcceptedDate,IsSecondaryCollision,OwnerBadge,IncidentStatus,InjurySeverityCde,KABCO_Code,KABCO,Environmental_Factors,Human_Factors,Vehicular_Factors
35317750,0050100,GLASGOW POLICE DEPARTMENT,Accepted,BARREN,US0068X,,MAIN,ST,W,US0031E,L ROGERS WELLS,,,,,37.00205855,-85.92637335,1.691,9/19/2025,1517,2,2,0,0,CLOUDY,DRY,FALSE,OTHER INTERSECTION COLLISIONS,REAR END,STRAIGHT & HILLCREST,DAYLIGHT,,,45924.76229,FALSE,226,Accepted,5,5,O,,INATTENTION,
35317868,0050100,GLASGOW POLICE DEPARTMENT,Accepted,BARREN,US0031EX,,RACE,ST,N,,MITCHELL,,,,,36.99880027,-85.9112912,1.71,9/19/2025,1513,3,3,0,0,CLEAR,DRY,FALSE,OTHER INTERSECTION COLLISIONS,REAR END,STRAIGHT & LEVEL,DAYLIGHT,,,45924.78243,FALSE,166,Accepted,5,5,O,,"DISTRACTION, INATTENTION",
35318040,0050100,GLASGOW POLICE DEPARTMENT,Accepted,BARREN,KY0090,,HAPPY VALLEY,RD,,,,,AIRPORT,,PERKINS,37.03334656,-85.94274248,7.876,9/20/2025,1932,1,1,0,0,CLEAR,DRY,FALSE,OTHER COLLISIONS ON SHOULDER,SINGLE VEHICLE,STRAIGHT & LEVEL,DARK-HWY NOT LIGHTED,,,45924.81625,FALSE,345,Accepted,5,5,O,,"INATTENTION, NOT UNDER PROPER CONTROL, TOO FAST FOR CONDITIONS",
35318043,0050100,GLASGOW POLICE DEPARTMENT,Accepted,BARREN,KY0090,,HAPPY VALLEY,RD,,US0068,VETERANS OUTER,,,,,37.02423937,-85.93577981,8.587,9/20/2025,2148,2,2,0,0,CLEAR,DRY,FALSE,ANGLE COLLISION - OTHER,ANGLE,STRAIGHT & LEVEL,DARK-HWY LIGHTED/ON,,,45924.81635,FALSE,337,Accepted,5,5,O,,INATTENTION,
35325305,0050100,GLASGOW POLICE DEPARTMENT,Accepted,BARREN,KY0090,,HAPPY VALLEY,RD,,,,,SHALIMAR,,ENSMINGER,37.01061033,-85.92358303,9.772,9/20/2025,1430,2,2,0,0,CLEAR,DRY,FALSE,1 VEHICLE ENTERING/LEAVING ENTRANCE,ANGLE,STRAIGHT & LEVEL,DAYLIGHT,,,45926.4603,FALSE,30,Accepted,5,5,O,,INATTENTION,
35336157,0050000,BARREN COUNTY SHERIFF DEPT.,Accepted,BARREN,LN9008,,LOUIE B. NUNN CUMBERLAND,EXPY,,,,,,,,36.99883339,-85.99466054,7.799,9/23/2025,810,2,2,0,0,CLOUDY,WET,FALSE,REAR END IN TRAFFIC LANES BOTH VEHICLES MOVING,REAR END,STRAIGHT & GRADE,DAYLIGHT,,,45929.56623,FALSE,170,Accepted,5,5,O,,MISJUDGE CLEARANCE,
35336158,0050000,BARREN COUNTY SHERIFF DEPT.,Accepted,BARREN,KY0249,,ROSEVILLE,RD,,,,,,,,36.95472027,-85.91674246,13.589,9/24/2025,1116,1,1,0,0,CLOUDY,DRY,FALSE,OTHER COLLISIONS ON SHOULDER,SINGLE VEHICLE,STRAIGHT & LEVEL,DAYLIGHT,,,45929.56627,FALSE,170,Accepted,5,5,O,,OTHER,
35336159,0050000,BARREN COUNTY SHERIFF DEPT.,Accepted,BARREN,US0031E,,SCOTTSVILLE,RD,,,,,,,,36.89290399,-86.01516273,4.8,9/18/2025,1908,1,1,0,0,CLEAR,DRY,FALSE,COLLISION WITH ANIMAL NON INTERSECTION,SINGLE VEHICLE,STRAIGHT & GRADE,DARK-HWY NOT LIGHTED,,,45929.56631,FALSE,163,Accepted,5,5,O,ANIMALS ACTION,,
35336166,0050000,BARREN COUNTY SHERIFF DEPT.,Accepted,BARREN,,,BECKTON ROCKY HILL,RD,,,,,GREEN CREEK,KY0255,ROCKY HILL,36.96001731,-86.05000421,2.027,9/28/2025,1653,2,2,0,0,CLEAR,DRY,TRUE,SIDESWIPE COLLISION - OPPOSITE DIRECTION,SIDESWIPE-OPPOSITE DIRECTION,CURVE & LEVEL,DAYLIGHT,,,45929.5665,FALSE,124,Accepted,5,5,O,,,
35336473,0050000,BARREN COUNTY SHERIFF DEPT.,Accepted,BARREN,KY0249,,ROSEVILLE,RD,,,,,,,,36.91702069,-85.91783573,10.898,9/28/2025,1547,2,1,0,0,CLEAR,DRY,TRUE,SIDESWIPE COLLISION - OPPOSITE DIRECTION,SIDESWIPE-OPPOSITE DIRECTION,STRAIGHT & LEVEL,DAYLIGHT,,,45929.56641,FALSE,181,Accepted,5,5,O,,FAILED TO KEEP PROPER LANE,
35336560,0050100,GLASGOW POLICE DEPARTMENT,Accepted,BARREN,,,PRITCHARDSVILLE,RD,,US0031E,SCOTTSVILLE,,,,,36.97618352,-85.9363173,0.009,9/16/2025,709,2,2,0,0,CLEAR,DRY,FALSE,OTHER INTERSECTION COLLISIONS,REAR END,STRAIGHT & LEVEL,DAYLIGHT,,,45929.6207,FALSE,437,Accepted,5,5,O,,INATTENTION,
35336562,0050100,GLASGOW POLICE DEPARTMENT,Accepted,BARREN,,,HAPPY VALLEY,RD,,US0031E,L ROGERS WELLS,,,,,37.00958097,-85.92141843,,9/24/2025,1400,2,2,0,0,CLEAR,DRY,FALSE,SIDESWIPE-SAME DIRECTION,SIDESWIPE-SAME DIRECTION,STRAIGHT & LEVEL,DAYLIGHT,,,45929.62076,FALSE,113,Accepted,5,5,O,,"EMOTIONAL, IMPROPER PASSING, MISJUDGE CLEARANCE",
35336563,0050100,GLASGOW POLICE DEPARTMENT,Accepted,BARREN,KY1297,1113,OLD BOWLING GREEN,RD,,,,,DAWN,,WESTWOOD,36.98873895,-85.93436533,12.678,9/23/2025,1247,2,2,0,0,CLEAR,DRY,FALSE,REAR END IN TRAFFIC LANES BOTH VEHICLES MOVING,REAR END,STRAIGHT & LEVEL,DAYLIGHT,,,45929.62083,FALSE,437,Accepted,5,5,O,,INATTENTION,
35336565,0050100,GLASGOW POLICE DEPARTMENT,Accepted,BARREN,US0031E,,SCOTTSVILLE,RD,,,,,BEVERLY HILLS,KY2207,FORK,36.97157927,-85.94104035,11.888,9/23/2025,702,2,2,0,0,CLEAR,WET,FALSE,OTHER ROADWAY OR MID-BLOCK COLLISION,REAR END,STRAIGHT & LEVEL,DAYLIGHT,,,45929.6209,FALSE,441,Accepted,5,5,O,,INATTENTION,
35336585,0050100,GLASGOW POLICE DEPARTMENT,Accepted,BARREN,US0031EX,,PUBLIC,SQ,N,,,,GREEN,US0031EX,PUBLIC,36.99591849,-85.91194461,1.466,9/24/2025,1345,2,2,0,0,CLOUDY,DRY,FALSE,VEHICLE BACKING NON INTERSECTION,BACKING,STRAIGHT & LEVEL,DAYLIGHT,,,45929.62195,FALSE,436,Accepted,5,5,O,,MISJUDGE CLEARANCE,
35336586,0050100,GLASGOW POLICE DEPARTMENT,Accepted,BARREN,US0031E,,L ROGERS WELLS,BLVD,S,US0068X,MAIN,,,,,37.00185748,-85.92647659,14.244,9/24/2025,1223,2,2,0,0,CLOUDY,DRY,FALSE,SIDESWIPE-SAME DIRECTION,SIDESWIPE-SAME DIRECTION,STRAIGHT & LEVEL,DAYLIGHT,,,45929.62199,FALSE,437,Accepted,5,5,O,,INATTENTION,
35339982,0050100,GLASGOW POLICE DEPARTMENT,Accepted,BARREN,US0068X,,MAIN,ST,W,,SAMSON,,,,,36.99868255,-85.91923502,2.144,9/26/2025,905,2,2,0,0,CLEAR,DRY,FALSE,SIDESWIPE-SAME DIRECTION,SIDESWIPE-SAME DIRECTION,STRAIGHT & LEVEL,DAYLIGHT,,,45930.38949,FALSE,30,Accepted,5,5,O,,INATTENTION,
35341387,0050200,CAVE CITY POLICE DEPARTMENT,Accepted,BARREN,US0031W,,DIXIE,HWY,N,,,,,,,37.13911095,-85.95204777,7.706,9/14/2025,441,1,1,0,0,CLEAR,DRY,FALSE,COLLISION WITH FIXED OBJECT NON - INTERSECTION - FIRST EVENT COLLISION 09 - 32 EXCLUDING 16,SINGLE VEHICLE,CURVE & LEVEL,DARK-HWY LIGHTED/ON,,,45930.6164,FALSE,606,Accepted,5,5,O,,"FATIGUE, FELL ASLEEP",
35347080,0050100,GLASGOW POLICE DEPARTMENT,Accepted,BARREN,US0031E,,SCOTTSVILLE,RD,,,,KY2207,FORK,,FORK,36.97402315,-85.93870261,12.1,9/24/2025,1525,2,2,0,0,CLEAR,DRY,FALSE,OTHER ROADWAY OR MID-BLOCK COLLISION,REAR END,STRAIGHT & LEVEL,DAYLIGHT,,,45931.76705,FALSE,441,Accepted,5,5,O,,INATTENTION,
35347518,0050100,GLASGOW POLICE DEPARTMENT,Accepted,BARREN,,,FRONT,ST,W,,GREEN,,,,,36.99755882,-85.91074419,0.075,10/1/2025,1539,2,2,0,0,CLEAR,DRY,TRUE,ANGLE COLLISION - OTHER,ANGLE,STRAIGHT & LEVEL,DAYLIGHT,,,45931.85434,FALSE,250,Accepted,5,5,O,,INATTENTION,
35347519,0050100,GLASGOW POLICE DEPARTMENT,Accepted,BARREN,,,LEXINGTON,DR,,,STATE,,,,,37.00969524,-85.91153691,0.307,9/30/2025,715,2,2,0,1,CLEAR,DRY,FALSE,ANGLE COLLISION - OTHER,ANGLE,STRAIGHT & LEVEL,DAYLIGHT,,,45931.85439,FALSE,30,Accepted,5,3,B,GLARE (SUN),,
35349133,0050100,GLASGOW POLICE DEPARTMENT,Accepted,BARREN,KY0090,,HAPPY VALLEY,RD,,,,,AIRPORT,,BEAVER,37.03240784,-85.94240703,7.944,9/27/2025,1157,2,2,0,2,CLEAR,DRY,FALSE,REAR END IN TRAFFIC LANES BOTH VEHICLES MOVING,REAR END,STRAIGHT & LEVEL,DAYLIGHT,,,45932.28097,FALSE,317,Accepted,5,3,B,,"IMPROPER PASSING, INATTENTION",
35352386,0050100,GLASGOW POLICE DEPARTMENT,Accepted,BARREN,,200,LESLIE,AVE,,,CLEVELAND,,,,,36.9935976,-85.91860015,0.401,9/18/2025,1440,2,2,0,0,CLEAR,DRY,FALSE,VEHICLE BACKING IN INTERSECTION,BACKING,STRAIGHT & LEVEL,DAYLIGHT,,,45932.80221,FALSE,317,Accepted,5,5,O,,INATTENTION,
35356835,0050100,GLASGOW POLICE DEPARTMENT,Accepted,BARREN,,,BROADWAY,ST,S,,WASHINGTON,,,,,36.99458683,-85.91133275,0.066,9/27/2025,1716,2,2,0,0,CLEAR,DRY,FALSE,ANGLE COLLISION - OTHER,ANGLE,STRAIGHT & LEVEL,DAYLIGHT,,,45933.81784,FALSE,317,Accepted,5,5,O,,DISREGARD TRAFFIC CONTROL,
35356836,0050100,GLASGOW POLICE DEPARTMENT,Accepted,BARREN,,,SMITH,RD,,,WALL,,,,,37.0074258,-85.92330521,0.138,9/29/2025,1610,2,2,0,0,CLEAR,DRY,FALSE,OTHER INTERSECTION COLLISIONS,REAR END,STRAIGHT & LEVEL,DAYLIGHT,,,45933.81788,FALSE,317,Accepted,5,5,O,,INATTENTION,
35361054,0050100,GLASGOW POLICE DEPARTMENT,Accepted,BARREN,LN9008,,LN9008 W,,,,,LN9008,LN9008 W EXIT11 OFF RAMP TO US31E,LN9008,LN9008 W EXIT14 ON RAMP FROM KY90,36.97326439,-85.91750384,12.541,9/22/2025,1629,1,1,0,3,RAINING,WET,FALSE,OTHER COLLISIONS ON SHOULDER,SINGLE VEHICLE,CURVE & LEVEL,DAYLIGHT,,,45935.19952,FALSE,439,Accepted,4,4,C,"SLIPPERY SURFACE, WATER POOLING",OVERCORRECTING/OVERSTEERING,
35364928,0050000,BARREN COUNTY SHERIFF DEPT.,Accepted,BARREN,KY0090,,BURKESVILLE,RD,,,,,,,,36.90358799,-85.75256849,21.274,9/13/2025,350,1,1,0,0,CLEAR,DRY,FALSE,COLLISION WITH ANIMAL NON INTERSECTION,SINGLE VEHICLE,STRAIGHT & LEVEL,DARK-HWY NOT LIGHTED,,,45936.39138,FALSE,182,Accepted,5,5,O,ANIMALS ACTION,,
35364929,0050000,BARREN COUNTY SHERIFF DEPT.,Accepted,BARREN,KY3600,,GLASGOW OUTER LOOP,,,,,,,,,36.99173067,-85.98068955,0.334,9/24/2025,2209,2,2,0,0,CLEAR,DRY,FALSE,1 VEHICLE ENTERING/LEAVING ENTRANCE,ANGLE,STRAIGHT & LEVEL,DARK-HWY LIGHTED/ON,,,45936.39143,FALSE,182,Accepted,5,5,O,,INATTENTION,
35364931,0050000,BARREN COUNTY SHERIFF DEPT.,Accepted,BARREN,KY1297,,OLD BOWLING GREEN,RD,,,,,,,,36.98482091,-86.04758503,5.966,10/1/2025,1701,2,2,0,0,CLEAR,DRY,TRUE,OTHER ROADWAY OR MID-BLOCK COLLISION,,STRAIGHT & LEVEL,DAYLIGHT,,,45936.39149,FALSE,185,Accepted,5,5,O,,,LOAD SECUREMENT
35365155,KSP0300,"KY STATE POLICE, POST 03",Accepted,BARREN,US0031E,,SCOTTSVILLE,RD,,,,,,,,36.88574561,-86.02208821,4.15,10/3/2025,905,1,1,0,0,CLEAR,DRY,FALSE,COLLISION WITH FIXED OBJECT NON - INTERSECTION - FIRST EVENT COLLISION 09 - 32 EXCLUDING 16,SINGLE VEHICLE,STRAIGHT & LEVEL,DAYLIGHT,,,45936.43672,FALSE,650,Accepted,5,5,O,,"ALCOHOL INVOLVEMENT, NOT UNDER PROPER CONTROL",
35369015,0050100,GLASGOW POLICE DEPARTMENT,Accepted,BARREN,KY1297,,OLD BOWLING GREEN,RD,,,,,INDUSTRIAL,,SOCCER,36.99413701,-85.95597229,11.372,9/26/2025,715,2,2,0,0,CLEAR,DRY,FALSE,HEAD-ON COLLISION,HEAD ON,CURVE & LEVEL,DAYLIGHT,,,45937.33015,FALSE,441,Accepted,5,5,O,GLARE (SUN),FAILED TO KEEP PROPER LANE,
35369016,0050100,GLASGOW POLICE DEPARTMENT,Accepted,BARREN,US0068X,,MAIN,ST,W,,,US0031E,L ROGERS WELLS,,CROSS,37.00132576,-85.92522078,1.772,10/4/2025,1127,2,2,0,0,CLEAR,DRY,FALSE,REAR END IN TRAFFIC LANES BOTH VEHICLES MOVING,REAR END,STRAIGHT & GRADE,DAYLIGHT,,,45937.33018,FALSE,257,Accepted,5,5,O,,"NOT UNDER PROPER CONTROL, OTHER",
35369021,0050100,GLASGOW POLICE DEPARTMENT,Accepted,BARREN,US0031E,,SCOTTSVILLE,RD,,,,,BEVERLY HILLS,KY2207,FORK,36.97154881,-85.9408485,11.892,9/23/2025,722,3,3,0,0,CLOUDY,WET,FALSE,REAR END IN TRAFFIC LANES BOTH VEHICLES MOVING,REAR END,STRAIGHT & LEVEL,DAYLIGHT,,,45937.33027,FALSE,436,Accepted,5,5,O,,INATTENTION,
35371017,0050200,CAVE CITY POLICE DEPARTMENT,Accepted,BARREN,KY0090,,HAPPY VALLEY,ST,E,,GLENWOOD,,,,,37.12152716,-85.96207042,1.295,9/29/2025,2012,2,2,0,0,CLEAR,DRY,FALSE,OTHER INTERSECTION COLLISIONS,REAR END,STRAIGHT & LEVEL,DARK-HWY NOT LIGHTED,,,45937.72735,FALSE,606,Accepted,5,5,O,,CELL PHONE,
35371363,0050100,GLASGOW POLICE DEPARTMENT,Accepted,BARREN,US0031E,,L ROGERS WELLS,BLVD,N,,SMITH,,,,,37.00573446,-85.92457286,14.435,10/1/2025,1501,2,2,0,0,CLEAR,DRY,FALSE,ANGLE COLLISION - OTHER,ANGLE,STRAIGHT & LEVEL,DAYLIGHT,,,45937.81346,FALSE,298,Accepted,5,5,O,,"FAILED TO YIELD RIGHT OF WAY, INATTENTION",
35373578,0050100,GLASGOW POLICE DEPARTMENT,Accepted,BARREN,KY0249,,BUNCHE,AVE,,US0031EX,GREEN,,,,,36.9902249,-85.91633567,16.228,10/2/2025,659,2,2,0,0,CLEAR,DRY,FALSE,ANGLE COLLISION - ONE VEHICLE TURNING LEFT,ANGLE,STRAIGHT & LEVEL,DAYLIGHT,,,45938.47541,FALSE,441,Accepted,5,5,O,,INATTENTION,
35373580,0050100,GLASGOW POLICE DEPARTMENT,Accepted,BARREN,,,HUME,WAY,,,,,,,,36.96891804,-85.9226805,0.35,10/6/2025,1316,1,1,0,0,CLOUDY,WET,FALSE,COLLISION WITH FIXED OBJECT NON - INTERSECTION - FIRST EVENT COLLISION 09 - 32 EXCLUDING 16,SINGLE VEHICLE,CURVE & LEVEL,DAYLIGHT,,,45938.47548,FALSE,442,Accepted,5,5,O,SLIPPERY SURFACE,NOT UNDER PROPER CONTROL,
35375582,0050100,GLASGOW POLICE DEPARTMENT,Accepted,BARREN,,,CHERRY,ST,W,,WALL,,,,,37.00812367,-85.92139904,0.069,10/7/2025,1454,2,2,0,0,CLOUDY,WET,FALSE,OTHER INTERSECTION COLLISIONS,REAR END,STRAIGHT & GRADE,DAYLIGHT,,,45938.8163,FALSE,202,Accepted,5,5,O,SLIPPERY SURFACE,NOT UNDER PROPER CONTROL,
35380191,0050100,GLASGOW POLICE DEPARTMENT,Accepted,BARREN,US0031EX,,RACE,ST,N,,CHERRY,,,,,37.00163017,-85.9095267,1.928,10/9/2025,1600,1,1,0,1,CLEAR,DRY,FALSE,COLLISION WITH FIXED OBJECT IN INTERSECTION - FIRST EVENT COLLISION 09 - 32,SINGLE VEHICLE,STRAIGHT & LEVEL,DAYLIGHT,,,45939.85144,FALSE,30,Accepted,5,3,B,,LOST CONSCIOUSNESS/FAINTED,
35386134,0050100,GLASGOW POLICE DEPARTMENT,Accepted,BARREN,,,ST MARYS,CT,,,JOANN,,,,,36.9900262,-85.92004428,0.177,10/4/2025,1924,2,2,0,0,CLEAR,DRY,FALSE,COLLISION WITH PARKED VEHICLE,BACKING,STRAIGHT & GRADE,DARK-HWY LIGHTED/ON,,,45941.24239,FALSE,439,Accepted,5,5,O,,MISJUDGE CLEARANCE,
35386138,0050100,GLASGOW POLICE DEPARTMENT,Accepted,BARREN,KY0090,,HAPPY VALLEY,RD,,,MAX WAGNER,,,,,37.0229956,-85.93463567,8.713,10/5/2025,1803,2,2,0,0,CLEAR,DRY,FALSE,OTHER INTERSECTION COLLISIONS,REAR END,STRAIGHT & GRADE,DUSK,,,45941.24251,FALSE,337,Accepted,5,5,O,,INATTENTION,
35386139,0050100,GLASGOW POLICE DEPARTMENT,Accepted,BARREN,US0031E,,L ROGERS WELLS,BLVD,N,US0068X,MAIN,,,,,37.0022835,-85.92629978,14.269,10/4/2025,2010,2,2,0,0,CLEAR,DRY,FALSE,OTHER INTERSECTION COLLISIONS,REAR END,STRAIGHT & LEVEL,DARK-HWY LIGHTED/ON,,,45941.24254,FALSE,345,Accepted,5,5,O,,MISJUDGE CLEARANCE,
35388976,0050100,GLASGOW POLICE DEPARTMENT,Accepted,BARREN,US0031E,,L ROGERS WELLS,BLVD,S,,,,CROSS,US0068X,MAIN,37.00051007,-85.92715629,14.145,9/27/2025,2008,2,2,0,0,CLEAR,DRY,FALSE,SIDESWIPE COLLISION - SAME DIRECTION,SIDESWIPE-SAME DIRECTION,STRAIGHT & LEVEL,DARK-HWY LIGHTED/ON,,,45942.27216,FALSE,205,Accepted,5,5,O,,INATTENTION,
35388985,0050100,GLASGOW POLICE DEPARTMENT,Accepted,BARREN,US0068X,,MAIN,ST,W,,,,SHANE,US0031E,L ROGERS WELLS,37.00263475,-85.92741429,1.621,10/2/2025,1607,2,2,0,0,CLEAR,DRY,FALSE,1 VEHICLE ENTERING/LEAVING ENTRANCE,ANGLE,STRAIGHT & LEVEL,DAYLIGHT,,,45942.27236,FALSE,403,Accepted,5,5,O,BACKUP DUE TO REGULAR CONGESTION,"INATTENTION, TURNING IMPROPERLY",
35388986,0050100,GLASGOW POLICE DEPARTMENT,Accepted,BARREN,KY0249,,ROSEVILLE,RD,,,JOE TRAYLOR,,,,,36.98679305,-85.91381605,15.897,9/28/2025,1722,2,2,0,0,CLEAR,DRY,FALSE,OTHER INTERSECTION COLLISIONS,REAR END,STRAIGHT & LEVEL,DAYLIGHT,,,45942.2724,FALSE,403,Accepted,5,5,O,,INATTENTION,
35397685,0050100,GLASGOW POLICE DEPARTMENT,Accepted,BARREN,US0031EX,,PUBLIC,SQ,N,,,,,,,36.99617408,-85.91280485,1.509,10/7/2025,1557,3,3,0,0,CLEAR,DRY,FALSE,1 VEHICLE PARKED POSITION (NOT PARKING LOT/DRIVEWAY),ANGLE,CURVE & HILLCREST,DAYLIGHT,,,45944.35,TRUE,294,Accepted,5,5,O,,INATTENTION,
35397916,0050100,GLASGOW POLICE DEPARTMENT,Accepted,BARREN,,,GRANDVIEW,AVE,,,COMMERCIAL,,,,,36.99607535,-85.93194847,0.619,10/11/2025,1054,2,2,0,0,CLEAR,DRY,FALSE,ANGLE COLLISION - OTHER,ANGLE,STRAIGHT & LEVEL,DAYLIGHT,,,45944.39646,FALSE,403,Accepted,5,5,O,,"INATTENTION, OTHER",
35397919,0050100,GLASGOW POLICE DEPARTMENT,Accepted,BARREN,,,GREEN,ST,N,,FRONT,,,,,36.99755402,-85.91073796,0.131,10/11/2025,1535,2,2,0,0,CLEAR,DRY,FALSE,ANGLE COLLISION - OTHER,ANGLE,STRAIGHT & LEVEL,DAYLIGHT,,,45944.39652,FALSE,403,Accepted,5,5,O,,INATTENTION,
35397925,0050100,GLASGOW POLICE DEPARTMENT,Accepted,BARREN,KY3600,,GLASGOW OUTER LOOP,,,,,US0068X,NEW GLASGOW,KY3600,KY3600 CROSSOVER,37.00885704,-85.95563229,2.238,10/11/2025,2341,1,1,0,0,CLEAR,DRY,FALSE,COLLISION WITH ANIMAL NON INTERSECTION,SINGLE VEHICLE,STRAIGHT & LEVEL,DARK-HWY NOT LIGHTED,,,45944.39662,FALSE,205,Accepted,5,5,O,ANIMALS ACTION,,
35397927,0050100,GLASGOW POLICE DEPARTMENT,Accepted,BARREN,US0031E,,JACKSON,HWY,N,,HUTCHERSON,,,,,37.04090949,-85.90159606,17.583,10/12/2025,1456,2,2,0,1,CLEAR,DRY,FALSE,OTHER INTERSECTION COLLISIONS,REAR END,STRAIGHT & LEVEL,DAYLIGHT,,,45944.39667,FALSE,403,Accepted,5,2,A,,"DISTRACTION, INATTENTION",
35399656,0050000,BARREN COUNTY SHERIFF DEPT.,Accepted,BARREN,US0068,,EDMONTON,RD,,,,,,,,37.00593852,-85.752076,23.058,10/3/2025,1004,2,2,0,1,CLEAR,DRY,FALSE,REAR END IN TRAFFIC LANES BOTH VEHICLES MOVING,REAR END,STRAIGHT & HILLCREST,DAYLIGHT,,,45944.66244,FALSE,181,Accepted,5,2,A,,NOT UNDER PROPER CONTROL,
35399659,0050000,BARREN COUNTY SHERIFF DEPT.,Accepted,BARREN,KY0090,,HAPPY VALLEY,RD,,,,,,,,37.11186953,-85.96636869,2.014,10/3/2025,1431,2,2,0,0,CLEAR,DRY,FALSE,REAR END IN TRAFFIC LANES BOTH VEHICLES MOVING,REAR END,STRAIGHT & LEVEL,DAYLIGHT,,,45944.66247,FALSE,181,Accepted,5,5,O,,INATTENTION,
35399662,0050000,BARREN COUNTY SHERIFF DEPT.,Accepted,BARREN,US0031E,,JACKSON,HWY,N,KY0070,GRIDERVILLE,,,,,37.11287647,-85.87028562,23.045,10/5/2025,1057,2,2,0,1,CLEAR,DRY,FALSE,ANGLE COLLISION - OTHER,ANGLE,STRAIGHT & LEVEL,DAYLIGHT,,,45944.6625,FALSE,181,Accepted,5,3,B,,INATTENTION,
35399663,0050000,BARREN COUNTY SHERIFF DEPT.,Accepted,BARREN,LN9008,,LN9008 E,,,,,,,,,36.99559479,-85.7511184,22.278,9/25/2025,1649,1,1,0,0,RAINING,WET,FALSE,OTHER ROADWAY OR MID-BLOCK COLLISION,SINGLE VEHICLE,STRAIGHT & LEVEL,DAYLIGHT,,,45944.66253,FALSE,163,Accepted,5,5,O,WATER POOLING,,
35399664,0050000,BARREN COUNTY SHERIFF DEPT.,Accepted,BARREN,,,WILKERSON,RD,,,,,,,,36.83529504,-86.04808774,0.314,9/28/2025,1212,1,1,0,1,CLEAR,DRY,FALSE,COLLISION WITH FIXED OBJECT NON - INTERSECTION - FIRST EVENT COLLISION 09 - 32 EXCLUDING 16,SINGLE VEHICLE,STRAIGHT & GRADE,DAYLIGHT,,,45944.66256,FALSE,180,Accepted,5,4,C,,"OVERCORRECTING/OVERSTEERING, SICK",
35399669,0050000,BARREN COUNTY SHERIFF DEPT.,Accepted,BARREN,LN9008,,LN9008 E,,,,,,,,,37.00091117,-85.99861786,7.532,9/10/2025,34,1,1,0,0,CLEAR,DRY,FALSE,COLLISION WITH ANIMAL NON INTERSECTION,SINGLE VEHICLE,STRAIGHT & LEVEL,DARK-HWY LIGHTED/ON,,,45944.66261,FALSE,182,Accepted,5,5,O,ANIMALS ACTION,,
35399671,0050000,BARREN COUNTY SHERIFF DEPT.,Accepted,BARREN,KY0070,3906,MAMMOTH CAVE,RD,,,,,,,,37.13258797,-86.02036907,2.767,9/20/2025,2056,2,2,0,0,CLEAR,DRY,FALSE,1 VEHICLE PARKED POSITION (NOT PARKING LOT/DRIVEWAY),BACKING,STRAIGHT & LEVEL,DARK-HWY NOT LIGHTED,,,45944.66263,FALSE,182,Accepted,5,5,O,,INATTENTION,
35399672,0050000,BARREN COUNTY SHERIFF DEPT.,Accepted,BARREN,,4347,DRIPPING SPRINGS,RD,,,,,ARNOLD,KY2189,PARK CITY GLASGOW,37.03215141,-86.00981607,3.013,10/7/2025,453,1,1,0,0,CLOUDY,WET,FALSE,COLLISION WITH ANIMAL NON INTERSECTION,SINGLE VEHICLE,STRAIGHT & LEVEL,DARK-HWY NOT LIGHTED,,,45944.66267,FALSE,152,Accepted,5,5,O,ANIMALS ACTION,,
35399674,0050000,BARREN COUNTY SHERIFF DEPT.,Accepted,BARREN,KY2195,,OLD LEXINGTON,RD,,,,,,,,37.13489227,-85.91100962,2.164,10/8/2025,1152,2,2,0,0,CLEAR,DRY,FALSE,REAR END IN TRAFFIC LANES BOTH VEHICLES MOVING,REAR END,STRAIGHT & LEVEL,DAYLIGHT,,,45944.66271,FALSE,185,Accepted,5,5,O,,INATTENTION,
35399675,0050000,BARREN COUNTY SHERIFF DEPT.,Accepted,BARREN,,,BIG MEADOW,RD,,,,KY0070,HISEVILLE,,BLACK DOT,37.07088841,-85.78697113,0.137,10/7/2025,1644,1,1,0,0,CLOUDY,DRY,FALSE,OTHER ROADWAY OR MID-BLOCK COLLISION,SINGLE VEHICLE,STRAIGHT & LEVEL,DAYLIGHT,,,45944.66275,FALSE,186,Accepted,5,5,O,OTHER,,
35399677,0050000,BARREN COUNTY SHERIFF DEPT.,Accepted,BARREN,KY0252,,FINNEY,RD,,,,,,,,36.94784047,-86.01417368,7.989,10/10/2025,1522,1,1,0,1,CLEAR,DRY,FALSE,OTHER ROADWAY OR MID-BLOCK COLLISION,SINGLE VEHICLE,CURVE & GRADE,DAYLIGHT,,,45944.66279,FALSE,181,Accepted,2,2,A,,NOT UNDER PROPER CONTROL,