IncidentID,AgencyORI,AgencyName,IncidentStatusDesc,County,RdwyNumber,Street,RoadwayName,StreetSfx,StreetDir,IntersectionRdwy,IntersectionRdwyName,BetweenStRdwy1,BetweenStRdwyName1,BetweenStRdwy2,BetweenStRdwyName2,Latitude,Longitude,Milepoint,CollisionDate,CollisionTime,UnitsInvolved,MotorVehiclesInvolved,NumberKilled,NumberInjured,Weather,RdwyConditionCode,HitandRun,DirAnalysisCode,MannerofCollision,RdwyCharacter,LightCondition,RampFromRdwyId,RampToRdwyId,AcceptedDate,IsSecondaryCollision,OwnerBadge,IncidentStatus,InjurySeverityCde,KABCO_Code,KABCO,Environmental_Factors,Human_Factors,Vehicular_Factors
35399682,0050000,BARREN COUNTY SHERIFF DEPT.,Accepted,BARREN,KY0063,,TOMPKINSVILLE,RD,,,,,,,,36.90556552,-85.86768436,7.588,10/10/2025,805,2,2,0,0,CLEAR,DRY,FALSE,SIDESWIPE COLLISION - OPPOSITE DIRECTION,SIDESWIPE-OPPOSITE DIRECTION,STRAIGHT & HILLCREST,DAYLIGHT,,,45944.66289,FALSE,124,Accepted,5,5,O,GLARE (SUN),,
35399683,0050000,BARREN COUNTY SHERIFF DEPT.,Accepted,BARREN,KY1297,,OLD BOWLING GREEN,RD,,,,KY0685,BECKTON,KY0255,BON AYR,36.98458275,-86.04363389,6.192,10/9/2025,1528,2,2,0,0,CLEAR,DRY,FALSE,SIDESWIPE COLLISION - SAME DIRECTION,SIDESWIPE-SAME DIRECTION,STRAIGHT & LEVEL,DAYLIGHT,,,45944.66293,FALSE,124,Accepted,5,5,O,,"INATTENTION, MISJUDGE CLEARANCE",
35399684,0050000,BARREN COUNTY SHERIFF DEPT.,Accepted,BARREN,KY1307,,NEW SALEM,RD,,,HOLLIS THOMAS,,,,,36.98317272,-85.83257173,4.04,10/12/2025,927,2,2,0,2,CLEAR,DRY,FALSE,ANGLE COLLISION - OTHER,ANGLE,STRAIGHT & LEVEL,DAYLIGHT,,,45944.66298,FALSE,181,Accepted,4,3,B,GLARE (SUN),,
35399685,0050000,BARREN COUNTY SHERIFF DEPT.,Accepted,BARREN,KY1318,2305,OIL WELL,RD,,,,,,,,36.88291086,-85.94398405,8.256,10/12/2025,1835,1,1,0,0,CLEAR,DRY,FALSE,COLLISION WITH ANIMAL NON INTERSECTION,SINGLE VEHICLE,CURVE & LEVEL,DARK-HWY NOT LIGHTED,,,45944.66301,FALSE,146,Accepted,5,5,O,ANIMALS ACTION,,
35399686,0050000,BARREN COUNTY SHERIFF DEPT.,Accepted,BARREN,,854,CORAL HILL LECTA,RD,,,,,,,,37.02111925,-85.8576898,0.902,10/13/2025,1253,1,1,0,0,CLEAR,DRY,FALSE,OTHER ROADWAY OR MID-BLOCK COLLISION,SINGLE VEHICLE,CURVE & LEVEL,DAYLIGHT,,,45944.66305,FALSE,170,Accepted,5,5,O,,INATTENTION,
35399687,0050000,BARREN COUNTY SHERIFF DEPT.,Accepted,BARREN,,,TROJAN,TRL,,,,,,,,36.97604436,-85.92744622,0.912,10/14/2025,639,1,1,0,0,CLEAR,DRY,FALSE,COLLISION WITH FIXED OBJECT NON - INTERSECTION - FIRST EVENT COLLISION 09 - 32 EXCLUDING 16,SINGLE VEHICLE,CURVE & LEVEL,DAYLIGHT,,,45944.66309,FALSE,170,Accepted,5,5,O,,,BRAKES DEFECTIVE
35399690,0050000,BARREN COUNTY SHERIFF DEPT.,Accepted,BARREN,KY0090,,BURKESVILLE,RD,,,GLOVER,,,,,36.93334008,-85.82021208,16.68,9/4/2025,1250,2,2,0,5,CLOUDY,WET,FALSE,OTHER INTERSECTION COLLISIONS,REAR END,STRAIGHT & LEVEL,DAYLIGHT,,,45944.66316,FALSE,125,Accepted,5,2,A,SLIPPERY SURFACE,"INATTENTION, MISJUDGE CLEARANCE",
35399692,0050000,BARREN COUNTY SHERIFF DEPT.,Accepted,BARREN,KY0252,,FINNEY,RD,,,,,WINDY HILL,KY1342,BEAVER CREEK BOAT RAMP RD     KY1342,36.94562606,-85.98611192,9.684,9/9/2025,848,2,2,0,0,CLEAR,DRY,TRUE,SIDESWIPE COLLISION - OPPOSITE DIRECTION,SIDESWIPE-OPPOSITE DIRECTION,STRAIGHT & LEVEL,DAYLIGHT,,,45944.6632,FALSE,125,Accepted,5,5,O,,,
35399694,0050000,BARREN COUNTY SHERIFF DEPT.,Accepted,BARREN,LN9008,,LN9008 E,,,,,,,,,36.99705949,-85.7908495,20.071,9/16/2025,600,2,2,0,1,CLEAR,DRY,FALSE,REAR END IN TRAFFIC LANES BOTH VEHICLES MOVING,REAR END,STRAIGHT & LEVEL,DUSK,,,45944.66325,FALSE,125,Accepted,5,2,A,,"DISREGARD TRAFFIC CONTROL, TURNING IMPROPERLY",
35399697,0050000,BARREN COUNTY SHERIFF DEPT.,Accepted,BARREN,,1400,FLINT KNOB,RD,,,,,,,,37.06478339,-85.94669362,1.463,9/20/2025,749,2,2,0,2,CLEAR,DRY,FALSE,SIDESWIPE COLLISION - OPPOSITE DIRECTION,SIDESWIPE-OPPOSITE DIRECTION,CURVE & LEVEL,DAYLIGHT,,,45944.66332,FALSE,125,Accepted,4,3,B,,,STEERING FAILURE
35399700,0050000,BARREN COUNTY SHERIFF DEPT.,Accepted,BARREN,KY1342,1245,BEAVER CREEK BOAT RAMP,RD,,,,,,,,36.93190092,-86.01188184,0.916,9/23/2025,736,1,1,0,0,RAINING,WET,FALSE,COLLISION WITH FIXED OBJECT NON - INTERSECTION - FIRST EVENT COLLISION 09 - 32 EXCLUDING 16,SINGLE VEHICLE,CURVE & LEVEL,DAYLIGHT,,,45944.66341,FALSE,125,Accepted,5,5,O,,NOT UNDER PROPER CONTROL,
35399701,0050000,BARREN COUNTY SHERIFF DEPT.,Accepted,BARREN,KY1519,,KY1519,,,KY1307,NEW SALEM,,,,,36.99175294,-85.87462861,0.011,9/26/2025,708,2,2,0,0,CLEAR,DRY,FALSE,ANGLE COLLISION - OTHER,ANGLE,STRAIGHT & LEVEL,DAYLIGHT,,,45944.66344,FALSE,125,Accepted,5,5,O,,INATTENTION,
35399703,0050000,BARREN COUNTY SHERIFF DEPT.,Accepted,BARREN,,,COLESBEND,RD,,,LITTRELL,,,,,36.96788941,-86.1320352,1.205,9/26/2025,548,1,1,0,0,CLEAR,FLOODED,FALSE,COLLISION WITH ANIMAL IN INTERSECTION,SINGLE VEHICLE,STRAIGHT & LEVEL,DUSK,,,45944.66348,FALSE,125,Accepted,5,5,O,ANIMALS ACTION,,
35399707,0050000,BARREN COUNTY SHERIFF DEPT.,Accepted,BARREN,KY1519,,KY1519,,,LN9008,LN9008 W EXIT15 ON RAMP FROM KY1519 N,,,,,36.99621711,-85.87601983,0.321,10/3/2025,1519,2,2,0,1,CLEAR,DRY,FALSE,OTHER INTERSECTION COLLISIONS,REAR END,STRAIGHT & LEVEL,DAYLIGHT,,,45944.66352,FALSE,125,Accepted,5,3,B,,,
35399709,0050000,BARREN COUNTY SHERIFF DEPT.,Accepted,BARREN,US0031E,3890,JACKSON,HWY,N,,,,,,,37.04742562,-85.89869278,18.054,10/4/2025,954,2,2,0,0,CLEAR,DRY,FALSE,SIDESWIPE COLLISION - SAME DIRECTION,SIDESWIPE-SAME DIRECTION,CURVE & LEVEL,DAYLIGHT,,,45944.66355,FALSE,125,Accepted,5,5,O,,,
35399710,0050000,BARREN COUNTY SHERIFF DEPT.,Accepted,BARREN,KY2189,,PARK CITY GLASGOW,RD,,,IRON MOUNTAIN,,,,,37.06881882,-86.02142627,4.315,10/7/2025,840,1,1,0,1,RAINING,WET,FALSE,COLLISION WITH FIXED OBJECT IN INTERSECTION - FIRST EVENT COLLISION 09 - 32,SINGLE VEHICLE,CURVE & LEVEL,DAYLIGHT,,,45944.66358,FALSE,125,Accepted,5,3,B,SLIPPERY SURFACE,NOT UNDER PROPER CONTROL,
35399711,0050000,BARREN COUNTY SHERIFF DEPT.,Accepted,BARREN,,,OLD EDMONTON,RD,,,,,,,,37.01242915,-85.87322336,0.238,10/13/2025,1247,1,1,0,1,CLEAR,DRY,FALSE,COLLISION WITH ANIMAL NON INTERSECTION,SINGLE VEHICLE,CURVE & LEVEL,DAYLIGHT,,,45944.6636,FALSE,184,Accepted,4,4,C,ANIMALS ACTION,,
35399947,0050000,BARREN COUNTY SHERIFF DEPT.,Accepted,BARREN,KY1297,,OLD BOWLING GREEN,RD,,,,,,,,36.98455678,-86.04936497,5.864,10/6/2025,1808,1,1,0,0,CLOUDY,WET,FALSE,OTHER ROADWAY OR MID-BLOCK COLLISION,SINGLE VEHICLE,CURVE & GRADE,DARK-HWY NOT LIGHTED,,,45944.66285,FALSE,180,Accepted,5,5,O,,OVERCORRECTING/OVERSTEERING,
35400724,0050100,GLASGOW POLICE DEPARTMENT,Accepted,BARREN,,,REYNOLDS,RD,,,,,,,,37.01034072,-85.93581258,0.137,10/10/2025,1204,2,2,0,0,CLEAR,DRY,FALSE,1 VEHICLE ENTERING/LEAVING ENTRANCE,ANGLE,STRAIGHT & LEVEL,DAYLIGHT,,,45944.80405,FALSE,30,Accepted,5,5,O,,INATTENTION,
35406312,0050100,GLASGOW POLICE DEPARTMENT,Accepted,BARREN,KY0090,,HAPPY VALLEY,RD,,,,,,,,37.01329235,-85.92626359,9.544,10/15/2025,1114,2,2,0,2,CLEAR,DRY,FALSE,REAR END IN TRAFFIC LANES BOTH VEHICLES MOVING,REAR END,STRAIGHT & LEVEL,DAYLIGHT,,,45945.8676,FALSE,250,Accepted,4,4,C,,,
35413474,0050100,GLASGOW POLICE DEPARTMENT,Accepted,BARREN,,,TROJAN,TRL,,,,,,,,36.97871343,-85.92149442,0.533,10/14/2025,734,2,2,0,0,CLEAR,DRY,FALSE,SIDESWIPE COLLISION - SAME DIRECTION,SIDESWIPE-SAME DIRECTION,STRAIGHT & LEVEL,DAYLIGHT,,,45947.54334,FALSE,442,Accepted,5,5,O,,"DISTRACTION, FAILED TO KEEP PROPER LANE",
35413475,0050100,GLASGOW POLICE DEPARTMENT,Accepted,BARREN,KY0090,,HAPPY VALLEY,RD,,US0031E,L ROGERS WELLS,,,,,37.00959696,-85.92144783,9.921,10/10/2025,705,2,2,0,0,CLEAR,DRY,FALSE,VEHICLE BACKING IN INTERSECTION,BACKING,STRAIGHT & LEVEL,DAYLIGHT,,,45947.54342,FALSE,441,Accepted,5,5,O,,INATTENTION,
35415401,0050100,GLASGOW POLICE DEPARTMENT,Accepted,BARREN,US0068X,1005,MAIN,ST,W,,,US0031E,L ROGERS WELLS,,SHANE,37.00267457,-85.92730063,1.624,10/17/2025,1758,2,2,0,0,CLEAR,DRY,FALSE,REAR END IN TRAFFIC LANES BOTH VEHICLES MOVING,REAR END,STRAIGHT & LEVEL,DARK-HWY LIGHTED/ON,,,45947.87868,FALSE,226,Accepted,5,5,O,,INATTENTION,
35423592,0050000,BARREN COUNTY SHERIFF DEPT.,Accepted,BARREN,KY2143,,OLD HAPPY VALLEY,RD,,,,,,,,37.10938202,-85.98478376,0.258,10/17/2025,1050,2,2,0,0,CLEAR,DRY,FALSE,SIDESWIPE COLLISION - SAME DIRECTION,SIDESWIPE-SAME DIRECTION,STRAIGHT & LEVEL,DAYLIGHT,,,45950.45782,FALSE,184,Accepted,5,5,O,,INATTENTION,
35423593,0050000,BARREN COUNTY SHERIFF DEPT.,Accepted,BARREN,US0031EX,,GREEN,ST,S,,SUNSET,,,,,36.98709713,-85.92161347,0.634,10/17/2025,842,2,2,0,2,CLEAR,DRY,FALSE,ANGLE COLLISION - OTHER,ANGLE,STRAIGHT & LEVEL,DAYLIGHT,,,45950.4579,FALSE,181,Accepted,3,3,B,,INATTENTION,
35425007,0050100,GLASGOW POLICE DEPARTMENT,Accepted,BARREN,US0068X,,NEW GLASGOW,RD,,US0068,VETERANS OUTER,,,,,37.01205148,-85.95303464,0.001,10/15/2025,1036,2,2,0,0,CLEAR,DRY,FALSE,OTHER INTERSECTION COLLISIONS,REAR END,STRAIGHT & LEVEL,DAYLIGHT,,,45950.67455,FALSE,442,Accepted,5,5,O,OTHER,,
35425008,0050100,GLASGOW POLICE DEPARTMENT,Accepted,BARREN,US0068X,,COLUMBIA,AVE,,,MCKENNA,,,,,36.99799687,-85.90643422,2.927,10/17/2025,1548,2,2,0,0,CLOUDY,DRY,FALSE,ANGLE COLLISION - OTHER,ANGLE,STRAIGHT & GRADE,DAYLIGHT,,,45950.6746,FALSE,321,Accepted,5,5,O,,INATTENTION,
35425010,0050100,GLASGOW POLICE DEPARTMENT,Accepted,BARREN,,,HAPPY VALLEY,RD,,US0031E,L ROGERS WELLS,,,,,37.00957681,-85.92142188,,10/13/2025,1203,2,2,0,0,CLEAR,DRY,FALSE,OTHER INTERSECTION COLLISIONS,REAR END,STRAIGHT & LEVEL,DAYLIGHT,,,45950.67467,FALSE,437,Accepted,5,5,O,,INATTENTION,
35426000,0050100,GLASGOW POLICE DEPARTMENT,Accepted,BARREN,US0068,,VETERANS OUTER,LOOP,,,,,,,,37.02044236,-85.94148702,10.915,10/18/2025,610,1,1,0,0,CLEAR,DRY,FALSE,COLLISION WITH ANIMAL NON INTERSECTION,SINGLE VEHICLE,STRAIGHT & GRADE,DARK-HWY NOT LIGHTED,,,45950.8812,FALSE,30,Accepted,5,5,O,ANIMALS ACTION,,
35426002,0050100,GLASGOW POLICE DEPARTMENT,Accepted,BARREN,,,CLEVELAND,AVE,,US0031E,L ROGERS WELLS,,,,,36.98935376,-85.93217819,0.002,10/18/2025,1107,2,2,0,0,CLEAR,DRY,FALSE,ANGLE COLLISION - OTHER,ANGLE,STRAIGHT & LEVEL,DAYLIGHT,,,45950.88126,FALSE,30,Accepted,5,5,O,,DISREGARD TRAFFIC CONTROL,
35428351,0050000,BARREN COUNTY SHERIFF DEPT.,Accepted,BARREN,KY0087,,AUSTIN TRACY,RD,,,,,,,,36.78485893,-85.95627064,3.835,10/12/2025,6,1,1,0,0,CLEAR,DRY,FALSE,COLLISION WITH ANIMAL NON INTERSECTION,SINGLE VEHICLE,CURVE & LEVEL,DARK-HWY NOT LIGHTED,,,45951.50111,FALSE,189,Accepted,5,5,O,ANIMALS ACTION,,
35442719,0050100,GLASGOW POLICE DEPARTMENT,Accepted,BARREN,,,PRITCHARDSVILLE,RD,,US0031E,SCOTTSVILLE,,,,,36.97624267,-85.93647066,0.009,10/21/2025,1327,2,2,0,0,CLEAR,DRY,FALSE,OTHER INTERSECTION COLLISIONS,REAR END,STRAIGHT & LEVEL,DAYLIGHT,,,45954.44922,FALSE,443,Accepted,5,5,O,,NOT UNDER PROPER CONTROL,
35442722,0050100,GLASGOW POLICE DEPARTMENT,Accepted,BARREN,US0068X,,MAIN,ST,W,US0031EX,RACE,,,,,36.99627842,-85.9129486,2.525,10/22/2025,1128,2,2,0,0,CLEAR,DRY,FALSE,OTHER INTERSECTION COLLISIONS,REAR END,STRAIGHT & LEVEL,DAYLIGHT,,,45954.45017,FALSE,436,Accepted,5,5,O,,MISJUDGE CLEARANCE,
35449446,0050200,CAVE CITY POLICE DEPARTMENT,Accepted,BARREN,,510,GRINSTEAD MILL,RD,,,,,,,,37.1442445,-85.96331263,0.471,10/14/2025,1911,2,2,0,0,CLEAR,DRY,FALSE,1 VEHICLE PARKED POSITION (NOT PARKING LOT/DRIVEWAY),HEAD ON,CURVE & LEVEL,DARK (UNKNOWN ROADWAY LIGHTING),,,45956.54042,FALSE,607,Accepted,5,5,O,,"CELL PHONE, DISTRACTION",
35450193,0050100,GLASGOW POLICE DEPARTMENT,Accepted,BARREN,,,REYNOLDS,RD,,,,,COMMERCE,,YMCA,37.01442114,-85.92945267,0.596,10/13/2025,1550,2,2,0,0,CLEAR,DRY,FALSE,1 VEHICLE ENTERING/LEAVING ENTRANCE,ANGLE,STRAIGHT & LEVEL,DAYLIGHT,,,45956.77583,FALSE,124,Accepted,5,5,O,,FAILED TO YIELD RIGHT OF WAY,
35450199,0050100,GLASGOW POLICE DEPARTMENT,Accepted,BARREN,,,CLEVELAND,AVE,,US0031E,L ROGERS WELLS,,,,,36.98931872,-85.93231582,0.005,10/25/2025,2236,2,2,0,0,CLEAR,DRY,FALSE,OPPOSING LEFT TURN,OPPOSING LEFT TURN,STRAIGHT & LEVEL,DARK-HWY LIGHTED/ON,,,45956.77598,FALSE,322,Accepted,5,5,O,,FAILED TO YIELD RIGHT OF WAY,
35450202,0050100,GLASGOW POLICE DEPARTMENT,Accepted,BARREN,US0031E,,L ROGERS WELLS,BLVD,N,,,,,,,37.00752542,-85.92351651,14.607,10/22/2025,1820,2,2,0,0,CLEAR,DRY,FALSE,1 VEHICLE ENTERING/LEAVING ENTRANCE,ANGLE,STRAIGHT & LEVEL,DARK (UNKNOWN ROADWAY LIGHTING),,,45956.77649,FALSE,205,Accepted,5,5,O,,"FAILED TO YIELD RIGHT OF WAY, INATTENTION, MISJUDGE CLEARANCE",
35450303,0050100,GLASGOW POLICE DEPARTMENT,Accepted,BARREN,,,G L COMER,RD,,,,US0068X,MAIN,,YMCA,37.00737755,-85.93450048,0.011,10/16/2025,1259,2,2,0,0,CLEAR,DRY,FALSE,SIDESWIPE COLLISION - SAME DIRECTION,SIDESWIPE-SAME DIRECTION,STRAIGHT & LEVEL,DAYLIGHT,,,45956.80454,FALSE,226,Accepted,5,5,O,,"IMPROPER PASSING, INATTENTION, TURNING IMPROPERLY",
35452173,0050100,GLASGOW POLICE DEPARTMENT,Accepted,BARREN,KY1297,,CLEVELAND,AVE,,,LOVERS,,,,,36.98846859,-85.93993636,12.357,10/22/2025,1505,2,2,0,0,CLEAR,DRY,FALSE,OPPOSING LEFT TURN,OPPOSING LEFT TURN,STRAIGHT & GRADE,DAYLIGHT,,,45957.34539,FALSE,166,Accepted,5,5,O,,"FAILED TO KEEP PROPER LANE, FAILED TO YIELD RIGHT OF WAY, INATTENTION",
35454395,0050000,BARREN COUNTY SHERIFF DEPT.,Accepted,BARREN,KY0070,,HISEVILLE MAIN,ST,E,,,,,,,37.10063507,-85.81379023,15.107,10/22/2025,1524,2,2,0,0,CLEAR,DRY,FALSE,1 VEHICLE ENTERING/LEAVING ENTRANCE,ANGLE,STRAIGHT & LEVEL,DAYLIGHT,,,45957.67101,FALSE,170,Accepted,5,5,O,,"FAILED TO YIELD RIGHT OF WAY, INATTENTION",
35454397,0050000,BARREN COUNTY SHERIFF DEPT.,Accepted,BARREN,US0031W,,LOUISVILLE,RD,,,DICKERSON,,,,,37.09513049,-86.04233996,1.452,10/19/2025,1656,2,2,0,0,CLEAR,DRY,FALSE,ANGLE COLLISION - ONE VEHICLE TURNING LEFT,ANGLE,STRAIGHT & LEVEL,DAYLIGHT,,,45957.67108,FALSE,163,Accepted,5,5,O,,DRUG INVOLVEMENT,
35454398,0050000,BARREN COUNTY SHERIFF DEPT.,Accepted,BARREN,US0031W,,LOUISVILLE,RD,,,,,,,,37.0921197,-86.05708931,0.626,10/18/2025,441,2,2,0,0,CLEAR,DRY,FALSE,COLLISION WITH ANIMAL NON INTERSECTION,HEAD ON,STRAIGHT & LEVEL,DARK-HWY NOT LIGHTED,,,45957.67112,FALSE,189,Accepted,5,5,O,ANIMALS ACTION,,
35454399,0050000,BARREN COUNTY SHERIFF DEPT.,Accepted,BARREN,KY0839,,NOBOB,RD,,,,,,,,36.84413607,-85.76689765,0.55,10/17/2025,1808,1,1,0,0,CLEAR,DRY,FALSE,RAN OFF ROADWAY (1 VEHICLE WITH/EARTH EMBANKMENT/DITCH),SINGLE VEHICLE,STRAIGHT & LEVEL,DUSK,,,45957.67119,FALSE,174,Accepted,5,5,O,,NOT UNDER PROPER CONTROL,
35454400,0050000,BARREN COUNTY SHERIFF DEPT.,Accepted,BARREN,,,INDUSTRIAL,DR,,,,,,,,37.00377124,-85.93653529,0.263,10/24/2025,2137,1,1,0,0,CLEAR,DRY,FALSE,COLLISION WITH ANIMAL NON INTERSECTION,SINGLE VEHICLE,STRAIGHT & LEVEL,DARK-HWY LIGHTED/ON,,,45957.67124,FALSE,174,Accepted,5,5,O,ANIMALS ACTION,,
35454403,0050000,BARREN COUNTY SHERIFF DEPT.,Accepted,BARREN,,194,MILBURN TAYLOR,RD,,,,,,,,36.76813224,-85.90353858,3.31,10/22/2025,1426,2,2,0,0,CLEAR,DRY,FALSE,1 VEHICLE PARKED POSITION (NOT PARKING LOT/DRIVEWAY),SIDESWIPE-SAME DIRECTION,STRAIGHT & GRADE,DAYLIGHT,,,45957.6713,FALSE,170,Accepted,5,5,O,GLARE (SUN),INATTENTION,
35454404,0050000,BARREN COUNTY SHERIFF DEPT.,Accepted,BARREN,,1700,LECTA KINO,RD,,,,,HOLLIS THOMAS,,MT PISGAH,36.99298821,-85.83253624,1.757,10/25/2025,1449,1,1,0,0,CLOUDY,DRY,FALSE,COLLISION WITH FIXED OBJECT NON - INTERSECTION - FIRST EVENT COLLISION 09 - 32 EXCLUDING 16,SINGLE VEHICLE,STRAIGHT & GRADE,DAYLIGHT,,,45957.67134,FALSE,152,Accepted,5,5,O,,OTHER,OTHER
35454405,0050000,BARREN COUNTY SHERIFF DEPT.,Accepted,BARREN,KY0090,,BURKESVILLE,RD,,,,,,,,36.94244945,-85.83396918,15.661,10/27/2025,1138,1,1,0,2,RAINING,WET,FALSE,OTHER ROADWAY OR MID-BLOCK COLLISION,SINGLE VEHICLE,CURVE & GRADE,DAYLIGHT,,,45957.67138,FALSE,151,Accepted,5,2,A,SLIPPERY SURFACE,"OVERCORRECTING/OVERSTEERING, TOO FAST FOR CONDITIONS",TIRES
35461323,0050100,GLASGOW POLICE DEPARTMENT,Accepted,BARREN,,,CHILDRESS,RD,,KY1297,OLD BOWLING GREEN,,,,,36.99105425,-85.94839575,,10/19/2025,1923,2,1,0,1,CLEAR,DRY,FALSE,COLLISION WITH BICYCLE IN INTERSECTION,SINGLE VEHICLE,STRAIGHT & LEVEL,DARK-HWY LIGHTED/ON,,,45959.21996,FALSE,439,Accepted,5,4,C,,TURNING IMPROPERLY,
35461324,0050100,GLASGOW POLICE DEPARTMENT,Accepted,BARREN,US0031EX,,GREEN,ST,S,,COLLEGE,,,,,36.993345,-85.91350338,1.268,10/23/2025,1751,2,2,0,0,CLEAR,DRY,FALSE,ANGLE COLLISION - OTHER,ANGLE,STRAIGHT & LEVEL,DAYLIGHT,,,45959.22003,FALSE,345,Accepted,5,5,O,,"FAILED TO YIELD RIGHT OF WAY, INATTENTION, TURNING IMPROPERLY",
35462035,0050000,BARREN COUNTY SHERIFF DEPT.,Accepted,BARREN,US0068,11943,NEW BOWLING GREEN,RD,,,,,DENTON,,MERRY OAKS PAYNE,37.02666199,-86.1159425,0.659,10/27/2025,1019,2,2,0,0,RAINING,WET,FALSE,1 VEHICLE ENTERING/LEAVING ENTRANCE,ANGLE,STRAIGHT & LEVEL,DAYLIGHT,,,45959.42208,FALSE,152,Accepted,5,5,O,SLIPPERY SURFACE,"INATTENTION, NOT UNDER PROPER CONTROL",
35462042,0050000,BARREN COUNTY SHERIFF DEPT.,Accepted,BARREN,KY0255,2498,BON AYR,RD,,,,,JUNIOR,,JAMES,37.01027633,-86.0612628,5.362,10/28/2025,917,2,2,0,0,RAINING,WET,FALSE,1 VEHICLE ENTERING/LEAVING ENTRANCE,ANGLE,STRAIGHT & LEVEL,DAYLIGHT,,,45959.42217,FALSE,152,Accepted,5,5,O,,INATTENTION,
35462045,0050000,BARREN COUNTY SHERIFF DEPT.,Accepted,BARREN,US0031E,,JACKSON,HWY,N,,SPILLMAN,,,,,37.12790881,-85.86597393,24.118,10/28/2025,913,2,2,0,0,RAINING,WET,FALSE,ANGLE COLLISION - ONE VEHICLE TURNING LEFT,ANGLE,STRAIGHT & LEVEL,DAYLIGHT,,,45959.42221,FALSE,151,Accepted,5,5,O,,"INATTENTION, TURNING IMPROPERLY",
35462223,0050000,BARREN COUNTY SHERIFF DEPT.,Accepted,BARREN,US0068,,EDMONTON,RD,,US0068,VETERANS OUTER,,,,,37.0100586,-85.88032816,15.548,10/9/2025,1644,2,1,0,1,CLEAR,DRY,FALSE,OPPOSING LEFT TURN,OPPOSING LEFT TURN,STRAIGHT & LEVEL,DAYLIGHT,,,45959.45855,FALSE,185,Accepted,5,4,C,,"CELL PHONE, INATTENTION",
35462309,0050000,BARREN COUNTY SHERIFF DEPT.,Accepted,BARREN,KY3600,,GLASGOW OUTER LOOP,,,,,,,,,36.99860589,-85.96933788,1.162,10/28/2025,720,1,1,0,0,RAINING,WET,FALSE,COLLISION WITH ANIMAL NON INTERSECTION,SINGLE VEHICLE,STRAIGHT & LEVEL,DAYLIGHT,,,45959.42213,FALSE,152,Accepted,5,5,O,,,
35464507,0050100,GLASGOW POLICE DEPARTMENT,Accepted,BARREN,US0031E,,JACKSON,HWY,N,,,,CHEVY,,GOLF COURSE,37.04570922,-85.90017881,17.926,10/24/2025,1015,4,4,0,5,CLEAR,DRY,FALSE,REAR END IN TRAFFIC LANES BOTH VEHICLES MOVING,REAR END,CURVE & GRADE,DAYLIGHT,,,45959.8438,FALSE,298,Accepted,5,2,A,,"INATTENTION, MISJUDGE CLEARANCE",
35465740,0050100,GLASGOW POLICE DEPARTMENT,Accepted,BARREN,KY0090,,HAPPY VALLEY,RD,,,REYNOLDS,,,,,37.01484166,-85.92743195,9.273,10/29/2025,1640,3,3,0,0,RAINING,WET,FALSE,OTHER INTERSECTION COLLISIONS,REAR END,STRAIGHT & LEVEL,DAYLIGHT,,,45960.30804,FALSE,236,Accepted,5,5,O,,INATTENTION,
35472254,0050100,GLASGOW POLICE DEPARTMENT,Accepted,BARREN,KY0090,800,HAPPY VALLEY,RD,,,,,,,,37.00965433,-85.92155358,9.914,10/25/2025,1516,2,2,0,0,CLEAR,DRY,FALSE,REAR END IN TRAFFIC LANES BOTH VEHICLES MOVING,REAR END,STRAIGHT & LEVEL,DAYLIGHT,,,45961.65178,FALSE,317,Accepted,5,5,O,,MISJUDGE CLEARANCE,
35472257,0050100,GLASGOW POLICE DEPARTMENT,Accepted,BARREN,,,RACE,ST,S,,COLLEGE,,,,,36.99381492,-85.91451179,0.06,10/26/2025,830,2,2,0,0,CLEAR,DRY,TRUE,COLLISION WITH PARKED VEHICLE,ANGLE,STRAIGHT & LEVEL,DAYLIGHT,,,45961.65183,FALSE,317,Accepted,5,5,O,,,
35474568,0050100,GLASGOW POLICE DEPARTMENT,Accepted,BARREN,US0031E,,L ROGERS WELLS,BLVD,N,,SHANE,,,,,37.00529355,-85.9247556,14.414,10/20/2025,1710,1,1,0,0,CLEAR,DRY,FALSE,OTHER INTERSECTION COLLISIONS,SINGLE VEHICLE,STRAIGHT & LEVEL,DAYLIGHT,,,45962.29694,FALSE,30,Accepted,5,5,O,,,
35478812,0050200,CAVE CITY POLICE DEPARTMENT,Accepted,BARREN,,,DOYLE,AVE,,,,,,,,37.1341909,-85.97516151,0.037,8/7/2025,1540,2,2,0,1,CLEAR,DRY,FALSE,1 VEHICLE ENTERING/LEAVING ENTRANCE,ANGLE,STRAIGHT & LEVEL,DAYLIGHT,,,45963.836,FALSE,601,Accepted,5,3,B,,INATTENTION,
35478821,0050200,CAVE CITY POLICE DEPARTMENT,Accepted,BARREN,,,SANDERS,ST,,,,,,,,37.1341678,-85.97201201,0.017,9/30/2025,1020,2,2,0,0,CLEAR,DRY,FALSE,1 VEHICLE ENTERING/LEAVING ENTRANCE,ANGLE,STRAIGHT & GRADE,DAYLIGHT,,,45963.83621,FALSE,601,Accepted,5,5,O,,INATTENTION,
35478823,0050200,CAVE CITY POLICE DEPARTMENT,Accepted,BARREN,KY0070,,BROADWAY,ST,,,,,,,,37.1291494,-85.94799716,7.331,10/20/2025,730,2,2,0,0,CLEAR,DRY,FALSE,1 VEHICLE ENTERING/LEAVING ENTRANCE,ANGLE,STRAIGHT & GRADE,DAYLIGHT,,,45963.83626,FALSE,601,Accepted,5,5,O,,INATTENTION,