IncidentID,AgencyORI,AgencyName,IncidentStatusDesc,County,RdwyNumber,Street,RoadwayName,StreetSfx,StreetDir,IntersectionRdwy,IntersectionRdwyName,BetweenStRdwy1,BetweenStRdwyName1,BetweenStRdwy2,BetweenStRdwyName2,Latitude,Longitude,Milepoint,CollisionDate,CollisionTime,UnitsInvolved,MotorVehiclesInvolved,NumberKilled,NumberInjured,Weather,RdwyConditionCode,HitandRun,DirAnalysisCode,MannerofCollision,RdwyCharacter,LightCondition,RampFromRdwyId,RampToRdwyId,AcceptedDate,IsSecondaryCollision,OwnerBadge,IncidentStatus,InjurySeverityCde,KABCO_Code,KABCO,Environmental_Factors,Human_Factors,Vehicular_Factors
35478851,0050100,GLASGOW POLICE DEPARTMENT,Accepted,BARREN,US0031EX,,RACE,ST,N,,,,,,,37.0059865,-85.90658127,2.278,10/29/2025,1321,1,1,0,2,RAINING,WET,FALSE,COLLISION WITH FIXED OBJECT NON - INTERSECTION - FIRST EVENT COLLISION 09 - 32 EXCLUDING 16,SINGLE VEHICLE,CURVE & LEVEL,DAYLIGHT,,,45963.84534,FALSE,294,Accepted,4,4,C,"FIXED OBJECT(S), SLIPPERY SURFACE",,
35481140,0050000,BARREN COUNTY SHERIFF DEPT.,Accepted,BARREN,US0031E,,JACKSON,HWY,N,,,,,,,37.11305921,-85.87028628,23.059,10/28/2025,1719,2,2,0,0,RAINING,WET,FALSE,1 VEHICLE ENTERING/LEAVING ENTRANCE,ANGLE,STRAIGHT & LEVEL,DAYLIGHT,,,45964.41058,FALSE,184,Accepted,5,5,O,,INATTENTION,
35481142,0050000,BARREN COUNTY SHERIFF DEPT.,Accepted,BARREN,,,DRIPPING SPRINGS,RD,,,,,,,,37.04218786,-85.96307085,6.2,10/14/2025,731,2,2,0,0,CLEAR,DRY,FALSE,SIDESWIPE COLLISION - OPPOSITE DIRECTION,SIDESWIPE-OPPOSITE DIRECTION,CURVE & LEVEL,DAYLIGHT,,,45964.41064,FALSE,125,Accepted,5,5,O,GLARE (SUN),,
35481143,0050000,BARREN COUNTY SHERIFF DEPT.,Accepted,BARREN,US0068,,NEW BOWLING GREEN,RD,,,,,,,,37.01658695,-86.01587374,6.476,10/15/2025,1138,2,2,0,1,CLEAR,DRY,FALSE,VEHICLE GOING IN WRONG DIRECTION,SIDESWIPE-OPPOSITE DIRECTION,CURVE & GRADE,DAYLIGHT,,,45964.41068,FALSE,125,Accepted,5,3,B,MAINTENANCE/UTILITY WORK ZONE,OTHER,OTHER
35481144,0050000,BARREN COUNTY SHERIFF DEPT.,Accepted,BARREN,,,GLOVER,RD,,,,,,,,36.91991156,-85.82751572,1.509,10/16/2025,1210,2,2,0,0,CLEAR,DRY,FALSE,SIDESWIPE COLLISION - OPPOSITE DIRECTION,SIDESWIPE-OPPOSITE DIRECTION,STRAIGHT & GRADE,DAYLIGHT,,,45964.41072,FALSE,125,Accepted,5,5,O,,,
35481145,0050000,BARREN COUNTY SHERIFF DEPT.,Accepted,BARREN,KY0090,,BURKESVILLE,RD,,KY1330,KINO,,,,,36.93156537,-85.81398216,17.046,10/17/2025,728,2,2,0,1,CLEAR,DRY,FALSE,OTHER INTERSECTION COLLISIONS,REAR END,STRAIGHT & LEVEL,DAYLIGHT,,,45964.41076,FALSE,125,Accepted,5,4,C,GLARE (SUN),,
35481146,0050000,BARREN COUNTY SHERIFF DEPT.,Accepted,BARREN,US0031E,,SCOTTSVILLE,RD,,,HAYWOOD CEDAR GROVE,,,,,36.9529354,-85.96365473,10.08,10/28/2025,826,2,2,0,0,RAINING,WET,FALSE,REAR END - ONE VEHICLE TURNING LEFT,REAR END,STRAIGHT & LEVEL,DAYLIGHT,,,45964.41081,FALSE,125,Accepted,5,5,O,SLIPPERY SURFACE,,BRAKES DEFECTIVE
35481147,0050000,BARREN COUNTY SHERIFF DEPT.,Accepted,BARREN,KY0063,4000,TOMPKINSVILLE,RD,,,,,,,,36.94435725,-85.88076234,10.528,10/29/2025,724,1,1,0,0,RAINING,WET,FALSE,COLLISION WITH ANIMAL NON INTERSECTION,SINGLE VEHICLE,CURVE & GRADE,DAYLIGHT,,,45964.41087,FALSE,125,Accepted,5,5,O,ANIMALS ACTION,,
35481149,0050000,BARREN COUNTY SHERIFF DEPT.,Accepted,BARREN,US0068,,VETERANS OUTER,LOOP,,,,,,,,37.02247733,-85.88589798,14.63,10/25/2025,1716,2,2,0,0,CLOUDY,DRY,FALSE,1 VEHICLE ENTERING/LEAVING ENTRANCE,ANGLE,STRAIGHT & LEVEL,DAYLIGHT,,,45964.41094,FALSE,174,Accepted,5,5,O,,"FAILED TO YIELD RIGHT OF WAY, INATTENTION",
35481152,0050000,BARREN COUNTY SHERIFF DEPT.,Accepted,BARREN,,,OLD MUNFORDVILLE,RD,,,JACK TURNER,,,,,37.12271557,-85.90299231,5.363,10/31/2025,613,1,1,0,0,CLEAR,DRY,FALSE,COLLISION WITH FIXED OBJECT IN INTERSECTION - FIRST EVENT COLLISION 09 - 32,SINGLE VEHICLE,CURVE & LEVEL,DAYLIGHT,,,45964.411,FALSE,125,Accepted,5,5,O,,,STEERING FAILURE
35481153,0050000,BARREN COUNTY SHERIFF DEPT.,Accepted,BARREN,KY0740,,CORAL HILL,RD,,,,,,,,37.0749652,-85.83106731,5.398,11/1/2025,740,1,1,0,0,CLEAR,DRY,FALSE,COLLISION WITH FIXED OBJECT NON - INTERSECTION - FIRST EVENT COLLISION 09 - 32 EXCLUDING 16,SINGLE VEHICLE,STRAIGHT & LEVEL,DAYLIGHT,,,45964.41104,FALSE,181,Accepted,5,5,O,,"NOT UNDER PROPER CONTROL, OVERCORRECTING/OVERSTEERING",
35481154,0050000,BARREN COUNTY SHERIFF DEPT.,Accepted,BARREN,KY0063,,TOMPKINSVILLE,RD,,,,,,,,36.92009036,-85.86819073,8.635,11/2/2025,1203,2,2,0,0,CLOUDY,WET,FALSE,1 VEHICLE ENTERING/LEAVING ENTRANCE,ANGLE,STRAIGHT & LEVEL,DAYLIGHT,,,45964.41109,FALSE,181,Accepted,5,5,O,,NOT UNDER PROPER CONTROL,
35481156,0050000,BARREN COUNTY SHERIFF DEPT.,Accepted,BARREN,US0031E,,JACKSON,HWY,N,,,,,,,37.08493005,-85.88205837,20.971,10/31/2025,440,1,1,0,0,CLEAR,DRY,FALSE,COLLISION WITH ANIMAL NON INTERSECTION,SINGLE VEHICLE,STRAIGHT & LEVEL,DARK-HWY NOT LIGHTED,,,45964.41114,FALSE,173,Accepted,5,5,O,ANIMALS ACTION,,
35481157,0050000,BARREN COUNTY SHERIFF DEPT.,Accepted,BARREN,US0031E,,SCOTTSVILLE,RD,,,,,,,,36.88025731,-86.02728471,3.673,10/15/2025,1845,1,1,0,0,CLEAR,DRY,FALSE,COLLISION WITH ANIMAL NON INTERSECTION,SINGLE VEHICLE,STRAIGHT & LEVEL,DARK-HWY NOT LIGHTED,,,45964.41119,FALSE,163,Accepted,5,5,O,ANIMALS ACTION,,
35482656,0050100,GLASGOW POLICE DEPARTMENT,Accepted,BARREN,,,REYNOLDS,RD,,,,,COMMERCE,,YMCA,37.01314898,-85.9326018,0.4,10/30/2025,1633,2,2,0,1,CLOUDY,WET,FALSE,1 VEHICLE ENTERING/LEAVING ENTRANCE,ANGLE,STRAIGHT & LEVEL,DAYLIGHT,,,45964.63063,FALSE,202,Accepted,5,3,B,VIEW OBSTRUCTED/LIMITED DUE TO RDWY,INATTENTION,
35483798,0050100,GLASGOW POLICE DEPARTMENT,Accepted,BARREN,KY0090,,MAIN,ST,E,,,,ELM HILL,KY0090,BURKESVILLE,36.98614278,-85.89718006,10.927,11/2/2025,1615,2,2,0,0,CLOUDY,WET,FALSE,SIDESWIPE COLLISION - SAME DIRECTION,SIDESWIPE-SAME DIRECTION,STRAIGHT & LEVEL,DAYLIGHT,,,45964.81126,FALSE,250,Accepted,5,5,O,,,
35486560,KSP0300,"KY STATE POLICE, POST 03",Accepted,BARREN,US0031E,,JACKSON,HWY,N,,,,,,,37.05924879,-85.89654435,18.976,11/2/2025,1227,2,2,0,0,CLOUDY,WET,FALSE,REAR END IN TRAFFIC LANES BOTH VEHICLES MOVING,REAR END,STRAIGHT & LEVEL,DAYLIGHT,,,45965.49391,FALSE,677,Accepted,5,5,O,,"INATTENTION, MISJUDGE CLEARANCE",
35490697,0050000,BARREN COUNTY SHERIFF DEPT.,Accepted,BARREN,,1963,OLD MUNFORDVILLE,RD,,,,,,,,37.04081735,-85.91848703,0.557,11/3/2025,818,1,1,0,0,FOG,WET,FALSE,OTHER ROADWAY OR MID-BLOCK COLLISION,SINGLE VEHICLE,CURVE & GRADE,DAYLIGHT,,,45966.38677,FALSE,170,Accepted,5,5,O,SLIPPERY SURFACE,,
35490699,0050000,BARREN COUNTY SHERIFF DEPT.,Accepted,BARREN,US0031E,,SCOTTSVILLE,RD,,,,,,,,36.96413972,-85.94862906,11.223,11/3/2025,1200,2,2,0,0,CLEAR,DRY,FALSE,OTHER ROADWAY OR MID-BLOCK COLLISION,REAR END,STRAIGHT & LEVEL,DAYLIGHT,,,45966.38682,FALSE,184,Accepted,5,5,O,,INATTENTION,
35490701,0050000,BARREN COUNTY SHERIFF DEPT.,Accepted,BARREN,KY0314,,CENTER,RD,,,,,,,,37.09970357,-85.75844963,2.342,10/29/2025,1758,2,2,0,1,CLOUDY,WET,FALSE,1 VEHICLE ENTERING/LEAVING ENTRANCE,ANGLE,STRAIGHT & LEVEL,DARK-HWY NOT LIGHTED,,,45966.38688,FALSE,180,Accepted,4,4,C,SLIPPERY SURFACE,"DISREGARD TRAFFIC CONTROL, TOO FAST FOR CONDITIONS",
35490702,0050000,BARREN COUNTY SHERIFF DEPT.,Accepted,BARREN,,,CHEROKEE,TRL,,,,,,,,36.92073468,-85.78848394,0.09,10/30/2025,1723,1,1,0,0,CLOUDY,WET,FALSE,COLLISION WITH FIXED OBJECT NON - INTERSECTION - FIRST EVENT COLLISION 09 - 32 EXCLUDING 16,SINGLE VEHICLE,CURVE & LEVEL,DAYLIGHT,,,45966.38691,FALSE,180,Accepted,5,5,O,ANIMALS ACTION,"DISTRACTION, MISJUDGE CLEARANCE, NOT UNDER PROPER CONTROL",
35490704,0050000,BARREN COUNTY SHERIFF DEPT.,Accepted,BARREN,,555,TROJAN,TRL,,,,,,,,36.97811934,-85.92280096,0.63,10/31/2025,1447,2,2,0,0,CLOUDY,DRY,FALSE,1 VEHICLE ENTERING/LEAVING ENTRANCE,ANGLE,STRAIGHT & LEVEL,DAYLIGHT,,,45966.38695,FALSE,180,Accepted,5,5,O,,"FAILED TO KEEP PROPER LANE, INATTENTION, TURNING IMPROPERLY",
35490710,0050000,BARREN COUNTY SHERIFF DEPT.,Accepted,BARREN,KY0090,,HAPPY VALLEY,RD,,,HARRY KING,,,,,37.05623452,-85.95364967,6.161,11/4/2025,1356,3,3,0,0,CLEAR,DRY,FALSE,OTHER INTERSECTION COLLISIONS,REAR END,STRAIGHT & LEVEL,DAYLIGHT,,,45966.38709,FALSE,125,Accepted,5,5,O,,,
35491989,0050100,GLASGOW POLICE DEPARTMENT,Accepted,BARREN,KY1297,,CLEVELAND,AVE,,,,,BRITTHAVEN,,WATERFORD,36.99092326,-85.94667432,11.94,10/23/2025,1248,1,1,0,0,CLEAR,DRY,FALSE,COLLISION WITH FIXED OBJECT NON - INTERSECTION - FIRST EVENT COLLISION 09 - 32 EXCLUDING 16,SINGLE VEHICLE,CURVE & GRADE,DAYLIGHT,,,45966.62176,FALSE,443,Accepted,5,5,O,OTHER,OVERCORRECTING/OVERSTEERING,
35491990,0050100,GLASGOW POLICE DEPARTMENT,Accepted,BARREN,,,SCOTTIE,DR,,,,,,,,37.01476446,-85.8928384,0.57,10/28/2025,1513,1,1,0,0,RAINING,WET,FALSE,COLLISION WITH FIXED OBJECT NON - INTERSECTION - FIRST EVENT COLLISION 09 - 32 EXCLUDING 16,SINGLE VEHICLE,STRAIGHT & GRADE,DAYLIGHT,,,45966.62181,FALSE,321,Accepted,5,5,O,SLIPPERY SURFACE,OVERCORRECTING/OVERSTEERING,
35491992,0050100,GLASGOW POLICE DEPARTMENT,Accepted,BARREN,US0031E,,L ROGERS WELLS,BLVD,S,,,,,,,37.00202492,-85.92639661,14.257,10/28/2025,1715,2,2,0,0,RAINING,WET,FALSE,SIDESWIPE COLLISION - SAME DIRECTION,SIDESWIPE-SAME DIRECTION,STRAIGHT & LEVEL,DUSK,,,45966.62186,FALSE,442,Accepted,5,5,O,,FAILED TO YIELD RIGHT OF WAY,
35491993,0050100,GLASGOW POLICE DEPARTMENT,Accepted,BARREN,US0068X,1601,COLUMBIA,AVE,,,,,,,,37.00809841,-85.8874761,4.182,10/30/2025,730,1,1,0,0,RAINING,WET,FALSE,COLLISION WITH FIXED OBJECT NON - INTERSECTION - FIRST EVENT COLLISION 09 - 32 EXCLUDING 16,SINGLE VEHICLE,STRAIGHT & LEVEL,DAYLIGHT,,,45966.62189,FALSE,321,Accepted,5,5,O,,"INATTENTION, NOT UNDER PROPER CONTROL",
35491997,0050100,GLASGOW POLICE DEPARTMENT,Accepted,BARREN,LN9008,,OFF RAMP,,,US0031E,SCOTTSVILLE,,,,,36.97753807,-85.93549478,0.012,10/30/2025,722,2,2,0,0,CLOUDY,WET,FALSE,OTHER INTERSECTION COLLISIONS,REAR END,STRAIGHT & LEVEL,DAYLIGHT,,,45966.62199,FALSE,436,Accepted,5,5,O,SLIPPERY SURFACE,,
35491998,0050100,GLASGOW POLICE DEPARTMENT,Accepted,BARREN,,,MYRTLE,ST,,,KENTUCKY,,,,,37.00367077,-85.92086618,,10/27/2025,1514,2,2,0,0,RAINING,WET,FALSE,OTHER INTERSECTION COLLISIONS,REAR END,STRAIGHT & LEVEL,DAYLIGHT,,,45966.62202,FALSE,442,Accepted,5,5,O,SLIPPERY SURFACE,,BRAKES DEFECTIVE
35492002,0050100,GLASGOW POLICE DEPARTMENT,Accepted,BARREN,US0031E,,SCOTTSVILLE,RD,,,FORK,,,,,36.97166814,-85.94094131,11.896,10/30/2025,657,2,2,0,0,CLOUDY,WET,FALSE,OTHER INTERSECTION COLLISIONS,REAR END,STRAIGHT & LEVEL,DAWN,,,45966.62211,FALSE,437,Accepted,5,5,O,,INATTENTION,
35495720,0050100,GLASGOW POLICE DEPARTMENT,Accepted,BARREN,US0031EX,,PUBLIC,SQ,W,,,US0031EX,US31E BUS TURN LANE,US0031EX,US31E BUS TURN LANE,36.99597246,-85.9130755,1.491,10/30/2025,1117,2,2,0,0,CLOUDY,WET,FALSE,VEHICLE BACKING NON INTERSECTION,BACKING,STRAIGHT & LEVEL,DAYLIGHT,,,45967.42225,FALSE,441,Accepted,5,5,O,,INATTENTION,
35495721,0050100,GLASGOW POLICE DEPARTMENT,Accepted,BARREN,,,SCOTTIE,DR,,,GLENVIEW,,,,,37.01661621,-85.89442698,0.743,10/30/2025,647,2,2,0,0,RAINING,WET,FALSE,ANGLE COLLISION - OTHER,ANGLE,STRAIGHT & LEVEL,DAYLIGHT,,,45967.42229,FALSE,441,Accepted,5,5,O,,INATTENTION,
35502294,0050100,GLASGOW POLICE DEPARTMENT,Accepted,BARREN,KY0090,,HAPPY VALLEY,RD,,,MAX WAGNER,,,,,37.02313738,-85.93475938,8.699,11/3/2025,813,2,2,0,0,FOG,DRY,FALSE,VEHICLE BACKING IN INTERSECTION,BACKING,STRAIGHT & HILLCREST,DAYLIGHT,,,45968.69419,FALSE,436,Accepted,5,5,O,,INATTENTION,
35502295,0050100,GLASGOW POLICE DEPARTMENT,Accepted,BARREN,US0068,,NEW BOWLING GREEN,RD,,,,,COOPER,,CIRCLE,37.0143838,-85.96213315,9.533,11/3/2025,728,2,2,0,0,FOG,DRY,FALSE,1 VEHICLE ENTERING/LEAVING ENTRANCE,ANGLE,STRAIGHT & LEVEL,DAYLIGHT,,,45968.69422,FALSE,437,Accepted,5,5,O,"VIEW OBSTRUCTED, LIMITED DUE TO WEATHER CONDITIONS",INATTENTION,
35502296,0050100,GLASGOW POLICE DEPARTMENT,Accepted,BARREN,US0068X,,MAIN,ST,W,,OIL CITY,,,,,37.01002832,-85.94358405,0.533,11/4/2025,1731,2,2,0,0,CLEAR,DRY,FALSE,ANGLE COLLISION - OTHER,ANGLE,STRAIGHT & LEVEL,DARK (UNKNOWN ROADWAY LIGHTING),,,45968.69425,FALSE,442,Accepted,5,5,O,,INATTENTION,
35505829,0050100,GLASGOW POLICE DEPARTMENT,Accepted,BARREN,US0031EX,,PUBLIC,SQ,S,,,,,,,36.9953578,-85.91317188,1.439,11/8/2025,1229,2,2,0,0,CLEAR,DRY,FALSE,1 VEHICLE ENTERING/LEAVING ENTRANCE,ANGLE,STRAIGHT & GRADE,DAYLIGHT,,,45969.81503,FALSE,293,Accepted,5,5,O,,INATTENTION,
35509528,0050100,GLASGOW POLICE DEPARTMENT,Accepted,BARREN,US0031E,,L ROGERS WELLS,BLVD,S,,CAVALRY,,,,,36.98477815,-85.93161572,12.98,10/30/2025,725,2,1,0,0,RAINING,WET,FALSE,OTHER INTERSECTION COLLISIONS,REAR END,STRAIGHT & LEVEL,DAYLIGHT,,,45971.12659,FALSE,135,Accepted,5,5,O,SLIPPERY SURFACE,FOLLOWING TOO CLOSE,
35510373,0050000,BARREN COUNTY SHERIFF DEPT.,Accepted,BARREN,KY0249,16037,ROSEVILLE,RD,,,,,,,,36.76715599,-85.90024356,0.004,11/5/2025,513,1,1,0,0,CLEAR,DRY,FALSE,COLLISION WITH ANIMAL NON INTERSECTION,SINGLE VEHICLE,STRAIGHT & LEVEL,DARK-HWY NOT LIGHTED,,,45971.38425,FALSE,170,Accepted,5,5,O,ANIMALS ACTION,,
35510374,0050000,BARREN COUNTY SHERIFF DEPT.,Accepted,BARREN,LN9008,,LN9008 W,,,,,,,,,36.98469895,-85.94677502,10.684,11/4/2025,1758,1,1,0,0,CLEAR,DRY,FALSE,COLLISION WITH ANIMAL NON INTERSECTION,SINGLE VEHICLE,STRAIGHT & LEVEL,DARK-HWY NOT LIGHTED,,,45971.38428,FALSE,184,Accepted,5,5,O,ANIMALS ACTION,,
35510375,0050000,BARREN COUNTY SHERIFF DEPT.,Accepted,BARREN,LN9008,,LN9008 W,,,,,,,,,36.9732095,-85.9181862,12.505,11/4/2025,1944,1,1,0,0,CLEAR,DRY,FALSE,COLLISION WITH ANIMAL NON INTERSECTION,SINGLE VEHICLE,STRAIGHT & LEVEL,DARK-HWY NOT LIGHTED,,,45971.38431,FALSE,184,Accepted,5,5,O,ANIMALS ACTION,,
35510377,0050000,BARREN COUNTY SHERIFF DEPT.,Accepted,BARREN,KY1330,,KINO,RD,,,,,,,,36.94508546,-85.7950238,1.623,11/5/2025,1538,2,2,0,0,CLEAR,DRY,FALSE,SIDESWIPE COLLISION - OPPOSITE DIRECTION,SIDESWIPE-OPPOSITE DIRECTION,CURVE & GRADE,DAYLIGHT,,,45971.38436,FALSE,184,Accepted,5,5,O,,INATTENTION,
35510380,0050000,BARREN COUNTY SHERIFF DEPT.,Accepted,BARREN,,1744,POPLAR SPRING,RD,,,,,,,,36.9139415,-85.84145161,2.511,11/1/2025,2016,1,1,0,0,RAINING,WET,FALSE,COLLISION WITH FIXED OBJECT NON - INTERSECTION - FIRST EVENT COLLISION 09 - 32 EXCLUDING 16,SINGLE VEHICLE,CURVE & LEVEL,DARK-HWY NOT LIGHTED,,,45971.38447,FALSE,189,Accepted,5,5,O,SLIPPERY SURFACE,,
35510381,0050000,BARREN COUNTY SHERIFF DEPT.,Accepted,BARREN,,,ROCK SPRING CHURCH,RD,,,,,,,,37.1494026,-85.81264274,0.823,11/3/2025,1958,1,1,0,0,CLEAR,DRY,FALSE,COLLISION WITH ANIMAL NON INTERSECTION,SINGLE VEHICLE,STRAIGHT & LEVEL,DARK-HWY NOT LIGHTED,,,45971.38451,FALSE,189,Accepted,5,5,O,ANIMALS ACTION,,
35510385,0050000,BARREN COUNTY SHERIFF DEPT.,Accepted,BARREN,US0068,,EDMONTON,RD,,,,,,,,37.01758816,-85.81611337,19.276,10/28/2025,1834,1,1,0,0,RAINING,WET,FALSE,RAN OFF ROADWAY (1 VEHICLE WITH/EARTH EMBANKMENT/DITCH),SINGLE VEHICLE,CURVE & GRADE,DARK-HWY NOT LIGHTED,,,45971.38467,FALSE,174,Accepted,5,5,O,SLIPPERY SURFACE,NOT UNDER PROPER CONTROL,
35510386,0050000,BARREN COUNTY SHERIFF DEPT.,Accepted,BARREN,KY0090,,BURKESVILLE,RD,,,MORRISON PARK,,,,,36.95271673,-85.85282345,14.383,11/7/2025,1256,2,2,0,0,RAINING,WET,FALSE,OTHER INTERSECTION COLLISIONS,REAR END,STRAIGHT & LEVEL,DAYLIGHT,,,45971.38472,FALSE,181,Accepted,5,5,O,,INATTENTION,
35510389,0050000,BARREN COUNTY SHERIFF DEPT.,Accepted,BARREN,US0031W,,LOUISVILLE,RD,,,,,,,,37.09320358,-86.0216132,2.692,11/3/2025,1700,1,1,0,1,CLEAR,DRY,FALSE,COLLISION WITH ANIMAL NON INTERSECTION,SINGLE VEHICLE,STRAIGHT & LEVEL,DAYLIGHT,,,45971.3848,FALSE,163,Accepted,4,4,C,ANIMALS ACTION,,
35510390,0050000,BARREN COUNTY SHERIFF DEPT.,Accepted,BARREN,US0068,,VETERANS OUTER,LOOP,,,,,,,,37.03114054,-85.90370486,13.427,11/4/2025,1822,1,1,0,0,CLEAR,DRY,FALSE,COLLISION WITH ANIMAL NON INTERSECTION,SINGLE VEHICLE,STRAIGHT & LEVEL,DARK-HWY NOT LIGHTED,,,45971.38484,FALSE,163,Accepted,5,5,O,ANIMALS ACTION,,
35516915,0050100,GLASGOW POLICE DEPARTMENT,Accepted,BARREN,,,BROADWAY,ST,S,,WASHINGTON,,,,,36.99458023,-85.91133693,0.067,11/3/2025,1910,2,2,0,0,CLEAR,DRY,FALSE,SIDESWIPE-SAME DIRECTION,SIDESWIPE-SAME DIRECTION,STRAIGHT & GRADE,DARK-HWY LIGHTED/ON,,,45972.82149,FALSE,439,Accepted,5,5,O,,INATTENTION,
35523110,0050200,CAVE CITY POLICE DEPARTMENT,Accepted,BARREN,KY0090,,HAPPY VALLEY,ST,,,BAKER HALE,,,,,37.12954948,-85.96499114,0.669,11/2/2025,1556,3,1,0,2,RAINING,WET,FALSE,OTHER INTERSECTION COLLISIONS,REAR END,STRAIGHT & HILLCREST,DAYLIGHT,,,45974.12647,FALSE,603,Accepted,5,3,B,,INATTENTION,
35524514,0050100,GLASGOW POLICE DEPARTMENT,Accepted,BARREN,US0031E,,SCOTTSVILLE,RD,,,,,,,,36.97935246,-85.93366323,12.561,11/12/2025,1513,2,2,0,0,CLEAR,DRY,FALSE,OTHER ROADWAY OR MID-BLOCK COLLISION,REAR END,STRAIGHT & LEVEL,DAYLIGHT,,,45974.47982,FALSE,443,Accepted,5,5,O,,NOT UNDER PROPER CONTROL,
35533525,0050200,CAVE CITY POLICE DEPARTMENT,Accepted,BARREN,KY0090,,HAPPY VALLEY,ST,,,WALL,,,,,37.12953293,-85.96488446,0.675,11/6/2025,1555,2,2,0,0,CLOUDY,DRY,FALSE,REAR END - ONE VEHICLE TURNING LEFT,REAR END,STRAIGHT & HILLCREST,DAYLIGHT,,,45976.37676,FALSE,605,Accepted,5,5,O,,INATTENTION,
35540202,0050000,BARREN COUNTY SHERIFF DEPT.,Accepted,BARREN,KY0090,,BURKESVILLE,RD,,,,,,,,36.97769625,-85.88972574,11.638,11/9/2025,1151,2,2,0,0,CLOUDY,DRY,FALSE,REAR END IN TRAFFIC LANES BOTH VEHICLES MOVING,REAR END,STRAIGHT & LEVEL,DAYLIGHT,,,45978.41103,FALSE,181,Accepted,5,5,O,,"EMOTIONAL, NOT UNDER PROPER CONTROL",
35540203,0050000,BARREN COUNTY SHERIFF DEPT.,Accepted,BARREN,,,HUMBLE,AVE,,,,,,,,36.99200934,-85.90381814,0.003,11/10/2025,1300,2,2,0,0,"SMOG, SMOKE",WET,FALSE,REAR END IN TRAFFIC LANES BOTH VEHICLES MOVING,REAR END,STRAIGHT & GRADE,DAYLIGHT,,,45978.41107,FALSE,181,Accepted,5,5,O,,INATTENTION,
35540204,0050000,BARREN COUNTY SHERIFF DEPT.,Accepted,BARREN,KY0090,,HAPPY VALLEY,RD,,,DRIPPING SPRINGS,,,,,37.04144597,-85.94599396,7.287,11/10/2025,1215,2,2,0,0,SNOWING,WET,FALSE,ANGLE COLLISION - OTHER,ANGLE,STRAIGHT & LEVEL,DAYLIGHT,,,45978.41112,FALSE,152,Accepted,5,5,O,,INATTENTION,
35540205,0050000,BARREN COUNTY SHERIFF DEPT.,Accepted,BARREN,US0031W,25000,LOUISVILLE,RD,,,,,,,,37.09255008,-86.0306978,2.172,11/10/2025,1038,1,1,0,1,SNOWING,WET,FALSE,OTHER COLLISIONS ON SHOULDER,SINGLE VEHICLE,CURVE & GRADE,DAYLIGHT,,,45978.41115,FALSE,170,Accepted,3,3,B,SLIPPERY SURFACE,OVERCORRECTING/OVERSTEERING,
35540206,0050000,BARREN COUNTY SHERIFF DEPT.,Accepted,BARREN,KY2195,,OLD LEXINGTON,RD,,,,,,,,37.13396383,-85.93050632,1.046,11/11/2025,1759,2,2,0,0,CLEAR,DRY,FALSE,SIDESWIPE COLLISION - OPPOSITE DIRECTION,SIDESWIPE-OPPOSITE DIRECTION,CURVE & LEVEL,DARK-HWY NOT LIGHTED,,,45978.41119,FALSE,184,Accepted,5,5,O,,INATTENTION,
35540207,0050000,BARREN COUNTY SHERIFF DEPT.,Accepted,BARREN,LN9008,,LN9008 W,,,,,,,,,37.05235362,-86.10016068,0.786,11/6/2025,2359,1,1,0,0,CLEAR,DRY,FALSE,COLLISION WITH ANIMAL NON INTERSECTION,SINGLE VEHICLE,STRAIGHT & LEVEL,DARK-HWY NOT LIGHTED,,,45978.41122,FALSE,173,Accepted,5,5,O,ANIMALS ACTION,,
35540208,0050000,BARREN COUNTY SHERIFF DEPT.,Accepted,BARREN,KY0063,,TOMPKINSVILLE,RD,,,,,,,,36.94621841,-85.88146899,10.663,11/12/2025,447,1,1,0,0,CLEAR,DRY,FALSE,COLLISION WITH ANIMAL NON INTERSECTION,SINGLE VEHICLE,STRAIGHT & LEVEL,DARK-HWY LIGHTED/OFF,,,45978.41126,FALSE,157,Accepted,5,5,O,,,
35540210,0050000,BARREN COUNTY SHERIFF DEPT.,Accepted,BARREN,US0068,,EDMONTON,RD,,,,,,,,37.01069337,-85.77714952,21.601,10/10/2025,526,1,1,0,0,CLEAR,DRY,FALSE,COLLISION WITH ANIMAL NON INTERSECTION,SINGLE VEHICLE,STRAIGHT & LEVEL,DARK-HWY NOT LIGHTED,,,45978.41131,FALSE,182,Accepted,5,5,O,ANIMALS ACTION,,
35540211,0050000,BARREN COUNTY SHERIFF DEPT.,Accepted,BARREN,KY1297,,OLD BOWLING GREEN,RD,,,,,,,,36.98081584,-86.10986008,2.354,10/24/2025,2035,1,1,0,0,CLEAR,DRY,FALSE,COLLISION WITH ANIMAL NON INTERSECTION,SINGLE VEHICLE,STRAIGHT & LEVEL,DARK-HWY NOT LIGHTED,,,45978.41136,FALSE,182,Accepted,5,5,O,ANIMALS ACTION,,