IncidentID,AgencyORI,AgencyName,IncidentStatusDesc,County,RdwyNumber,Street,RoadwayName,StreetSfx,StreetDir,IntersectionRdwy,IntersectionRdwyName,BetweenStRdwy1,BetweenStRdwyName1,BetweenStRdwy2,BetweenStRdwyName2,Latitude,Longitude,Milepoint,CollisionDate,CollisionTime,UnitsInvolved,MotorVehiclesInvolved,NumberKilled,NumberInjured,Weather,RdwyConditionCode,HitandRun,DirAnalysisCode,MannerofCollision,RdwyCharacter,LightCondition,RampFromRdwyId,RampToRdwyId,AcceptedDate,IsSecondaryCollision,OwnerBadge,IncidentStatus,InjurySeverityCde,KABCO_Code,KABCO,Environmental_Factors,Human_Factors,Vehicular_Factors
35540212,0050000,BARREN COUNTY SHERIFF DEPT.,Accepted,BARREN,US0031E,,SCOTTSVILLE,RD,,,,,,,,36.92684213,-85.99609382,7.515,10/23/2025,459,1,1,0,0,CLEAR,DRY,FALSE,COLLISION WITH ANIMAL NON INTERSECTION,SINGLE VEHICLE,STRAIGHT & LEVEL,DARK-HWY NOT LIGHTED,,,45978.4114,FALSE,182,Accepted,5,5,O,ANIMALS ACTION,,
35540214,0050000,BARREN COUNTY SHERIFF DEPT.,Accepted,BARREN,,,FLINT KNOB,RD,,,,,,,,37.04469026,-85.94735616,0.024,11/11/2025,1713,1,1,0,0,CLEAR,DRY,FALSE,COLLISION WITH ANIMAL NON INTERSECTION,SINGLE VEHICLE,STRAIGHT & LEVEL,DARK-HWY NOT LIGHTED,,,45978.41146,FALSE,151,Accepted,5,5,O,ANIMALS ACTION,,
35540215,0050000,BARREN COUNTY SHERIFF DEPT.,Accepted,BARREN,KY0249,,ROSEVILLE,RD,,,,,,,,36.95785585,-85.9147632,13.833,11/6/2025,1937,1,1,0,0,CLEAR,DRY,FALSE,COLLISION WITH ANIMAL NON INTERSECTION,SINGLE VEHICLE,STRAIGHT & LEVEL,DARK-HWY NOT LIGHTED,,,45978.41151,FALSE,163,Accepted,5,5,O,,,
35540216,0050000,BARREN COUNTY SHERIFF DEPT.,Accepted,BARREN,LN9008,,LN9008 W,,,,,,LECTA SALEM,,LECTA KINO,36.99604999,-85.86222867,16.113,11/12/2025,808,1,1,0,1,CLEAR,DRY,FALSE,RAN OFF ROADWAY (1 VEHICLE WITH/EARTH EMBANKMENT/DITCH),SINGLE VEHICLE,STRAIGHT & LEVEL,DAYLIGHT,,,45978.41155,FALSE,152,Accepted,5,4,C,,LOST CONSCIOUSNESS/FAINTED,
35540220,0050000,BARREN COUNTY SHERIFF DEPT.,Accepted,BARREN,,,WILLIE GROCE,RD,,,,,,,,36.95330781,-85.91126555,0.351,11/12/2025,604,1,1,0,0,CLEAR,DRY,FALSE,COLLISION WITH ANIMAL NON INTERSECTION,SINGLE VEHICLE,STRAIGHT & GRADE,DUSK,,,45978.41165,FALSE,125,Accepted,5,5,O,ANIMALS ACTION,,
35540221,0050000,BARREN COUNTY SHERIFF DEPT.,Accepted,BARREN,KY0063,,TOMPKINSVILLE,RD,,,,,,,,36.95315459,-85.88439962,11.172,11/13/2025,752,2,2,0,0,CLEAR,DRY,FALSE,SIDESWIPE COLLISION - OPPOSITE DIRECTION,SIDESWIPE-OPPOSITE DIRECTION,STRAIGHT & LEVEL,DAYLIGHT,,,45978.41169,FALSE,125,Accepted,5,5,O,,,
35540225,0050000,BARREN COUNTY SHERIFF DEPT.,Accepted,BARREN,KY2131,,CORAL HILL HALFWAY,RD,,,,,,,,37.06017052,-85.82546672,1.584,11/12/2025,1437,1,1,0,1,CLEAR,DRY,FALSE,RAN OFF ROADWAY (1 VEHICLE WITH/EARTH EMBANKMENT/DITCH),SINGLE VEHICLE,CURVE & HILLCREST,DAYLIGHT,,,45978.41174,FALSE,185,Accepted,5,4,C,,,
35540227,0050000,BARREN COUNTY SHERIFF DEPT.,Accepted,BARREN,US0068,,VETERANS OUTER,LOOP,,,,,,,,37.02269971,-85.88578289,14.619,11/12/2025,1747,1,1,0,0,CLEAR,DRY,FALSE,COLLISION WITH ANIMAL NON INTERSECTION,SINGLE VEHICLE,STRAIGHT & LEVEL,DARK-HWY NOT LIGHTED,,,45978.41183,FALSE,151,Accepted,5,5,O,ANIMALS ACTION,,
35540228,0050000,BARREN COUNTY SHERIFF DEPT.,Accepted,BARREN,US0068,,VETERANS OUTER,LOOP,,,,,,,,37.02285656,-85.8862798,14.596,11/12/2025,1801,1,1,0,0,CLEAR,DRY,FALSE,COLLISION WITH ANIMAL NON INTERSECTION,SINGLE VEHICLE,STRAIGHT & LEVEL,DARK-HWY NOT LIGHTED,,,45978.41186,FALSE,151,Accepted,5,5,O,ANIMALS ACTION,,
35540229,0050000,BARREN COUNTY SHERIFF DEPT.,Accepted,BARREN,KY1324,,TEMPLE HILL,RD,,,,,,,,36.83981408,-85.77457298,0.509,11/16/2025,944,1,1,0,0,CLEAR,DRY,FALSE,COLLISION WITH ANIMAL NON INTERSECTION,SINGLE VEHICLE,STRAIGHT & GRADE,DAYLIGHT,,,45978.41189,FALSE,151,Accepted,5,5,O,ANIMALS ACTION,,
35540233,0050000,BARREN COUNTY SHERIFF DEPT.,Accepted,BARREN,LN9008,,LN9008 WB,,,,,,,,,37.05257219,-86.10056419,0.781,11/17/2025,607,1,1,0,0,CLEAR,DRY,FALSE,COLLISION WITH ANIMAL NON INTERSECTION,SINGLE VEHICLE,STRAIGHT & LEVEL,DAYLIGHT,,,45978.41275,FALSE,151,Accepted,5,5,O,ANIMALS ACTION,,
35541183,0050100,GLASGOW POLICE DEPARTMENT,Accepted,BARREN,US0068,,VETERANS OUTER,LOOP,,,FRANKS MILL,,,,,37.02018128,-85.88394654,14.821,11/7/2025,1308,1,1,0,0,RAINING,WET,FALSE,COLLISION WITH ANIMAL IN INTERSECTION,SINGLE VEHICLE,STRAIGHT & LEVEL,DAYLIGHT,,,45978.57518,FALSE,436,Accepted,5,5,O,SLIPPERY SURFACE,,
35541184,0050100,GLASGOW POLICE DEPARTMENT,Accepted,BARREN,US0031EX,,PUBLIC,SQ,W,,,,,,,36.99599217,-85.91305961,1.493,11/12/2025,1030,2,2,0,0,CLEAR,DRY,FALSE,VEHICLE BACKING NON INTERSECTION,BACKING,STRAIGHT & GRADE,DAYLIGHT,,,45978.57523,FALSE,442,Accepted,5,5,O,,INATTENTION,
35545428,KSP0300,"KY STATE POLICE, POST 03",Accepted,BARREN,KY0090,,MAIN,ST,E,,,,,,,36.99175616,-85.90362118,10.399,9/28/2025,1608,1,1,0,0,CLEAR,DRY,FALSE,RAN OFF ROADWAY (1 VEHICLE WITH/EARTH EMBANKMENT/DITCH),SINGLE VEHICLE,STRAIGHT & LEVEL,DAYLIGHT,,,45979.44775,FALSE,613,Accepted,5,5,O,,"ALCOHOL INVOLVEMENT, EXCEEDED STATED SPEED LIMIT",
35547093,0050100,GLASGOW POLICE DEPARTMENT,Accepted,BARREN,US0031E,,SCOTTSVILLE,RD,,LN9008,LN9008 EB EXIT 11 ON RAMP FROM US31E NB,,,,,36.97733613,-85.93545931,12.391,11/14/2025,1123,2,2,0,0,CLEAR,DRY,FALSE,OTHER INTERSECTION COLLISIONS,REAR END,STRAIGHT & LEVEL,DAYLIGHT,,,45979.69854,TRUE,166,Accepted,5,5,O,,INATTENTION,
35555259,0050100,GLASGOW POLICE DEPARTMENT,Accepted,BARREN,,,INDUSTRIAL,DR,,US0068X,MAIN,,,,,37.007245,-85.93456566,0.001,11/10/2025,930,2,2,0,0,CLOUDY,WET,FALSE,OPPOSING LEFT TURN,OPPOSING LEFT TURN,STRAIGHT & LEVEL,DAYLIGHT,,,45981.54843,FALSE,441,Accepted,5,5,O,,,
35555260,0050100,GLASGOW POLICE DEPARTMENT,Accepted,BARREN,,,CLEVELAND,AVE,,US0031E,L ROGERS WELLS,,,,,36.98934422,-85.93221159,,11/13/2025,1433,2,2,0,0,CLEAR,DRY,FALSE,OTHER INTERSECTION COLLISIONS,REAR END,STRAIGHT & LEVEL,DAYLIGHT,,,45981.54847,FALSE,441,Accepted,5,5,O,,INATTENTION,
35555263,0050100,GLASGOW POLICE DEPARTMENT,Accepted,BARREN,US0031E,,L ROGERS WELLS,BLVD,N,,ROGERS,,,,,37.00375453,-85.92552802,14.34,11/17/2025,1101,2,2,0,0,CLEAR,DRY,FALSE,SIDESWIPE-SAME DIRECTION,SIDESWIPE-SAME DIRECTION,STRAIGHT & LEVEL,DAYLIGHT,,,45981.54854,FALSE,442,Accepted,5,5,O,,,OVERSIZED LOAD ON VEHICLE
35560204,0050000,BARREN COUNTY SHERIFF DEPT.,Accepted,BARREN,KY0740,,CORAL HILL,RD,,,,,,,,37.03307152,-85.87171431,1.582,11/3/2025,2311,1,1,0,0,CLOUDY,DRY,FALSE,COLLISION WITH ANIMAL NON INTERSECTION,SINGLE VEHICLE,STRAIGHT & GRADE,DARK-HWY NOT LIGHTED,,,45982.65226,FALSE,180,Accepted,5,5,O,ANIMALS ACTION,,
35560205,0050000,BARREN COUNTY SHERIFF DEPT.,Accepted,BARREN,US0068,,VETERANS OUTER,LOOP,,,,,,,,37.03379756,-85.90844292,13.1,11/7/2025,2001,1,1,0,0,CLOUDY,DRY,FALSE,COLLISION WITH ANIMAL NON INTERSECTION,SINGLE VEHICLE,STRAIGHT & LEVEL,DARK-HWY NOT LIGHTED,,,45982.6523,FALSE,180,Accepted,5,5,O,ANIMALS ACTION,,
35560206,0050000,BARREN COUNTY SHERIFF DEPT.,Accepted,BARREN,US0068,,NEW BOWLING GREEN,RD,,,,,,,,37.01788407,-85.97779269,8.632,11/15/2025,1841,1,1,0,0,CLEAR,DRY,FALSE,COLLISION WITH ANIMAL NON INTERSECTION,SINGLE VEHICLE,STRAIGHT & GRADE,DARK-HWY NOT LIGHTED,,,45982.65233,FALSE,180,Accepted,5,5,O,ANIMALS ACTION,,
35560207,0050000,BARREN COUNTY SHERIFF DEPT.,Accepted,BARREN,US0031W,,LOUISVILLE,RD,,,,,,,,37.1118742,-85.98922594,4.938,11/2/2025,2326,1,1,0,0,FOG,DRY,FALSE,COLLISION WITH FIXED OBJECT NON - INTERSECTION - FIRST EVENT COLLISION 09 - 32 EXCLUDING 16,SINGLE VEHICLE,STRAIGHT & LEVEL,DARK-HWY NOT LIGHTED,,,45982.65235,FALSE,189,Accepted,5,5,O,,ALCOHOL INVOLVEMENT,
35560209,0050000,BARREN COUNTY SHERIFF DEPT.,Accepted,BARREN,US0031E,,JACKSON,HWY,N,,,,,,,37.04171542,-85.90138975,17.644,11/14/2025,2014,1,1,0,0,CLEAR,DRY,FALSE,COLLISION WITH ANIMAL NON INTERSECTION,SINGLE VEHICLE,STRAIGHT & LEVEL,DARK-HWY NOT LIGHTED,,,45982.65239,FALSE,189,Accepted,5,5,O,ANIMALS ACTION,,
35560212,0050000,BARREN COUNTY SHERIFF DEPT.,Accepted,BARREN,US0068,7500,NEW BOWLING GREEN,RD,,,,,,,,37.01620596,-86.01290091,6.642,11/15/2025,1826,1,1,0,0,CLEAR,DRY,FALSE,COLLISION WITH ANIMAL NON INTERSECTION,SINGLE VEHICLE,STRAIGHT & LEVEL,DARK-HWY NOT LIGHTED,,,45982.65244,FALSE,185,Accepted,5,5,O,ANIMALS ACTION,,
35560215,0050000,BARREN COUNTY SHERIFF DEPT.,Accepted,BARREN,US0031E,,JACKSON,HWY,N,,,,,,,37.04696777,-85.89920238,18.029,11/18/2025,1457,2,2,0,0,RAINING,WET,FALSE,1 VEHICLE ENTERING/LEAVING ENTRANCE,ANGLE,STRAIGHT & LEVEL,DAYLIGHT,,,45982.65247,FALSE,184,Accepted,5,5,O,,INATTENTION,
35560226,0050000,BARREN COUNTY SHERIFF DEPT.,Accepted,BARREN,KY0740,,CORAL HILL,RD,,,,,,,,37.04150036,-85.86234306,2.363,11/7/2025,56,1,1,0,0,CLEAR,DRY,FALSE,COLLISION WITH FIXED OBJECT NON - INTERSECTION - FIRST EVENT COLLISION 09 - 32 EXCLUDING 16,SINGLE VEHICLE,CURVE & LEVEL,DARK-HWY NOT LIGHTED,,,45982.65259,FALSE,189,Accepted,5,5,O,,OTHER,
35560227,0050000,BARREN COUNTY SHERIFF DEPT.,Accepted,BARREN,,,BECKTON ROCKY HILL,RD,,,,,,,,36.97036999,-86.0466943,1.233,11/15/2025,2003,1,1,0,0,CLEAR,DRY,FALSE,COLLISION WITH ANIMAL NON INTERSECTION,SINGLE VEHICLE,STRAIGHT & LEVEL,DARK-HWY NOT LIGHTED,,,45982.65262,FALSE,189,Accepted,5,5,O,ANIMALS ACTION,,
35560231,0050000,BARREN COUNTY SHERIFF DEPT.,Accepted,BARREN,LN9008,,LN9008 E,,,,,,,,,36.99036396,-85.8872778,14.661,11/18/2025,1430,1,1,0,0,CLOUDY,WET,FALSE,COLLISION WITH ANIMAL NON INTERSECTION,SINGLE VEHICLE,STRAIGHT & LEVEL,DAYLIGHT,,,45982.65268,FALSE,125,Accepted,5,5,O,ANIMALS ACTION,,
35560232,0050000,BARREN COUNTY SHERIFF DEPT.,Accepted,BARREN,KY0070,,HISEVILLE MAIN,ST,E,KY0740,CORAL HILL,,,,,37.10065858,-85.81413514,15.113,11/11/2025,1308,1,1,0,0,CLEAR,DRY,TRUE,COLLISION WITH FIXED OBJECT IN INTERSECTION - FIRST EVENT COLLISION 09 - 32,SINGLE VEHICLE,STRAIGHT & LEVEL,DAYLIGHT,,,45982.65272,FALSE,125,Accepted,5,5,O,,INATTENTION,
35560233,0050000,BARREN COUNTY SHERIFF DEPT.,Accepted,BARREN,US0031E,,SCOTTSVILLE,RD,,,,,,,,36.92881993,-85.99568246,7.654,11/20/2025,608,1,1,0,0,CLOUDY,DRY,FALSE,COLLISION WITH ANIMAL NON INTERSECTION,SINGLE VEHICLE,CURVE & LEVEL,DAYLIGHT,,,45982.65275,FALSE,125,Accepted,5,5,O,ANIMALS ACTION,,
35561311,0050100,GLASGOW POLICE DEPARTMENT,Accepted,BARREN,KY0090,2345,HAPPY VALLEY,RD,,,,,MAX WAGNER,,LONGHUNTERS,37.02301731,-85.93469522,8.709,11/17/2025,1728,1,1,0,0,CLEAR,DRY,FALSE,COLLISION WITH FIXED OBJECT NON - INTERSECTION - FIRST EVENT COLLISION 09 - 32 EXCLUDING 16,SINGLE VEHICLE,STRAIGHT & LEVEL,DARK-HWY LIGHTED/ON,,,45982.87252,FALSE,294,Accepted,5,5,O,,INATTENTION,
35561319,0050100,GLASGOW POLICE DEPARTMENT,Accepted,BARREN,US0031E,,SCOTTSVILLE,RD,,KY2207,FORK,,,,,36.97178776,-85.94077505,11.908,11/16/2025,2116,2,2,0,1,CLEAR,DRY,FALSE,OTHER INTERSECTION COLLISIONS,REAR END,STRAIGHT & LEVEL,DARK-HWY LIGHTED/ON,,,45982.87636,FALSE,30,Accepted,5,3,B,,"DISTRACTION, INATTENTION",
35562857,0050100,GLASGOW POLICE DEPARTMENT,Accepted,BARREN,US0031E,,SCOTTSVILLE,RD,,KY2207,FORK,,,,,36.97194141,-85.94062735,11.92,11/20/2025,1822,3,3,0,2,RAINING,WET,FALSE,ANGLE COLLISION - OTHER,ANGLE,STRAIGHT & LEVEL,DARK-HWY LIGHTED/ON,,,45983.36986,FALSE,439,Accepted,3,3,B,,DISREGARD TRAFFIC CONTROL,
35565938,0050200,CAVE CITY POLICE DEPARTMENT,Accepted,BARREN,,,SANDERS,ST,,KY0090,HAPPY VALLEY,,,,,37.13396556,-85.97207287,0.003,11/13/2025,1043,2,2,0,3,CLEAR,DRY,FALSE,ANGLE COLLISION - OTHER,ANGLE,STRAIGHT & LEVEL,DAYLIGHT,,,45984.44316,FALSE,610,Accepted,5,3,B,,INATTENTION,
35565939,0050200,CAVE CITY POLICE DEPARTMENT,Accepted,BARREN,,,3RD,ST,S,,FORD,,,,,37.13542802,-85.95899175,0.139,11/6/2025,730,2,2,0,0,CLEAR,DRY,FALSE,COLLISION WITH FIXED OBJECT IN INTERSECTION - FIRST EVENT COLLISION 09 - 32,ANGLE,CURVE & LEVEL,DAYLIGHT,,,45984.44377,FALSE,610,Accepted,5,5,O,GLARE (SUN),,
35568947,0050000,BARREN COUNTY SHERIFF DEPT.,Accepted,BARREN,,,BROWNING SCHOOL,RD,,,,,,,,36.89616454,-85.98960648,0.913,11/12/2025,2205,2,1,0,0,CLEAR,DRY,TRUE,HEAD-ON COLLISION,HEAD ON,CURVE & LEVEL,DARK-HWY NOT LIGHTED,,,45985.31302,FALSE,173,Accepted,5,5,O,,OTHER,
35568991,0050100,GLASGOW POLICE DEPARTMENT,Accepted,BARREN,,102,CHERRY,ST,E,,,,GREEN,US0031EX,RACE,37.00131758,-85.90856591,0.057,11/14/2025,1107,1,1,0,1,CLEAR,DRY,FALSE,COLLISION WITH FIXED OBJECT NON - INTERSECTION - FIRST EVENT COLLISION 09 - 32 EXCLUDING 16,SINGLE VEHICLE,STRAIGHT & LEVEL,DAYLIGHT,,,45985.31849,FALSE,403,Accepted,5,3,B,,NOT UNDER PROPER CONTROL,
35568993,0050100,GLASGOW POLICE DEPARTMENT,Accepted,BARREN,US0031E,,L ROGERS WELLS,BLVD,N,,ROGERS,,,,,37.00376443,-85.92551409,14.341,11/19/2025,1418,2,2,0,1,CLOUDY,DRY,FALSE,ANGLE COLLISION - OTHER,ANGLE,STRAIGHT & LEVEL,DAYLIGHT,,,45985.31861,FALSE,403,Accepted,3,3,B,,DISTRACTION,
35568997,0050100,GLASGOW POLICE DEPARTMENT,Accepted,BARREN,US0031E,,SCOTTSVILLE,RD,,,,,FORK,KY2207,FORK,36.97387415,-85.93877999,12.089,11/19/2025,1615,2,2,0,1,CLEAR,DRY,FALSE,OTHER COLLISIONS ON SHOULDER,ANGLE,STRAIGHT & LEVEL,DARK-HWY NOT LIGHTED,,,45985.31874,FALSE,124,Accepted,5,3,B,,DISTRACTION,
35572621,0050100,GLASGOW POLICE DEPARTMENT,Accepted,BARREN,US0068,,VETERANS OUTER,LOOP,,,BEAVER,,,,,37.02252787,-85.93848702,11.135,11/23/2025,1540,2,2,0,3,CLEAR,DRY,FALSE,ANGLE COLLISION - OTHER,ANGLE,STRAIGHT & LEVEL,DAYLIGHT,,,45985.86607,FALSE,202,Accepted,3,3,B,GLARE (SUN),INATTENTION,
35572622,0050100,GLASGOW POLICE DEPARTMENT,Accepted,BARREN,US0031E,,L ROGERS WELLS,BLVD,N,KY0090,HAPPY VALLEY,,,,,37.00958532,-85.92143106,14.848,11/19/2025,1445,2,2,0,0,CLOUDY,DRY,FALSE,HEAD-ON COLLISION,HEAD ON,STRAIGHT & LEVEL,DAYLIGHT,,,45985.86614,FALSE,317,Accepted,5,5,O,,"FAILED TO YIELD RIGHT OF WAY, INATTENTION",
35574130,0050100,GLASGOW POLICE DEPARTMENT,Accepted,BARREN,US0068,,NEW GLASGOW,RD,,,,US0068,VETERANS OUTER,,CARROLL KNICELY,37.01291963,-85.95635317,9.861,11/18/2025,2359,1,1,0,0,CLEAR,DRY,FALSE,COLLISION WITH ANIMAL NON INTERSECTION,SINGLE VEHICLE,STRAIGHT & HILLCREST,DARK-HWY LIGHTED/ON,,,45986.3044,FALSE,254,Accepted,5,5,O,ANIMALS ACTION,,
35574131,0050100,GLASGOW POLICE DEPARTMENT,Accepted,BARREN,,,REYNOLDS,RD,,,,,YMCA,,COMMERCE,37.0120371,-85.93430054,0.281,11/19/2025,1928,1,1,0,0,CLEAR,DRY,FALSE,COLLISION WITH ANIMAL NON INTERSECTION,SINGLE VEHICLE,STRAIGHT & HILLCREST,DARK-HWY LIGHTED/OFF,,,45986.30443,FALSE,254,Accepted,5,5,O,ANIMALS ACTION,,
35574134,0050100,GLASGOW POLICE DEPARTMENT,Accepted,BARREN,,,LEXINGTON,DR,,,,,CLARKSDALE,,FOX HOLLOW,37.02335546,-85.91589155,1.341,11/24/2025,2030,1,1,0,0,CLEAR,WET,FALSE,COLLISION WITH ANIMAL NON INTERSECTION,SINGLE VEHICLE,STRAIGHT & LEVEL,DARK-HWY NOT LIGHTED,,,45986.3045,FALSE,124,Accepted,5,5,O,ANIMALS ACTION,,
35574136,0050100,GLASGOW POLICE DEPARTMENT,Accepted,BARREN,US0031E,,L ROGERS WELLS,BLVD,S,US0068X,MAIN,,,,,37.00187553,-85.9264799,14.245,11/19/2025,1746,2,2,0,0,CLOUDY,DRY,FALSE,OTHER INTERSECTION COLLISIONS,REAR END,STRAIGHT & LEVEL,DARK-HWY LIGHTED/ON,,,45986.30455,FALSE,205,Accepted,5,5,O,,"DISTRACTION, INATTENTION",
35574137,0050100,GLASGOW POLICE DEPARTMENT,Accepted,BARREN,,,LOVE,ST,,US0068X,COLUMBIA,,,,,37.00440353,-85.89390855,0.154,11/24/2025,1912,1,1,0,0,CLEAR,WET,FALSE,COLLISION WITH FIXED OBJECT IN INTERSECTION - FIRST EVENT COLLISION 09 - 32,SINGLE VEHICLE,STRAIGHT & LEVEL,DARK-HWY NOT LIGHTED,,,45986.30458,FALSE,205,Accepted,5,5,O,SLIPPERY SURFACE,MISJUDGE CLEARANCE,
35574547,0050000,BARREN COUNTY SHERIFF DEPT.,Accepted,BARREN,KY0571,1057,SEYMOUR PARK,RD,,,,,,,,37.1546364,-85.79375879,1.518,11/19/2025,721,2,2,0,0,CLOUDY,WET,FALSE,SIDESWIPE COLLISION - OPPOSITE DIRECTION,SIDESWIPE-OPPOSITE DIRECTION,STRAIGHT & LEVEL,DAYLIGHT,,,45986.39172,FALSE,125,Accepted,5,5,O,,,
35574548,0050000,BARREN COUNTY SHERIFF DEPT.,Accepted,BARREN,,496,DRIPPING SPRINGS,RD,,,,,,,,37.04096488,-85.95743216,6.525,11/21/2025,1525,2,2,0,0,RAINING,WET,FALSE,SIDESWIPE COLLISION - SAME DIRECTION,SIDESWIPE-SAME DIRECTION,CURVE & GRADE,DAYLIGHT,,,45986.39176,FALSE,125,Accepted,5,5,O,,,
35574549,0050000,BARREN COUNTY SHERIFF DEPT.,Accepted,BARREN,US0031E,,SCOTTSVILLE,RD,,,,,,,,36.95667783,-85.95862679,10.465,11/17/2025,2233,1,1,0,0,CLEAR,DRY,FALSE,COLLISION WITH ANIMAL NON INTERSECTION,SINGLE VEHICLE,STRAIGHT & LEVEL,DARK-HWY NOT LIGHTED,,,45986.39183,FALSE,163,Accepted,5,5,O,ANIMALS ACTION,,
35574550,0050000,BARREN COUNTY SHERIFF DEPT.,Accepted,BARREN,LN9008,,LN9008 EB,,,,,,,,,37.0133868,-86.02556601,5.806,11/24/2025,739,1,1,0,0,FOG,WET,FALSE,COLLISION WITH ANIMAL NON INTERSECTION,SINGLE VEHICLE,STRAIGHT & LEVEL,DAYLIGHT,,,45986.39188,FALSE,181,Accepted,5,5,O,,,
35574553,0050000,BARREN COUNTY SHERIFF DEPT.,Accepted,BARREN,KY2189,,PARK CITY GLASGOW,RD,,,,,,,,37.03030174,-86.00065417,1.174,11/21/2025,419,1,1,0,0,CLEAR,DRY,FALSE,COLLISION WITH ANIMAL NON INTERSECTION,SINGLE VEHICLE,STRAIGHT & GRADE,DARK-HWY NOT LIGHTED,,,45986.39198,FALSE,173,Accepted,5,5,O,ANIMALS ACTION,,
35577000,0050100,GLASGOW POLICE DEPARTMENT,Accepted,BARREN,US0068X,,EDMONTON,RD,,,,US0068,VETERANS OUTER,,SCOTTIE,37.00981438,-85.8815137,4.529,11/25/2025,833,2,2,0,2,RAINING,WET,FALSE,1 VEHICLE ENTERING/LEAVING ENTRANCE,ANGLE,STRAIGHT & LEVEL,DAYLIGHT,,,45986.8371,FALSE,250,Accepted,4,4,C,,"INATTENTION, MISJUDGE CLEARANCE",
35585415,0050100,GLASGOW POLICE DEPARTMENT,Accepted,BARREN,US0031E,,SCOTTSVILLE,RD,,,,LN9008,LN9008 W EXIT11 OFF RAMP TO US31E S,LN9008,LN9008 E EXIT11 ON RAMP FROM US31E S,36.9785574,-85.93450427,12.492,11/27/2025,924,2,2,0,0,CLEAR,DRY,FALSE,REAR END IN TRAFFIC LANES BOTH VEHICLES MOVING,REAR END,STRAIGHT & LEVEL,DAYLIGHT,,,45989.29257,FALSE,403,Accepted,5,5,O,BACKUP DUE TO REGULAR CONGESTION,"FOLLOWING TOO CLOSE, FAILED TO YIELD RIGHT OF WAY",
35585419,0050100,GLASGOW POLICE DEPARTMENT,Accepted,BARREN,KY0090,,BURKESVILLE,RD,,,,,,,,36.98509291,-85.89638822,11.011,10/30/2025,1816,2,2,0,0,CLOUDY,DRY,FALSE,SIDESWIPE COLLISION - SAME DIRECTION,SIDESWIPE-SAME DIRECTION,STRAIGHT & LEVEL,DARK-HWY LIGHTED/ON,,,45989.29265,FALSE,205,Accepted,5,5,O,,"DRUG INVOLVEMENT, FAILED TO YIELD RIGHT OF WAY",
35588590,0050100,GLASGOW POLICE DEPARTMENT,Accepted,BARREN,KY0090,,HAPPY VALLEY,RD,,,,,,,,37.02285164,-85.93450749,8.701,11/21/2025,1739,2,2,0,0,RAINING,WET,FALSE,REAR END IN TRAFFIC LANES BOTH VEHICLES MOVING,REAR END,STRAIGHT & GRADE,DARK-HWY LIGHTED/ON,,,45990.27246,FALSE,30,Accepted,5,5,O,SLIPPERY SURFACE,,
35588592,0050100,GLASGOW POLICE DEPARTMENT,Accepted,BARREN,KY1297,,OLD BOWLING GREEN,RD,,,CHILDRESS,,,,,36.99109381,-85.9483403,11.839,11/25/2025,721,2,2,0,2,RAINING,WET,FALSE,OTHER INTERSECTION COLLISIONS,REAR END,CURVE & GRADE,DAYLIGHT,,,45990.27252,FALSE,293,Accepted,4,4,C,,"DISTRACTION, INATTENTION, TOO FAST FOR CONDITIONS",
35588594,0050100,GLASGOW POLICE DEPARTMENT,Accepted,BARREN,KY0249,104,ROSEVILLE,RD,,,,,,,,36.98210777,-85.91342271,15.567,11/21/2025,1712,1,1,0,0,CLEAR,DRY,FALSE,COLLISION WITH FIXED OBJECT NON - INTERSECTION - FIRST EVENT COLLISION 09 - 32 EXCLUDING 16,SINGLE VEHICLE,STRAIGHT & LEVEL,DARK-HWY NOT LIGHTED,,,45990.27257,FALSE,293,Accepted,5,5,O,,ALCOHOL INVOLVEMENT,
35588595,0050100,GLASGOW POLICE DEPARTMENT,Accepted,BARREN,,,REYNOLDS,RD,,US0068X,MAIN,,,,,37.00871962,-85.9366766,0.016,11/26/2025,555,1,1,0,1,CLOUDY,DRY,FALSE,COLLISION WITH FIXED OBJECT IN INTERSECTION - FIRST EVENT COLLISION 09 - 32,SINGLE VEHICLE,STRAIGHT & LEVEL,DARK-HWY LIGHTED/ON,,,45990.27261,FALSE,293,Accepted,4,4,C,,OTHER,BRAKES DEFECTIVE
35588690,0050100,GLASGOW POLICE DEPARTMENT,Accepted,BARREN,US0031E,,L ROGERS WELLS,BLVD,S,,CAVALRY,,,,,36.9847777,-85.93161757,12.98,11/28/2025,1802,2,1,0,1,CLEAR,DRY,FALSE,COLLISION WITH PEDESTRIAN IN INTERSECTION,SINGLE VEHICLE,STRAIGHT & LEVEL,DARK-HWY LIGHTED/ON,,,45990.33152,FALSE,254,Accepted,5,2,A,,INATTENTION,
35599365,KSP0300,"KY STATE POLICE, POST 03",Accepted,BARREN,KY0685,,BECKTON,RD,,,,,,,,37.00386789,-86.02906901,1.468,11/15/2025,2050,1,1,0,0,CLEAR,DRY,FALSE,COLLISION WITH FIXED OBJECT NON - INTERSECTION - FIRST EVENT COLLISION 09 - 32 EXCLUDING 16,SINGLE VEHICLE,CURVE & LEVEL,DARK-HWY NOT LIGHTED,,,45993.42115,FALSE,634,Accepted,5,5,O,,"INATTENTION, NOT UNDER PROPER CONTROL",