IncidentID,AgencyORI,AgencyName,IncidentStatusDesc,County,RdwyNumber,Street,RoadwayName,StreetSfx,StreetDir,IntersectionRdwy,IntersectionRdwyName,BetweenStRdwy1,BetweenStRdwyName1,BetweenStRdwy2,BetweenStRdwyName2,Latitude,Longitude,Milepoint,CollisionDate,CollisionTime,UnitsInvolved,MotorVehiclesInvolved,NumberKilled,NumberInjured,Weather,RdwyConditionCode,HitandRun,DirAnalysisCode,MannerofCollision,RdwyCharacter,LightCondition,RampFromRdwyId,RampToRdwyId,AcceptedDate,IsSecondaryCollision,OwnerBadge,IncidentStatus,InjurySeverityCde,KABCO_Code,KABCO,Environmental_Factors,Human_Factors,Vehicular_Factors
35600418,0050100,GLASGOW POLICE DEPARTMENT,Accepted,BARREN,US0031EX,,RACE,ST,N,,GLENVIEW,,,,,37.01071543,-85.90334887,2.673,11/17/2025,956,2,2,0,0,CLEAR,DRY,FALSE,SIDESWIPE-SAME DIRECTION,SIDESWIPE-SAME DIRECTION,STRAIGHT & LEVEL,DAYLIGHT,,,45993.63001,FALSE,436,Accepted,5,5,O,,,
35600419,0050100,GLASGOW POLICE DEPARTMENT,Accepted,BARREN,,,CHERRY,ST,W,,WALL,,,,,37.00818838,-85.92141752,0.064,11/18/2025,1414,2,2,0,0,CLOUDY,WET,FALSE,ANGLE COLLISION - OTHER,ANGLE,STRAIGHT & LEVEL,DAYLIGHT,,,45993.63005,FALSE,437,Accepted,5,5,O,,"DISREGARD TRAFFIC CONTROL, INATTENTION",
35600423,0050100,GLASGOW POLICE DEPARTMENT,Accepted,BARREN,US0031E,,JACKSON,HWY,N,US0031EX,RACE,,,,,37.01807322,-85.9070869,15.866,11/20/2025,1414,2,2,0,0,RAINING,WET,FALSE,ANGLE COLLISION - OTHER,ANGLE,CURVE & LEVEL,DAYLIGHT,,,45993.63016,FALSE,437,Accepted,5,5,O,,INATTENTION,
35600427,0050100,GLASGOW POLICE DEPARTMENT,Accepted,BARREN,LN9008,,LN9008 W,,,,,,,,,36.97778071,-85.90102678,13.492,11/26/2025,656,2,2,0,0,CLEAR,DRY,FALSE,SIDESWIPE COLLISION - SAME DIRECTION,SIDESWIPE-SAME DIRECTION,STRAIGHT & LEVEL,DAYLIGHT,,,45993.63032,FALSE,321,Accepted,5,5,O,,INATTENTION,
35602905,0050100,GLASGOW POLICE DEPARTMENT,Accepted,BARREN,KY0090,,MAIN,ST,E,,BROADWAY,,,,,36.99546409,-85.91077193,9.925,11/28/2025,1839,2,2,0,0,CLEAR,DRY,FALSE,ANGLE COLLISION - OTHER,ANGLE,STRAIGHT & HILLCREST,DARK-HWY LIGHTED/ON,,,45994.28575,FALSE,322,Accepted,5,5,O,,DISREGARD TRAFFIC CONTROL,
35603419,0050000,BARREN COUNTY SHERIFF DEPT.,Accepted,BARREN,US0031W,,LOUISVILLE,RD,,,,,,,,37.114831,-85.98216554,5.424,11/14/2025,1810,1,1,0,0,CLEAR,DRY,FALSE,COLLISION WITH ANIMAL NON INTERSECTION,SINGLE VEHICLE,STRAIGHT & LEVEL,DARK-HWY NOT LIGHTED,,,45994.40654,FALSE,180,Accepted,5,5,O,ANIMALS ACTION,,
35603421,0050000,BARREN COUNTY SHERIFF DEPT.,Accepted,BARREN,LN9008,,LN9008 W,,,,,,,,,36.99662182,-85.81720319,18.61,11/17/2025,1820,1,1,0,0,CLOUDY,WET,FALSE,COLLISION WITH ANIMAL NON INTERSECTION,SINGLE VEHICLE,STRAIGHT & LEVEL,DARK-HWY NOT LIGHTED,,,45994.40663,FALSE,180,Accepted,5,5,O,ANIMALS ACTION,,
35603422,0050000,BARREN COUNTY SHERIFF DEPT.,Accepted,BARREN,KY0063,,TOMPKINSVILLE,RD,,,SILOAM,,,,,36.95479223,-85.8853415,11.297,11/25/2025,750,2,2,0,0,CLOUDY,WET,FALSE,ANGLE COLLISION - OTHER,ANGLE,STRAIGHT & LEVEL,DAYLIGHT,,,45994.40668,FALSE,170,Accepted,5,5,O,,"FAILED TO YIELD RIGHT OF WAY, INATTENTION",
35603425,0050000,BARREN COUNTY SHERIFF DEPT.,Accepted,BARREN,US0068,,EDMONTON,RD,,,,,,,,37.01244817,-85.82727584,18.551,11/19/2025,2043,1,1,0,0,CLEAR,DRY,FALSE,OTHER ROADWAY OR MID-BLOCK COLLISION,SINGLE VEHICLE,STRAIGHT & LEVEL,DARK-HWY NOT LIGHTED,,,45994.40677,FALSE,173,Accepted,5,5,O,ANIMALS ACTION,NOT UNDER PROPER CONTROL,
35603426,0050000,BARREN COUNTY SHERIFF DEPT.,Accepted,BARREN,,,WELLS,RD,,,,,,,,36.90215705,-85.88669748,2.322,11/25/2025,2013,1,1,0,0,CLEAR,DRY,FALSE,COLLISION WITH ANIMAL NON INTERSECTION,SINGLE VEHICLE,STRAIGHT & LEVEL,DARK-HWY NOT LIGHTED,,,45994.40681,FALSE,173,Accepted,5,5,O,ANIMALS ACTION,,
35603427,0050000,BARREN COUNTY SHERIFF DEPT.,Accepted,BARREN,US0031W,,LOUISVILLE,RD,,,,,,,,37.09295065,-86.0238731,2.564,11/24/2025,1735,1,1,0,0,RAINING,WET,FALSE,COLLISION WITH ANIMAL NON INTERSECTION,SINGLE VEHICLE,STRAIGHT & LEVEL,DARK-HWY NOT LIGHTED,,,45994.40684,FALSE,163,Accepted,5,5,O,ANIMALS ACTION,,
35603428,0050000,BARREN COUNTY SHERIFF DEPT.,Accepted,BARREN,KY0740,4400,CORAL HILL,RD,,,,,,,,37.01307757,-85.87718585,0.172,11/30/2025,1707,1,1,0,0,CLEAR,DRY,FALSE,COLLISION WITH ANIMAL NON INTERSECTION,SINGLE VEHICLE,STRAIGHT & LEVEL,DARK-HWY NOT LIGHTED,,,45994.40688,FALSE,180,Accepted,5,5,O,ANIMALS ACTION,,
35603429,0050000,BARREN COUNTY SHERIFF DEPT.,Accepted,BARREN,LN9008,,LN9008 W,,,,,,,,,37.03057384,-86.05004501,4.006,11/29/2025,2038,1,1,0,0,CLEAR,DRY,FALSE,COLLISION WITH ANIMAL NON INTERSECTION,SINGLE VEHICLE,STRAIGHT & LEVEL,DARK-HWY NOT LIGHTED,,,45994.40691,FALSE,180,Accepted,5,5,O,ANIMALS ACTION,,
35603430,0050000,BARREN COUNTY SHERIFF DEPT.,Accepted,BARREN,LN9008,,,,,LN9008,LN9008 WB EXIT 15 OFF RAMP TO KY1519,,,,,36.9963066,-85.87578797,0.482,12/1/2025,652,2,2,0,0,CLEAR,DRY,FALSE,OTHER INTERSECTION COLLISIONS,REAR END,STRAIGHT & LEVEL,DAWN,,,45994.40695,FALSE,181,Accepted,5,5,O,,INATTENTION,
35603431,0050000,BARREN COUNTY SHERIFF DEPT.,Accepted,BARREN,KY0070,,HISEVILLE,RD,,,,,,,,37.11163574,-85.85932841,12.43,12/1/2025,743,2,2,0,0,CLEAR,DRY,FALSE,OCCUPANT FELL FROM MOVING VEHICLE,SIDESWIPE-OPPOSITE DIRECTION,STRAIGHT & LEVEL,DAYLIGHT,,,45994.40699,FALSE,170,Accepted,5,5,O,,,TIRES
35603432,0050000,BARREN COUNTY SHERIFF DEPT.,Accepted,BARREN,KY1297,,OLD BOWLING GREEN,RD,,,,,,,,36.98763993,-86.01524735,7.789,11/5/2025,1724,2,2,0,0,CLEAR,DRY,FALSE,SIDESWIPE COLLISION - OPPOSITE DIRECTION,SIDESWIPE-OPPOSITE DIRECTION,STRAIGHT & LEVEL,DARK-HWY NOT LIGHTED,,,45994.40703,FALSE,151,Accepted,5,5,O,,INATTENTION,
35603433,0050000,BARREN COUNTY SHERIFF DEPT.,Accepted,BARREN,,,OLD MUNFORDVILLE,RD,,,,,,,,37.04585765,-85.91677107,0.935,11/28/2025,1335,2,2,0,2,CLEAR,DRY,FALSE,1 VEHICLE ENTERING/LEAVING ENTRANCE,ANGLE,STRAIGHT & LEVEL,DAYLIGHT,,,45994.40708,FALSE,184,Accepted,4,4,C,,INATTENTION,
35603434,0050000,BARREN COUNTY SHERIFF DEPT.,Accepted,BARREN,US0068,,VETERANS OUTER,LOOP,,,,,,,,37.01535525,-85.94855112,10.385,12/1/2025,1733,1,1,0,0,CLOUDY,DRY,FALSE,COLLISION WITH ANIMAL NON INTERSECTION,SINGLE VEHICLE,STRAIGHT & HILLCREST,DARK-HWY NOT LIGHTED,,,45994.40711,FALSE,184,Accepted,5,5,O,ANIMALS ACTION,,
35607241,0050100,GLASGOW POLICE DEPARTMENT,Accepted,BARREN,,,HIGHLAND,AVE,,,,,GARNETT,,COMBS,36.99443985,-85.92496815,0.052,12/2/2025,2015,2,2,0,0,CLEAR,DRY,TRUE,SIDESWIPE COLLISION - OPPOSITE DIRECTION,SIDESWIPE-OPPOSITE DIRECTION,STRAIGHT & GRADE,DARK-HWY LIGHTED/ON,,,45995.28879,FALSE,322,Accepted,5,5,O,,,
35614500,0050100,GLASGOW POLICE DEPARTMENT,Accepted,BARREN,US0031E,,JACKSON,HWY,N,US0031EX,RACE,,,,,37.01809716,-85.90713685,15.863,11/28/2025,2012,1,1,0,0,CLEAR,DRY,FALSE,COLLISION WITH ANIMAL IN INTERSECTION,SINGLE VEHICLE,STRAIGHT & LEVEL,DARK-HWY LIGHTED/ON,,,45996.84503,FALSE,30,Accepted,5,5,O,,,
35619264,0050200,CAVE CITY POLICE DEPARTMENT,Accepted,BARREN,US0031E,,JACKSON,HWY,N,,,,,,,37.06532376,-85.89473822,19.424,11/23/2025,418,1,1,0,0,FOG WITH RAIN,WET,FALSE,COLLISION WITH ANIMAL NON INTERSECTION,SINGLE VEHICLE,STRAIGHT & LEVEL,DARK-HWY NOT LIGHTED,,,45998.69939,FALSE,606,Accepted,5,5,O,"ANIMALS ACTION, VIEW OBSTRUCTED, LIMITED DUE TO WEATHER CONDITIONS",,
35619266,0050200,CAVE CITY POLICE DEPARTMENT,Accepted,BARREN,,,1ST,ST,S,,,,,,,37.13855392,-85.9594766,0.128,11/21/2025,1742,2,2,0,0,CLEAR,DRY,FALSE,OTHER ROADWAY OR MID-BLOCK COLLISION,REAR END,STRAIGHT & LEVEL,DARK-HWY LIGHTED/ON,,,45998.69942,FALSE,606,Accepted,5,5,O,,IMPROPER BACKING,
35619642,0050100,GLASGOW POLICE DEPARTMENT,Accepted,BARREN,US0031E,,L ROGERS WELLS,BLVD,N,,SMITH,,,,,37.00584027,-85.92450025,14.44,12/3/2025,1218,2,1,0,0,CLEAR,DRY,FALSE,COLLISION WITH BICYCLE IN INTERSECTION,SINGLE VEHICLE,STRAIGHT & LEVEL,DAYLIGHT,,,45998.79701,FALSE,317,Accepted,5,5,O,,,
35623857,0050100,GLASGOW POLICE DEPARTMENT,Accepted,BARREN,,,HUMBLE,AVE,,,,KY0090,MAIN,,RACHEL,36.99220305,-85.90360708,0.021,12/6/2025,1753,2,2,0,0,CLOUDY,DRY,FALSE,REAR END IN TRAFFIC LANES BOTH VEHICLES MOVING,REAR END,STRAIGHT & LEVEL,DARK-HWY LIGHTED/ON,,,45999.71646,FALSE,226,Accepted,5,5,O,,INATTENTION,
35623858,0050100,GLASGOW POLICE DEPARTMENT,Accepted,BARREN,US0031E,,SCOTTSVILLE,RD,,,PRITCHARDSVILLE,,,,,36.97622857,-85.93648123,12.295,12/7/2025,1252,2,2,0,0,CLOUDY,DRY,TRUE,SIDESWIPE-SAME DIRECTION,SIDESWIPE-SAME DIRECTION,STRAIGHT & LEVEL,DAYLIGHT,,,45999.7165,FALSE,317,Accepted,5,5,O,,"IMPROPER PASSING, MISJUDGE CLEARANCE",
35626422,0050000,BARREN COUNTY SHERIFF DEPT.,Accepted,BARREN,KY2195,,OLD LEXINGTON,RD,,,,,,,,37.13590961,-85.9069804,2.397,12/4/2025,1325,2,2,0,0,CLOUDY,DRY,FALSE,OTHER ROADWAY OR MID-BLOCK COLLISION,OPPOSING LEFT TURN,STRAIGHT & LEVEL,DAYLIGHT,,,46000.39338,FALSE,184,Accepted,5,5,O,,INATTENTION,
35626424,0050000,BARREN COUNTY SHERIFF DEPT.,Accepted,BARREN,US0031E,,SCOTTSVILLE,RD,,,,,,,,36.93003649,-85.99447106,7.762,11/29/2025,1952,1,1,0,0,CLEAR,DRY,FALSE,COLLISION WITH ANIMAL NON INTERSECTION,SINGLE VEHICLE,STRAIGHT & LEVEL,DARK-HWY NOT LIGHTED,,,46000.39346,FALSE,189,Accepted,5,5,O,ANIMALS ACTION,,
35626427,0050000,BARREN COUNTY SHERIFF DEPT.,Accepted,BARREN,,,FRANKS MILL,RD,,,,,,,,37.02255661,-85.88567222,0.261,12/2/2025,1619,2,2,0,2,CLEAR,DRY,FALSE,1 VEHICLE ENTERING/LEAVING ENTRANCE,ANGLE,STRAIGHT & LEVEL,DUSK,,,46000.39352,FALSE,151,Accepted,5,2,A,,"INATTENTION, MISJUDGE CLEARANCE",
35626430,0050000,BARREN COUNTY SHERIFF DEPT.,Accepted,BARREN,KY0090,,HAPPY VALLEY,RD,,,,,,,,37.05341868,-85.95160399,6.401,12/5/2025,1239,2,2,0,0,CLEAR,DRY,FALSE,REAR END IN TRAFFIC LANES BOTH VEHICLES MOVING,REAR END,STRAIGHT & LEVEL,DAYLIGHT,,,46000.39362,FALSE,151,Accepted,5,5,O,,INATTENTION,
35626432,0050000,BARREN COUNTY SHERIFF DEPT.,Accepted,BARREN,,,MATTHEWS MILL,RD,,,,,MEDLEY,,PENDLETON,36.89386936,-85.96331335,4.455,12/6/2025,1830,1,1,0,0,CLOUDY,DRY,FALSE,COLLISION WITH FIXED OBJECT NON - INTERSECTION - FIRST EVENT COLLISION 09 - 32 EXCLUDING 16,SINGLE VEHICLE,CURVE & HILLCREST,DARK-HWY NOT LIGHTED,,,46000.39367,FALSE,152,Accepted,5,5,O,,,
35626435,0050000,BARREN COUNTY SHERIFF DEPT.,Accepted,BARREN,KY0090,,BURKESVILLE,RD,,,,,,,,36.90959655,-85.78066386,19.615,12/3/2025,2142,1,1,0,0,CLEAR,DRY,FALSE,OTHER ROADWAY OR MID-BLOCK COLLISION,SINGLE VEHICLE,CURVE & LEVEL,DARK-HWY NOT LIGHTED,,,46000.3938,FALSE,173,Accepted,5,5,O,,NOT UNDER PROPER CONTROL,
35626462,0050000,BARREN COUNTY SHERIFF DEPT.,Accepted,BARREN,KY1307,,NEW SALEM,RD,,,H MILLER,,,,,36.99123682,-85.877968,6.864,11/27/2025,2257,2,2,0,0,CLEAR,DRY,TRUE,OPPOSITE DIRECTION - BOTH VEHICLES GOING STRAIGHT AHEAD,SIDESWIPE-OPPOSITE DIRECTION,STRAIGHT & HILLCREST,DARK-HWY NOT LIGHTED,,,46000.39669,FALSE,189,Accepted,5,5,O,,ALCOHOL INVOLVEMENT,
35628988,0050100,GLASGOW POLICE DEPARTMENT,Accepted,BARREN,KY0249,,ROSEVILLE,RD,,,,,,,,36.98059667,-85.91321322,15.47,12/4/2025,1733,1,1,0,1,SNOWING,WET,FALSE,RAN OFF ROADWAY (1 VEHICLE WITH/EARTH EMBANKMENT/DITCH),SINGLE VEHICLE,CURVE & HILLCREST,DARK-HWY LIGHTED/ON,,,46000.83174,FALSE,30,Accepted,3,3,B,,ALCOHOL INVOLVEMENT,
35629799,0050100,GLASGOW POLICE DEPARTMENT,Accepted,BARREN,US0031EX,,GREEN,ST,S,,,US0031E,L ROGERS WELLS,,JAMES T ROGERS,36.98311331,-85.92981267,0.09,12/6/2025,1700,4,4,0,0,CLEAR,DRY,FALSE,1 VEHICLE ENTERING/LEAVING ENTRANCE,ANGLE,STRAIGHT & LEVEL,DARK-HWY LIGHTED/ON,,,46000.96418,FALSE,124,Accepted,5,5,O,,"FAILED TO YIELD RIGHT OF WAY, IMPROPER BACKING, INATTENTION",
35629802,0050100,GLASGOW POLICE DEPARTMENT,Accepted,BARREN,US0068,,VETERANS OUTER,LOOP,,US0031E,JACKSON,,,,,37.03285661,-85.90576113,13.267,12/7/2025,1259,2,2,0,0,CLOUDY,DRY,FALSE,HEAD-ON COLLISION,HEAD ON,STRAIGHT & LEVEL,DAYLIGHT,,,46000.96426,FALSE,403,Accepted,5,5,O,,FAILED TO YIELD RIGHT OF WAY,
35629803,0050100,GLASGOW POLICE DEPARTMENT,Accepted,BARREN,KY0090,,HAPPY VALLEY,RD,,,,,ENSMINGER,US0031E,L ROGERS WELLS,37.01001316,-85.92220081,9.848,12/8/2025,1802,2,2,0,0,CLEAR,DRY,FALSE,1 VEHICLE ENTERING/LEAVING ENTRANCE,ANGLE,STRAIGHT & LEVEL,DARK-HWY LIGHTED/ON,,,46000.96429,FALSE,322,Accepted,5,5,O,,INATTENTION,
35635256,0050100,GLASGOW POLICE DEPARTMENT,Accepted,BARREN,KY1297,,OLD BOWLING GREEN,RD,,US0031E,L ROGERS WELLS,,,,,36.98934635,-85.9322174,12.806,11/25/2025,2033,2,2,0,0,CLEAR,DRY,FALSE,HEAD-ON COLLISION,HEAD ON,STRAIGHT & LEVEL,DARK-HWY LIGHTED/ON,,,46002.3134,FALSE,337,Accepted,5,5,O,,INATTENTION,
35640323,0050000,BARREN COUNTY SHERIFF DEPT.,Accepted,BARREN,KY0249,,ROSEVILLE,RD,,,,,,,,36.92629534,-85.91917097,11.559,10/31/2025,1846,2,2,0,3,CLEAR,DRY,FALSE,HEAD-ON COLLISION,HEAD ON,STRAIGHT & LEVEL,DARK-HWY NOT LIGHTED,,,46003.51576,FALSE,174,Accepted,5,2,A,,IMPROPER PASSING,
35640331,0050000,BARREN COUNTY SHERIFF DEPT.,Accepted,BARREN,KY0255,,BON AYR,RD,,,,,,,,37.02153802,-86.05971003,6.201,11/25/2025,1545,2,2,0,4,RAINING,WET,FALSE,OTHER ROADWAY OR MID-BLOCK COLLISION,OPPOSING LEFT TURN,STRAIGHT & LEVEL,DAYLIGHT,,,46003.51607,FALSE,151,Accepted,5,3,B,"VIEW OBSTRUCTED, LIMITED DUE TO WEATHER CONDITIONS",INATTENTION,
35640538,0050000,BARREN COUNTY SHERIFF DEPT.,Accepted,BARREN,KY0740,,CORAL HILL,RD,,,,,,,,37.01229413,-85.87723233,0.119,12/12/2025,946,1,1,0,0,CLEAR,WET,FALSE,OTHER ROADWAY OR MID-BLOCK COLLISION,SINGLE VEHICLE,CURVE & LEVEL,DAYLIGHT,,,46003.57993,FALSE,184,Accepted,5,5,O,,INATTENTION,
35640539,0050000,BARREN COUNTY SHERIFF DEPT.,Accepted,BARREN,KY0839,,NOBOB,RD,,,,,,,,36.87177603,-85.77800144,2.585,12/8/2025,1528,2,2,0,0,CLOUDY,WET,FALSE,SIDESWIPE COLLISION - SAME DIRECTION,SIDESWIPE-SAME DIRECTION,STRAIGHT & LEVEL,DAYLIGHT,,,46003.57997,FALSE,184,Accepted,5,5,O,,OTHER,
35644245,0050100,GLASGOW POLICE DEPARTMENT,Accepted,BARREN,US0031E,,L ROGERS WELLS,BLVD,N,KY0090,HAPPY VALLEY,,,,,37.00957931,-85.92143906,14.847,12/9/2025,1606,2,1,0,1,CLOUDY,DRY,FALSE,COLLISION WITH PEDESTRIAN IN INTERSECTION,SINGLE VEHICLE,STRAIGHT & LEVEL,DAYLIGHT,,,46004.80956,FALSE,293,Accepted,5,2,A,GLARE (SUN),OTHER,
35647858,0050100,GLASGOW POLICE DEPARTMENT,Accepted,BARREN,,,STATE,AVE,,,,US0031EX,RACE,US0031EX,RACE,37.01349827,-85.90728796,0.372,12/6/2025,311,1,1,0,0,CLEAR,DRY,FALSE,COLLISION WITH ANIMAL NON INTERSECTION,SINGLE VEHICLE,CURVE & LEVEL,DARK-HWY LIGHTED/ON,,,46006.30014,FALSE,337,Accepted,5,5,O,,,
35652869,0050100,GLASGOW POLICE DEPARTMENT,Accepted,BARREN,LN9008,,LN9008 W,,,,,LN9008,LN9008 W EXIT11 OFF RAMP TO US31E,LN9008,LN9008 W EXIT14 ON RAMP FROM KY90,36.97523267,-85.90585338,13.176,12/4/2025,2022,1,1,0,1,SNOWING,SNOW/SLUSH,FALSE,OTHER ROADWAY OR MID-BLOCK COLLISION,SINGLE VEHICLE,STRAIGHT & LEVEL,DARK-HWY NOT LIGHTED,,,46007.36067,FALSE,322,Accepted,3,3,B,SLIPPERY SURFACE,,
35658214,0050100,GLASGOW POLICE DEPARTMENT,Accepted,BARREN,,,SCOTTIE,DR,,,,,ASHWOOD,US0068X,COLUMBIA,37.01073056,-85.88736142,0.167,12/8/2025,1515,2,2,0,0,CLOUDY,DRY,FALSE,REAR END IN TRAFFIC LANES BOTH VEHICLES MOVING,REAR END,STRAIGHT & LEVEL,DAYLIGHT,,,46008.39474,FALSE,226,Accepted,5,5,O,,INATTENTION,
35658217,0050100,GLASGOW POLICE DEPARTMENT,Accepted,BARREN,,,ROGERS,RD,,US0068X,MAIN,,,,,37.00027276,-85.92273491,0.653,12/11/2025,1523,1,1,0,0,CLOUDY,DRY,FALSE,COLLISION WITH FIXED OBJECT IN INTERSECTION - FIRST EVENT COLLISION 09 - 32,SINGLE VEHICLE,STRAIGHT & LEVEL,DAYLIGHT,,,46008.39481,FALSE,403,Accepted,5,5,O,,INATTENTION,
35658220,0050100,GLASGOW POLICE DEPARTMENT,Accepted,BARREN,US0031EX,,RACE,ST,N,,MITCHELL,,,,,36.9988619,-85.91131867,1.706,12/16/2025,1116,1,1,0,2,CLOUDY,DRY,FALSE,COLLISION WITH FIXED OBJECT IN INTERSECTION - FIRST EVENT COLLISION 09 - 32,SINGLE VEHICLE,STRAIGHT & LEVEL,DAYLIGHT,,,46008.39487,FALSE,202,Accepted,5,4,C,,INATTENTION,
35660311,0050100,GLASGOW POLICE DEPARTMENT,Accepted,BARREN,KY0090,,HAPPY VALLEY,RD,,,REYNOLDS,,,,,37.01504702,-85.92765248,9.391,12/1/2025,1725,2,2,0,0,CLOUDY,DRY,FALSE,OTHER INTERSECTION COLLISIONS,REAR END,STRAIGHT & LEVEL,DARK (UNKNOWN ROADWAY LIGHTING),,,46008.71102,FALSE,442,Accepted,5,5,O,,NOT UNDER PROPER CONTROL,
35660314,0050100,GLASGOW POLICE DEPARTMENT,Accepted,BARREN,,,LEWIS,ST,S,KY0063,COLLEGE,,,,,36.99245652,-85.91134131,0.268,12/3/2025,754,2,2,0,0,CLEAR,DRY,FALSE,OPPOSING LEFT TURN,OPPOSING LEFT TURN,STRAIGHT & LEVEL,DAYLIGHT,,,46008.71106,FALSE,441,Accepted,5,5,O,,INATTENTION,
35660315,0050100,GLASGOW POLICE DEPARTMENT,Accepted,BARREN,,,PRITCHARDSVILLE,RD,,US0031E,SCOTTSVILLE,,,,,36.9762224,-85.93643918,0.002,12/3/2025,1545,2,2,0,0,CLEAR,DRY,FALSE,OTHER INTERSECTION COLLISIONS,REAR END,STRAIGHT & LEVEL,DAYLIGHT,,,46008.71109,FALSE,442,Accepted,5,5,O,,NOT UNDER PROPER CONTROL,
35660316,0050100,GLASGOW POLICE DEPARTMENT,Accepted,BARREN,US0068X,,MAIN,ST,W,,LESLIE,,,,,36.99855225,-85.91893271,2.165,12/4/2025,1728,2,2,0,0,SNOWING,WET,FALSE,ANGLE COLLISION - OTHER,ANGLE,STRAIGHT & LEVEL,DARK-HWY LIGHTED/ON,,,46008.71112,FALSE,442,Accepted,5,5,O,,FAILED TO YIELD RIGHT OF WAY,
35660317,0050100,GLASGOW POLICE DEPARTMENT,Accepted,BARREN,,,BROADWAY,ST,S,KY0063,COLLEGE,,,,,36.99298345,-85.91236935,0.191,12/3/2025,825,2,2,0,0,CLOUDY,DRY,FALSE,REAR END - ONE VEHICLE TURNING RIGHT,REAR END,STRAIGHT & LEVEL,DAYLIGHT,,,46008.71116,FALSE,436,Accepted,5,5,O,,INATTENTION,
35660325,0050100,GLASGOW POLICE DEPARTMENT,Accepted,BARREN,US0031E,,JACKSON,HWY,N,,,,HORTON RIGDON,,WHITNEY WOODS,37.0723164,-85.89161917,19.939,12/10/2025,1425,2,2,0,0,CLOUDY,WET,FALSE,COLLISION WITH NON-FIXED OBJECT ,SIDESWIPE-OPPOSITE DIRECTION,STRAIGHT & LEVEL,DAYLIGHT,,,46008.71124,FALSE,257,Accepted,5,5,O,,,LOAD SECUREMENT
35660332,0050100,GLASGOW POLICE DEPARTMENT,Accepted,BARREN,US0031EX,,GREEN,ST,S,,,,,,,36.99477072,-85.91255966,1.385,12/9/2025,1504,2,2,0,0,CLEAR,DRY,FALSE,1 VEHICLE PARKED POSITION (NOT PARKING LOT/DRIVEWAY),SIDESWIPE-SAME DIRECTION,STRAIGHT & LEVEL,DAYLIGHT,,,46008.71128,FALSE,442,Accepted,5,5,O,,MISJUDGE CLEARANCE,
35660336,0050100,GLASGOW POLICE DEPARTMENT,Accepted,BARREN,LN9008,,LN9008 E,,,,,,,,,36.97935951,-85.89854925,13.676,12/9/2025,1716,1,1,0,0,CLEAR,DRY,FALSE,COLLISION WITH ANIMAL NON INTERSECTION,SINGLE VEHICLE,STRAIGHT & LEVEL,DARK-HWY NOT LIGHTED,,,46008.71132,FALSE,442,Accepted,5,5,O,ANIMALS ACTION,,
35660344,0050100,GLASGOW POLICE DEPARTMENT,Accepted,BARREN,,,MILTON,AVE,,,,,CLEMENTS,,HAPPY VALLEY,37.00578285,-85.90982704,0.253,12/12/2025,814,2,2,0,0,CLEAR,WET,FALSE,1 VEHICLE PARKED POSITION (NOT PARKING LOT/DRIVEWAY),BACKING,STRAIGHT & LEVEL,DAYLIGHT,,,46008.71139,FALSE,34,Accepted,5,5,O,,INATTENTION,
35660348,0050100,GLASGOW POLICE DEPARTMENT,Accepted,BARREN,,,PROFESSIONAL PARK,DR,,US0031EX,RACE,,,,,37.01021782,-85.90322968,,12/11/2025,1258,2,2,0,0,CLEAR,DRY,FALSE,OPPOSITE DIRECTION - BOTH VEHICLES GOING STRAIGHT AHEAD,SIDESWIPE-OPPOSITE DIRECTION,STRAIGHT & LEVEL,DAYLIGHT,,,46008.71142,FALSE,34,Accepted,5,5,O,,INATTENTION,
35660352,0050100,GLASGOW POLICE DEPARTMENT,Accepted,BARREN,,,KELLY,DR,,,,,SEAY,,SHEILA,36.98351463,-85.9244024,0.006,12/14/2025,843,1,1,0,0,CLEAR,DRY,FALSE,COLLISION WITH FIXED OBJECT NON - INTERSECTION - FIRST EVENT COLLISION 09 - 32 EXCLUDING 16,SINGLE VEHICLE,STRAIGHT & LEVEL,DAYLIGHT,,,46008.71152,FALSE,257,Accepted,5,5,O,,DISTRACTION,
35660357,0050100,GLASGOW POLICE DEPARTMENT,Accepted,BARREN,US0031E,,L ROGERS WELLS,BLVD,N,,,,WALL,,ENSMINGER,37.00869079,-85.9224373,14.74,12/11/2025,1122,2,2,0,0,CLOUDY,DRY,FALSE,SIDESWIPE COLLISION - SAME DIRECTION,SIDESWIPE-SAME DIRECTION,STRAIGHT & LEVEL,DAYLIGHT,,,46008.71155,FALSE,442,Accepted,5,5,O,,INATTENTION,
35660359,0050100,GLASGOW POLICE DEPARTMENT,Accepted,BARREN,,,FRONT,ST,W,,,US0031EX,RACE,,LIBERTY,36.99810857,-85.91206949,0.157,12/16/2025,1509,2,2,0,0,CLOUDY,DRY,FALSE,REAR END IN TRAFFIC LANES BOTH VEHICLES MOVING,REAR END,STRAIGHT & LEVEL,DAYLIGHT,,,46008.71161,FALSE,442,Accepted,5,5,O,,,
35660619,0050200,CAVE CITY POLICE DEPARTMENT,Accepted,BARREN,US0031W,,DIXIE,HWY,N,,,,,,,37.13598728,-85.95568273,7.421,10/29/2025,1403,2,2,0,0,RAINING,WET,FALSE,OTHER ROADWAY OR MID-BLOCK COLLISION,REAR END,STRAIGHT & LEVEL,DAYLIGHT,,,46008.76462,FALSE,601,Accepted,5,5,O,,INATTENTION,