IncidentID,AgencyORI,AgencyName,IncidentStatusDesc,County,RdwyNumber,Street,RoadwayName,StreetSfx,StreetDir,IntersectionRdwy,IntersectionRdwyName,BetweenStRdwy1,BetweenStRdwyName1,BetweenStRdwy2,BetweenStRdwyName2,Latitude,Longitude,Milepoint,CollisionDate,CollisionTime,UnitsInvolved,MotorVehiclesInvolved,NumberKilled,NumberInjured,Weather,RdwyConditionCode,HitandRun,DirAnalysisCode,MannerofCollision,RdwyCharacter,LightCondition,RampFromRdwyId,RampToRdwyId,AcceptedDate,IsSecondaryCollision,OwnerBadge,IncidentStatus,InjurySeverityCde,KABCO_Code,KABCO,Environmental_Factors,Human_Factors,Vehicular_Factors
35660621,0050200,CAVE CITY POLICE DEPARTMENT,Accepted,BARREN,KY0090,,HAPPY VALLEY,RD,,,,,,,,37.11987432,-85.96236955,1.411,11/13/2025,1251,2,2,0,0,CLEAR,DRY,FALSE,REAR END IN TRAFFIC LANES BOTH VEHICLES MOVING,REAR END,STRAIGHT & LEVEL,DAYLIGHT,,,46008.76468,FALSE,601,Accepted,5,5,O,,INATTENTION,
35660624,0050200,CAVE CITY POLICE DEPARTMENT,Accepted,BARREN,,,DUKE,ST,,,,,,,,37.13674735,-85.95514157,0.009,11/27/2025,857,2,2,0,0,CLEAR,DRY,FALSE,1 VEHICLE ENTERING/LEAVING ENTRANCE,ANGLE,STRAIGHT & LEVEL,DAYLIGHT,,,46008.76476,FALSE,601,Accepted,5,5,O,,INATTENTION,
35665504,0050100,GLASGOW POLICE DEPARTMENT,Accepted,BARREN,,,REYNOLDS,RD,,US0068X,MAIN,,,,,37.00850595,-85.93679181,0.002,12/15/2025,1056,2,2,0,0,CLOUDY,DRY,FALSE,ANGLE COLLISION - OTHER,ANGLE,STRAIGHT & LEVEL,DAYLIGHT,,,46009.82032,FALSE,293,Accepted,5,5,O,,"DISREGARD TRAFFIC CONTROL, INATTENTION",
35667475,0050000,BARREN COUNTY SHERIFF DEPT.,Accepted,BARREN,US0031E,2419,JACKSON,HWY,N,,,,,,,37.02452499,-85.906076,16.318,12/13/2025,1801,1,1,0,0,CLEAR,DRY,FALSE,COLLISION WITH ANIMAL NON INTERSECTION,SINGLE VEHICLE,STRAIGHT & LEVEL,DARK-HWY LIGHTED/ON,,,46010.37431,FALSE,185,Accepted,5,5,O,ANIMALS ACTION,,
35667480,0050000,BARREN COUNTY SHERIFF DEPT.,Accepted,BARREN,LN9008,,LN9008 EB,,,,,,,,,36.99684899,-85.83826399,17.444,12/10/2025,1056,2,2,0,0,RAINING,WET,FALSE,1 VEHICLE ENTERING/LEAVING ENTRANCE,ANGLE,STRAIGHT & LEVEL,DAYLIGHT,,,46010.37456,FALSE,151,Accepted,5,5,O,"VIEW OBSTRUCTED, LIMITED DUE TO WEATHER CONDITIONS",INATTENTION,
35667481,0050000,BARREN COUNTY SHERIFF DEPT.,Accepted,BARREN,KY0070,149,HISEVILLE MAIN,ST,W,,,,,,,37.10151434,-85.82128352,14.762,12/16/2025,2030,1,1,0,0,CLEAR,DRY,FALSE,COLLISION WITH ANIMAL NON INTERSECTION,SINGLE VEHICLE,STRAIGHT & LEVEL,DARK-HWY NOT LIGHTED,,,46010.3746,FALSE,151,Accepted,5,5,O,,,
35668095,0050100,GLASGOW POLICE DEPARTMENT,Accepted,BARREN,US0031EX,,RACE,ST,N,,CHERRY,,,,,37.00179155,-85.90961355,1.923,12/13/2025,1325,2,2,0,0,CLEAR,DRY,FALSE,ANGLE COLLISION - OTHER,ANGLE,STRAIGHT & LEVEL,DAYLIGHT,,,46010.53031,FALSE,443,Accepted,5,5,O,,INATTENTION,
35668096,0050100,GLASGOW POLICE DEPARTMENT,Accepted,BARREN,US0031EX,,GREEN,ST,S,,,US0031E,L ROGERS WELLS,,JAMES T ROGERS,36.98291782,-85.93037247,0.057,12/16/2025,1706,2,2,0,0,CLEAR,DRY,FALSE,1 VEHICLE ENTERING/LEAVING ENTRANCE,ANGLE,STRAIGHT & GRADE,DARK-HWY LIGHTED/ON,,,46010.53034,FALSE,442,Accepted,5,5,O,,INATTENTION,
35668098,0050100,GLASGOW POLICE DEPARTMENT,Accepted,BARREN,,,GRANDVIEW,AVE,,,,US0031E,L ROGERS WELLS,,COMMERCIAL,36.99583763,-85.9308469,0.683,12/18/2025,1400,2,2,0,0,RAINING,WET,FALSE,1 VEHICLE ENTERING/LEAVING ENTRANCE,ANGLE,STRAIGHT & LEVEL,DAYLIGHT,,,46010.53041,FALSE,442,Accepted,5,5,O,,INATTENTION,
35671259,0050100,GLASGOW POLICE DEPARTMENT,Accepted,BARREN,,,SHORTHORN,ST,,,HEREFORD,,,,,37.01710531,-85.89188566,0.067,12/15/2025,1517,2,2,0,0,CLEAR,DRY,FALSE,ANGLE COLLISION - OTHER,ANGLE,STRAIGHT & HILLCREST,DAYLIGHT,,,46011.30701,FALSE,236,Accepted,5,5,O,,INATTENTION,
35671262,0050100,GLASGOW POLICE DEPARTMENT,Accepted,BARREN,,,SCOTTIE,DR,,,,US0068X,COLUMBIA,,ASHWOOD,37.01081086,-85.88745947,0.175,12/15/2025,1842,1,1,0,0,CLEAR,DRY,FALSE,COLLISION WITH ANIMAL NON INTERSECTION,SINGLE VEHICLE,STRAIGHT & LEVEL,DARK-HWY LIGHTED/ON,,,46011.30755,FALSE,337,Accepted,5,5,O,,,
35679880,0050100,GLASGOW POLICE DEPARTMENT,Accepted,BARREN,KY0090,,MAIN,ST,E,US0068X,BROADWAY,,,,,36.99543725,-85.91076244,9.923,12/21/2025,1416,2,2,0,2,CLEAR,DRY,FALSE,ANGLE COLLISION - OTHER,ANGLE,STRAIGHT & GRADE,DAYLIGHT,,,46013.80944,FALSE,202,Accepted,5,3,B,GLARE (SUN),INATTENTION,
35686914,0050100,GLASGOW POLICE DEPARTMENT,Accepted,BARREN,,126,POCAHONTAS,TRL,,,,,,,,37.00854674,-85.92966161,0.056,12/19/2025,652,2,2,0,0,CLOUDY,DRY,FALSE,1 VEHICLE PARKED POSITION (NOT PARKING LOT/DRIVEWAY),SIDESWIPE-SAME DIRECTION,STRAIGHT & GRADE,DAYLIGHT,,,46015.82965,FALSE,293,Accepted,5,5,O,,"INATTENTION, MISJUDGE CLEARANCE",
35689778,0050100,GLASGOW POLICE DEPARTMENT,Accepted,BARREN,KY0090,,MAIN,ST,E,,,,,,,36.99508554,-85.90975327,9.999,12/17/2025,1720,2,2,0,0,CLEAR,DRY,FALSE,REAR END IN TRAFFIC LANES BOTH VEHICLES MOVING,REAR END,STRAIGHT & GRADE,DARK-HWY LIGHTED/ON,,,46017.4529,FALSE,443,Accepted,5,5,O,,INATTENTION,
35689780,0050100,GLASGOW POLICE DEPARTMENT,Accepted,BARREN,US0068X,,MAIN,ST,W,US0031E,L ROGERS WELLS,,,,,37.0020971,-85.92637527,1.688,12/22/2025,1411,2,2,0,0,CLEAR,DRY,FALSE,OTHER INTERSECTION COLLISIONS,REAR END,STRAIGHT & HILLCREST,DAYLIGHT,,,46017.45297,FALSE,441,Accepted,5,5,O,,INATTENTION,
35689892,0050100,GLASGOW POLICE DEPARTMENT,Accepted,BARREN,KY0090,,HAPPY VALLEY,RD,,US0068,VETERANS OUTER,,,,,37.02431041,-85.93588462,8.58,12/23/2025,1804,2,2,0,2,CLEAR,WET,FALSE,OPPOSING LEFT TURN,OPPOSING LEFT TURN,STRAIGHT & GRADE,DARK-HWY LIGHTED/ON,,,46017.50266,FALSE,345,Accepted,4,4,C,,FAILED TO YIELD RIGHT OF WAY,
35689895,0050100,GLASGOW POLICE DEPARTMENT,Accepted,BARREN,,,CHERRY,ST,W,,WALL,,,,,37.0080404,-85.92132459,0.076,12/24/2025,1734,2,2,0,0,CLEAR,DRY,FALSE,ANGLE COLLISION - OTHER,ANGLE,STRAIGHT & LEVEL,DAYLIGHT,,,46017.50279,FALSE,236,Accepted,5,5,O,,INATTENTION,
35692375,0050100,GLASGOW POLICE DEPARTMENT,Accepted,BARREN,US0068X,316,COLUMBIA,AVE,,,,,BRYAN,,CHERRY,36.99871862,-85.90447594,3.046,12/20/2025,333,1,1,0,0,CLEAR,ICE,FALSE,COLLISION WITH FIXED OBJECT NON - INTERSECTION - FIRST EVENT COLLISION 09 - 32 EXCLUDING 16,SINGLE VEHICLE,STRAIGHT & HILLCREST,DARK (UNKNOWN ROADWAY LIGHTING),,,46018.37902,FALSE,129,Accepted,5,5,O,SLIPPERY SURFACE,,
35699167,KSP0300,"KY STATE POLICE, POST 03",Accepted,BARREN,,454,HAYWOOD CEDAR GROVE,RD,,,,,,,,36.94807265,-85.95968848,0.425,12/27/2025,1330,1,1,0,0,CLEAR,DRY,FALSE,RAN OFF ROADWAY (1 VEHICLE WITH/EARTH EMBANKMENT/DITCH),SINGLE VEHICLE,CURVE & GRADE,DAYLIGHT,,,46020.52174,FALSE,613,Accepted,5,5,O,"HOLES/DEEP RUTS/BUMPS, SHOULDERS DEFECTIVE/DROP-OFF",,
35700884,0050100,GLASGOW POLICE DEPARTMENT,Accepted,BARREN,US0068,,VETERANS OUTER,LOOP,,,,,OLD MUNFORDVILLE RD CONN,US0031E,JACKSON,37.0342336,-85.91816256,12.559,12/19/2025,1636,2,2,0,0,CLEAR,DRY,FALSE,1 VEHICLE ENTERING/LEAVING ENTRANCE,ANGLE,CURVE & LEVEL,DUSK,,,46020.82879,FALSE,250,Accepted,5,5,O,,"FAILED TO YIELD RIGHT OF WAY, INATTENTION",
35700885,0050100,GLASGOW POLICE DEPARTMENT,Accepted,BARREN,,,CHERRY,ST,W,,,,MILTON,,PRESTON,37.00263964,-85.91186901,0.726,12/27/2025,648,2,2,0,0,FOG,WET,FALSE,1 VEHICLE PARKED POSITION (NOT PARKING LOT/DRIVEWAY),REAR END,STRAIGHT & LEVEL,DAWN,,,46020.82884,FALSE,250,Accepted,5,5,O,,INATTENTION,
35700887,0050100,GLASGOW POLICE DEPARTMENT,Accepted,BARREN,US0031E,,L ROGERS WELLS,BLVD,S,US0068X,MAIN,,,,,37.00204277,-85.92638847,14.258,12/27/2025,1103,2,2,0,3,CLEAR,DRY,FALSE,ANGLE COLLISION - OTHER,ANGLE,STRAIGHT & LEVEL,DAYLIGHT,,,46020.82889,FALSE,298,Accepted,5,3,B,,"DISREGARD TRAFFIC CONTROL, INATTENTION",
35700889,0050100,GLASGOW POLICE DEPARTMENT,Accepted,BARREN,US0031E,,L ROGERS WELLS,BLVD,N,,ENSMINGER,,,,,37.00757271,-85.92351366,14.604,12/28/2025,1536,2,2,0,2,CLOUDY,DRY,FALSE,ANGLE COLLISION - OTHER,ANGLE,STRAIGHT & LEVEL,DAYLIGHT,,,46020.82895,FALSE,293,Accepted,5,4,C,,INATTENTION,
35700891,0050100,GLASGOW POLICE DEPARTMENT,Accepted,BARREN,,,SHANE,DR,,,ROGERS,,,,,37.00504659,-85.92763238,0.172,12/28/2025,1730,2,2,0,0,CLEAR,DRY,FALSE,OPPOSITE DIRECTION - BOTH VEHICLES GOING STRAIGHT AHEAD,SIDESWIPE-OPPOSITE DIRECTION,STRAIGHT & LEVEL,DARK-HWY LIGHTED/ON,,,46020.82902,FALSE,298,Accepted,5,5,O,,"INATTENTION, MISJUDGE CLEARANCE, TURNING IMPROPERLY",
35702473,0050100,GLASGOW POLICE DEPARTMENT,Accepted,BARREN,US0031E,,L ROGERS WELLS,BLVD,N,,HAPPY VALLEY,,,,,37.00959346,-85.92142192,14.848,12/27/2025,1616,2,2,0,0,CLEAR,DRY,FALSE,OTHER INTERSECTION COLLISIONS,REAR END,STRAIGHT & LEVEL,DAYLIGHT,,,46021.31237,FALSE,236,Accepted,5,5,O,,INATTENTION,
35702474,0050100,GLASGOW POLICE DEPARTMENT,Accepted,BARREN,US0068,,VETERANS OUTER,LOOP,,KY0090,HAPPY VALLEY,,,,,37.0243153,-85.93583541,11.332,12/28/2025,1426,2,2,0,0,CLEAR,DRY,FALSE,OTHER INTERSECTION COLLISIONS,REAR END,STRAIGHT & LEVEL,DAYLIGHT,,,46021.31241,FALSE,236,Accepted,5,5,O,,INATTENTION,
35703365,0050100,GLASGOW POLICE DEPARTMENT,Accepted,BARREN,,,HILLVIEW APARTMENTS,,,,,,SHALIMAR,,SHALIMAR,37.01223581,-85.9200865,0.082,12/23/2025,1044,2,2,0,0,CLOUDY,DRY,FALSE,1 VEHICLE PARKED POSITION (NOT PARKING LOT/DRIVEWAY),BACKING,CURVE & LEVEL,DAYLIGHT,,,46021.51596,FALSE,442,Accepted,5,5,O,,MISJUDGE CLEARANCE,
35703367,0050100,GLASGOW POLICE DEPARTMENT,Accepted,BARREN,,511,CHERRY,ST,W,,,,,,,37.00193884,-85.91018994,0.793,12/19/2025,1721,2,2,0,0,CLEAR,DRY,FALSE,VEHICLE BACKING NON INTERSECTION,BACKING,STRAIGHT & LEVEL,DARK-HWY LIGHTED/ON,,,46021.516,FALSE,443,Accepted,5,5,O,,,
35706627,0050100,GLASGOW POLICE DEPARTMENT,Accepted,BARREN,KY0090,,HAPPY VALLEY,RD,,,,,VALLEY VIEW,,PIN OAK,37.01372073,-85.92655967,9.51,12/17/2025,1635,2,2,0,1,CLEAR,DRY,FALSE,REAR END IN TRAFFIC LANES BOTH VEHICLES MOVING,REAR END,STRAIGHT & LEVEL,DARK-HWY LIGHTED/ON,,,46022.29764,FALSE,124,Accepted,5,4,C,,FOLLOWING TOO CLOSE,
35713930,0050200,CAVE CITY POLICE DEPARTMENT,Accepted,BARREN,KY0070,,BROADWAY,ST,,,,,,,,37.13572771,-85.95589116,6.741,10/29/2025,1856,2,1,0,0,RAINING,WET,FALSE,COLLISION WITH BICYCLIST NON INTERSECTION,SINGLE VEHICLE,STRAIGHT & LEVEL,DARK-HWY LIGHTED/ON,,,46024.48823,FALSE,606,Accepted,5,5,O,"SLIPPERY SURFACE, VIEW OBSTRUCTED, LIMITED DUE TO WEATHER CONDITIONS",,
35725071,0050100,GLASGOW POLICE DEPARTMENT,Accepted,BARREN,US0068,,VETERANS OUTER,LOOP,,KY0090,HAPPY VALLEY,,,,,37.02421501,-85.93577028,11.328,12/17/2025,1341,2,2,0,0,CLEAR,DRY,FALSE,OTHER INTERSECTION COLLISIONS,REAR END,STRAIGHT & LEVEL,DAYLIGHT,,,46027.65102,FALSE,442,Accepted,5,5,O,,DISTRACTION,
35734590,0050000,BARREN COUNTY SHERIFF DEPT.,Accepted,BARREN,US0031E,,SCOTTSVILLE,RD,,,,,,,,36.89899827,-86.00634011,5.468,12/16/2025,1701,1,1,0,0,CLEAR,DRY,FALSE,COLLISION WITH ANIMAL NON INTERSECTION,SINGLE VEHICLE,STRAIGHT & LEVEL,DARK-HWY NOT LIGHTED,,,46029.62424,FALSE,185,Accepted,5,5,O,,,
35734592,0050000,BARREN COUNTY SHERIFF DEPT.,Accepted,BARREN,KY0090,,HAPPY VALLEY,RD,,,,,,,,37.074797,-85.96480368,4.755,12/18/2025,1850,2,2,0,0,RAINING,WATER (STANDING OR MOVING),FALSE,HEAD-ON COLLISION,HEAD ON,STRAIGHT & LEVEL,DARK-HWY NOT LIGHTED,,,46029.62429,FALSE,185,Accepted,5,5,O,"VIEW OBSTRUCTED, LIMITED DUE TO WEATHER CONDITIONS, WATER POOLING",,
35734594,0050000,BARREN COUNTY SHERIFF DEPT.,Accepted,BARREN,,3611,POPLAR SCHOOL,RD,,,,,,,,36.79891036,-85.85170268,3.378,12/21/2025,1556,3,2,0,1,CLEAR,DRY,FALSE,1 VEHICLE PARKED POSITION (NOT PARKING LOT/DRIVEWAY),BACKING,STRAIGHT & LEVEL,DAYLIGHT,,,46029.62436,FALSE,151,Accepted,5,3,B,,INATTENTION,
35734596,0050000,BARREN COUNTY SHERIFF DEPT.,Accepted,BARREN,KY0740,,CORAL HILL,RD,,,,,,,,37.01081535,-85.87736031,0.018,12/21/2025,1230,2,2,0,0,CLOUDY,DRY,FALSE,VEHICLE BACKING NON INTERSECTION,BACKING,STRAIGHT & LEVEL,DAYLIGHT,,,46029.62441,FALSE,170,Accepted,5,5,O,,"INATTENTION, MISJUDGE CLEARANCE",
35734602,0050000,BARREN COUNTY SHERIFF DEPT.,Accepted,BARREN,,414,BISHOP,RD,,,,,,,,37.01290249,-85.99729849,0.143,12/22/2025,2105,1,1,0,0,CLEAR,DRY,FALSE,OTHER ROADWAY OR MID-BLOCK COLLISION,SINGLE VEHICLE,STRAIGHT & GRADE,DARK-HWY NOT LIGHTED,,,46029.62456,FALSE,151,Accepted,5,5,O,DEBRIS IN ROADWAY,INATTENTION,
35734605,0050000,BARREN COUNTY SHERIFF DEPT.,Accepted,BARREN,KY2198,254,LICK BRANCH,RD,,,,,,,,36.96425894,-85.86360259,0.615,12/24/2025,840,1,1,0,0,FOG,WET,FALSE,COLLISION WITH ANIMAL NON INTERSECTION,SINGLE VEHICLE,CURVE & GRADE,DAYLIGHT,,,46029.62462,FALSE,170,Accepted,5,5,O,ANIMALS ACTION,,
35734606,0050000,BARREN COUNTY SHERIFF DEPT.,Accepted,BARREN,KY0063,4877,TOMPKINSVILLE,RD,,,,,,,,36.91377606,-85.86658004,8.18,12/24/2025,2356,1,1,0,0,CLEAR,DRY,FALSE,COLLISION WITH FIXED OBJECT NON - INTERSECTION - FIRST EVENT COLLISION 09 - 32 EXCLUDING 16,SINGLE VEHICLE,STRAIGHT & LEVEL,DARK-HWY NOT LIGHTED,,,46029.62465,FALSE,151,Accepted,5,5,O,ANIMALS ACTION,,
35734608,0050000,BARREN COUNTY SHERIFF DEPT.,Accepted,BARREN,,,LECTA KINO,RD,,,,,,,,36.98971205,-85.8001525,3.649,12/24/2025,1011,2,2,0,0,CLOUDY,DRY,FALSE,SIDESWIPE COLLISION - OPPOSITE DIRECTION,SIDESWIPE-OPPOSITE DIRECTION,STRAIGHT & LEVEL,DAYLIGHT,,,46029.6247,FALSE,185,Accepted,5,5,O,VIEW OBSTRUCTED/LIMITED DUE TO RDWY,,
35734610,0050000,BARREN COUNTY SHERIFF DEPT.,Accepted,BARREN,,,CARDEN,RD,,,,,,,,37.04706315,-85.97064665,2.49,12/28/2025,741,1,1,0,0,CLOUDY,WET,FALSE,OTHER COLLISIONS ON SHOULDER,SINGLE VEHICLE,STRAIGHT & LEVEL,DAWN,,,46029.62474,FALSE,170,Accepted,5,5,O,,,TIRES
35734611,0050000,BARREN COUNTY SHERIFF DEPT.,Accepted,BARREN,,90,HOLLIS THOMAS,RD,,,,,,,,36.99188415,-85.83450663,0.629,12/12/2025,1753,1,1,0,0,CLOUDY,WET,FALSE,COLLISION WITH FIXED OBJECT NON - INTERSECTION - FIRST EVENT COLLISION 09 - 32 EXCLUDING 16,SINGLE VEHICLE,STRAIGHT & LEVEL,DARK-HWY NOT LIGHTED,,,46029.62478,FALSE,180,Accepted,5,5,O,,,
35734612,0050000,BARREN COUNTY SHERIFF DEPT.,Accepted,BARREN,KY0839,,NOBOB,RD,,,,,,,,36.86120753,-85.77394775,1.816,12/18/2025,1758,1,1,0,0,RAINING,WET,FALSE,COLLISION WITH ANIMAL NON INTERSECTION,SINGLE VEHICLE,CURVE & LEVEL,DARK-HWY NOT LIGHTED,,,46029.62482,FALSE,180,Accepted,5,5,O,ANIMALS ACTION,,
35734613,0050000,BARREN COUNTY SHERIFF DEPT.,Accepted,BARREN,US0031W,,LOUISVILLE,RD,,,,,,,,37.11584864,-85.98024393,5.551,12/22/2025,1727,1,1,0,0,CLOUDY,DRY,FALSE,COLLISION WITH ANIMAL NON INTERSECTION,SINGLE VEHICLE,STRAIGHT & GRADE,DARK-HWY NOT LIGHTED,,,46029.62485,FALSE,180,Accepted,5,5,O,ANIMALS ACTION,,
35734614,0050000,BARREN COUNTY SHERIFF DEPT.,Accepted,BARREN,KY0090,,BURKESVILLE,RD,,,,,,,,36.94435715,-85.83672525,15.452,12/27/2025,529,1,1,0,2,FOG,DRY,FALSE,COLLISION WITH FIXED OBJECT NON - INTERSECTION - FIRST EVENT COLLISION 09 - 32 EXCLUDING 16,SINGLE VEHICLE,CURVE & LEVEL,DARK-HWY NOT LIGHTED,,,46029.62488,FALSE,189,Accepted,3,3,B,,,
35734615,0050000,BARREN COUNTY SHERIFF DEPT.,Accepted,BARREN,,1574,OIL CITY,RD,,,,,,,,37.01218128,-85.94762157,0.257,12/28/2025,1231,2,2,0,0,CLEAR,DRY,FALSE,1 VEHICLE PARKED POSITION (NOT PARKING LOT/DRIVEWAY),ANGLE,STRAIGHT & LEVEL,DAYLIGHT,,,46029.62492,FALSE,170,Accepted,5,5,O,,INATTENTION,
35734618,0050000,BARREN COUNTY SHERIFF DEPT.,Accepted,BARREN,,,FRANKS MILL,RD,,,OLD FRANKS MILL,,,,,37.02127605,-85.87788708,0.707,10/26/2025,1637,2,2,0,0,RAINING,WET,FALSE,OPPOSITE DIRECTION - BOTH VEHICLES GOING STRAIGHT AHEAD,SIDESWIPE-OPPOSITE DIRECTION,CURVE & HILLCREST,DAYLIGHT,,,46029.62501,FALSE,124,Accepted,5,5,O,SLIPPERY SURFACE,,
35734619,0050000,BARREN COUNTY SHERIFF DEPT.,Accepted,BARREN,KY0070,,GRIDERVILLE,RD,,,,KY0685,WILSON,,EDWARDS,37.12046112,-85.92062717,9.02,12/23/2025,1459,2,2,0,0,CLEAR,DRY,FALSE,1 VEHICLE ENTERING/LEAVING ENTRANCE,ANGLE,STRAIGHT & LEVEL,DAYLIGHT,,,46029.62506,FALSE,124,Accepted,5,5,O,,,
35734620,0050000,BARREN COUNTY SHERIFF DEPT.,Accepted,BARREN,LN9008,,LN9008 E,,,,,,SLICK ROCK,,MT PISGAH,36.99744637,-85.7977154,19.69,12/12/2025,1336,2,2,0,0,CLEAR,DRY,FALSE,1 VEHICLE ENTERING/LEAVING ENTRANCE,ANGLE,STRAIGHT & LEVEL,DAYLIGHT,,,46029.62512,FALSE,186,Accepted,5,5,O,,,TIRE FAILURE
35734621,0050000,BARREN COUNTY SHERIFF DEPT.,Accepted,BARREN,KY0090,,HAPPY VALLEY,RD,,,,,FARM VIEW,,SCENIC VIEW,37.0834525,-85.96926148,4.109,12/31/2025,1744,2,2,0,0,CLEAR,DRY,FALSE,REAR END IN TRAFFIC LANES BOTH VEHICLES MOVING,REAR END,STRAIGHT & GRADE,DARK-HWY NOT LIGHTED,,,46029.62517,FALSE,186,Accepted,5,5,O,,INATTENTION,
35743350,0050000,BARREN COUNTY SHERIFF DEPT.,Accepted,BARREN,US0068,,EDMONTON,RD,,,,,,,,37.01009492,-85.85191007,17.178,12/16/2025,2255,1,1,0,0,CLEAR,DRY,FALSE,COLLISION WITH ANIMAL NON INTERSECTION,SINGLE VEHICLE,STRAIGHT & LEVEL,DARK-HWY NOT LIGHTED,,,46031.38768,FALSE,182,Accepted,5,5,O,ANIMALS ACTION,,
35763891,0050000,BARREN COUNTY SHERIFF DEPT.,Accepted,BARREN,KY0070,,HISEVILLE,RD,,,,,,,,37.10958512,-85.85030596,12.979,12/3/2025,1649,1,1,0,0,CLEAR,DRY,FALSE,OTHER COLLISIONS ON SHOULDER,SINGLE VEHICLE,STRAIGHT & GRADE,DARK-HWY NOT LIGHTED,,,46036.38215,FALSE,163,Accepted,5,5,O,,INATTENTION,
35769528,0050100,GLASGOW POLICE DEPARTMENT,Accepted,BARREN,US0031E,,L ROGERS WELLS,BLVD,S,,,KY1297,OLD BOWLING GREEN,,CAVALRY,36.98753406,-85.93197132,13.173,12/31/2025,1515,2,2,0,0,CLEAR,DRY,FALSE,1 VEHICLE ENTERING/LEAVING ENTRANCE,ANGLE,STRAIGHT & LEVEL,DAYLIGHT,,,46037.55171,FALSE,442,Accepted,5,5,O,,FAILED TO YIELD RIGHT OF WAY,
35809979,0050100,GLASGOW POLICE DEPARTMENT,Accepted,BARREN,US0031E,,JACKSON,HWY,N,US0068,VETERANS OUTER,,,,,37.03282524,-85.90584012,16.955,10/17/2025,2325,2,2,3,4,CLEAR,DRY,FALSE,ANGLE COLLISION - OTHER,ANGLE,STRAIGHT & LEVEL,DARK-HWY NOT LIGHTED,,,46048.96304,FALSE,124,Accepted,1,1,K,,"ALCOHOL INVOLVEMENT, DISREGARD TRAFFIC CONTROL, INATTENTION",
35811042,0050000,BARREN COUNTY SHERIFF DEPT.,Accepted,BARREN,US0031E,,JACKSON,HWY,N,,,,,,,37.11428413,-85.87000307,23.145,10/21/2025,607,1,1,0,0,CLEAR,DRY,FALSE,OTHER COLLISIONS ON SHOULDER,SINGLE VEHICLE,STRAIGHT & LEVEL,DARK-HWY LIGHTED/OFF,,,46049.45965,FALSE,170,Accepted,5,5,O,,"FATIGUE, FELL ASLEEP",
35811044,0050000,BARREN COUNTY SHERIFF DEPT.,Accepted,BARREN,KY2207,,FORK,RD,S,,,,,,,36.97172054,-85.9580228,3.44,10/20/2025,1528,2,1,0,2,CLEAR,DRY,FALSE,OTHER ROADWAY OR MID-BLOCK COLLISION,SINGLE VEHICLE,STRAIGHT & HILLCREST,DAYLIGHT,,,46049.45972,FALSE,184,Accepted,5,3,B,GLARE (SUN),INATTENTION,
35811046,0050000,BARREN COUNTY SHERIFF DEPT.,Accepted,BARREN,KY0090,,HAPPY VALLEY,RD,,,,,,,,37.0623302,-85.95786792,5.694,11/4/2025,1537,2,2,0,0,CLEAR,DRY,FALSE,OTHER ROADWAY OR MID-BLOCK COLLISION,REAR END,STRAIGHT & GRADE,DAYLIGHT,,,46049.45976,FALSE,143,Accepted,5,5,O,CONSTRUCTION WORK ZONE,,
35811049,0050000,BARREN COUNTY SHERIFF DEPT.,Accepted,BARREN,KY0249,,ROSEVILLE,RD,,,,,,,,36.96287336,-85.91319212,14.186,12/4/2025,810,1,1,0,0,CLOUDY,DRY,FALSE,COLLISION WITH ANIMAL NON INTERSECTION,SINGLE VEHICLE,STRAIGHT & LEVEL,DAYLIGHT,,,46049.45986,FALSE,125,Accepted,5,5,O,ANIMALS ACTION,,
35811053,0050000,BARREN COUNTY SHERIFF DEPT.,Accepted,BARREN,KY0921,,THOMERSON PARK,RD,,,,,,,,36.81695566,-85.92311425,8.533,12/19/2025,840,2,2,0,0,CLEAR,DRY,FALSE,SIDESWIPE COLLISION - OPPOSITE DIRECTION,SIDESWIPE-OPPOSITE DIRECTION,STRAIGHT & LEVEL,DAYLIGHT,,,46049.45993,FALSE,125,Accepted,5,5,O,,,
35811056,0050000,BARREN COUNTY SHERIFF DEPT.,Accepted,BARREN,,,BLUFF SPRINGS,RD,,,,,,,,36.97632774,-85.81668005,0.884,12/24/2025,725,1,1,0,0,FOG,WET,FALSE,COLLISION WITH ANIMAL NON INTERSECTION,SINGLE VEHICLE,STRAIGHT & LEVEL,DAYLIGHT,,,46049.45997,FALSE,125,Accepted,5,5,O,ANIMALS ACTION,,
35867897,0050200,CAVE CITY POLICE DEPARTMENT,Accepted,BARREN,KY0070,,MAMMOTH CAVE,RD,,,,,,,,37.13583413,-85.98444084,4.731,12/24/2025,455,1,1,0,0,CLEAR,DRY,FALSE,COLLISION WITH ANIMAL NON INTERSECTION,SINGLE VEHICLE,STRAIGHT & HILLCREST,DARK-HWY NOT LIGHTED,,,46064.8611,FALSE,601,Accepted,5,5,O,,,
35906698,0050100,GLASGOW POLICE DEPARTMENT,Accepted,BARREN,KY0090,,HAPPY VALLEY,RD,,,,,MAX WAGNER,,LONGHUNTERS,37.02278932,-85.93450077,8.698,12/30/2025,2134,2,2,0,0,CLEAR,DRY,FALSE,SIDESWIPE COLLISION - OPPOSITE DIRECTION,SIDESWIPE-OPPOSITE DIRECTION,STRAIGHT & GRADE,DARK-HWY NOT LIGHTED,,,46073.82836,FALSE,205,Accepted,5,5,O,,INATTENTION,